store_id,category,week_start,revenue,units,unique_baskets,realized_discount,eff_discount_rate,treated_planned,treated_realized,promo_type,discount_depth_plan,baseline_revenue_4w_nonpromo,lift_pct_revenue,baseline_rev_4w_pre_any,lift_pct_revenue_any,baseline_rev_12w_nonpromo,lift_pct_revenue_nonpromo12,baseline_rev_8w_pre_allowpromo2,lift_pct_revenue_8w_allowpromo2,baseline_rev_seasonal_woi,lift_pct_revenue_seasonal,units_1w_pre,units_4w_pre,trend_4w_units,revenue_1w_pre,revenue_4w_pre,avg_price_pre_4w,promo_freq_8w,realized_promo_freq_8w,week_of_year,is_year_start,is_year_end
S0001,Alcohol,2024-12-29,1071.14,90,51,29.053904528698617,0.027124283033682445,1,1,Manager_Special,10.0,,,,,,,,,,,,,,,,,,,52,0,1
S0001,Alcohol,2025-01-05,2292.06,190,114,46.9481714384874,0.020482959188890083,0,1,None,,,,1071.14,1.1398323281737213,,,,,,,90.0,90.0,,1071.14,1071.14,11.901555555555557,1.0,1.0,1,1,0
S0001,Alcohol,2025-01-12,1648.94,135,76,14.36107912142152,0.008709279368213228,0,1,None,,,,1681.6,-0.019421979067554624,,,,,,,190.0,140.0,,2292.06,1681.6,11.982514619883041,1.0,2.0,2,1,0
S0001,Alcohol,2025-01-19,1582.21,134,81,6.324929577007968,0.003997528505702762,0,1,None,,,,1670.7133333333334,-0.052973380631825925,,,,,,,135.0,138.33333333333334,,1648.94,1670.7133333333334,12.059799870045486,1.0,3.0,3,0,0
S0001,Alcohol,2025-01-26,1682.84,146,82,3.53422974376787,0.00210015791386458,0,1,None,,,,1648.5875,0.020776877175157416,,,,,,,134.0,137.25,7.7,1582.21,1648.5875,11.996734230892322,1.0,4.0,4,0,0
S0001,Alcohol,2025-02-02,2091.49,169,86,32.76471943309751,0.015665730858429882,0,1,None,,,,1801.5125,0.1609633571790369,,,,,,,146.0,151.25,-13.300000000000011,1682.84,1801.5125,11.902920684469187,1.0,5.0,5,0,0
S0001,Alcohol,2025-02-09,2281.98,185,99,59.729025634149,0.02617421083188678,0,1,None,,,,1751.3700000000001,0.3029685332054334,,,,,,,169.0,146.0,11.400000000000007,2091.49,1751.3700000000001,11.98097238175975,1.0,6.0,6,0,0
S0001,Alcohol,2025-02-16,1796.9,141,77,22.14439996174609,0.01232366851897495,0,1,None,,,,1909.63,-0.059032377999926694,,,,,,,185.0,158.5,17.599999999999998,2281.98,1909.63,12.011136545923915,1.0,7.0,7,0,0
S0001,Alcohol,2025-02-23,2151.79,181,95,46.49471638332451,0.021607460013906798,0,1,None,,,,1963.3025,0.09600532775769396,,,,,,,141.0,160.25,0.09999999999999612,1796.9,1963.3025,12.245245125367125,1.0,8.0,8,0,0
S0001,Alcohol,2025-03-02,2182.08,179,97,21.555814314056718,0.009878562799740028,0,1,None,,,,2080.54,0.04880463725763502,,,,,,,181.0,169.0,-0.7999999999999915,2151.79,2080.54,12.335755418260486,0.0,8.0,9,0,0
S0001,Alcohol,2025-03-09,1704.9,140,84,11.949030106699762,0.007008639865505168,0,1,None,,,,2103.1875,-0.18937327271106352,,,,,,,179.0,171.5,2.199999999999989,2182.08,2103.1875,12.28943306528042,0.0,8.0,10,0,0
S0001,Alcohol,2025-03-16,1964.93,159,87,66.82961048177974,0.034011191483553985,0,1,None,,,,1958.9175000000005,0.003069297201132559,,,,,,,140.0,160.25,-0.499999999999989,1704.9,1958.9175000000005,12.250140594237948,0.0,8.0,11,0,0
S0001,Alcohol,2025-03-23,1422.57,116,75,18.43825362070085,0.012961227651856042,0,1,None,,,,2000.9250000000002,-0.2890438172345291,,,,,,,159.0,164.75,-10.500000000000016,1964.93,2000.9250000000002,12.153660265052881,0.0,8.0,12,0,0
S0001,Alcohol,2025-03-30,2036.6,160,94,148.12537054187882,0.0727316952479028,0,1,None,,,,1818.6200000000003,0.119860113712595,,,,,,,116.0,148.5,-17.000000000000007,1422.57,1818.6200000000003,12.247458250383422,0.0,8.0,13,0,0
S0001,Alcohol,2025-04-06,1487.71,125,75,5.397180178945441,0.003627844256572478,0,1,None,,,,1782.2500000000002,-0.16526301023986542,,,,,,,160.0,143.75,1.6999999999999986,2036.6,1782.2500000000002,12.382047985020293,0.0,8.0,14,0,0
S0001,Alcohol,2025-04-13,2031.91,166,89,19.14265825604387,0.009421016804899759,0,1,None,,,,1727.9525,0.17590616640214354,,,,,,,125.0,140.0,-5.800000000000007,1487.71,1727.9525,12.313003699306007,0.0,8.0,15,0,0
S0001,Alcohol,2025-04-20,1863.15,153,83,9.164019811654423,0.0049185625481869,1,1,BOGO,50.0,,,1744.6975000000002,0.06789285821754193,,,,,,,166.0,141.75,11.50000000000002,2031.91,1744.6975000000002,12.2835965423764,0.0,8.0,16,0,0
S0001,Alcohol,2025-04-27,2218.32,182,105,0.0,0.0,0,0,None,,,,1854.8425000000004,0.19596138216587103,,,,,,,153.0,151.0,2.0000000000000093,1863.15,1854.8425000000004,12.262075666784787,1.0,8.0,17,0,0
S0001,Alcohol,2025-05-04,2229.28,188,97,2.7419865306287052,0.0012299874984877202,0,1,None,,2218.32,0.004940675826751792,1900.2725000000003,0.1731370106129515,2218.32,0.004940675826751792,2037.7933333333337,0.09396765782594886,,,182.0,156.5,15.80000000000002,2218.32,1900.2725000000003,12.127031023927644,1.0,7.0,18,0,0
S0001,Alcohol,2025-05-11,2363.28,188,100,53.2927253372403,0.022550322152787777,1,1,Bundle,10.0,2218.32,0.0653467488910527,2085.6650000000004,0.13310622751017048,2218.32,0.0653467488910527,2103.5833333333335,0.12345442300835877,,,188.0,172.25,9.500000000000005,2229.28,2085.6650000000004,12.116079109034025,1.0,7.0,19,0,0
S0001,Alcohol,2025-05-18,1871.1200000000001,154,81,25.65865648276929,0.013712993545453678,0,1,None,,2218.32,-0.15651484005914387,2168.5075000000006,-0.1371392536110668,2218.32,-0.15651484005914387,2270.2933333333335,-0.1758245630520579,,,188.0,177.75,11.100000000000007,2363.28,2168.5075000000006,12.198633261815365,2.0,7.0,20,0,0
S0001,Alcohol,2025-05-25,1791.4,144,82,20.23109124757412,0.011293452745101105,1,1,Bundle,20.0,2218.32,-0.19245194561650258,2170.5000000000005,-0.17466021653996788,2218.32,-0.19245194561650258,,,,,154.0,178.0,-8.399999999999983,1871.1200000000001,2170.5000000000005,12.191802984249794,2.0,7.0,21,0,0
S0001,Alcohol,2025-06-01,2125.44,161,85,23.829161209609634,0.011211401502564002,0,1,None,,2218.32,-0.041869522882181154,2063.7700000000004,0.029882205865963553,2218.32,-0.041869522882181154,,,,,144.0,168.5,-16.60000000000001,1791.4,2063.7700000000004,12.25472957155138,3.0,7.0,22,0,0
S0001,Alcohol,2025-06-08,1670.24,140,80,45.53736808705667,0.027263966907184998,0,1,None,,2218.32,-0.24706985466479142,2037.8100000000002,-0.18037501042786136,2218.32,-0.24706985466479142,,,,,161.0,161.75,-9.100000000000005,2125.44,2037.8100000000002,12.590634157252452,3.0,7.0,23,0,0
S0001,Alcohol,2025-06-15,2156.25,170,98,12.28597174487124,0.0056978419686359374,0,1,None,,2218.32,-0.027980633993292293,1864.5500000000002,0.1564452548872381,2218.32,-0.027980633993292293,,,,,140.0,149.75,-2.4999999999999916,1670.24,1864.5500000000002,12.430546011355794,3.0,7.0,24,0,0
S0001,Alcohol,2025-06-22,1972.15,162,80,91.76978772021928,0.04653286399118692,0,1,None,,2218.32,-0.11097136571820118,1935.8325000000002,0.01876066240235138,2218.32,-0.11097136571820118,,,,,170.0,153.75,5.700000000000014,2156.25,1935.8325000000002,12.563969426176268,2.0,7.0,25,0,0
S0001,Alcohol,2025-06-29,1792.2,159,87,37.91155325965327,0.021153639805631775,1,1,Bundle,20.0,2218.32,-0.19209131234447693,1981.02,-0.0953145349365478,2218.32,-0.19209131234447693,,,,,162.0,158.25,3.3000000000000207,1972.15,1981.02,12.497341339756513,2.0,8.0,26,0,0
S0001,Alcohol,2025-07-06,2735.35,216,110,46.853814549455954,0.017129001608370394,0,1,None,,2218.32,0.23307277579429464,1897.7100000000003,0.4413951552133885,2218.32,0.23307277579429464,,,,,159.0,157.75,4.900000000000015,1792.2,1897.7100000000003,12.014893197250949,3.0,8.0,27,0,0
S0001,Alcohol,2025-07-13,2247.45,168,93,173.94974534216638,0.07739871647519028,0,1,None,,2218.32,0.01313155901763481,2163.9875,0.03856884570728788,2218.32,0.01313155901763481,,,,,216.0,176.75,13.499999999999995,2735.35,2163.9875,12.198236120531371,2.0,8.0,28,0,0
S0001,Alcohol,2025-07-20,1907.47,152,86,55.16068080110564,0.02891824290872498,0,1,None,,2218.32,-0.1401285657614772,2186.7875000000004,-0.12772960335652198,2218.32,-0.1401285657614772,,,,,168.0,176.25,7.500000000000001,2247.45,2186.7875000000004,12.371699881035571,2.0,8.0,29,0,0
S0001,Alcohol,2025-07-27,1677.05,139,81,47.89330142197829,0.028558064113758264,0,1,None,,2218.32,-0.24399996393667286,2170.6175000000003,-0.22738575543595327,2218.32,-0.24399996393667286,,,,,152.0,173.75,-6.899999999999972,1907.47,2170.6175000000003,12.465544707221408,1.0,8.0,30,0,0
S0001,Alcohol,2025-08-03,1943.49,157,84,114.85579366855836,0.05909770241604452,1,1,Manager_Special,30.0,2218.32,-0.1238910526885211,2141.83,-0.09260305439740779,2218.32,-0.1238910526885211,,,,,139.0,168.75,-24.700000000000017,1677.05,2141.83,12.663897157336788,1.0,8.0,31,0,0
S0001,Alcohol,2025-08-10,1686.01,137,74,12.052245028457014,0.007148382885307332,0,1,None,,2218.32,-0.23996087128998528,1943.8650000000002,-0.13265067275762474,2218.32,-0.23996087128998528,,,,,157.0,154.0,-4.599999999999986,1943.49,1943.8650000000002,12.592712104847992,2.0,8.0,32,0,0
S0001,Alcohol,2025-08-17,2093.05,170,87,40.56693445745672,0.019381732140874186,0,1,None,,2218.32,-0.0564706624833207,1803.505,0.16054571514911245,2218.32,-0.0564706624833207,,,,,137.0,146.25,-2.6999999999999997,1686.01,1803.505,12.324953045932457,2.0,8.0,33,0,0
S0001,Alcohol,2025-08-24,1920.83,176,94,38.16858821776757,0.01987088301295147,1,1,Coupon,10.0,2218.32,-0.13410599011864843,1849.9,0.0383426131142223,2218.32,-0.13410599011864843,,,,,170.0,150.75,7.300000000000015,2093.05,1849.9,12.265681567604283,2.0,8.0,34,0,0
S0001,Alcohol,2025-08-31,1873.25,148,81,35.62964235562439,0.01902022813592654,0,1,None,,2218.32,-0.15555465397237556,1910.8450000000003,-0.019674541891153,2218.32,-0.15555465397237556,,,,,176.0,160.0,9.00000000000001,1920.83,1910.8450000000003,11.97785629373247,2.0,8.0,35,0,0
S0001,Alcohol,2025-09-07,1470.11,123,72,7.725727247811309,0.005255203520696621,0,1,None,,2218.32,-0.3372867755779149,1893.2850000000003,-0.22351362842889494,2218.32,-0.3372867755779149,,,,,148.0,157.75,3.9000000000000106,1873.25,1893.2850000000003,12.047400643018062,2.0,8.0,36,0,0
S0001,Alcohol,2025-09-14,2226.94,182,91,18.564024227607,0.008336113333815459,0,1,None,,2218.32,0.003885823506076621,1839.3100000000002,0.2107475085765857,2218.32,0.003885823506076621,,,,,123.0,154.25,-16.899999999999984,1470.11,1839.3100000000002,11.958768514361008,2.0,8.0,37,0,0
S0001,Alcohol,2025-09-21,2002.58,165,90,28.747584636270705,0.014355274014656446,0,1,None,,2218.32,-0.09725377763352457,1872.7825,0.06930730076770789,2218.32,-0.09725377763352457,,,,,182.0,157.25,-0.699999999999992,2226.94,1872.7825,11.939737324962172,2.0,8.0,38,0,0
S0001,Alcohol,2025-09-28,1334.7,152,85,96.68473931733207,0.07243930420119284,1,1,Coupon,30.0,2218.32,-0.398328464784161,1893.2200000000003,-0.2950106168326978,2218.32,-0.398328464784161,,,,,165.0,154.5,10.999999999999993,2002.58,1893.2200000000003,12.245497741628839,2.0,8.0,39,0,0
S0001,Alcohol,2025-10-05,1806.31,151,87,150.13141462221552,0.08311497728641015,1,1,Bundle,15.0,2218.32,-0.18573064300912412,1758.5825000000002,0.02713975602509392,2218.32,-0.18573064300912412,,,,,152.0,155.5,7.000000000000023,1334.7,1758.5825000000002,11.276454356138084,2.0,8.0,40,0,0
S0001,Alcohol,2025-10-12,1945.0,158,89,4.0567626051025885,0.002085739128587449,0,1,None,,2218.32,-0.12321035738757265,1842.6325000000002,0.055555027928792,2218.32,-0.12321035738757265,,,,,151.0,162.5,-10.599999999999996,1806.31,1842.6325000000002,11.279005371052207,3.0,8.0,41,0,0
S0001,Alcohol,2025-10-19,1840.35,150,83,29.92594190423844,0.01626100573490827,1,1,Coupon,15.0,2218.32,-0.17038569728443156,1772.1475000000003,0.03848579195580483,2218.32,-0.17038569728443156,,,,,158.0,156.5,-2.199999999999995,1945.0,1772.1475000000003,11.297553500138312,3.0,8.0,42,0,0
S0001,Alcohol,2025-10-26,2004.63,166,86,23.179277052518888,0.011562870481095706,0,1,None,,2218.32,-0.09632965487395868,1731.5900000000001,0.15768166829330266,2218.32,-0.09632965487395868,,,,,150.0,152.75,0.10000000000001234,1840.35,1731.5900000000001,11.33059137892619,3.0,8.0,43,0,0
S0001,Bakery,2024-12-29,282.64,67,41,7.666407356640005,0.02712428303368244,0,1,None,,,,1863.886666666667,-0.8483598788195277,,,,,,,,153.0,,,1863.886666666667,12.180481487691061,3.0,7.0,52,0,1
S0001,Bakery,2025-01-05,652.13,161,99,13.357552175850891,0.020482959188890086,0,1,None,,,,1355.996666666667,-0.519076988881487,,,,,,,67.0,125.0,,282.64,1355.996666666667,9.599211348321683,3.0,7.0,1,1,0
S0001,Bakery,2025-01-12,651.9,161,82,5.677579220138203,0.008709279368213228,0,1,None,,,,925.0400000000003,-0.29527371789328055,,,,,,,161.0,126.0,,652.13,925.0400000000003,6.846001452365502,3.0,7.0,2,1,0
S0001,Bakery,2025-01-19,592.1,147,85,2.3669366282266053,0.003997528505702762,0,1,None,,,,528.8900000000003,0.11951445480156489,,,,,,,161.0,129.66666666666666,,651.9,528.8900000000003,4.106024226692624,3.0,7.0,3,0,0
S0001,Bakery,2025-01-26,708.58,174,103,1.4881298946061643,0.00210015791386458,0,1,None,,,,544.6925000000002,0.30088077217879766,,,,,,,147.0,134.0,24.00000000000001,592.1,544.6925000000002,4.086490959135114,2.0,7.0,4,0,0
S0001,Bakery,2025-02-02,565.17,146,80,8.853801109258816,0.015665730858429882,0,1,None,,,,651.1775000000002,-0.13207996283655415,,,,,,,174.0,160.75,2.4999999999999982,708.58,651.1775000000002,4.049938806107151,1.0,7.0,5,0,0
S0001,Bakery,2025-02-09,793.1,194,96,20.758766610769406,0.02617421083188678,0,1,None,,,,629.4375000000002,0.2600139013007641,,,,,,,146.0,157.0,-1.8000000000000052,565.17,629.4375000000002,4.005071431819735,1.0,7.0,6,0,0
S0001,Bakery,2025-02-16,543.48,137,83,6.697667366692507,0.012323668518974951,0,1,None,,,,664.7375000000002,-0.18241411083322384,,,,,,,194.0,165.25,11.300000000000002,793.1,664.7375000000002,4.01484043354862,0.0,7.0,7,0,0
S0001,Bakery,2025-02-23,668.68,166,98,14.448476362099195,0.021607460013906794,0,1,None,,,,652.5825000000002,0.024667379220251442,,,,,,,137.0,162.75,-6.299999999999976,543.48,652.5825000000002,3.999619469250492,0.0,8.0,8,0,0
S0001,Bakery,2025-03-02,720.93,173,88,7.121752279216577,0.009878562799740026,0,1,None,,,,642.6075000000003,0.12188233097186013,,,,,,,166.0,160.75,0.29999999999999244,668.68,642.6075000000003,3.9885929493778978,0.0,8.0,9,0,0
S0001,Bakery,2025-03-09,571.38,149,84,4.0045966463523435,0.007008639865505169,0,1,None,,,,681.5475000000002,-0.16164317233941905,,,,,,,173.0,167.5,-3.399999999999997,720.93,681.5475000000002,4.062642458444333,0.0,8.0,10,0,0
S0001,Bakery,2025-03-16,629.27,153,86,21.402222464856017,0.034011191483553985,0,1,None,,,,626.1175000000003,0.00503499742460431,,,,,,,149.0,156.25,4.299999999999996,571.38,626.1175000000003,3.9992976511378906,0.0,8.0,11,0,0
S0001,Bakery,2025-03-23,553.9399999999999,135,80,7.179742445469136,0.012961227651856044,0,1,None,,,,647.5650000000003,-0.14458008076409365,,,,,,,153.0,160.25,-6.300000000000012,629.27,647.5650000000003,4.035764780568739,0.0,8.0,12,0,0
S0001,Bakery,2025-03-30,603.5699999999999,151,90,43.89866930077669,0.0727316952479028,0,1,None,,,,618.8800000000002,-0.02473823681489187,,,,,,,135.0,152.5,-10.999999999999979,553.9399999999999,618.8800000000002,4.054531402612469,0.0,8.0,13,0,0
S0001,Bakery,2025-04-06,561.27,144,82,2.0362001458864345,0.0036278442565724775,1,1,BOGO,50.0,,,589.5400000000002,-0.04795264104216881,,,,,,,151.0,147.0,-1.2000000000000015,603.5699999999999,589.5400000000002,4.0120131237011645,0.0,8.0,14,0,0
S0001,Bakery,2025-04-13,565.84,140,81,5.33078814888448,0.009421016804899759,0,1,None,,,,587.0125000000002,-0.03606822682651583,,,,,,,144.0,145.75,-1.0999999999999837,561.27,587.0125000000002,4.027748931866713,1.0,8.0,15,0,0
S0001,Bakery,2025-04-20,577.03,144,72,2.838158147180287,0.004918562548186901,0,1,None,,,,571.1550000000002,0.010286174506044366,,,,,,,140.0,142.5,0.7999999999999927,565.84,571.1550000000002,4.009958549046918,1.0,8.0,16,0,0
S0001,Bakery,2025-04-27,702.89,175,94,0.0,0.0,0,0,None,,,,576.9275000000002,0.21833332611116596,,,,,,,144.0,144.75,-2.500000000000009,577.03,576.9275000000002,3.9859319286765476,1.0,8.0,17,0,0
S0001,Bakery,2025-05-04,642.94,163,90,0.790808162277695,0.0012299874984877204,1,1,Bundle,15.0,702.89,-0.08529072827896247,601.7575000000003,0.0684370365138777,702.89,-0.08529072827896247,615.2533333333332,0.04500043342579779,,,175.0,150.75,9.700000000000005,702.89,601.7575000000003,3.9907724206349204,1.0,7.0,18,0,0
S0001,Bakery,2025-05-11,645.95,166,85,14.566380594593266,0.022550322152787777,0,1,None,,702.89,-0.08100840814352166,622.1750000000003,0.03821272150118494,702.89,-0.08100840814352166,640.9533333333334,0.007795679352630981,,,163.0,155.5,9.999999999999995,642.94,622.1750000000003,4.002449631780115,2.0,7.0,19,0,0
S0001,Bakery,2025-05-18,591.41,144,82,8.11000151271676,0.01371299354545368,1,1,Bundle,15.0,702.89,-0.15860234176044619,642.2025000000002,-0.07909109665565024,702.89,-0.15860234176044619,663.9266666666666,-0.10922391027121468,,,166.0,162.0,5.4000000000000075,645.95,642.2025000000002,3.964837325411785,2.0,7.0,20,0,0
S0001,Bakery,2025-05-25,561.27,137,78,6.338676222242897,0.011293452745101107,0,1,None,,702.89,-0.20148245102363102,645.7975000000002,-0.1308885525261405,702.89,-0.20148245102363102,,,,,144.0,162.0,-8.999999999999996,591.41,645.7975000000002,3.9898026031895624,3.0,7.0,21,0,0
S0001,Bakery,2025-06-01,615.59,152,90,6.901626650963375,0.011211401502564004,0,1,None,,702.89,-0.12420151090497795,610.3925000000003,0.008515012881055651,702.89,-0.12420151090497795,,,,,137.0,152.5,-10.000000000000007,561.27,610.3925000000003,4.009889360228144,3.0,7.0,22,0,0
S0001,Bakery,2025-06-08,489.9,129,73,13.356617387829928,0.027263966907184994,1,1,Bundle,10.0,702.89,-0.30302038725831926,603.5550000000003,-0.18830926758953245,702.89,-0.30302038725831926,,,,,152.0,149.75,-4.900000000000009,615.59,603.5550000000003,4.036268618381196,2.0,7.0,23,0,0
S0001,Bakery,2025-06-15,767.08,191,101,4.370700617301256,0.005697841968635938,0,1,None,,702.89,0.0913229666092846,564.5425000000002,0.35876395488382135,702.89,0.0913229666092846,,,,,129.0,140.5,-3.0000000000000044,489.9,564.5425000000002,4.012870957972117,3.0,7.0,24,0,0
S0001,Bakery,2025-06-22,535.98,142,83,24.940684441996368,0.046532863991186925,1,1,Manager_Special,25.0,702.89,-0.2374624763476504,608.4600000000003,-0.11912040232718701,702.89,-0.2374624763476504,,,,,191.0,152.25,13.9,767.08,608.4600000000003,3.9901488993624605,3.0,7.0,25,0,0
S0001,Bakery,2025-06-29,668.5,164,90,14.14120821006484,0.021153639805631775,0,1,None,,702.89,-0.048926574570700945,602.1375000000003,0.11021153806231915,702.89,-0.048926574570700945,,,,,142.0,153.5,3.1999999999999877,535.98,602.1375000000003,3.9095603314586875,4.0,8.0,26,0,0
S0001,Bakery,2025-07-06,653.89,173,96,11.200482861697317,0.017129001608370394,1,1,Coupon,15.0,702.89,-0.06971218825136223,615.3650000000002,0.06260512053821672,702.89,-0.06971218825136223,,,,,164.0,156.5,5.600000000000007,668.5,615.3650000000002,3.9161316568758893,3.0,8.0,27,0,0
S0001,Bakery,2025-07-13,762.66,188,97,59.02890510696862,0.07739871647519028,0,1,None,,702.89,0.08503464268946774,656.3625000000002,0.16194938010626714,702.89,0.08503464268946774,,,,,173.0,167.5,-3.20000000000001,653.89,656.3625000000002,3.9116407978894663,4.0,8.0,28,0,0
S0001,Bakery,2025-07-20,621.46,155,86,17.971531238056226,0.028918242908724977,0,1,None,,702.89,-0.11585027529200864,655.2575000000003,-0.0515789594167182,702.89,-0.11585027529200864,,,,,188.0,166.75,14.700000000000024,762.66,655.2575000000003,3.921784916191794,3.0,8.0,29,0,0
S0001,Bakery,2025-07-27,560.7,145,82,16.01250654858426,0.02855806411375826,0,1,None,,702.89,-0.2022933887236978,676.6275000000003,-0.17133134553354717,702.89,-0.2022933887236978,,,,,155.0,170.0,-1.1999999999999855,621.46,676.6275000000003,3.980512994338091,3.0,8.0,30,0,0
S0001,Bakery,2025-08-03,645.92,163,87,38.172387944571476,0.05909770241604452,0,1,None,,702.89,-0.08105108907510425,649.6775000000002,-0.005783638805407723,702.89,-0.08105108907510425,,,,,145.0,165.25,-11.700000000000001,560.7,649.6775000000002,3.9281822542203453,3.0,8.0,31,0,0
S0001,Bakery,2025-08-10,652.36,161,83,4.6633190590590905,0.007148382885307331,0,1,None,,702.89,-0.07188891576206799,647.6850000000002,0.007218014930096945,702.89,-0.07188891576206799,,,,,163.0,162.75,-8.500000000000002,645.92,647.6850000000002,3.973929355181372,2.0,8.0,32,0,0
S0001,Bakery,2025-08-17,543.73,140,84,10.538429216957521,0.019381732140874186,0,1,None,,702.89,-0.22643656902217982,620.1100000000002,-0.1231716953443747,702.89,-0.22643656902217982,,,,,161.0,156.0,3.5999999999999965,652.36,620.1100000000002,3.972735189726106,2.0,8.0,33,0,0
S0001,Bakery,2025-08-24,681.9399999999999,161,87,13.550749961852125,0.019870883012951472,0,1,None,,702.89,-0.029805517221755957,600.6775000000002,0.13528474097997623,702.89,-0.029805517221755957,,,,,140.0,152.25,-1.6999999999999937,543.73,600.6775000000002,3.9413267795878575,1.0,8.0,34,0,0
S0001,Bakery,2025-08-31,513.28,131,78,9.762702697608374,0.01902022813592654,0,1,None,,702.89,-0.26975771457838355,630.9875000000002,-0.18654489985934772,702.89,-0.26975771457838355,,,,,161.0,156.25,-2.6999999999999846,681.9399999999999,630.9875000000002,4.033515685135083,1.0,8.0,35,0,0
S0001,Bakery,2025-09-07,602.6,147,83,3.166785641571784,0.005255203520696621,0,1,None,,702.89,-0.14268235428018605,597.8275000000002,0.007983072040011219,702.89,-0.14268235428018605,,,,,131.0,148.25,-6.899999999999986,513.28,597.8275000000002,4.0223828232421415,0.0,8.0,36,0,0
S0001,Bakery,2025-09-14,589.39,149,79,4.913221837817494,0.008336113333815459,0,1,None,,702.89,-0.16147619115366557,585.3875000000002,0.006837351327112086,702.89,-0.16147619115366557,,,,,147.0,144.75,-0.8999999999999981,602.6,585.3875000000002,4.034231388755303,0.0,8.0,37,0,0
S0001,Bakery,2025-09-21,649.64,171,93,9.325760210881413,0.014355274014656446,0,1,None,,702.89,-0.07575865355887834,596.8025000000002,0.08853431411564082,702.89,-0.07575865355887834,,,,,149.0,147.0,-2.0000000000000013,589.39,596.8025000000002,4.052194356157028,0.0,8.0,38,0,0
S0001,Bakery,2025-09-28,486.58,123,82,35.2475166382164,0.07243930420119282,0,1,None,,702.89,-0.30774374368677887,588.7275000000002,-0.1735055692149597,702.89,-0.30774374368677887,,,,,171.0,149.5,12.200000000000006,649.64,588.7275000000002,3.943047394550113,0.0,8.0,39,0,0
S0001,Bakery,2025-10-05,641.17,159,83,53.290829986727594,0.08311497728641015,0,1,None,,702.89,-0.08780890324232814,582.0525000000002,0.10156729848252469,702.89,-0.08780890324232814,,,,,123.0,147.5,-4.9999999999999964,486.58,582.0525000000002,3.952489149654687,0.0,8.0,40,0,0
S0001,Bakery,2025-10-12,664.2,167,89,1.3853479292077835,0.0020857391285874485,0,1,None,,702.89,-0.05504417476418777,591.6950000000002,0.12253779396479582,702.89,-0.05504417476418777,,,,,159.0,150.5,-1.7999999999999887,641.17,591.6950000000002,3.9357881484995074,0.0,8.0,41,0,0
S0001,Bakery,2025-10-19,653.45,161,84,10.625754197475812,0.016261005734908275,0,1,None,,702.89,-0.07033817524790499,610.3975000000003,0.07053190748651454,702.89,-0.07033817524790499,,,,,167.0,155.0,2.4000000000000052,664.2,610.3975000000003,3.9411901297718623,0.0,8.0,42,0,0
S0001,Bakery,2025-10-26,562.77,142,75,6.50723662064623,0.011562870481095706,0,1,None,,702.89,-0.1993484044445077,611.3500000000003,-0.07946348245685818,702.89,-0.1993484044445077,,,,,161.0,152.5,12.200000000000001,653.45,611.3500000000003,4.006097960943996,0.0,8.0,43,0,0
S0001,Baking,2024-12-29,284.64,79,43,7.72065592270737,0.02712428303368244,0,1,None,,,,652.9400000000003,-0.5640640793947379,,,,,,,,162.33333333333334,,,652.9400000000003,4.022818961475463,0.0,7.0,52,0,1
S0001,Baking,2025-01-05,672.25,184,99,13.769669314731358,0.020482959188890083,0,1,None,,,,534.0966666666669,0.25866728245199,,,,,,,79.0,135.66666666666666,,284.64,534.0966666666669,3.879659711946498,0.0,7.0,1,1,0
S0001,Baking,2025-01-12,457.1,128,77,3.9810115992102673,0.00870927936821323,0,1,None,,,,536.7800000000003,-0.14844070196356093,,,,,,,184.0,141.33333333333334,,672.25,536.7800000000003,3.771755411851037,0.0,7.0,2,1,0
S0001,Baking,2025-01-19,561.62,148,76,2.245091959372785,0.003997528505702762,0,1,None,,,,471.3300000000003,0.19156429677720413,,,,,,,128.0,130.33333333333334,,457.1,471.3300000000003,3.6092214444597324,0.0,7.0,3,0,0
S0001,Baking,2025-01-26,580.23,154,89,1.2185746263616453,0.00210015791386458,0,1,None,,,,493.90250000000026,0.17478652163129305,,,,,,,148.0,134.75,15.100000000000014,561.62,493.90250000000026,3.6555985157772315,0.0,7.0,4,0,0
S0001,Baking,2025-02-02,548.77,155,87,8.596883123180566,0.015665730858429882,1,1,Bundle,25.0,,,567.8000000000003,-0.03351532229658384,,,,,,,154.0,153.5,-7.000000000000009,580.23,567.8000000000003,3.6967708402881643,0.0,7.0,5,0,0
S0001,Baking,2025-02-09,572.35,149,91,14.9808095696304,0.02617421083188678,0,1,None,,,,536.9300000000003,0.06596763078986034,,,,,,,155.0,146.25,8.700000000000003,548.77,536.9300000000003,3.6685005913400572,1.0,7.0,6,0,0
S0001,Baking,2025-02-16,607.07,164,91,7.481329447814123,0.01232366851897495,0,1,None,,,,565.7425000000003,0.07305001833873138,,,,,,,149.0,151.5,0.40000000000000935,572.35,565.7425000000003,3.736045945786366,1.0,7.0,7,0,0
S0001,Baking,2025-02-23,514.52,136,71,11.117470326355324,0.021607460013906794,0,1,None,,,,577.1050000000002,-0.10844646987983164,,,,,,,164.0,155.5,2.4000000000000066,607.07,577.1050000000002,3.712775098719787,1.0,8.0,8,0,0
S0001,Baking,2025-03-02,595.14,163,85,5.8791278646372795,0.009878562799740026,0,1,None,,,,560.6775000000002,0.06146581591021529,,,,,,,136.0,151.0,-4.200000000000009,514.52,560.6775000000002,3.716652104067381,1.0,8.0,9,0,0
S0001,Baking,2025-03-09,542.17,145,86,3.7998742758809367,0.007008639865505168,0,1,None,,,,572.2700000000002,-0.052597550107467174,,,,,,,163.0,153.0,1.399999999999982,595.14,572.2700000000002,3.744330611884519,1.0,8.0,10,0,0
S0001,Baking,2025-03-16,552.42,153,81,18.78846239934489,0.034011191483553985,0,1,None,,,,564.7250000000003,-0.021789366505821924,,,,,,,145.0,152.0,-3.0000000000000164,542.17,564.7250000000003,3.718787682007176,1.0,8.0,11,0,0
S0001,Baking,2025-03-23,437.17,111,67,5.666259892561907,0.012961227651856045,0,1,None,,,,551.0625000000002,-0.2066780083928777,,,,,,,153.0,149.25,3.300000000000008,552.42,551.0625000000002,3.6960231554648515,1.0,8.0,12,0,0
S0001,Baking,2025-03-30,524.21,149,87,38.12668196590313,0.07273169524790281,1,1,Manager_Special,25.0,,,531.7250000000001,-0.014133245568668198,,,,,,,111.0,143.0,-14.799999999999986,437.17,531.7250000000001,3.7348314490525567,1.0,8.0,13,0,0
S0001,Baking,2025-04-06,473.13,135,76,1.7164419531121364,0.003627844256572478,1,1,Manager_Special,30.0,,,513.9925000000003,-0.07950018725954225,,,,,,,149.0,139.5,-2.9999999999999933,524.21,513.9925000000003,3.701587017875384,1.0,8.0,14,0,0
S0001,Baking,2025-04-13,530.22,140,79,4.99521153029395,0.009421016804899759,0,1,None,,,,496.7325000000002,0.06741556068910294,,,,,,,135.0,137.0,-1.600000000000016,473.13,496.7325000000002,3.642977822473085,2.0,8.0,15,0,0
S0001,Baking,2025-04-20,498.21999999999997,138,74,2.4505262327576776,0.004918562548186901,0,1,None,,,,491.18250000000023,0.014327668432812113,,,,,,,140.0,133.75,7.299999999999998,530.22,491.18250000000023,3.6871521922209842,2.0,8.0,16,0,0
S0001,Baking,2025-04-27,572.0,153,91,0.0,0.0,0,0,None,,,,506.4450000000002,0.12944149907689828,,,,,,,138.0,140.5,-2.7999999999999927,498.21999999999997,506.4450000000002,3.6051075388719833,2.0,8.0,17,0,0
S0001,Baking,2025-05-04,566.48,149,82,0.6967633181433238,0.0012299874984877204,0,1,None,,572.0,-0.009650349650349619,518.3925000000002,0.09276272322612664,572.0,-0.009650349650349619,533.48,0.06185798905301042,,,153.0,141.5,5.200000000000004,572.0,518.3925000000002,3.660201081882028,2.0,7.0,18,0,0
S0001,Baking,2025-05-11,436.62,136,83,9.845921658350198,0.022550322152787773,1,1,Coupon,30.0,572.0,-0.23667832167832167,541.7300000000002,-0.19402654458863308,572.0,-0.23667832167832167,545.5666666666667,-0.19969450724017848,,,149.0,145.0,4.1999999999999975,566.48,541.7300000000002,3.7345042138730795,2.0,7.0,19,0,0
S0001,Baking,2025-05-18,558.58,149,79,7.659803934619516,0.013712993545453678,0,1,None,,572.0,-0.02346153846153839,518.3300000000003,0.07765323249667153,572.0,-0.02346153846153839,525.0333333333333,0.06389435591391036,,,136.0,144.0,-0.9999999999999757,436.62,518.3300000000003,3.590293079419298,3.0,7.0,20,0,0
S0001,Baking,2025-05-25,383.01,105,64,4.325505335901174,0.011293452745101105,0,1,None,,572.0,-0.3304020979020979,533.4200000000003,-0.2819729293989731,572.0,-0.3304020979020979,,,,,149.0,146.75,-2.499999999999997,558.58,533.4200000000003,3.6249353807518534,3.0,7.0,21,0,0
S0001,Baking,2025-06-01,473.01,126,78,5.303105024727798,0.011211401502564,0,1,None,,572.0,-0.17305944055944059,486.17250000000024,-0.027073723832590785,572.0,-0.17305944055944059,,,,,105.0,134.75,-11.899999999999997,383.01,486.17250000000024,3.6022234293046083,2.0,7.0,22,0,0
S0001,Baking,2025-06-08,537.86,170,96,14.664197240698524,0.027263966907184998,1,1,Manager_Special,15.0,572.0,-0.05968531468531466,462.80500000000023,0.16217413381445694,572.0,-0.05968531468531466,,,,,126.0,129.0,-7.400000000000001,473.01,462.80500000000023,3.5902655354087947,1.0,7.0,23,0,0
S0001,Baking,2025-06-15,603.3,165,90,3.4375080596780614,0.005697841968635938,0,1,None,,572.0,0.05472027972027964,488.11500000000024,0.23597922620693826,572.0,0.05472027972027964,,,,,170.0,137.5,8.400000000000002,537.86,488.11500000000024,3.5786258295264415,2.0,7.0,24,0,0
S0001,Baking,2025-06-22,421.51,111,70,19.6140675009252,0.04653286399118692,0,1,None,,572.0,-0.2630944055944056,499.2950000000002,-0.15578966342543019,572.0,-0.2630944055944056,,,,,165.0,141.5,22.399999999999988,603.3,499.2950000000002,3.5555019735166793,2.0,7.0,25,0,0
S0001,Baking,2025-06-29,559.25,145,82,11.83017306129957,0.021153639805631775,0,1,None,,572.0,-0.022290209790209792,508.9200000000002,0.09889570069952015,572.0,-0.022290209790209792,,,,,111.0,143.0,-4.9999999999999805,421.51,508.9200000000002,3.5929202489349543,2.0,8.0,26,0,0
S0001,Baking,2025-07-06,411.46,122,77,7.047899001780083,0.017129001608370397,1,1,Bundle,20.0,572.0,-0.2806643356643357,530.4800000000002,-0.22436284120042266,572.0,-0.2806643356643357,,,,,145.0,147.75,-12.89999999999999,559.25,530.4800000000002,3.6186324821040845,2.0,8.0,27,0,0
S0001,Baking,2025-07-13,557.7,141,86,43.165264178213626,0.07739871647519028,0,1,None,,572.0,-0.02499999999999992,498.88000000000017,0.11790410519563795,572.0,-0.02499999999999992,,,,,122.0,135.75,-9.500000000000007,411.46,498.88000000000017,3.6708176315737084,2.0,8.0,28,0,0
S0001,Baking,2025-07-20,546.53,148,88,15.804687296905463,0.02891824290872498,1,1,Manager_Special,15.0,572.0,-0.044527972027972075,487.4800000000002,0.12113317469434594,572.0,-0.044527972027972075,,,,,141.0,129.75,6.700000000000002,557.7,487.4800000000002,3.7455565097168417,2.0,8.0,29,0,0
S0001,Baking,2025-07-27,600.87,159,83,17.15968398403393,0.028558064113758264,0,1,None,,572.0,0.05047202797202798,518.7350000000001,0.15833710854289734,572.0,0.05047202797202798,,,,,148.0,139.0,2.8,546.53,518.7350000000001,3.719402230437563,3.0,8.0,30,0,0
S0001,Baking,2025-08-03,422.83,137,80,24.988281512576105,0.05909770241604452,1,1,Coupon,20.0,572.0,-0.2607867132867133,529.1400000000002,-0.20091091204596173,572.0,-0.2607867132867133,,,,,159.0,142.5,11.800000000000002,600.87,529.1400000000002,3.6999422434499247,3.0,8.0,31,0,0
S0001,Baking,2025-08-10,506.27,137,81,3.619011803344543,0.007148382885307332,0,1,None,,572.0,-0.11491258741258745,531.9825000000002,-0.04833335683034723,572.0,-0.11491258741258745,,,,,137.0,146.25,-0.09999999999999806,422.83,531.9825000000002,3.628374096985882,3.0,8.0,32,0,0
S0001,Baking,2025-08-17,641.17,179,97,12.426985196764301,0.019381732140874186,1,1,Coupon,10.0,572.0,0.12092657342657336,519.1250000000002,0.2350975198651571,572.0,0.12092657342657336,,,,,137.0,145.25,-5.5000000000000036,506.27,519.1250000000002,3.5633946747153433,3.0,8.0,33,0,0
S0001,Baking,2025-08-24,629.66,172,97,12.511900197935022,0.01987088301295147,0,1,None,,572.0,0.10080419580419575,542.7850000000002,0.16005416509299214,572.0,0.10080419580419575,,,,,179.0,153.0,5.99999999999999,641.17,542.7850000000002,3.535690933963418,4.0,8.0,34,0,0
S0001,Baking,2025-08-31,570.4,155,81,10.849138128732497,0.019020228135926538,1,1,Manager_Special,10.0,572.0,-0.002797202797202837,549.9825000000002,0.03712390848799695,572.0,-0.002797202797202837,,,,,172.0,156.25,14.700000000000008,629.66,549.9825000000002,3.5061302713921148,4.0,8.0,35,0,0
S0001,Baking,2025-09-07,579.0,156,86,3.042762838483344,0.005255203520696621,0,1,None,,572.0,0.012237762237762238,586.8750000000002,-0.013418530351438081,572.0,0.012237762237762238,,,,,155.0,160.75,4.700000000000004,570.4,586.8750000000002,3.654542680151239,4.0,8.0,36,0,0
S0001,Baking,2025-09-14,503.67,138,79,4.198650202842833,0.00833611333381546,0,1,None,,572.0,-0.11945804195804192,605.0575000000001,-0.16756671886556251,572.0,-0.11945804195804192,,,,,156.0,165.5,-8.599999999999996,579.0,605.0575000000001,3.658576930572351,4.0,8.0,37,0,0
S0001,Baking,2025-09-21,623.53,170,94,8.950944006358734,0.014355274014656447,0,1,None,,572.0,0.09008741258741254,570.6825000000002,0.09260403113815426,572.0,0.09008741258741254,,,,,138.0,155.25,-10.099999999999989,503.67,570.6825000000002,3.6755337559306214,3.0,8.0,38,0,0
S0001,Baking,2025-09-28,396.31,127,76,28.70842064797473,0.07243930420119282,1,1,Manager_Special,15.0,572.0,-0.30715034965034965,569.1500000000003,-0.30368092769920096,572.0,-0.30715034965034965,,,,,170.0,154.75,2.7000000000000157,623.53,569.1500000000003,3.6772861499114695,3.0,8.0,39,0,0
S0001,Baking,2025-10-05,401.19,158,83,33.344897737534886,0.08311497728641015,1,1,Coupon,30.0,572.0,-0.29861888111888113,525.6275000000003,-0.2367408478437681,572.0,-0.29861888111888113,,,,,127.0,147.75,-5.4999999999999964,396.31,525.6275000000003,3.53742394518706,3.0,8.0,40,0,0
S0001,Baking,2025-10-12,586.8,154,82,1.2239117206551149,0.002085739128587449,0,1,None,,572.0,0.025874125874125794,481.17500000000024,0.2195147295682437,572.0,0.025874125874125794,,,,,158.0,148.25,1.7000000000000004,401.19,481.17500000000024,3.244333633599913,4.0,8.0,41,0,0
S0001,Baking,2025-10-19,545.7,148,84,8.873630829539444,0.01626100573490827,1,1,Bundle,25.0,572.0,-0.0459790209790209,501.9575000000002,0.0871438318981185,572.0,-0.0459790209790209,,,,,154.0,152.25,-1.6999999999999937,586.8,501.9575000000002,3.2844853840234025,3.0,8.0,42,0,0
S0001,Baking,2025-10-26,493.28000000000003,129,72,5.70373275091489,0.011562870481095706,0,1,None,,572.0,-0.13762237762237758,482.5000000000002,0.022341968911916678,572.0,-0.13762237762237758,,,,,148.0,146.75,5.9000000000000075,545.7,482.5000000000002,3.289320042211002,4.0,8.0,43,0,0
S0001,Beverages,2024-12-29,392.96,120,68,10.658758260915853,0.027124283033682445,0,1,None,,,,511.2300000000003,-0.23134401345773967,,,,,,,,153.33333333333334,,,511.2300000000003,3.345576329247215,3.0,7.0,52,0,1
S0001,Beverages,2025-01-05,562.42,174,99,11.520025907015562,0.020482959188890086,0,1,None,,,,508.48666666666696,0.10606636686638712,,,,,,,120.0,140.66666666666666,,392.96,508.48666666666696,3.5907394797394794,3.0,7.0,1,1,0
S0001,Beverages,2025-01-12,482.15,151,84,4.199179047384008,0.008709279368213228,0,1,None,,,,500.3600000000003,-0.036393796466544705,,,,,,,174.0,147.33333333333334,,562.42,500.3600000000003,3.3980425598011803,3.0,7.0,2,1,0
S0001,Beverages,2025-01-19,512.93,157,90,2.0504522964301177,0.003997528505702763,1,1,Bundle,20.0,,,479.1766666666669,0.0704402690726448,,,,,,,151.0,148.33333333333334,,482.15,479.1766666666669,3.233337291619091,3.0,7.0,3,0,0
S0001,Beverages,2025-01-26,414.89,122,72,0.8713345168832756,0.00210015791386458,0,1,None,,,,487.6150000000002,-0.14914430442049603,,,,,,,157.0,150.5,8.800000000000006,512.93,487.6150000000002,3.241770484637885,3.0,7.0,4,0,0
S0001,Beverages,2025-02-02,343.91,136,76,5.387601499522621,0.015665730858429882,1,1,Coupon,20.0,,,493.0975000000002,-0.3025517265855132,,,,,,,122.0,151.0,-14.999999999999995,414.89,493.0975000000002,3.2732882442007267,2.0,7.0,5,0,0
S0001,Beverages,2025-02-09,440.53000000000003,166,94,11.530525097771086,0.026174210831886785,1,1,Coupon,20.0,,,438.4700000000002,0.004698154947886585,,,,,,,136.0,141.5,-8.00000000000002,343.91,438.4700000000002,3.097401031557048,3.0,7.0,6,0,0
S0001,Beverages,2025-02-16,464.93,136,71,5.729643204527024,0.012323668518974951,0,1,None,,,,428.0650000000003,0.0861200985831584,,,,,,,166.0,145.25,4.099999999999992,440.53000000000003,428.0650000000003,2.962588237333798,3.0,7.0,7,0,0
S0001,Beverages,2025-02-23,544.48,157,89,11.764829828371973,0.021607460013906794,0,1,None,,,,416.0650000000002,0.3086416785838744,,,,,,,136.0,140.0,7.200000000000009,464.93,416.0650000000002,3.0004714567043487,3.0,8.0,8,0,0
S0001,Beverages,2025-03-02,512.49,161,88,5.062664649238767,0.009878562799740026,0,1,None,,,,448.4625000000002,0.14277113471025957,,,,,,,157.0,148.75,3.3000000000000096,544.48,448.4625000000002,3.0172933999015923,3.0,8.0,9,0,0
S0001,Beverages,2025-03-09,500.28,157,87,3.5062823519149253,0.007008639865505168,0,1,None,,,,490.60750000000024,0.019715352904306854,,,,,,,161.0,155.0,0.5999999999999786,512.49,490.60750000000024,3.180897825367431,3.0,8.0,10,0,0
S0001,Beverages,2025-03-16,394.4,124,73,13.414013921113689,0.03401119148355398,0,1,None,,,,505.54500000000024,-0.21985184306045993,,,,,,,157.0,152.75,6.700000000000013,500.28,505.54500000000024,3.3140732340083634,3.0,8.0,11,0,0
S0001,Beverages,2025-03-23,458.76,139,76,5.946092797565479,0.012961227651856044,0,1,None,,,,487.91250000000025,-0.05974944277918734,,,,,,,124.0,149.75,-10.299999999999994,394.4,487.91250000000025,3.2545837890368268,2.0,8.0,12,0,0
S0001,Beverages,2025-03-30,516.05,161,81,37.53319133268024,0.07273169524790281,0,1,None,,,,466.4825000000002,0.10625800539141286,,,,,,,139.0,145.25,-9.900000000000007,458.76,466.4825000000002,3.21268533327914,2.0,8.0,13,0,0
S0001,Beverages,2025-04-06,474.82,148,80,1.722573009905744,0.003627844256572478,0,1,None,,,,467.3725000000002,0.015934827145370808,,,,,,,161.0,145.25,2.699999999999997,516.05,467.3725000000002,3.218213283589699,1.0,8.0,14,0,0
S0001,Beverages,2025-04-13,482.64,145,76,4.54695955071682,0.00942101680489976,0,1,None,,,,461.0075000000002,0.04692439927766849,,,,,,,148.0,143.0,9.400000000000004,474.82,461.0075000000002,3.2236498905788533,0.0,8.0,15,0,0
S0001,Beverages,2025-04-20,562.74,178,90,2.767871888366696,0.0049185625481869,0,1,None,,,,483.0675000000002,0.16493036687419407,,,,,,,145.0,148.25,0.49999999999999134,482.64,483.0675000000002,3.2606265312907556,0.0,8.0,16,0,0
S0001,Beverages,2025-04-27,687.4,204,110,0.0,0.0,0,0,None,,,,509.06250000000017,0.3503253529772862,,,,,,,178.0,158.0,4.799999999999996,562.74,509.06250000000017,3.225883786161017,0.0,8.0,17,0,0
S0001,Beverages,2025-05-04,464.96999999999997,149,82,0.5719072871718353,0.0012299874984877202,0,1,None,,687.4,-0.3235816118708176,551.9000000000002,-0.15751041855408626,687.4,-0.3235816118708176,577.5933333333334,-0.19498724592850805,,,204.0,168.75,20.1,687.4,551.9000000000002,3.266965871168933,0.0,7.0,18,0,0
S0001,Beverages,2025-05-11,559.72,175,102,12.621866315358375,0.022550322152787777,0,1,None,,687.4,-0.18574338085539707,549.4375000000002,0.01871459447161833,687.4,-0.18574338085539707,571.7033333333333,-0.020960754703779762,,,149.0,169.0,3.80000000000002,464.96999999999997,549.4375000000002,3.2450560670695316,0.0,7.0,19,0,0
S0001,Beverages,2025-05-18,473.94,151,73,6.499136160932316,0.013712993545453678,0,1,None,,687.4,-0.31053244108233924,568.7075000000002,-0.1666366277919672,687.4,-0.31053244108233924,570.6966666666666,-0.1695413208417781,,,175.0,176.5,-6.400000000000008,559.72,568.7075000000002,3.212518136035049,0.0,7.0,20,0,0
S0001,Beverages,2025-05-25,464.35,140,73,5.244114782187699,0.011293452745101107,0,1,None,,687.4,-0.324483561245272,546.5075000000002,-0.15033188016632912,687.4,-0.324483561245272,,,,,151.0,169.75,-13.300000000000004,473.94,546.5075000000002,3.2068218416679084,0.0,7.0,21,0,0
S0001,Beverages,2025-06-01,463.88,150,86,5.20074492900939,0.011211401502564004,1,1,Manager_Special,15.0,687.4,-0.32516729706139075,490.7450000000002,-0.05474329845439112,687.4,-0.32516729706139075,,,,,140.0,153.75,-5.1000000000000005,464.35,490.7450000000002,3.1936163094550234,0.0,7.0,22,0,0
S0001,Beverages,2025-06-08,556.02,173,92,15.159310879733,0.027263966907184994,0,1,None,,687.4,-0.19112598196101252,490.47250000000025,0.13364153953585511,687.4,-0.19112598196101252,,,,,150.0,154.0,-8.600000000000001,463.88,490.47250000000025,3.1865986360769476,1.0,7.0,23,0,0
S0001,Beverages,2025-06-15,545.97,161,87,3.1108507796161633,0.005697841968635938,0,1,None,,687.4,-0.20574629036950823,489.54750000000024,0.11525439308749356,687.4,-0.20574629036950823,,,,,173.0,153.5,7.599999999999981,556.02,489.54750000000024,3.190495745903537,1.0,7.0,24,0,0
S0001,Beverages,2025-06-22,504.32,157,86,23.46745396803539,0.046532863991186925,1,1,Manager_Special,10.0,687.4,-0.2663369217340704,507.55500000000023,-0.006373693491346238,687.4,-0.2663369217340704,,,,,161.0,156.0,8.600000000000001,545.97,507.55500000000023,3.253606374836942,1.0,7.0,25,0,0
S0001,Beverages,2025-06-29,577.39,174,89,12.213900087373728,0.02115363980563177,0,1,None,,687.4,-0.16003782368344485,517.5475000000002,0.1156270680468937,687.4,-0.16003782368344485,,,,,157.0,160.25,0.9000000000000122,504.32,517.5475000000002,3.2274672711062777,2.0,8.0,26,0,0
S0001,Beverages,2025-07-06,664.37,205,114,11.379994798553039,0.017129001608370394,0,1,None,,687.4,-0.033503054989816664,545.9250000000002,0.21696203690983154,687.4,-0.033503054989816664,,,,,174.0,166.25,-0.09999999999999833,577.39,545.9250000000002,3.2839172711062776,2.0,8.0,27,0,0
S0001,Beverages,2025-07-13,514.07,181,103,39.788358178401076,0.07739871647519028,1,1,Coupon,15.0,687.4,-0.25215304044224607,573.0125000000003,-0.10286424816212594,687.4,-0.25215304044224607,,,,,205.0,174.25,14.900000000000004,664.37,573.0125000000003,3.2906274783528584,2.0,8.0,28,0,0
S0001,Beverages,2025-07-20,540.75,170,97,15.637539852893033,0.02891824290872498,0,1,None,,687.4,-0.21334012219959264,565.0375000000003,-0.042983872751808934,687.4,-0.21334012219959264,,,,,181.0,179.25,10.30000000000001,514.07,565.0375000000003,3.1528894117113566,3.0,8.0,29,0,0
S0001,Beverages,2025-07-27,437.06,136,74,12.481587501559188,0.028558064113758268,0,1,None,,687.4,-0.3641838812918242,574.1450000000002,-0.23876372693309209,687.4,-0.3641838812918242,,,,,170.0,182.5,-3.6000000000000085,540.75,574.1450000000002,3.145052675105887,3.0,8.0,30,0,0
S0001,Beverages,2025-08-03,591.85,190,100,34.97697517493595,0.05909770241604452,0,1,None,,687.4,-0.13900203665987773,539.0625000000002,0.097924637681159,687.4,-0.13900203665987773,,,,,136.0,173.0,-21.80000000000001,437.06,539.0625000000002,3.1188884594196122,2.0,8.0,31,0,0
S0001,Beverages,2025-08-10,525.06,165,93,3.753329917759467,0.007148382885307331,0,1,None,,687.4,-0.236165260401513,520.9325000000003,0.007923291405315655,687.4,-0.236165260401513,,,,,190.0,169.25,-0.69999999999999,591.85,520.9325000000003,3.0874311423464413,2.0,8.0,32,0,0
S0001,Beverages,2025-08-17,450.08,132,81,8.723330001964653,0.019381732140874186,0,1,None,,687.4,-0.34524294442828046,523.6800000000003,-0.140543843568592,687.4,-0.34524294442828046,,,,,165.0,165.25,3.900000000000008,525.06,523.6800000000003,3.1729351604278078,2.0,8.0,33,0,0
S0001,Beverages,2025-08-24,615.59,192,100,12.232316873942796,0.019870883012951472,0,1,None,,687.4,-0.1044661041606051,501.0125000000002,0.22869189890471747,687.4,-0.1044661041606051,,,,,132.0,155.75,-3.6999999999999953,450.08,501.0125000000002,3.2301388146167556,1.0,8.0,34,0,0
S0001,Beverages,2025-08-31,512.4399999999999,156,79,9.746725705974194,0.019020228135926538,0,1,None,,687.4,-0.2545242944428281,545.6450000000002,-0.060854584940758655,687.4,-0.2545242944428281,,,,,192.0,169.75,-2.699999999999996,615.59,545.6450000000002,3.2282691761363638,1.0,8.0,35,0,0
S0001,Beverages,2025-09-07,570.75,170,90,2.9994074094375964,0.005255203520696621,0,1,None,,687.4,-0.16969741053244106,525.7925000000002,0.08550426261310257,687.4,-0.16969741053244106,,,,,156.0,161.25,3.2999999999999963,512.4399999999999,525.7925000000002,3.2707371248543122,1.0,8.0,36,0,0
S0001,Beverages,2025-09-14,455.15999999999997,144,77,3.794265345019445,0.00833611333381546,0,1,None,,687.4,-0.3378527785859762,537.2150000000003,-0.15274145360796004,687.4,-0.3378527785859762,,,,,170.0,162.5,7.800000000000014,570.75,537.2150000000003,3.3145299056029756,0.0,8.0,37,0,0
S0001,Beverages,2025-09-21,489.03,154,85,7.0201596513874405,0.014355274014656444,0,1,None,,687.4,-0.288580157113762,538.4850000000002,-0.09184099835650064,687.4,-0.288580157113762,,,,,144.0,165.5,-13.000000000000002,455.15999999999997,538.4850000000002,3.2523139965120667,0.0,8.0,38,0,0
S0001,Beverages,2025-09-28,550.9,188,96,39.90681268443713,0.07243930420119282,1,1,Coupon,30.0,687.4,-0.19857433808553973,506.8450000000002,0.08692006431946603,687.4,-0.19857433808553973,,,,,154.0,156.0,-3.199999999999992,489.03,506.8450000000002,3.2446443874752697,0.0,8.0,39,0,0
S0001,Beverages,2025-10-05,542.98,156,82,45.12977036697499,0.08311497728641015,0,1,None,,687.4,-0.21009601396566768,516.4600000000003,0.051349572086898776,687.4,-0.21009601396566768,,,,,188.0,164.0,6.3999999999999915,550.9,516.4600000000003,3.1560062259913635,1.0,8.0,40,0,0
S0001,Beverages,2025-10-12,498.85,160,85,1.040470964295849,0.002085739128587449,0,1,None,,687.4,-0.27429444282804766,509.51750000000027,-0.020936474213349373,687.4,-0.27429444282804766,,,,,156.0,160.5,7.0,542.98,509.51750000000027,3.1868282471075022,1.0,8.0,41,0,0
S0001,Beverages,2025-10-19,416.5,129,80,6.772708888589295,0.01626100573490827,0,1,None,,687.4,-0.3940936863543788,520.4400000000003,-0.19971562524018183,687.4,-0.3940936863543788,,,,,160.0,164.5,-1.3999999999999917,498.85,520.4400000000003,3.176073038774169,1.0,8.0,42,0,0
S0001,Beverages,2025-10-26,419.01,125,74,4.844958360283911,0.011562870481095704,0,1,None,,687.4,-0.3904422461448938,502.30750000000023,-0.1658296959531765,687.4,-0.3904422461448938,,,,,129.0,158.25,-17.29999999999999,416.5,502.30750000000023,3.1893637112799578,1.0,8.0,43,0,0
S0001,Breakfast & Cereal,2024-12-29,414.11,87,52,11.232436847078239,0.027124283033682448,0,1,None,,,,486.1100000000003,-0.1481146242619988,,,,,,,,148.33333333333334,,,486.1100000000003,3.2757118987278875,1.0,7.0,52,0,1
S0001,Breakfast & Cereal,2025-01-05,866.22,179,109,17.74274890860037,0.020482959188890083,0,1,None,,,,443.15333333333365,0.9546733260120637,,,,,,,87.0,125.33333333333333,,414.11,443.15333333333365,3.702126576004634,1.0,7.0,1,1,0
S0001,Breakfast & Cereal,2025-01-12,795.28,171,94,6.926315695952616,0.00870927936821323,0,1,None,,,,565.6100000000002,0.4060571772069087,,,,,,,179.0,131.66666666666666,,866.22,565.6100000000002,4.275928368369624,1.0,7.0,2,1,0
S0001,Breakfast & Cereal,2025-01-19,853.8,183,99,3.413089838169018,0.003997528505702762,0,1,None,,,,691.8700000000003,0.234046858513882,,,,,,,171.0,145.66666666666666,,795.28,691.8700000000003,4.749954389494788,1.0,7.0,3,0,0
S0001,Breakfast & Cereal,2025-01-26,728.54,145,83,1.530049046566901,0.00210015791386458,0,1,None,,,,732.3525000000002,-0.005205826429213018,,,,,,,183.0,155.0,28.000000000000007,853.8,732.3525000000002,4.728859234744042,0.0,7.0,4,0,0
S0001,Breakfast & Cereal,2025-02-02,717.94,157,82,11.247054812501151,0.015665730858429882,0,1,None,,,,810.9600000000002,-0.11470356121140386,,,,,,,145.0,169.5,-9.000000000000009,728.54,810.9600000000002,4.794991418652088,0.0,7.0,5,0,0
S0001,Breakfast & Cereal,2025-02-09,727.5,162,92,19.041738380197632,0.026174210831886778,1,1,Bundle,10.0,,,773.8900000000002,-0.05994391967850754,,,,,,,157.0,164.0,-8.000000000000009,717.94,773.8900000000002,4.728403509887899,0.0,7.0,6,0,0
S0001,Breakfast & Cereal,2025-02-16,744.78,150,83,9.178421839562162,0.01232366851897495,0,1,None,,,,756.9450000000002,-0.016071180865188606,,,,,,,162.0,161.75,-5.100000000000004,727.5,756.9450000000002,4.688398636593552,1.0,7.0,7,0,0
S0001,Breakfast & Cereal,2025-02-23,694.25,154,83,15.000979114654793,0.021607460013906798,0,1,None,,,,729.6900000000003,-0.0485685702147491,,,,,,,150.0,153.5,2.0000000000000115,744.78,729.6900000000003,4.763305193970601,1.0,8.0,8,0,0
S0001,Breakfast & Cereal,2025-03-02,940.28,198,100,9.288615029339553,0.009878562799740028,0,1,None,,,,721.1175000000003,0.30392065093413984,,,,,,,154.0,155.75,-2.1000000000000054,694.25,721.1175000000003,4.63423096647396,1.0,8.0,9,0,0
S0001,Breakfast & Cereal,2025-03-09,679.69,147,87,4.763702430185209,0.007008639865505169,0,1,None,,,,776.7025000000002,-0.12490303558955988,,,,,,,198.0,166.0,11.199999999999985,940.28,776.7025000000002,4.678236628186628,1.0,8.0,10,0,0
S0001,Breakfast & Cereal,2025-03-16,831.6,169,89,28.283706837723493,0.034011191483553985,0,1,None,,,,764.7500000000002,0.08741418764302031,,,,,,,147.0,162.25,3.499999999999996,679.69,764.7500000000002,4.711486817151103,1.0,8.0,11,0,0
S0001,Breakfast & Cereal,2025-03-23,682.05,149,89,8.840205319948414,0.012961227651856044,0,1,None,,,,786.4550000000002,-0.13275394014915054,,,,,,,169.0,167.0,-0.6000000000000091,831.6,786.4550000000002,4.7003643319440025,1.0,8.0,12,0,0
S0001,Breakfast & Cereal,2025-03-30,692.5,155,84,50.36669895917269,0.0727316952479028,1,1,Coupon,20.0,,,783.4050000000002,-0.1160383198983925,,,,,,,149.0,165.75,-12.49999999999999,682.05,783.4050000000002,4.717714305795654,1.0,8.0,13,0,0
S0001,Breakfast & Cereal,2025-04-06,795.04,168,95,2.8842812977453827,0.003627844256572478,0,1,None,,,,721.4600000000003,0.10198763618218568,,,,,,,155.0,155.0,0.4000000000000039,692.5,721.4600000000003,4.647427567444399,2.0,8.0,14,0,0
S0001,Breakfast & Cereal,2025-04-13,695.08,160,88,6.548360360749725,0.009421016804899759,1,1,Coupon,15.0,,,750.2975000000002,-0.07359414099074059,,,,,,,168.0,160.25,0.3000000000000034,795.04,750.2975000000002,4.674587431389977,1.0,8.0,15,0,0
S0001,Breakfast & Cereal,2025-04-20,749.84,158,79,3.688134941132465,0.0049185625481869,0,1,None,,,,716.1675000000002,0.04701763204836826,,,,,,,160.0,158.0,4.599999999999994,695.08,716.1675000000002,4.530472416597078,2.0,8.0,16,0,0
S0001,Breakfast & Cereal,2025-04-27,774.28,158,91,0.0,0.0,0,0,None,,,,733.1150000000002,0.05615080853617744,,,,,,,158.0,160.25,0.10000000000000464,749.84,733.1150000000002,4.572548918168738,2.0,8.0,17,0,0
S0001,Breakfast & Cereal,2025-05-04,793.75,170,94,0.976302576924628,0.0012299874984877202,0,1,None,,774.28,0.02514594203647263,753.5600000000002,0.053333510271245575,774.28,0.02514594203647263,739.7333333333332,0.07302180966113929,,,158.0,161.0,-3.199999999999998,774.28,753.5600000000002,4.680740016576251,2.0,7.0,18,0,0
S0001,Breakfast & Cereal,2025-05-11,819.39,171,87,18.477508468772776,0.022550322152787777,0,1,None,,774.28,0.058260577568838165,753.2375000000002,0.0878242254269069,774.28,0.058260577568838165,772.6233333333333,0.060529710466937295,,,170.0,161.5,2.9999999999999862,793.75,753.2375000000002,4.664924190245719,2.0,7.0,19,0,0
S0001,Breakfast & Cereal,2025-05-18,747.97,158,93,10.25690778219299,0.01371299354545368,0,1,None,,774.28,-0.033979955571627765,784.3150000000003,-0.0463397996978258,774.28,-0.033979955571627765,795.8066666666667,-0.06011091471127832,,,171.0,164.25,5.099999999999991,819.39,784.3150000000003,4.776800286736947,2.0,7.0,20,0,0
S0001,Breakfast & Cereal,2025-05-25,805.95,162,94,9.101958239914238,0.011293452745101107,0,1,None,,774.28,0.04090251588572619,783.8475000000002,0.02819744912116176,774.28,0.04090251588572619,,,,,158.0,164.25,0.09999999999998188,747.97,783.8475000000002,4.773841425977453,2.0,7.0,21,0,0
S0001,Breakfast & Cereal,2025-06-01,573.83,123,76,6.433438524216302,0.011211401502564002,0,1,None,,774.28,-0.2588856744330216,791.7650000000002,-0.27525212657796205,774.28,-0.2588856744330216,,,,,162.0,165.25,-3.699999999999987,805.95,791.7650000000002,4.792464843698972,1.0,7.0,22,0,0
S0001,Breakfast & Cereal,2025-06-08,721.42,152,86,19.668771006181398,0.027263966907184994,0,1,None,,774.28,-0.06826987653045412,736.7850000000003,-0.0208541161940055,774.28,-0.06826987653045412,,,,,123.0,153.5,-14.000000000000004,573.83,736.7850000000003,4.791506570145649,1.0,7.0,23,0,0
S0001,Breakfast & Cereal,2025-06-15,844.76,183,104,4.813308981424895,0.005697841968635938,0,1,None,,774.28,0.09102650204060549,712.2925000000002,0.18597345893716374,774.28,0.09102650204060549,,,,,152.0,148.75,-5.699999999999998,721.42,712.2925000000002,4.780114026285999,0.0,7.0,24,0,0
S0001,Breakfast & Cereal,2025-06-22,717.2,150,84,33.37337005447926,0.04653286399118692,0,1,None,,774.28,-0.07372010125535973,736.4900000000002,-0.026191801653790526,774.28,-0.07372010125535973,,,,,183.0,155.0,9.199999999999992,844.76,736.4900000000002,4.750660906689956,0.0,7.0,25,0,0
S0001,Breakfast & Cereal,2025-06-29,837.15,175,100,17.708769563284637,0.02115363980563177,0,1,None,,774.28,0.08119801622152194,714.3025000000002,0.1719824584122269,774.28,0.08119801622152194,,,,,150.0,152.0,11.200000000000008,717.2,714.3025000000002,4.702244240023289,0.0,8.0,26,0,0
S0001,Breakfast & Cereal,2025-07-06,802.94,189,99,13.753560551424926,0.017129001608370394,1,1,Coupon,20.0,774.28,0.03701503332127923,780.1325000000002,0.02923541834239682,774.28,0.03701503332127923,,,,,175.0,165.0,3.599999999999999,837.15,780.1325000000002,4.731851673240478,0.0,8.0,27,0,0
S0001,Breakfast & Cereal,2025-07-13,596.69,127,70,46.183040133581294,0.07739871647519028,0,1,None,,774.28,-0.22936147130237114,800.5125000000003,-0.25461501225777255,774.28,-0.22936147130237114,,,,,189.0,174.25,4.300000000000001,802.94,800.5125000000003,4.6073955676988465,1.0,8.0,28,0,0
S0001,Breakfast & Cereal,2025-07-20,934.49,187,101,27.02380881577441,0.02891824290872498,0,1,None,,774.28,0.20691481117941835,738.4950000000003,0.2653978699923487,774.28,0.20691481117941835,,,,,127.0,160.25,-5.499999999999973,596.69,738.4950000000003,4.62793846602508,1.0,8.0,29,0,0
S0001,Breakfast & Cereal,2025-07-27,505.03000000000003,154,86,14.422679119371336,0.028558064113758264,1,1,Manager_Special,30.0,774.28,-0.347742418763238,792.8175000000002,-0.36299337489397004,774.28,-0.347742418763238,,,,,187.0,169.5,-2.5999999999999868,934.49,792.8175000000002,4.681923314509929,1.0,8.0,30,0,0
S0001,Breakfast & Cereal,2025-08-03,591.11,123,72,34.933242875148075,0.05909770241604451,0,1,None,,774.28,-0.23656816655473467,709.7875000000003,-0.16720145113854526,774.28,-0.23656816655473467,,,,,154.0,164.25,-4.500000000000027,505.03000000000003,709.7875000000003,4.305848639185253,2.0,8.0,31,0,0
S0001,Breakfast & Cereal,2025-08-10,739.22,153,88,5.284227596476885,0.007148382885307331,0,1,None,,774.28,-0.04528077697990384,656.8300000000003,0.12543580530730894,774.28,-0.04528077697990384,,,,,123.0,147.75,-4.500000000000006,591.11,656.8300000000003,4.445201781526201,2.0,8.0,32,0,0
S0001,Breakfast & Cereal,2025-08-17,889.35,188,98,17.237143479486456,0.019381732140874183,0,1,None,,774.28,0.1486154879371804,692.4625000000003,0.2843294763254322,774.28,0.1486154879371804,,,,,153.0,154.25,-13.300000000000002,739.22,692.4625000000003,4.478490984346436,2.0,8.0,33,0,0
S0001,Breakfast & Cereal,2025-08-24,683.98,140,79,13.59128656319855,0.019870883012951472,0,1,None,,774.28,-0.11662447693340905,681.1775000000002,0.004114199309283969,774.28,-0.11662447693340905,,,,,188.0,154.5,13.199999999999994,889.35,681.1775000000002,4.411819079123999,2.0,8.0,34,0,0
S0001,Breakfast & Cereal,2025-08-31,621.4399999999999,126,74,11.819930572790188,0.01902022813592654,0,1,None,,774.28,-0.19739629074753323,725.9150000000002,-0.143921809027228,774.28,-0.19739629074753323,,,,,140.0,151.0,8.600000000000014,683.98,725.9150000000002,4.81335804016296,2.0,8.0,35,0,0
S0001,Breakfast & Cereal,2025-09-07,859.9399999999999,180,96,4.519159715587852,0.005255203520696621,0,1,None,,774.28,0.1106318127809061,733.4975000000003,0.17238300062372347,774.28,0.1106318127809061,,,,,126.0,151.75,-12.9,621.4399999999999,733.4975000000003,4.844930823747939,1.0,8.0,36,0,0
S0001,Breakfast & Cereal,2025-09-14,786.27,166,88,6.554435830979082,0.00833611333381546,1,1,Bundle,20.0,774.28,0.015485354135454887,763.6775000000002,0.029583823014295612,774.28,0.015485354135454887,,,,,180.0,158.5,-3.799999999999996,859.9399999999999,763.6775000000002,4.831416117865586,1.0,8.0,37,0,0
S0001,Breakfast & Cereal,2025-09-21,861.13,182,99,12.361757112241104,0.014355274014656446,0,1,None,,774.28,0.11216872449243172,737.9075000000003,0.16698908738561363,774.28,0.11216872449243172,,,,,166.0,153.0,13.199999999999992,786.27,737.9075000000003,4.832911407534901,2.0,8.0,38,0,0
S0001,Breakfast & Cereal,2025-09-28,727.8,148,82,52.72132559762814,0.07243930420119282,1,1,Bundle,15.0,774.28,-0.06002996332076254,782.1950000000002,-0.06954148262261993,774.28,-0.06002996332076254,,,,,182.0,163.5,15.400000000000007,861.13,782.1950000000002,4.794389429512924,1.0,8.0,39,0,0
S0001,Breakfast & Cereal,2025-10-05,557.51,167,96,46.33743098694652,0.08311497728641015,1,1,BOGO,100.0,774.28,-0.27996332076251484,808.7850000000002,-0.3106820724914534,774.28,-0.27996332076251484,,,,,148.0,169.0,-8.0,727.8,808.7850000000002,4.790765448388942,2.0,8.0,40,0,0
S0001,Breakfast & Cereal,2025-10-12,686.5,141,86,1.4318599117752837,0.002085739128587449,0,1,None,,774.28,-0.11336984036782556,733.1775000000002,-0.06366466510497147,774.28,-0.11336984036782556,,,,,167.0,165.75,-3.1000000000000125,557.51,733.1775000000002,4.431000145661065,3.0,8.0,41,0,0
S0001,Breakfast & Cereal,2025-10-19,557.42,119,71,9.064209816752568,0.01626100573490827,0,1,None,,774.28,-0.2800795577827143,708.2350000000001,-0.21294485587410977,774.28,-0.2800795577827143,,,,,141.0,159.5,-10.399999999999993,686.5,708.2350000000001,4.464057160956289,3.0,8.0,42,0,0
S0001,Breakfast & Cereal,2025-10-26,513.78,132,71,5.940771595777352,0.011562870481095706,1,1,Coupon,15.0,774.28,-0.33644159735496204,632.3075000000002,-0.1874523076193153,774.28,-0.33644159735496204,,,,,119.0,143.75,-11.299999999999992,557.42,632.3075000000002,4.452236702003477,3.0,8.0,43,0,0
S0001,Candy,2024-12-29,255.9,102,47,6.941104028319338,0.027124283033682445,0,1,None,,,,600.476666666667,-0.5738385615871838,,,,,,,,142.33333333333334,,,600.476666666667,4.297126413482114,3.0,7.0,52,0,1
S0001,Candy,2025-01-05,357.33,147,81,7.3191758069660935,0.020482959188890083,0,1,None,,,,499.9400000000003,-0.28525423050766135,,,,,,,102.0,120.66666666666667,,255.9,499.9400000000003,4.020606512108389,3.0,7.0,1,1,0
S0001,Candy,2025-01-12,432.66,167,85,3.768156811451136,0.00870927936821323,0,1,None,,,,390.216666666667,0.10876863281083075,,,,,,,147.0,122.66666666666667,,357.33,390.216666666667,3.207947178871548,2.0,7.0,2,1,0
S0001,Candy,2025-01-19,410.21,164,90,1.6398261683243296,0.003997528505702761,0,1,None,,,,348.63000000000034,0.17663425408025582,,,,,,,167.0,138.66666666666666,,432.66,348.63000000000034,2.5101394330187166,2.0,7.0,3,0,0
S0001,Candy,2025-01-26,332.35,137,72,0.6979874826728932,0.00210015791386458,0,1,None,,,,364.0250000000002,-0.08701325458416363,,,,,,,164.0,145.0,20.600000000000016,410.21,364.0250000000002,2.5079246967152566,1.0,7.0,4,0,0
S0001,Candy,2025-02-02,309.97,127,70,4.855906594187512,0.015665730858429885,0,1,None,,,,383.1375000000002,-0.1909692995334577,,,,,,,137.0,153.75,-3.2999999999999963,332.35,383.1375000000002,2.4871969165520964,0.0,7.0,5,0,0
S0001,Candy,2025-02-09,459.95,180,95,12.038828272126324,0.026174210831886778,0,1,None,,,,371.29750000000024,0.23876406385714877,,,,,,,127.0,148.75,-14.700000000000003,309.97,371.29750000000024,2.489670000273774,0.0,7.0,6,0,0
S0001,Candy,2025-02-16,425.87,169,92,5.248280712175862,0.01232366851897495,0,1,None,,,,378.12000000000023,0.12628266158891288,,,,,,,180.0,152.0,3.8000000000000105,459.95,378.12000000000023,2.480794833939776,0.0,7.0,7,0,0
S0001,Candy,2025-02-23,333.98,130,74,7.216459495444592,0.021607460013906798,0,1,None,,,,382.0350000000002,-0.1257869043412257,,,,,,,169.0,153.25,14.900000000000002,425.87,382.0350000000002,2.4854599190891475,0.0,8.0,8,0,0
S0001,Candy,2025-03-02,460.78,179,95,4.55184416686421,0.009878562799740028,0,1,None,,,,382.4425000000002,0.20483471371513287,,,,,,,130.0,151.5,-0.20000000000000076,333.98,382.4425000000002,2.5212510476685974,0.0,8.0,9,0,0
S0001,Candy,2025-03-09,378.68,150,80,2.654031744269497,0.007008639865505168,0,1,None,,,,420.1450000000002,-0.09869211819728946,,,,,,,179.0,164.5,-4.200000000000013,460.78,420.1450000000002,2.554621368347786,0.0,8.0,10,0,0
S0001,Candy,2025-03-16,286.98,169,87,9.760531731950323,0.034011191483553985,1,1,Coupon,30.0,,,399.8275000000002,-0.28224046620104953,,,,,,,150.0,157.0,-0.8000000000000077,378.68,399.8275000000002,2.5469352572366755,0.0,8.0,11,0,0
S0001,Candy,2025-03-23,313.4,136,78,4.062048746091684,0.012961227651856045,1,1,Manager_Special,30.0,,,365.10500000000025,-0.1416167951685138,,,,,,,169.0,157.0,8.799999999999997,286.98,365.10500000000025,2.3414766773550184,1.0,8.0,12,0,0
S0001,Candy,2025-03-30,389.87,157,94,28.355906026299866,0.07273169524790281,0,1,None,,,,359.96000000000026,0.08309256584064818,,,,,,,136.0,158.5,-11.000000000000007,313.4,359.96000000000026,2.275310387762258,2.0,8.0,13,0,0
S0001,Candy,2025-04-06,327.7,134,75,1.188844562878801,0.0036278442565724775,0,1,None,,,,342.23250000000024,-0.04246382210923932,,,,,,,157.0,153.0,-1.199999999999995,389.87,342.23250000000024,2.2525750036395666,2.0,8.0,14,0,0
S0001,Candy,2025-04-13,362.99,152,87,3.4197348900105635,0.009421016804899759,1,1,Bundle,15.0,,,329.48750000000024,0.10168064038848135,,,,,,,134.0,149.0,-8.399999999999988,327.7,329.48750000000024,2.2328222673211586,2.0,8.0,15,0,0
S0001,Candy,2025-04-20,305.48,124,68,1.5025224872201344,0.0049185625481869,0,1,None,,,,348.49000000000024,-0.12341817555740535,,,,,,,152.0,144.75,2.5000000000000115,362.99,348.49000000000024,2.4053186664180135,3.0,8.0,16,0,0
S0001,Candy,2025-04-27,431.78,173,95,0.0,0.0,0,0,None,,,,346.5100000000002,0.24608236414533405,,,,,,,124.0,141.75,-8.099999999999982,305.48,346.5100000000002,2.4451028220157367,3.0,8.0,17,0,0
S0001,Candy,2025-05-04,411.16,163,90,0.5057216598782112,0.0012299874984877204,0,1,None,,431.78,-0.047755801565612,356.98750000000024,0.15174901081970588,431.78,-0.047755801565612,366.75,0.12109066121336066,,,173.0,145.75,8.900000000000004,431.78,356.98750000000024,2.4482502576771625,3.0,7.0,18,0,0
S0001,Candy,2025-05-11,372.38,148,84,8.39728896325511,0.022550322152787773,0,1,None,,431.78,-0.13757005882625406,377.8525000000002,-0.014483164726977306,431.78,-0.13757005882625406,382.8066666666667,-0.02723742184914929,,,163.0,153.0,8.199999999999992,411.16,377.8525000000002,2.467483157594753,3.0,7.0,19,0,0
S0001,Candy,2025-05-18,310.43,130,70,4.256924586315185,0.013712993545453678,0,1,None,,431.78,-0.2810459030061605,380.2000000000002,-0.18350867964229398,431.78,-0.2810459030061605,405.10666666666674,-0.2337079946022448,,,148.0,152.0,6.200000000000006,372.38,380.2000000000002,2.4994804015492336,2.0,7.0,20,0,0
S0001,Candy,2025-05-25,355.39,151,74,4.013580171081482,0.011293452745101105,0,1,None,,431.78,-0.1769188012413729,381.4375000000002,-0.06828772734720688,431.78,-0.1769188012413729,,,,,130.0,153.5,-14.400000000000007,310.43,381.4375000000002,2.4805740740058093,1.0,7.0,21,0,0
S0001,Candy,2025-06-01,401.39,161,93,4.500144449114165,0.011211401502564004,0,1,None,,431.78,-0.07038306544999766,362.3400000000002,0.10777170613236121,431.78,-0.07038306544999766,,,,,151.0,148.0,-5.399999999999995,355.39,362.3400000000002,2.445008576168654,1.0,7.0,22,0,0
S0001,Candy,2025-06-08,400.11,174,102,10.90858579923379,0.027263966907185,1,1,Manager_Special,30.0,431.78,-0.07334753809810543,359.8975000000002,0.1117332018144049,431.78,-0.07334753809810543,,,,,161.0,147.5,5.999999999999996,401.39,359.8975000000002,2.4376714767516665,1.0,7.0,23,0,0
S0001,Candy,2025-06-15,361.5,150,84,2.0597698716618917,0.005697841968635938,1,1,Coupon,30.0,431.78,-0.16276807633517063,366.8300000000002,-0.01452989123027072,431.78,-0.16276807633517063,,,,,174.0,154.0,14.200000000000026,400.11,366.8300000000002,2.383521896136569,1.0,7.0,24,0,0
S0001,Candy,2025-06-22,346.52,138,72,16.12456803022609,0.04653286399118692,0,1,None,,431.78,-0.19746167029505765,379.5975000000002,-0.08713835048966391,431.78,-0.19746167029505765,,,,,150.0,159.0,1.000000000000005,361.5,379.5975000000002,2.3890411269058,2.0,7.0,25,0,0
S0001,Candy,2025-06-29,398.45,157,90,8.42866778055398,0.02115363980563177,0,1,None,,431.78,-0.07719208856362034,377.3800000000002,0.055832317557898546,431.78,-0.07719208856362034,,,,,138.0,155.75,-9.300000000000004,346.52,377.3800000000002,2.428400710359106,2.0,8.0,26,0,0
S0001,Candy,2025-07-06,385.31,148,76,6.599975609721197,0.017129001608370394,0,1,None,,431.78,-0.10762425309185226,376.6450000000002,0.023005748118254028,431.78,-0.10762425309185226,,,,,157.0,154.75,-6.300000000000002,398.45,376.6450000000002,2.4395988351365716,2.0,8.0,27,0,0
S0001,Candy,2025-07-13,343.51,139,79,26.587233096392612,0.07739871647519028,0,1,None,,431.78,-0.20443281300662372,372.9450000000002,-0.07892584697475556,431.78,-0.20443281300662372,,,,,148.0,148.25,1.2999999999999892,385.31,372.9450000000002,2.515589631967886,2.0,8.0,28,0,0
S0001,Candy,2025-07-20,331.92,133,77,9.598543186263996,0.02891824290872498,0,1,None,,431.78,-0.23127518643753756,368.4475000000002,-0.09913895466789754,431.78,-0.23127518643753756,,,,,139.0,145.5,-0.5999999999999936,343.51,368.4475000000002,2.53091337297508,2.0,8.0,29,0,0
S0001,Candy,2025-07-27,364.4,143,76,10.40655856305351,0.02855806411375826,0,1,None,,431.78,-0.15605169299180138,364.79750000000024,-0.0010896456253133957,431.78,-0.15605169299180138,,,,,133.0,144.25,-8.099999999999987,331.92,364.79750000000024,2.5270695242227648,2.0,8.0,30,0,0
S0001,Candy,2025-08-03,285.83,174,97,16.891896281578003,0.05909770241604451,1,1,BOGO,100.0,431.78,-0.33801936171198294,356.2850000000002,-0.19774899308138197,431.78,-0.33801936171198294,,,,,143.0,140.75,-2.0999999999999877,364.4,356.2850000000002,2.529657938992708,2.0,8.0,31,0,0
S0001,Candy,2025-08-10,397.99,164,87,2.8449849045234648,0.007148382885307331,0,1,None,,431.78,-0.07825744592153404,331.41500000000025,0.20088107056107815,431.78,-0.07825744592153404,,,,,174.0,147.25,11.500000000000004,285.83,331.41500000000025,2.2894717398625435,2.0,8.0,32,0,0
S0001,Candy,2025-08-17,395.39,156,82,7.663343071180244,0.019381732140874186,0,1,None,,431.78,-0.08427903098800313,345.03500000000025,0.14594171605779035,431.78,-0.08427903098800313,,,,,164.0,153.5,12.399999999999995,397.99,345.03500000000025,2.2783400720260807,1.0,8.0,33,0,0
S0001,Candy,2025-08-24,495.18,199,112,9.83966385035331,0.019870883012951472,0,1,None,,431.78,0.1468340358515912,360.9025000000002,0.3720603210008236,431.78,0.1468340358515912,,,,,156.0,159.25,2.900000000000006,395.39,360.9025000000002,2.288068118102811,1.0,8.0,34,0,0
S0001,Candy,2025-08-31,370.9,149,81,7.054602615615153,0.019020228135926538,0,1,None,,431.78,-0.1409977303256288,393.59750000000025,-0.05766677887943968,431.78,-0.1409977303256288,,,,,199.0,173.25,6.7,495.18,393.59750000000025,2.2730906081755524,1.0,8.0,35,0,0
S0001,Candy,2025-09-07,375.23,153,89,1.9719100170709933,0.005255203520696621,0,1,None,,431.78,-0.13096947519570143,414.86500000000024,-0.09553710243091174,431.78,-0.13096947519570143,,,,,149.0,167.0,-0.1999999999999749,370.9,414.86500000000024,2.4847307570608415,1.0,8.0,36,0,0
S0001,Candy,2025-09-14,495.21,192,107,4.128126684038754,0.008336113333815459,0,1,None,,431.78,0.14690351567928114,409.1750000000002,0.2102645567300049,431.78,0.14690351567928114,,,,,153.0,164.25,-5.899999999999994,375.23,409.1750000000002,2.4911595989227893,1.0,8.0,37,0,0
S0001,Candy,2025-09-21,389.57,159,88,5.5923840978897115,0.014355274014656446,0,1,None,,431.78,-0.09775811755986841,434.1300000000002,-0.10264206574067723,431.78,-0.09775811755986841,,,,,192.0,173.25,-1.7000000000000102,495.21,434.1300000000002,2.5023264659099684,1.0,8.0,38,0,0
S0001,Candy,2025-09-28,377.96,162,96,27.379159415882842,0.07243930420119284,1,1,Coupon,20.0,431.78,-0.12464681087590902,407.7275000000002,-0.07300832050818304,431.78,-0.12464681087590902,,,,,159.0,163.25,6.9000000000000075,389.57,407.7275000000002,2.492772485315171,1.0,8.0,39,0,0
S0001,Candy,2025-10-05,404.59,156,84,33.62748866030868,0.08311497728641014,0,1,None,,431.78,-0.0629718838297281,409.4925000000002,-0.011972136241811999,431.78,-0.0629718838297281,,,,,162.0,166.5,-0.5999999999999895,377.96,409.4925000000002,2.4537286540118317,1.0,8.0,40,0,0
S0001,Candy,2025-10-12,383.95,168,94,0.800819538421151,0.002085739128587449,1,1,BOGO,100.0,431.78,-0.11077400528046688,416.8325000000002,-0.07888660313195398,431.78,-0.11077400528046688,,,,,156.0,167.25,-10.500000000000012,404.59,416.8325000000002,2.4889891492355622,1.0,8.0,41,0,0
S0001,Candy,2025-10-19,388.17,151,79,6.312034596119345,0.01626100573490827,0,1,None,,431.78,-0.1010005095187363,389.0175000000002,-0.0021785652316417517,431.78,-0.1010005095187363,,,,,168.0,161.25,2.1000000000000054,383.95,389.0175000000002,2.4155386284022287,2.0,8.0,42,0,0
S0001,Candy,2025-10-26,423.25,170,92,4.893984931123757,0.011562870481095706,0,1,None,,431.78,-0.019755431006531043,388.66750000000025,0.0889770819530826,431.78,-0.019755431006531043,,,,,151.0,159.25,-2.0999999999999837,388.17,388.66750000000025,2.4456727447752558,2.0,8.0,43,0,0
S0001,Condiments/Sauces/Spices,2024-12-29,239.74,62,37,6.50277561449503,0.027124283033682445,0,1,None,,,,392.23666666666696,-0.3887873817678107,,,,,,,,158.33333333333334,,,392.23666666666696,2.483201519782645,2.0,7.0,52,0,1
S0001,Condiments/Sauces/Spices,2025-01-05,507.13,137,77,10.387523093461828,0.020482959188890083,0,1,None,,,,337.286666666667,0.503557804439348,,,,,,,62.0,127.0,,239.74,337.286666666667,2.9076177039568942,2.0,7.0,1,1,0
S0001,Condiments/Sauces/Spices,2025-01-12,488.85,131,68,4.257531219151037,0.00870927936821323,0,1,None,,,,378.346666666667,0.2920690019734977,,,,,,,137.0,116.66666666666667,,507.13,378.346666666667,3.3797050924402683,2.0,7.0,2,1,0
S0001,Condiments/Sauces/Spices,2025-01-19,444.62,125,70,1.7773811242055622,0.003997528505702762,0,1,None,,,,411.906666666667,0.07941928592237643,,,,,,,131.0,110.0,,488.85,411.906666666667,3.7667108049927176,2.0,7.0,3,0,0
S0001,Condiments/Sauces/Spices,2025-01-26,515.1,135,75,1.0817913414316453,0.0021001579138645804,0,1,None,,,,420.08500000000026,0.22618041586821644,,,,,,,125.0,113.75,18.300000000000008,444.62,420.08500000000026,3.7142731037445382,1.0,7.0,4,0,0
S0001,Condiments/Sauces/Spices,2025-02-02,551.0,152,78,8.631817702994866,0.015665730858429882,0,1,None,,,,488.92500000000024,0.12696221301835606,,,,,,,135.0,132.0,-1.2000000000000066,515.1,488.92500000000024,3.70146844424633,1.0,7.0,5,0,0
S0001,Condiments/Sauces/Spices,2025-02-09,551.19,148,82,14.426963268427677,0.02617421083188678,0,1,None,,,,499.89250000000027,0.10261706266847324,,,,,,,152.0,135.75,7.299999999999994,551.0,499.89250000000027,3.6822987362171333,0.0,7.0,6,0,0
S0001,Condiments/Sauces/Spices,2025-02-16,616.72,169,92,7.600252849022231,0.01232366851897495,0,1,None,,,,515.4775000000002,0.19640527472101071,,,,,,,148.0,140.0,8.600000000000005,551.19,515.4775000000002,3.680443078078078,0.0,7.0,7,0,0
S0001,Condiments/Sauces/Spices,2025-02-23,517.72,153,85,11.186614198399827,0.021607460013906794,1,1,Manager_Special,25.0,,,558.5025000000003,-0.07302115926070203,,,,,,,169.0,151.0,9.800000000000011,616.72,558.5025000000003,3.7035107703857704,0.0,8.0,8,0,0
S0001,Condiments/Sauces/Spices,2025-03-02,581.92,163,81,5.748533264424717,0.009878562799740028,0,1,None,,,,559.1575000000003,0.040708566012258966,,,,,,,153.0,155.5,2.399999999999999,517.72,559.1575000000003,3.595569593915182,1.0,8.0,9,0,0
S0001,Condiments/Sauces/Spices,2025-03-09,540.15,141,81,3.7857168233526166,0.007008639865505169,0,1,None,,,,566.8875000000003,-0.04716544287887858,,,,,,,163.0,158.25,2.8999999999999866,581.92,566.8875000000003,3.581834931338495,1.0,8.0,10,0,0
S0001,Condiments/Sauces/Spices,2025-03-16,429.99,122,74,14.624472226013378,0.034011191483553985,1,1,Manager_Special,25.0,,,564.1275000000003,-0.2377786936463835,,,,,,,141.0,156.5,-7.3999999999999915,540.15,564.1275000000003,3.608483508106753,1.0,8.0,11,0,0
S0001,Condiments/Sauces/Spices,2025-03-23,478.98,135,76,6.208168820686008,0.012961227651856044,0,1,None,,,,517.4450000000002,-0.07433640290272422,,,,,,,122.0,144.75,-11.499999999999998,429.99,517.4450000000002,3.577302864979388,2.0,8.0,12,0,0
S0001,Condiments/Sauces/Spices,2025-03-30,530.83,141,75,38.608165788444246,0.0727316952479028,0,1,None,,,,507.7600000000002,0.04543485111076062,,,,,,,135.0,140.25,-10.300000000000008,478.98,507.7600000000002,3.6183551525610875,2.0,8.0,13,0,0
S0001,Condiments/Sauces/Spices,2025-04-06,382.34000000000003,101,59,1.3870699730579212,0.0036278442565724775,0,1,None,,,,494.9875000000002,-0.22757645395085757,,,,,,,141.0,134.75,1.2999999999999947,530.83,494.9875000000002,3.667027758400186,2.0,8.0,14,0,0
S0001,Condiments/Sauces/Spices,2025-04-13,547.5600000000001,147,78,5.158571961690913,0.009421016804899759,0,1,None,,,,455.53500000000025,0.20201521288155633,,,,,,,101.0,124.75,-5.699999999999995,382.34000000000003,455.53500000000025,3.6557011310566008,2.0,8.0,15,0,0
S0001,Condiments/Sauces/Spices,2025-04-20,381.73,112,66,1.8775628815193857,0.004918562548186901,1,1,Bundle,15.0,,,484.92750000000024,-0.21281016234385586,,,,,,,147.0,131.0,-0.40000000000000124,547.5600000000001,484.92750000000024,3.7057985716721915,2.0,8.0,16,0,0
S0001,Condiments/Sauces/Spices,2025-04-27,751.38,196,106,0.0,0.0,0,0,None,,,,460.61500000000024,0.6312538671124467,,,,,,,112.0,125.25,-4.0999999999999845,381.73,460.61500000000024,3.6708744645293345,2.0,8.0,17,0,0
S0001,Condiments/Sauces/Spices,2025-05-04,639.55,173,89,0.7866385046578215,0.0012299874984877204,0,1,None,,751.38,-0.1488328142883761,515.7525000000003,0.24003276765502757,751.38,-0.1488328142883761,560.2233333333334,0.14159829115769293,,,196.0,139.0,25.000000000000014,751.38,515.7525000000003,3.68807937840978,2.0,7.0,18,0,0
S0001,Condiments/Sauces/Spices,2025-05-11,530.48,144,82,11.96249489561086,0.022550322152787777,0,1,None,,751.38,-0.29399238734062655,580.0550000000003,-0.08546603339338554,751.38,-0.29399238734062655,590.8866666666667,-0.10223054618482953,,,173.0,157.0,16.200000000000003,639.55,580.0550000000003,3.665898442108057,2.0,7.0,19,0,0
S0001,Condiments/Sauces/Spices,2025-05-18,462.26,129,72,6.338968396321418,0.01371299354545368,0,1,None,,751.38,-0.3847853283292076,575.7850000000003,-0.1971656086907444,751.38,-0.3847853283292076,640.4699999999999,-0.2782487860477461,,,144.0,156.25,7.300000000000011,530.48,575.7850000000003,3.655646174534361,1.0,7.0,20,0,0
S0001,Condiments/Sauces/Spices,2025-05-25,462.84000000000003,125,66,5.227061668542596,0.011293452745101107,0,1,None,,751.38,-0.38401341531581884,595.9175000000002,-0.22331530790755458,751.38,-0.38401341531581884,,,,,129.0,160.5,-22.999999999999986,462.26,595.9175000000002,3.6994229948555124,1.0,7.0,21,0,0
S0001,Condiments/Sauces/Spices,2025-06-01,539.89,145,75,6.052923557219279,0.011211401502564004,0,1,None,,751.38,-0.28146876414064786,523.7825000000003,0.030752268355662367,751.38,-0.28146876414064786,,,,,125.0,142.75,-15.900000000000006,462.84000000000003,523.7825000000003,3.6667101377126556,1.0,7.0,22,0,0
S0001,Condiments/Sauces/Spices,2025-06-08,421.22,159,82,11.484128140644465,0.027263966907184998,1,1,BOGO,100.0,751.38,-0.43940482844898715,498.86750000000023,-0.15564754168190986,751.38,-0.43940482844898715,,,,,145.0,135.75,-0.10000000000000658,539.89,498.86750000000023,3.6733497629867236,1.0,7.0,23,0,0
S0001,Condiments/Sauces/Spices,2025-06-15,581.51,159,83,3.3133520831814844,0.005697841968635938,0,1,None,,751.38,-0.22607735100747958,471.55250000000024,0.23318188324735784,751.38,-0.22607735100747958,,,,,159.0,139.5,11.000000000000009,421.22,471.55250000000024,3.4146731382487783,2.0,7.0,24,0,0
S0001,Condiments/Sauces/Spices,2025-06-22,426.65,136,83,19.853246421839895,0.04653286399118691,1,1,Coupon,30.0,751.38,-0.432178125582262,501.36500000000024,-0.14902316675475996,751.38,-0.432178125582262,,,,,159.0,147.0,11.600000000000012,581.51,501.36500000000024,3.433144324441553,1.0,7.0,25,0,0
S0001,Condiments/Sauces/Spices,2025-06-29,533.3,145,72,11.281236108343425,0.021153639805631775,0,1,None,,751.38,-0.2902392930341505,492.3175000000002,0.08324404474754546,751.38,-0.2902392930341505,,,,,136.0,149.75,-2.6999999999999726,426.65,492.3175000000002,3.291747412676847,2.0,8.0,26,0,0
S0001,Condiments/Sauces/Spices,2025-07-06,557.03,149,85,9.541367765910561,0.017129001608370397,0,1,None,,751.38,-0.25865740371050605,490.6700000000002,0.1352436464426188,751.38,-0.25865740371050605,,,,,145.0,149.75,-6.499999999999991,533.3,490.6700000000002,3.2803853437113295,2.0,8.0,27,0,0
S0001,Condiments/Sauces/Spices,2025-07-13,617.56,157,94,47.79835134641851,0.07739871647519028,1,1,Coupon,10.0,751.38,-0.17809896457185453,524.6225000000002,0.17715118966494905,751.38,-0.17809896457185453,,,,,149.0,147.25,-2.0999999999999996,557.03,524.6225000000002,3.5527038401867843,2.0,8.0,28,0,0
S0001,Condiments/Sauces/Spices,2025-07-20,552.24,194,95,15.969810463914282,0.028918242908724977,1,1,Coupon,25.0,751.38,-0.26503234049349195,533.6350000000002,0.03486465467969639,751.38,-0.26503234049349195,,,,,157.0,146.75,6.700000000000008,617.56,533.6350000000002,3.621755736994059,3.0,8.0,29,0,0
S0001,Condiments/Sauces/Spices,2025-07-27,485.11,131,71,13.853802482225271,0.028558064113758264,0,1,None,,751.38,-0.3543746173707045,565.0325000000001,-0.14144761584510646,751.38,-0.3543746173707045,,,,,194.0,161.25,15.499999999999995,552.24,565.0325000000001,3.5491221332948473,4.0,8.0,30,0,0
S0001,Condiments/Sauces/Spices,2025-08-03,447.79,138,78,26.46336016488058,0.05909770241604453,1,1,Coupon,10.0,751.38,-0.40404322712874974,552.9850000000002,-0.19023119976129582,751.38,-0.40404322712874974,,,,,131.0,157.75,-1.6999999999999778,485.11,552.9850000000002,3.555421817422249,4.0,8.0,31,0,0
S0001,Condiments/Sauces/Spices,2025-08-10,514.64,141,74,3.678843768094565,0.007148382885307332,0,1,None,,751.38,-0.31507359791317313,525.6750000000002,-0.020992057830408885,751.38,-0.31507359791317313,,,,,138.0,155.0,-11.999999999999998,447.79,525.6750000000002,3.43202149157846,4.0,8.0,32,0,0
S0001,Condiments/Sauces/Spices,2025-08-17,532.49,144,86,10.320578547694096,0.019381732140874186,1,1,Manager_Special,15.0,751.38,-0.29131730948388296,499.9450000000002,0.0650971606876752,751.38,-0.29131730948388296,,,,,141.0,151.0,-15.200000000000015,514.64,499.9450000000002,3.361127964903662,4.0,8.0,33,0,0
S0001,Condiments/Sauces/Spices,2025-08-24,620.51,162,86,12.330081618366519,0.019870883012951472,0,1,None,,751.38,-0.17417285527961884,495.0075000000002,0.2535365625773341,751.38,-0.17417285527961884,,,,,144.0,138.5,4.200000000000002,532.49,495.0075000000002,3.5739402859231353,4.0,8.0,34,0,0
S0001,Condiments/Sauces/Spices,2025-08-31,537.58,146,84,10.224894241311391,0.01902022813592654,0,1,None,,751.38,-0.2845431073491442,528.8575000000003,0.01649310069347553,751.38,-0.2845431073491442,,,,,162.0,146.25,7.500000000000003,620.51,528.8575000000003,3.605735003668871,4.0,8.0,35,0,0
S0001,Condiments/Sauces/Spices,2025-09-07,487.19,138,74,2.560282603248187,0.005255203520696621,1,1,Manager_Special,25.0,751.38,-0.351606377598552,551.3050000000003,-0.11629678671515814,751.38,-0.351606377598552,,,,,146.0,148.25,3.300000000000003,537.58,551.3050000000003,3.7150349341830657,4.0,8.0,36,0,0
S0001,Condiments/Sauces/Spices,2025-09-14,578.56,160,91,4.822941730412272,0.00833611333381546,0,1,None,,751.38,-0.23000346029971525,544.4425000000002,0.06266501972200868,751.38,-0.23000346029971525,,,,,138.0,147.5,-3.399999999999994,487.19,544.4425000000002,3.6851432443896646,4.0,8.0,37,0,0
S0001,Condiments/Sauces/Spices,2025-09-21,633.74,175,99,9.097511354048375,0.014355274014656444,0,1,None,,751.38,-0.15656525326732146,555.9600000000003,0.1399021512339012,751.38,-0.15656525326732146,,,,,160.0,151.5,-1.400000000000008,578.56,555.9600000000003,3.664681438834109,3.0,8.0,38,0,0
S0001,Condiments/Sauces/Spices,2025-09-28,590.61,156,76,42.7833774542665,0.07243930420119284,0,1,None,,751.38,-0.21396630200431205,559.2675000000002,0.05604205500945406,751.38,-0.21396630200431205,,,,,175.0,154.75,10.900000000000004,633.74,559.2675000000002,3.612447135483139,3.0,8.0,39,0,0
S0001,Condiments/Sauces/Spices,2025-10-05,446.82,159,80,37.13743415111379,0.08311497728641017,1,1,Manager_Special,25.0,751.38,-0.4053341850994171,572.5250000000002,-0.21956246452120023,751.38,-0.4053341850994171,,,,,156.0,157.25,6.899999999999982,590.61,572.5250000000002,3.6384238214683866,2.0,8.0,40,0,0
S0001,Condiments/Sauces/Spices,2025-10-12,591.42,150,83,1.2335478354291889,0.002085739128587449,0,1,None,,751.38,-0.21288828555457961,562.4325000000002,0.05153951807550189,751.38,-0.21288828555457961,,,,,159.0,162.5,-2.200000000000008,446.82,562.4325000000002,3.4583804115695624,3.0,8.0,41,0,0
S0001,Condiments/Sauces/Spices,2025-10-19,592.55,169,90,9.635458948219895,0.01626100573490827,1,1,Coupon,30.0,751.38,-0.21138438606297752,565.6475000000003,0.04756053902828118,751.38,-0.21138438606297752,,,,,150.0,160.0,-7.199999999999982,591.42,565.6475000000003,3.5400804115695625,2.0,8.0,42,0,0
S0001,Condiments/Sauces/Spices,2025-10-26,601.04,164,91,6.949747673957763,0.011562870481095706,0,1,None,,751.38,-0.20008517660837397,555.3500000000001,0.08227244080309681,751.38,-0.20008517660837397,,,,,169.0,158.5,2.999999999999996,592.55,555.3500000000001,3.511290808864575,3.0,8.0,43,0,0
S0001,Dairy & Eggs,2024-12-29,316.14,88,44,8.575070838268367,0.02712428303368244,0,1,None,,,,543.5966666666668,-0.41842910491234325,,,,,,,,159.33333333333334,,,543.5966666666668,3.4197338989989206,3.0,7.0,52,0,1
S0001,Dairy & Eggs,2025-01-05,446.4,156,93,9.143592981920534,0.020482959188890086,1,1,Manager_Special,20.0,,,500.03666666666686,-0.10726546719907246,,,,,,,88.0,135.66666666666666,,316.14,500.03666666666686,3.680504339250493,2.0,7.0,1,1,0
S0001,Dairy & Eggs,2025-01-12,543.91,149,83,4.737064141164857,0.00870927936821323,0,1,None,,,,451.69666666666694,0.20414880192459461,,,,,,,156.0,137.66666666666666,,446.4,451.69666666666694,3.3200838264299803,3.0,7.0,2,1,0
S0001,Dairy & Eggs,2025-01-19,504.74,147,79,2.017712537968412,0.003997528505702762,1,1,Coupon,25.0,,,435.4833333333336,0.1590340234987938,,,,,,,149.0,131.0,,543.91,435.4833333333336,3.36814704870074,3.0,7.0,3,0,0
S0001,Dairy & Eggs,2025-01-26,461.35,139,77,0.9689078535614241,0.00210015791386458,0,1,None,,,,452.79750000000024,0.018888134320529104,,,,,,,147.0,135.0,17.0,504.74,452.79750000000024,3.3845116470697727,4.0,7.0,4,0,0
S0001,Dairy & Eggs,2025-02-02,585.58,163,90,9.173538676079373,0.015665730858429885,0,1,None,,,,489.10000000000025,0.1972602739726022,,,,,,,139.0,147.75,-5.299999999999994,461.35,489.10000000000025,3.3161528341201323,3.0,7.0,5,0,0
S0001,Dairy & Eggs,2025-02-09,569.75,170,92,14.912756621467494,0.02617421083188678,1,1,Manager_Special,25.0,,,523.8950000000002,0.08752708080817678,,,,,,,163.0,149.5,3.4000000000000097,585.58,523.8950000000002,3.498897053091345,3.0,7.0,6,0,0
S0001,Dairy & Eggs,2025-02-16,455.08,131,78,5.6082550696151205,0.012323668518974951,0,1,None,,,,530.3550000000002,-0.14193323340027006,,,,,,,170.0,154.75,9.299999999999995,569.75,530.3550000000002,3.424164029009229,3.0,7.0,7,0,0
S0001,Dairy & Eggs,2025-02-23,444.32,121,76,9.600626633379068,0.021607460013906798,0,1,None,,,,517.9400000000002,-0.14214001621809505,,,,,,,131.0,150.75,-1.6999999999999917,455.08,517.9400000000002,3.43423595090776,3.0,8.0,8,0,0
S0001,Dairy & Eggs,2025-03-02,686.98,191,105,6.786375072165404,0.009878562799740026,1,1,Coupon,10.0,,,513.6825000000002,0.3373630598667459,,,,,,,121.0,146.25,-16.50000000000001,444.32,513.6825000000002,3.52248629278302,3.0,8.0,9,0,0
S0001,Dairy & Eggs,2025-03-09,502.27,142,78,3.5202295452472807,0.007008639865505168,0,1,None,,,,539.0325000000003,-0.06820089697745545,,,,,,,191.0,153.25,5.300000000000002,686.98,539.0325000000003,3.523545940102584,3.0,8.0,10,0,0
S0001,Dairy & Eggs,2025-03-16,446.69,128,69,15.192459123788728,0.034011191483553985,0,1,None,,,,522.1625000000003,-0.1445383381610135,,,,,,,142.0,146.25,10.300000000000017,502.27,522.1625000000003,3.5699564620578452,3.0,8.0,11,0,0
S0001,Dairy & Eggs,2025-03-23,383.0,110,65,4.964150190660865,0.012961227651856044,0,1,None,,,,520.0650000000002,-0.26355359426225594,,,,,,,128.0,145.5,-2.799999999999987,446.69,520.0650000000002,3.5739245858650968,2.0,8.0,12,0,0
S0001,Dairy & Eggs,2025-03-30,548.2,158,79,39.87151533490032,0.07273169524790281,0,1,None,,,,504.73500000000024,0.08611449572547927,,,,,,,110.0,142.75,-25.700000000000006,383.0,504.73500000000024,3.5263626023940224,2.0,8.0,13,0,0
S0001,Dairy & Eggs,2025-04-06,452.32,127,68,1.6409465141328632,0.003627844256572478,0,1,None,,,,470.04000000000025,-0.03769891924091619,,,,,,,158.0,134.5,2.999999999999997,548.2,470.04000000000025,3.494579184009769,2.0,8.0,14,0,0
S0001,Dairy & Eggs,2025-04-13,387.21,115,68,3.6479119170252354,0.009421016804899759,0,1,None,,,,457.55250000000024,-0.1537364564722086,,,,,,,127.0,130.75,4.49999999999999,452.32,457.55250000000024,3.5006947157830863,1.0,8.0,15,0,0
S0001,Dairy & Eggs,2025-04-20,381.51,106,63,1.8764807977587843,0.0049185625481869,0,1,None,,,,442.68250000000023,-0.1381859459093147,,,,,,,115.0,127.5,-1.5999999999999843,387.21,442.68250000000023,3.4700141790983032,1.0,8.0,16,0,0
S0001,Dairy & Eggs,2025-04-27,611.03,168,98,0.0,0.0,0,0,None,,,,442.31000000000023,0.3814519228595321,,,,,,,106.0,126.5,-16.799999999999997,381.51,442.31000000000023,3.4993473694928148,1.0,8.0,17,0,0
S0001,Dairy & Eggs,2025-05-04,542.58,158,83,0.6673666169294674,0.0012299874984877204,0,1,None,,611.03,-0.11202395954372116,458.0175000000002,0.18462722494227796,611.03,-0.11202395954372116,459.9166666666667,0.17973545932234106,,,168.0,129.0,11.399999999999995,611.03,458.0175000000002,3.5412131395350084,0.0,7.0,18,0,0
S0001,Dairy & Eggs,2025-05-11,453.46,162,91,10.225669083403144,0.022550322152787773,1,1,Manager_Special,25.0,611.03,-0.2578760453660213,480.5825000000002,-0.05643672002205702,611.03,-0.2578760453660213,511.70666666666665,-0.11382823492625985,,,158.0,136.75,19.1,542.58,480.5825000000002,3.5093320969754553,0.0,7.0,19,0,0
S0001,Dairy & Eggs,2025-05-18,467.88,134,77,6.416035420046867,0.01371299354545368,0,1,None,,611.03,-0.2342765494329247,497.1450000000002,-0.05886612557704533,611.03,-0.2342765494329247,535.69,-0.12658440515970068,,,162.0,148.5,15.799999999999985,453.46,497.1450000000002,3.3673551780275215,1.0,7.0,20,0,0
S0001,Dairy & Eggs,2025-05-25,560.53,154,81,6.330319067211523,0.011293452745101107,0,1,None,,611.03,-0.08264733319149634,518.7375000000002,0.0805657967661867,611.03,-0.08264733319149634,,,,,134.0,155.5,-9.799999999999997,467.88,518.7375000000002,3.3404778899396597,1.0,7.0,21,0,0
S0001,Dairy & Eggs,2025-06-01,426.71999999999997,126,70,4.784129249174111,0.011211401502564002,0,1,None,,611.03,-0.30163821743613245,506.11250000000024,-0.1568672972906226,611.03,-0.30163821743613245,,,,,154.0,152.0,-3.999999999999991,560.53,506.11250000000024,3.3411583553076247,1.0,7.0,22,0,0
S0001,Dairy & Eggs,2025-06-08,574.79,160,99,15.671055538580864,0.027263966907184998,0,1,None,,611.03,-0.05930969019524411,477.1475000000002,0.20463797882206175,611.03,-0.05930969019524411,,,,,126.0,144.0,-8.799999999999986,426.71999999999997,477.1475000000002,3.329312363746443,1.0,7.0,23,0,0
S0001,Dairy & Eggs,2025-06-15,486.64,143,83,2.772797815616993,0.005697841968635938,1,1,Coupon,10.0,611.03,-0.20357429258792528,507.48000000000025,-0.041065657759912215,611.03,-0.20357429258792528,,,,,160.0,143.5,5.0000000000000036,574.79,507.48000000000025,3.5276377881291587,1.0,7.0,24,0,0
S0001,Dairy & Eggs,2025-06-22,546.97,159,89,25.45208061725951,0.04653286399118692,0,1,None,,611.03,-0.10483936958905446,512.1700000000002,0.067946189741687,611.03,-0.10483936958905446,,,,,143.0,145.75,0.0999999999999898,486.64,512.1700000000002,3.505496571137196,2.0,7.0,25,0,0
S0001,Dairy & Eggs,2025-06-29,589.48,173,98,12.469647592623819,0.021153639805631775,0,1,None,,611.03,-0.035268317431222614,508.7800000000002,0.15861472542159635,611.03,-0.035268317431222614,,,,,159.0,147.0,8.199999999999994,546.97,508.7800000000002,3.4555609957063376,2.0,8.0,26,0,0
S0001,Dairy & Eggs,2025-07-06,501.61,141,80,8.592078496774674,0.017129001608370394,0,1,None,,611.03,-0.17907467718442624,549.4700000000003,-0.08710211658507329,611.03,-0.17907467718442624,,,,,173.0,158.75,5.499999999999997,589.48,549.4700000000003,3.46074404002233,2.0,8.0,27,0,0
S0001,Dairy & Eggs,2025-07-13,557.37,159,94,43.13972260177681,0.07739871647519028,0,1,None,,611.03,-0.08781892869417209,531.1750000000002,0.049315197439638185,611.03,-0.08781892869417209,,,,,141.0,154.0,0.8000000000000033,501.61,531.1750000000002,3.452014097646443,1.0,8.0,28,0,0
S0001,Dairy & Eggs,2025-07-20,447.34,131,69,12.936286782789033,0.02891824290872498,0,1,None,,611.03,-0.2678919202003175,548.8575000000003,-0.18496148818227,611.03,-0.2678919202003175,,,,,159.0,158.0,-3.200000000000014,557.37,548.8575000000003,3.4776127914055146,1.0,8.0,29,0,0
S0001,Dairy & Eggs,2025-07-27,499.14,146,83,14.254472121741298,0.02855806411375826,1,1,Coupon,25.0,611.03,-0.18311703189696085,523.9500000000002,-0.04735184655024366,611.03,-0.18311703189696085,,,,,131.0,151.0,-10.79999999999999,447.34,523.9500000000002,3.47129935821141,1.0,8.0,30,0,0
S0001,Dairy & Eggs,2025-08-03,479.39,134,86,28.330847561227582,0.05909770241604452,0,1,None,,611.03,-0.21543950378868468,501.3650000000002,-0.043830343163164934,611.03,-0.21543950378868468,,,,,146.0,144.25,-1.3000000000000085,499.14,501.3650000000002,3.474141428050669,2.0,8.0,31,0,0
S0001,Dairy & Eggs,2025-08-10,622.71,169,92,4.451369506509728,0.007148382885307331,0,1,None,,611.03,0.019115264389637274,495.81000000000023,0.25594481757124654,611.03,0.019115264389637274,,,,,134.0,142.5,-5.9999999999999725,479.39,495.81000000000023,3.4791463237847644,2.0,8.0,32,0,0
S0001,Dairy & Eggs,2025-08-17,439.63,123,70,8.520790901092518,0.019381732140874186,0,1,None,,611.03,-0.28050995859450434,512.1450000000002,-0.14159076042917568,611.03,-0.28050995859450434,,,,,169.0,145.0,10.200000000000006,622.71,512.1450000000002,3.523947038309717,1.0,8.0,33,0,0
S0001,Dairy & Eggs,2025-08-24,456.24,135,67,9.06589166582898,0.019870883012951472,0,1,None,,611.03,-0.2533263505883508,510.2175000000002,-0.10579311764100638,611.03,-0.2533263505883508,,,,,123.0,143.0,-3.400000000000003,439.63,510.2175000000002,3.563801658802487,1.0,8.0,34,0,0
S0001,Dairy & Eggs,2025-08-31,387.23,154,86,7.365202941074834,0.019020228135926538,1,1,Coupon,30.0,611.03,-0.36626679541102725,499.4925000000003,-0.22475312442128803,611.03,-0.36626679541102725,,,,,135.0,140.25,-4.299999999999982,456.24,499.4925000000003,3.5539987668694577,1.0,8.0,35,0,0
S0001,Dairy & Eggs,2025-09-07,516.22,144,77,2.7128411614540098,0.005255203520696621,0,1,None,,611.03,-0.15516423088882697,476.4525000000002,0.08346582293093183,611.03,-0.15516423088882697,,,,,154.0,145.25,-3.3000000000000025,387.23,476.4525000000002,3.2882345683813794,2.0,8.0,36,0,0
S0001,Dairy & Eggs,2025-09-14,468.46999999999997,127,74,3.905219013492528,0.00833611333381546,0,1,None,,611.03,-0.23331096672831123,449.83000000000027,0.041437876531133296,611.03,-0.23331096672831123,,,,,144.0,139.0,8.199999999999983,516.22,449.83000000000027,3.2632812071059023,2.0,8.0,37,0,0
S0001,Dairy & Eggs,2025-09-21,550.13,145,84,7.89726689368295,0.014355274014656446,0,1,None,,611.03,-0.09966777408637871,457.0400000000002,0.20368020304568477,611.03,-0.09966777408637871,,,,,127.0,140.0,-3.4000000000000115,468.46999999999997,457.0400000000002,3.2919093359068756,2.0,8.0,38,0,0
S0001,Dairy & Eggs,2025-09-28,499.99,145,80,36.21892770755441,0.07243930420119284,0,1,None,,611.03,-0.18172593816997523,480.5125000000003,0.04053484560755386,611.03,-0.18172593816997523,,,,,145.0,142.5,-4.399999999999994,550.13,480.5125000000003,3.3955204470179865,1.0,8.0,39,0,0
S0001,Dairy & Eggs,2025-10-05,402.28000000000003,110,68,33.435493062777084,0.08311497728641017,0,1,None,,611.03,-0.34163625353910604,508.70250000000027,-0.20920380772652028,611.03,-0.34163625353910604,,,,,145.0,140.25,2.100000000000003,499.99,508.70250000000027,3.628952041285788,1.0,8.0,40,0,0
S0001,Dairy & Eggs,2025-10-12,554.49,154,88,1.1565214894104545,0.002085739128587449,0,1,None,,611.03,-0.09253228155737028,480.21750000000026,0.15466429274235052,611.03,-0.09253228155737028,,,,,110.0,131.75,-5.099999999999993,402.28000000000003,480.21750000000026,3.6470094907807367,1.0,8.0,41,0,0
S0001,Dairy & Eggs,2025-10-19,399.31,109,63,6.493182200006222,0.01626100573490827,0,1,None,,611.03,-0.34649689867927924,501.72250000000025,-0.20412180039763056,611.03,-0.34649689867927924,,,,,154.0,138.5,-0.7999999999999845,554.49,501.72250000000025,3.624970555306762,1.0,8.0,42,0,0
S0001,Dairy & Eggs,2025-10-26,426.28000000000003,121,73,4.929020428681478,0.011562870481095706,0,1,None,,611.03,-0.3023583130124543,464.0175000000002,-0.08132775164729814,611.03,-0.3023583130124543,,,,,109.0,129.5,-6.400000000000002,399.31,464.0175000000002,3.592319179159974,1.0,8.0,43,0,0
S0001,Deli,2024-12-29,558.24,99,52,15.141859760722888,0.027124283033682445,1,1,Manager_Special,10.0,,,452.0266666666669,0.23497138811869436,,,,,,,,124.33333333333333,,,452.0266666666669,3.640356606696057,0.0,7.0,52,0,1
S0001,Deli,2025-01-05,1364.61,213,106,27.951250938751297,0.020482959188890086,0,1,None,,,,504.0133333333336,1.7074878971455767,,,,,,,99.0,120.66666666666667,,558.24,504.0133333333336,4.300922263261713,1.0,7.0,1,1,0
S0001,Deli,2025-01-12,930.4499999999999,152,90,8.103548988153998,0.008709279368213228,0,1,None,,,,774.0533333333336,0.20204895442174473,,,,,,,213.0,140.33333333333334,,1364.61,774.0533333333336,5.236267364170193,1.0,7.0,2,1,0
S0001,Deli,2025-01-19,1108.23,175,94,4.430181015874972,0.003997528505702762,0,1,None,,,,951.1000000000003,0.16520870570917856,,,,,,,152.0,154.66666666666666,,930.4499999999999,951.1000000000003,6.055596392015036,1.0,7.0,3,0,0
S0001,Deli,2025-01-26,1019.63,169,92,2.1413840137137417,0.00210015791386458,0,1,None,,,,990.3825000000002,0.02953151938771114,,,,,,,175.0,159.75,16.700000000000014,1108.23,990.3825000000002,6.12488300829699,1.0,7.0,4,0,0
S0001,Deli,2025-02-02,899.67,140,86,14.093988081403612,0.015665730858429882,0,1,None,,,,1105.7300000000002,-0.18635652464887473,,,,,,,169.0,177.25,-10.90000000000001,1019.63,1105.7300000000002,6.223514440966884,1.0,7.0,5,0,0
S0001,Deli,2025-02-09,1000.85,173,89,26.196458911093885,0.02617421083188678,1,1,BOGO,100.0,,,989.4950000000001,0.01147555065967984,,,,,,,140.0,159.0,-4.200000000000006,899.67,989.4950000000001,6.228413082817992,1.0,7.0,6,0,0
S0001,Deli,2025-02-16,1017.47,160,92,12.538963008001444,0.012323668518974951,0,1,None,,,,1007.0950000000003,0.010301907963002269,,,,,,,173.0,164.25,-3.499999999999999,1000.85,1007.0950000000003,6.144382716982883,2.0,7.0,7,0,0
S0001,Deli,2025-02-23,782.93,130,70,16.917128668688047,0.021607460013906798,0,1,None,,,,984.4050000000002,-0.20466677840929315,,,,,,,160.0,160.5,0.599999999999997,1017.47,984.4050000000002,6.150993877697169,2.0,8.0,8,0,0
S0001,Deli,2025-03-02,1294.74,203,113,12.790170399335402,0.009878562799740026,0,1,None,,,,925.2300000000002,0.3993709672189614,,,,,,,130.0,150.75,-4.299999999999993,782.93,925.2300000000002,6.148300090714921,1.0,8.0,9,0,0
S0001,Deli,2025-03-09,1152.63,171,95,8.078368568177224,0.007008639865505169,0,1,None,,,,1023.9975000000002,0.12561798246577743,,,,,,,203.0,166.5,6.000000000000006,1294.74,1023.9975000000002,6.136253908448911,1.0,8.0,10,0,0
S0001,Deli,2025-03-16,783.95,125,76,26.663073563532148,0.034011191483553985,0,1,None,,,,1061.9425,-0.2617773561186223,,,,,,,171.0,166.0,10.600000000000003,1152.63,1061.9425,6.3750704584945455,1.0,8.0,11,0,0
S0001,Deli,2025-03-23,833.47,152,80,10.802794410992457,0.012961227651856044,1,1,Bundle,20.0,,,1003.5625000000002,-0.16948869651865245,,,,,,,125.0,157.25,-4.699999999999991,783.95,1003.5625000000002,6.353173583494545,1.0,8.0,12,0,0
S0001,Deli,2025-03-30,1018.0,152,85,74.04086576236506,0.07273169524790281,0,1,None,,,,1016.1975000000002,0.0017737693706191772,,,,,,,152.0,162.75,-19.90000000000002,833.47,1016.1975000000002,6.218377783899404,2.0,8.0,13,0,0
S0001,Deli,2025-04-06,742.7,122,70,2.694399929356379,0.0036278442565724775,0,1,None,,,,947.0125000000003,-0.2157442483599743,,,,,,,152.0,150.0,-3.0,1018.0,947.0125000000003,6.2982125,2.0,8.0,14,0,0
S0001,Deli,2025-04-13,999.49,161,84,9.41621208632926,0.009421016804899759,0,1,None,,,,844.5300000000002,0.18348667306075542,,,,,,,122.0,137.75,-0.9000000000000022,742.7,844.5300000000002,6.135007150560829,1.0,8.0,15,0,0
S0001,Deli,2025-04-20,787.67,128,66,3.8742041623303756,0.0049185625481869,0,1,None,,,,898.4150000000003,-0.12326708703661482,,,,,,,161.0,146.75,-0.2999999999999989,999.49,898.4150000000003,6.11911025615089,1.0,8.0,16,0,0
S0001,Deli,2025-04-27,924.81,146,88,0.0,0.0,0,0,None,,,,886.9650000000003,0.04266797449730223,,,,,,,128.0,140.75,-3.299999999999999,787.67,886.9650000000003,6.286689409111417,1.0,8.0,17,0,0
S0001,Deli,2025-05-04,854.99,134,81,1.0516270113320159,0.0012299874984877202,0,1,None,,924.81,-0.07549658848844622,863.6675000000002,-0.010047269348447446,924.81,-0.07549658848844622,903.9899999999999,-0.05420413942632097,,,146.0,139.25,3.8999999999999932,924.81,863.6675000000002,6.195926070971546,1.0,7.0,18,0,0
S0001,Deli,2025-05-11,984.51,156,89,22.201017662641092,0.022550322152787777,0,1,None,,924.81,0.06455380024004936,891.7400000000002,0.10403256554601087,924.81,0.06455380024004936,855.8233333333334,0.15036592443144411,,,134.0,142.25,-6.300000000000012,854.99,891.7400000000002,6.269130438478275,1.0,7.0,19,0,0
S0001,Deli,2025-05-18,711.4,120,70,9.755423608235747,0.013712993545453678,0,1,None,,924.81,-0.23076091305241075,887.9950000000002,-0.1988693630031703,924.81,-0.23076091305241075,921.4366666666666,-0.22794476741031214,,,156.0,141.0,7.200000000000006,984.51,887.9950000000002,6.294867717503598,1.0,7.0,20,0,0
S0001,Deli,2025-05-25,1019.67,161,83,11.515594960597245,0.011293452745101107,0,1,None,,924.81,0.10257242028092259,868.9275000000002,0.17348110170296105,924.81,0.10257242028092259,,,,,120.0,139.0,-5.600000000000008,711.4,868.9275000000002,6.2385330820869305,0.0,7.0,21,0,0
S0001,Deli,2025-06-01,1083.44,175,96,12.146880843937945,0.011211401502564004,0,1,None,,924.81,0.171527124490436,892.6425000000002,0.21374458419804107,924.81,0.171527124490436,,,,,161.0,142.75,4.499999999999996,1019.67,892.6425000000002,6.238292824280413,0.0,7.0,22,0,0
S0001,Deli,2025-06-08,945.94,158,83,25.790076856182576,0.027263966907184994,0,1,None,,924.81,0.022847936332868492,949.7550000000002,-0.004016825391811749,924.81,0.022847936332868492,,,,,175.0,153.0,9.800000000000004,1083.44,949.7550000000002,6.190933655836917,0.0,7.0,23,0,0
S0001,Deli,2025-06-15,1065.6,172,94,6.071620401778455,0.005697841968635938,0,1,None,,924.81,0.15223667564148308,940.1125000000002,0.13348136526213586,924.81,0.15223667564148308,,,,,158.0,153.5,12.800000000000002,945.94,940.1125000000002,6.109933777550646,0.0,7.0,24,0,0
S0001,Deli,2025-06-22,944.33,169,88,43.942379452797546,0.04653286399118692,1,1,Manager_Special,10.0,924.81,0.021107038202441687,1028.6625000000004,-0.08198267167316811,924.81,0.021107038202441687,,,,,172.0,166.5,1.600000000000016,1065.6,1028.6625000000004,6.176687653519639,0.0,7.0,25,0,0
S0001,Deli,2025-06-29,972.89,154,87,20.5801646305011,0.021153639805631775,0,1,None,,924.81,0.05198905721175165,1009.8275000000002,-0.036578029415915314,924.81,0.05198905721175165,,,,,169.0,168.5,-0.40000000000000707,944.33,1009.8275000000002,5.990287014025354,1.0,8.0,26,0,0
S0001,Deli,2025-07-06,992.35,157,83,16.997964746066362,0.017129001608370394,0,1,None,,924.81,0.07303121722299724,982.1900000000003,0.010344230749651023,924.81,0.07303121722299724,,,,,154.0,163.25,-1.4999999999999822,972.89,982.1900000000003,6.0218824685708086,1.0,8.0,27,0,0
S0001,Deli,2025-07-13,964.34,145,79,74.638678245685,0.07739871647519028,0,1,None,,924.81,0.0427439149663175,993.7925000000002,-0.02963646837745325,924.81,0.0427439149663175,,,,,157.0,163.0,-6.000000000000008,992.35,993.7925000000002,6.105317121477363,1.0,8.0,28,0,0
S0001,Deli,2025-07-20,957.4,166,90,27.686325760813293,0.028918242908724977,1,1,Manager_Special,25.0,924.81,0.03523967085131004,968.4775000000002,-0.011438056124174503,924.81,0.03523967085131004,,,,,145.0,156.25,-6.899999999999997,964.34,968.4775000000002,6.21913508458883,1.0,8.0,29,0,0
S0001,Deli,2025-07-27,897.45,142,89,25.629434638892356,0.028558064113758264,0,1,None,,924.81,-0.029584455185389325,971.7450000000002,-0.07645524288779482,924.81,-0.029584455185389325,,,,,166.0,155.5,2.399999999999999,957.4,971.7450000000002,6.264064684645863,2.0,8.0,30,0,0
S0001,Deli,2025-08-03,728.72,115,66,43.065677704619965,0.05909770241604452,0,1,None,,924.81,-0.21203274186049018,952.8850000000003,-0.23524874460191966,924.81,-0.21203274186049018,,,,,142.0,152.5,-2.4000000000000155,897.45,952.8850000000003,6.264715407162782,2.0,8.0,31,0,0
S0001,Deli,2025-08-10,1029.32,170,90,7.357973471504542,0.007148382885307332,0,1,None,,924.81,0.1130069960316173,886.9775000000002,0.16048039550044924,924.81,0.1130069960316173,,,,,115.0,142.0,-11.399999999999993,728.72,886.9775000000002,6.268714160970592,2.0,8.0,32,0,0
S0001,Deli,2025-08-17,1045.89,155,86,20.271159828818902,0.019381732140874183,0,1,None,,924.81,0.1309241898335876,903.2225000000002,0.15795388179546,924.81,0.1309241898335876,,,,,170.0,148.25,-1.5000000000000149,1029.32,903.2225000000002,6.119764870909741,2.0,8.0,33,0,0
S0001,Deli,2025-08-24,1137.04,189,95,22.593988821046338,0.01987088301295147,1,1,Coupon,25.0,924.81,0.22948497529222223,925.3450000000003,0.22877413289097542,924.81,0.22948497529222223,,,,,155.0,145.5,9.399999999999995,1045.89,925.3450000000003,6.364816755868931,1.0,8.0,34,0,0
S0001,Deli,2025-08-31,969.54,148,82,18.440871986906217,0.01902022813592654,0,1,None,,924.81,0.04836669153663998,985.2425000000003,-0.01593770061685354,924.81,0.04836669153663998,,,,,189.0,157.25,20.7,1137.04,985.2425000000003,6.288820314256293,2.0,8.0,35,0,0
S0001,Deli,2025-09-07,835.44,139,80,4.390407229330786,0.005255203520696622,0,1,None,,924.81,-0.09663606578648576,1045.4475000000002,-0.20087809287410427,924.81,-0.09663606578648576,,,,,148.0,165.5,-3.1999999999999886,969.54,1045.4475000000002,6.342382887699301,2.0,8.0,36,0,0
S0001,Deli,2025-09-14,978.6,161,92,8.15772050847181,0.00833611333381546,0,1,None,,924.81,0.058163298407240493,996.9775000000002,-0.018433214390495438,924.81,0.058163298407240493,,,,,139.0,157.75,-8.900000000000015,835.44,996.9775000000002,6.331266933403915,2.0,8.0,37,0,0
S0001,Deli,2025-09-21,883.26,142,81,12.679439326185452,0.014355274014656446,0,1,None,,924.81,-0.04492814740325035,980.1550000000002,-0.09885681346317693,924.81,-0.04492814740325035,,,,,161.0,159.25,-9.299999999999999,978.6,980.1550000000002,6.163912795956509,1.0,8.0,38,0,0
S0001,Deli,2025-09-28,847.7,129,69,61.40679817135117,0.07243930420119284,0,1,None,,924.81,-0.08337928871876375,916.7100000000002,-0.07528007766905574,924.81,-0.08337928871876375,,,,,142.0,147.5,0.400000000000004,883.26,916.7100000000002,6.21492684320295,1.0,8.0,39,0,0
S0001,Deli,2025-10-05,836.0,133,70,69.48412101143889,0.08311497728641015,0,1,None,,924.81,-0.09603053600198955,886.2500000000003,-0.0566995768688297,924.81,-0.09603053600198955,,,,,129.0,142.75,-4.899999999999988,847.7,886.2500000000003,6.220019814080805,1.0,8.0,40,0,0
S0001,Deli,2025-10-12,940.23,152,87,1.9610745008717771,0.002085739128587449,1,1,BOGO,50.0,924.81,0.016673695137379648,886.3900000000003,0.06074075745439329,924.81,0.016673695137379648,,,,,133.0,141.25,-9.700000000000017,836.0,886.3900000000003,6.288858457451822,1.0,8.0,41,0,0
S0001,Deli,2025-10-19,724.95,118,68,11.788416107521753,0.01626100573490827,1,1,Bundle,20.0,924.81,-0.216109254873974,876.7975000000002,-0.17318423011014533,924.81,-0.216109254873974,,,,,152.0,139.0,3.4000000000000083,940.23,876.7975000000002,6.31572416111315,2.0,8.0,42,0,0
S0001,Deli,2025-10-26,1068.47,159,88,12.35458022293633,0.011562870481095706,0,1,None,,924.81,0.1553400157870266,837.2200000000003,0.27621174840543666,924.81,0.1553400157870266,,,,,118.0,133.0,-1.400000000000014,724.95,837.2200000000003,6.296599966794696,2.0,8.0,43,0,0
S0001,Frozen Foods,2024-12-29,538.42,81,49,14.6042564709953,0.027124283033682445,0,1,None,,,,833.7266666666669,-0.3542008172142751,,,,,,,,134.33333333333334,,,833.7266666666669,6.205027345907141,2.0,7.0,52,0,1
S0001,Frozen Foods,2025-01-05,847.02,147,91,17.349476092173678,0.020482959188890083,1,1,Coupon,10.0,,,734.5333333333336,0.15314031584679563,,,,,,,81.0,117.0,,538.42,734.5333333333336,6.325509415278098,2.0,7.0,1,1,0
S0001,Frozen Foods,2025-01-12,1023.28,156,85,8.912031391905233,0.00870927936821323,0,1,None,,,,703.4633333333336,0.4546316083757025,,,,,,,147.0,115.33333333333333,,847.02,703.4633333333336,6.184281792650101,3.0,7.0,2,1,0
S0001,Frozen Foods,2025-01-19,858.41,125,70,3.4315184445803077,0.003997528505702762,0,1,None,,,,802.9066666666671,0.06912800159420711,,,,,,,156.0,128.0,,1023.28,802.9066666666671,6.322896163213623,3.0,7.0,3,0,0
S0001,Frozen Foods,2025-01-26,1025.82,140,72,2.1543839912005636,0.0021001579138645804,0,1,None,,,,816.7825000000003,0.2559279857244733,,,,,,,125.0,127.25,14.099999999999996,858.41,816.7825000000003,6.458992122410217,3.0,7.0,4,0,0
S0001,Frozen Foods,2025-02-02,758.55,128,69,11.883240142661988,0.015665730858429885,1,1,Manager_Special,10.0,,,938.6325000000002,-0.19185623766490098,,,,,,,140.0,142.0,-5.19999999999998,1025.82,938.6325000000002,6.6290234275248565,3.0,7.0,5,0,0
S0001,Frozen Foods,2025-02-09,1032.6,152,90,27.027490105006287,0.02617421083188678,0,1,None,,,,916.5150000000001,0.1266591381483116,,,,,,,128.0,137.25,-6.900000000000005,758.55,916.5150000000001,6.670056192193224,3.0,7.0,6,0,0
S0001,Frozen Foods,2025-02-16,1019.35,156,88,12.562131504817115,0.01232366851897495,0,1,None,,,,918.8450000000003,0.10938188704297215,,,,,,,152.0,136.25,6.8999999999999915,1032.6,918.8450000000003,6.728539660479323,2.0,7.0,7,0,0
S0001,Frozen Foods,2025-02-23,873.44,160,82,18.872819874546753,0.021607460013906794,1,1,Coupon,20.0,,,959.0800000000002,-0.08929390666054979,,,,,,,156.0,144.0,7.200000000000007,1019.35,959.0800000000002,6.6452933784280415,2.0,8.0,8,0,0
S0001,Frozen Foods,2025-03-02,1071.87,164,94,10.588535108157343,0.009878562799740028,0,1,None,,,,920.9850000000002,0.16383002980504527,,,,,,,160.0,149.0,10.000000000000012,873.44,920.9850000000002,6.178221949856613,3.0,8.0,9,0,0
S0001,Frozen Foods,2025-03-09,1137.1,170,92,7.969524391065926,0.007008639865505168,0,1,None,,,,999.3150000000003,0.1378794474214833,,,,,,,164.0,158.0,4.000000000000004,1071.87,999.3150000000003,6.33062715183832,2.0,8.0,10,0,0
S0001,Frozen Foods,2025-03-16,905.54,133,77,30.798494336017477,0.034011191483553985,0,1,None,,,,1025.44,-0.11692541738180692,,,,,,,170.0,162.5,4.599999999999999,1137.1,1025.44,6.304477771033366,2.0,8.0,11,0,0
S0001,Frozen Foods,2025-03-23,558.03,85,52,7.232753866565228,0.012961227651856045,0,1,None,,,,996.9875000000002,-0.44028385511352963,,,,,,,133.0,156.75,-7.500000000000003,905.54,996.9875000000002,6.373046910227505,2.0,8.0,12,0,0
S0001,Frozen Foods,2025-03-30,1089.65,155,85,79.2520917268773,0.07273169524790281,0,1,None,,,,918.1350000000002,0.18680804021195122,,,,,,,85.0,138.0,-27.39999999999999,558.03,918.1350000000002,6.6495616161098585,2.0,8.0,13,0,0
S0001,Frozen Foods,2025-04-06,764.07,115,65,2.771926961119333,0.0036278442565724775,0,1,None,,,,922.5800000000002,-0.17181165860955155,,,,,,,155.0,135.75,-9.300000000000008,1089.65,922.5800000000002,6.773113445378151,1.0,8.0,14,0,0
S0001,Frozen Foods,2025-04-13,949.6800000000001,144,77,8.946951239277203,0.009421016804899759,0,1,None,,,,829.3225000000002,0.14512749865100708,,,,,,,115.0,122.0,1.5999999999999928,764.07,829.3225000000002,6.761929302155645,1.0,8.0,15,0,0
S0001,Frozen Foods,2025-04-20,839.41,124,68,4.128690588573566,0.0049185625481869,0,1,None,,,,840.3575000000003,-0.0011274963334061178,,,,,,,144.0,124.75,13.700000000000008,949.6800000000001,840.3575000000003,6.708536445012788,1.0,8.0,16,0,0
S0001,Frozen Foods,2025-04-27,1185.18,174,93,0.0,0.0,0,0,None,,,,910.7025000000003,0.3013909591771184,,,,,,,124.0,134.5,-6.400000000000002,839.41,910.7025000000003,6.759630610098177,0.0,8.0,17,0,0
S0001,Frozen Foods,2025-05-04,815.38,131,74,1.0029072065169173,0.0012299874984877202,1,1,Coupon,10.0,1185.18,-0.31202011508800354,934.5850000000003,-0.1275485910858833,1185.18,-0.31202011508800354,991.4233333333335,-0.17756625995622471,,,174.0,139.25,15.700000000000012,1185.18,934.5850000000003,6.704975437684384,0.0,7.0,18,0,0
S0001,Frozen Foods,2025-05-11,1216.56,181,93,27.433819918195496,0.022550322152787777,0,1,None,,1185.18,0.02647699083683481,947.4125000000003,0.2840869209557607,1185.18,0.02647699083683481,946.6566666666668,0.28511216667781686,,,131.0,143.25,1.1000000000000048,815.38,947.4125000000003,6.600022400844026,1.0,7.0,19,0,0
S0001,Frozen Foods,2025-05-18,889.46,129,64,12.197159238939232,0.013712993545453682,0,1,None,,1185.18,-0.24951484162743212,1014.1325000000002,-0.12293511942473011,1185.18,-0.24951484162743212,1072.3733333333332,-0.17056870741532787,,,181.0,152.5,12.80000000000001,1216.56,1014.1325000000002,6.631603892556733,1.0,7.0,20,0,0
S0001,Frozen Foods,2025-05-25,911.86,135,84,10.298047820147895,0.011293452745101107,0,1,None,,1185.18,-0.2306147589395704,1026.6450000000002,-0.11180593096932258,1185.18,-0.2306147589395704,,,,,129.0,153.75,-8.5,889.46,1026.6450000000002,6.663004711511471,1.0,7.0,21,0,0
S0001,Frozen Foods,2025-06-01,664.03,120,71,7.444706939747574,0.011211401502564002,1,1,Coupon,15.0,1185.18,-0.4397222362847838,958.3150000000002,-0.3070858746862985,1185.18,-0.4397222362847838,,,,,135.0,144.0,-3.9999999999999716,911.86,958.3150000000002,6.6487895135548944,1.0,7.0,22,0,0
S0001,Frozen Foods,2025-06-08,896.11,133,71,24.431513385197547,0.027263966907184998,0,1,None,,1185.18,-0.24390387957947318,920.4775000000002,-0.026472673150620383,1185.18,-0.24390387957947318,,,,,120.0,141.25,-17.700000000000003,664.03,920.4775000000002,6.476116644598151,2.0,7.0,23,0,0
S0001,Frozen Foods,2025-06-15,1006.92,148,80,5.737271035058899,0.005697841968635938,0,1,None,,1185.18,-0.1504075330329571,840.3650000000002,0.19819364204839526,1185.18,-0.1504075330329571,,,,,133.0,129.25,-0.3000000000000009,896.11,840.3650000000002,6.480202446118526,2.0,7.0,24,0,0
S0001,Frozen Foods,2025-06-22,1147.83,170,87,53.411817275004076,0.04653286399118692,0,1,None,,1185.18,-0.03151420037462675,869.7300000000002,0.31975440653996023,1185.18,-0.03151420037462675,,,,,148.0,134.0,5.200000000000009,1006.92,869.7300000000002,6.457321134574424,2.0,7.0,25,0,0
S0001,Frozen Foods,2025-06-29,928.01,154,86,19.63078927602434,0.02115363980563177,1,1,Coupon,15.0,1185.18,-0.21698813682309864,928.7225000000002,-0.000767182877555141,1185.18,-0.21698813682309864,,,,,170.0,142.75,16.500000000000007,1147.83,928.7225000000002,6.456676799062441,2.0,8.0,26,0,0
S0001,Frozen Foods,2025-07-06,1116.09,164,92,19.117507405086116,0.017129001608370397,0,1,None,,1185.18,-0.058294942540373734,994.7175000000002,0.12201705509353128,1185.18,-0.058294942540373734,,,,,154.0,151.25,8.500000000000016,928.01,994.7175000000002,6.579790705988849,2.0,8.0,27,0,0
S0001,Frozen Foods,2025-07-13,708.73,141,80,54.85479232746162,0.0773987164751903,1,1,Manager_Special,25.0,1185.18,-0.4020064462782025,1049.7125,-0.3248341807875966,1185.18,-0.4020064462782025,,,,,164.0,159.0,3.200000000000001,1116.09,1049.7125,6.596730120072838,2.0,8.0,28,0,0
S0001,Frozen Foods,2025-07-20,803.0600000000001,121,70,23.223084150280684,0.02891824290872498,0,1,None,,1185.18,-0.32241516056632746,975.1650000000002,-0.17648808150415582,1185.18,-0.32241516056632746,,,,,141.0,157.25,-7.700000000000003,708.73,975.1650000000002,6.152465216871765,3.0,8.0,29,0,0
S0001,Frozen Foods,2025-07-27,1032.99,162,87,29.500194648871148,0.02855806411375826,1,1,Bundle,10.0,1185.18,-0.12841087429757508,888.9725000000002,0.16200444895651978,1185.18,-0.12841087429757508,,,,,121.0,145.0,-12.200000000000005,803.0600000000001,888.9725000000002,6.123694798787176,3.0,8.0,30,0,0
S0001,Frozen Foods,2025-08-03,1103.29,166,89,65.20190409859775,0.05909770241604451,1,1,Bundle,15.0,1185.18,-0.06909498979058042,915.2175000000003,0.20549486870607214,1185.18,-0.06909498979058042,,,,,162.0,147.0,-2.6000000000000125,1032.99,915.2175000000003,6.211305428897807,3.0,8.0,31,0,0
S0001,Frozen Foods,2025-08-10,1078.68,158,84,7.710817650723313,0.007148382885307332,0,1,None,,1185.18,-0.0898597681364856,912.0175000000003,0.18274046276524272,1185.18,-0.0898597681364856,,,,,166.0,147.5,11.6,1103.29,912.0175000000003,6.171530046881939,4.0,8.0,32,0,0
S0001,Frozen Foods,2025-08-17,832.01,156,85,16.125794958528733,0.019381732140874186,1,1,Coupon,20.0,1185.18,-0.29798849119964904,1004.5050000000003,-0.17172139511500717,1185.18,-0.29798849119964904,,,,,158.0,151.75,11.50000000000001,1078.68,1004.5050000000003,6.621688723603368,4.0,8.0,33,0,0
S0001,Frozen Foods,2025-08-24,962.62,140,81,19.128109405927347,0.019870883012951472,0,1,None,,1185.18,-0.18778582156296938,1011.7425000000003,-0.048552373751226494,1185.18,-0.18778582156296938,,,,,156.0,160.5,-2.600000000000016,832.01,1011.7425000000003,6.295823206544669,5.0,8.0,34,0,0
S0001,Frozen Foods,2025-08-31,1076.14,160,86,20.46842830619599,0.01902022813592654,0,1,None,,1185.18,-0.09200290251269845,994.1500000000002,0.08247246391389618,1185.18,-0.09200290251269845,,,,,140.0,155.0,-7.999999999999985,962.62,994.1500000000002,6.4206671218885845,4.0,8.0,35,0,0
S0001,Frozen Foods,2025-09-07,1128.71,162,80,5.9316007658454835,0.005255203520696621,0,1,None,,1185.18,-0.04764677095462295,987.3625000000003,0.14315664206408457,1185.18,-0.04764677095462295,,,,,160.0,153.5,-0.9999999999999943,1076.14,987.3625000000003,6.440554546587379,4.0,8.0,36,0,0
S0001,Frozen Foods,2025-09-14,1080.92,156,82,9.010671624787808,0.00833611333381546,0,1,None,,1185.18,-0.0879697598676994,999.8700000000003,0.08106053786992279,1185.18,-0.0879697598676994,,,,,162.0,154.5,3.7999999999999927,1128.71,999.8700000000003,6.475618814441731,3.0,8.0,37,0,0
S0001,Frozen Foods,2025-09-21,897.53,154,91,12.884289086374599,0.014355274014656446,1,1,Bundle,20.0,1185.18,-0.2427057493376534,1062.0975000000003,-0.1549457559216553,1185.18,-0.2427057493376534,,,,,156.0,154.5,5.000000000000004,1080.92,1062.0975000000003,6.874513045210962,3.0,8.0,38,0,0
S0001,Frozen Foods,2025-09-28,1073.57,155,82,77.76866381127459,0.07243930420119284,0,1,None,,1185.18,-0.09417134949965417,1045.8250000000003,0.026529295054143528,1185.18,-0.09417134949965417,,,,,154.0,158.0,-2.399999999999991,897.53,1045.8250000000003,6.612577980275897,3.0,8.0,39,0,0
S0001,Frozen Foods,2025-10-05,822.01,126,73,68.32134247920202,0.08311497728641017,0,1,None,,1185.18,-0.30642602811387304,1045.1825000000003,-0.21352491072133362,1185.18,-0.30642602811387304,,,,,155.0,156.75,-2.2999999999999954,1073.57,1045.1825000000003,6.66267374640493,2.0,8.0,40,0,0
S0001,Frozen Foods,2025-10-12,1198.81,172,94,2.500404924741919,0.0020857391285874485,0,1,None,,1185.18,0.011500362814087211,968.5075000000002,0.23779113739439264,1185.18,0.011500362814087211,,,,,126.0,147.75,-8.899999999999999,822.01,968.5075000000002,6.551809548874065,2.0,8.0,41,0,0
S0001,Frozen Foods,2025-10-19,1028.01,151,79,16.716476505543053,0.01626100573490827,0,1,None,,1185.18,-0.13261276768085867,997.9800000000002,0.030090783382432252,1185.18,-0.13261276768085867,,,,,172.0,151.75,2.499999999999999,1198.81,997.9800000000002,6.562022354479312,1.0,8.0,42,0,0
S0001,Frozen Foods,2025-10-26,968.66,143,80,11.200490120218166,0.011562870481095706,0,1,None,,1185.18,-0.1826895492667781,1030.6000000000004,-0.060100912090045,1185.18,-0.1826895492667781,,,,,151.0,151.0,3.400000000000012,1028.01,1030.6000000000004,6.80699644495837,1.0,8.0,43,0,0
S0001,Grains and Pasta,2024-12-29,230.24,132,67,6.245094925675046,0.02712428303368244,1,1,Manager_Special,30.0,,,1016.2766666666671,-0.773447519212288,,,,,,,,149.66666666666666,,,1016.2766666666671,6.76724257177245,1.0,7.0,52,0,1
S0001,Grains and Pasta,2025-01-05,605.51,235,124,12.402636618464834,0.020482959188890083,0,1,None,,,,819.0200000000004,-0.2606896046494595,,,,,,,132.0,151.66666666666666,,230.24,819.0200000000004,5.174027083556962,2.0,7.0,1,1,0
S0001,Grains and Pasta,2025-01-12,388.05,155,85,3.3796358588351434,0.008709279368213228,1,1,Coupon,15.0,,,621.2533333333337,-0.37537558483925,,,,,,,235.0,172.66666666666666,,605.51,621.2533333333337,3.709631322382626,2.0,7.0,2,1,0
S0001,Grains and Pasta,2025-01-19,541.65,207,115,2.165261315113901,0.003997528505702762,0,1,None,,,,407.9333333333336,0.32779048864193394,,,,,,,155.0,174.0,,388.05,407.9333333333336,2.2748097030705132,2.0,7.0,3,0,0
S0001,Grains and Pasta,2025-01-26,485.94,178,98,1.0205507366633542,0.0021001579138645804,0,1,None,,,,441.36250000000024,0.10099974510747908,,,,,,,207.0,182.25,14.500000000000016,541.65,441.36250000000024,2.3602739439695517,2.0,7.0,4,0,0
S0001,Grains and Pasta,2025-02-02,470.76,180,102,7.374799458914452,0.015665730858429882,0,1,None,,,,505.28750000000025,-0.06833238502832593,,,,,,,178.0,193.75,-11.900000000000015,485.94,505.28750000000025,2.6067133379089453,2.0,7.0,5,0,0
S0001,Grains and Pasta,2025-02-09,449.21999999999997,194,100,11.75797898990018,0.02617421083188678,1,1,Manager_Special,10.0,,,471.60000000000025,-0.047455470737914056,,,,,,,180.0,180.0,4.600000000000003,470.76,471.60000000000025,2.6163870967741936,2.0,7.0,6,0,0
S0001,Grains and Pasta,2025-02-16,484.87,184,95,5.9753771547953844,0.012323668518974951,1,1,BOGO,50.0,,,486.89250000000027,-0.0041538943401269535,,,,,,,194.0,189.75,-3.6999999999999926,449.21999999999997,486.89250000000027,2.569391752577319,3.0,7.0,7,0,0
S0001,Grains and Pasta,2025-02-23,448.4,171,97,9.688785070235808,0.021607460013906798,0,1,None,,,,472.6975000000002,-0.051401795016898184,,,,,,,184.0,184.0,3.199999999999995,484.87,472.6975000000002,2.574015846780218,4.0,8.0,8,0,0
S0001,Grains and Pasta,2025-03-02,467.18,168,96,4.615066968782545,0.009878562799740026,0,1,None,,,,463.3125000000002,0.008347497639281862,,,,,,,171.0,182.25,-3.7000000000000055,448.4,463.3125000000002,2.5470714023357734,3.0,8.0,9,0,0
S0001,Grains and Pasta,2025-03-09,353.5,165,95,2.477554192456077,0.007008639865505168,1,1,Coupon,20.0,,,462.4175000000002,-0.23553931241789108,,,,,,,168.0,179.25,-9.099999999999993,467.18,462.4175000000002,2.588446402335774,3.0,8.0,10,0,0
S0001,Grains and Pasta,2025-03-16,466.97,180,95,15.882206087075206,0.034011191483553985,0,1,None,,,,438.4875000000002,0.06495624162604369,,,,,,,165.0,172.0,-6.000000000000014,353.5,438.4875000000002,2.545160710364515,3.0,8.0,11,0,0
S0001,Grains and Pasta,2025-03-23,464.54,171,93,6.021008693393207,0.012961227651856044,0,1,None,,,,434.0125000000002,0.07033783589182291,,,,,,,180.0,171.0,2.3999999999999995,466.97,434.0125000000002,2.534939393939394,3.0,8.0,12,0,0
S0001,Grains and Pasta,2025-03-30,429.53,166,89,31.24044505983169,0.07273169524790281,0,1,None,,,,438.04750000000024,-0.019444238353147236,,,,,,,171.0,171.0,2.3999999999999995,464.54,438.04750000000024,2.558535885167464,3.0,8.0,13,0,0
S0001,Grains and Pasta,2025-04-06,425.45,153,83,1.5434663389587606,0.003627844256572478,0,1,None,,,,428.6350000000002,-0.0074305644662713685,,,,,,,166.0,170.5,-0.5999999999999919,429.53,428.6350000000002,2.5102100819546127,3.0,8.0,14,0,0
S0001,Grains and Pasta,2025-04-13,399.63,181,100,3.7649209457420905,0.009421016804899759,1,1,Manager_Special,15.0,,,446.62250000000023,-0.10521749352081503,,,,,,,153.0,167.5,-8.59999999999999,425.45,446.62250000000023,2.6697837599106435,2.0,8.0,15,0,0
S0001,Grains and Pasta,2025-04-20,443.11,163,87,2.1794642507270976,0.004918562548186901,0,1,None,,,,429.78750000000025,0.0309978768577489,,,,,,,181.0,167.75,1.7000000000000068,399.63,429.78750000000025,2.573189453587746,2.0,8.0,16,0,0
S0001,Grains and Pasta,2025-04-27,513.4,192,103,0.0,0.0,0,0,None,,,,424.43000000000023,0.2096223169898445,,,,,,,163.0,165.75,1.9000000000000097,443.11,424.43000000000023,2.5736539712212982,2.0,8.0,17,0,0
S0001,Grains and Pasta,2025-05-04,395.54,152,87,0.48650925515183285,0.0012299874984877202,0,1,None,,513.4,-0.22956758862485385,445.39750000000026,-0.11193933508832046,513.4,-0.22956758862485385,452.0466666666666,-0.1250018434674885,,,192.0,172.25,9.900000000000004,513.4,445.39750000000026,2.5952610244341496,2.0,7.0,18,0,0
S0001,Grains and Pasta,2025-05-11,415.49,153,79,9.369433351261794,0.022550322152787777,0,1,None,,513.4,-0.19070899883132056,437.92000000000024,-0.05121940080380029,513.4,-0.19070899883132056,450.68333333333334,-0.07808882807588476,,,152.0,172.0,-5.800000000000001,395.54,437.92000000000024,2.550640496398374,1.0,7.0,19,0,0
S0001,Grains and Pasta,2025-05-18,373.53,152,92,5.122214479033312,0.013712993545453678,1,1,BOGO,50.0,513.4,-0.27243864433190496,441.8850000000002,-0.15468956855290453,513.4,-0.27243864433190496,441.4766666666667,-0.15390771879223525,,,153.0,165.0,-6.9999999999999885,415.49,441.8850000000002,2.677570587034997,1.0,7.0,20,0,0
S0001,Grains and Pasta,2025-05-25,453.58,168,86,5.12248429612296,0.011293452745101107,0,1,None,,513.4,-0.11651733541098558,424.49000000000024,0.06852929397630034,513.4,-0.11651733541098558,,,,,152.0,162.25,-11.899999999999993,373.53,424.49000000000024,2.612312575249398,2.0,7.0,21,0,0
S0001,Grains and Pasta,2025-06-01,382.88,150,84,4.292621407301706,0.011211401502564004,0,1,None,,513.4,-0.2542267238021036,409.5350000000002,-0.06508601218455123,513.4,-0.2542267238021036,,,,,168.0,156.25,4.700000000000025,453.58,409.5350000000002,2.6187932300113026,2.0,7.0,22,0,0
S0001,Grains and Pasta,2025-06-08,510.42,200,107,13.916073988765365,0.027263966907184994,0,1,None,,513.4,-0.005804440981690614,406.37000000000023,0.256047444447178,513.4,-0.005804440981690614,,,,,150.0,155.75,0.6999999999999963,382.88,406.37000000000023,2.60636735281832,2.0,7.0,23,0,0
S0001,Grains and Pasta,2025-06-15,586.63,220,112,3.3425250340609005,0.005697841968635938,0,1,None,,513.4,0.14263731982859373,430.10250000000025,0.36393069093994956,513.4,0.14263731982859373,,,,,200.0,167.5,12.599999999999996,510.42,430.10250000000025,2.5654871240601502,1.0,7.0,24,0,0
S0001,Grains and Pasta,2025-06-22,398.09,205,102,18.5242678262516,0.04653286399118692,1,1,Coupon,25.0,513.4,-0.2246007012076354,483.3775000000002,-0.176440773515524,513.4,-0.2246007012076354,,,,,220.0,184.5,20.59999999999998,586.63,483.3775000000002,2.6177535714285716,1.0,7.0,25,0,0
S0001,Grains and Pasta,2025-06-29,494.81,198,99,10.467032512224659,0.021153639805631775,0,1,None,,513.4,-0.036209583171016704,469.50500000000017,0.053897189593294696,513.4,-0.036209583171016704,,,,,205.0,193.75,18.50000000000001,398.09,469.50500000000017,2.428258943089431,2.0,8.0,26,0,0
S0001,Grains and Pasta,2025-07-06,473.45,182,108,8.109725811482964,0.017129001608370397,0,1,None,,513.4,-0.07781456953642382,497.4875000000002,-0.048317796929571465,513.4,-0.07781456953642382,,,,,198.0,205.75,-2.1000000000000245,494.81,497.4875000000002,2.4148857107661987,2.0,8.0,27,0,0
S0001,Grains and Pasta,2025-07-13,470.71,185,89,36.43234983203682,0.0773987164751903,0,1,None,,513.4,-0.08315153876119985,488.2450000000002,-0.03591434628106829,513.4,-0.08315153876119985,,,,,182.0,201.25,-12.10000000000002,473.45,488.2450000000002,2.4272041173596053,2.0,8.0,28,0,0
S0001,Grains and Pasta,2025-07-20,371.44,145,93,10.741392146016805,0.028918242908724977,1,1,Coupon,15.0,513.4,-0.276509544215037,459.2650000000002,-0.19122946447040418,513.4,-0.276509544215037,,,,,185.0,192.5,-7.600000000000004,470.71,459.2650000000002,2.3966737119542,1.0,8.0,29,0,0
S0001,Grains and Pasta,2025-07-27,410.34,160,94,11.718516028439565,0.02855806411375826,0,1,None,,513.4,-0.20074016361511493,452.60250000000025,-0.09337663844101668,513.4,-0.20074016361511493,,,,,145.0,177.5,-15.59999999999998,371.44,452.60250000000025,2.5516118953015505,2.0,8.0,30,0,0
S0001,Grains and Pasta,2025-08-03,528.78,191,107,31.249683083556018,0.05909770241604452,0,1,None,,513.4,0.029957148422282812,431.4850000000002,0.2254887191907013,513.4,0.029957148422282812,,,,,160.0,168.0,-10.599999999999987,410.34,431.4850000000002,2.5680080442914495,2.0,8.0,31,0,0
S0001,Grains and Pasta,2025-08-10,434.98,172,88,3.109403587450983,0.007148382885307331,0,1,None,,513.4,-0.15274639657187372,445.3175000000002,-0.023213774441831276,513.4,-0.15274639657187372,,,,,191.0,170.25,3.3000000000000065,528.78,445.3175000000002,2.6097850565462104,2.0,8.0,32,0,0
S0001,Grains and Pasta,2025-08-17,527.96,201,108,10.232779301095935,0.019381732140874183,0,1,None,,513.4,0.028359953252824425,436.3850000000002,0.2098491011377563,513.4,0.028359953252824425,,,,,172.0,167.0,11.199999999999996,434.98,436.3850000000002,2.605928834044639,2.0,8.0,33,0,0
S0001,Grains and Pasta,2025-08-24,524.91,200,106,10.430425202328356,0.019870883012951472,0,1,None,,513.4,0.022419166342033486,475.5150000000002,0.10387684931074673,513.4,0.022419166342033486,,,,,201.0,181.0,10.400000000000002,527.96,475.5150000000002,2.6221817076078575,1.0,8.0,34,0,0
S0001,Grains and Pasta,2025-08-31,409.12,158,81,7.781555734970266,0.01902022813592654,0,1,None,,513.4,-0.2031164783794312,504.15750000000025,-0.18850755964158067,513.4,-0.2031164783794312,,,,,200.0,191.0,5.5999999999999925,524.91,504.15750000000025,2.6371629576078575,1.0,8.0,35,0,0
S0001,Grains and Pasta,2025-09-07,456.69,171,93,2.3999988958669403,0.005255203520696622,0,1,None,,513.4,-0.11045968056096607,474.24250000000023,-0.037011655429448495,513.4,-0.11045968056096607,,,,,158.0,182.75,-4.299999999999972,409.12,474.24250000000023,2.5923843109115885,1.0,8.0,36,0,0
S0001,Grains and Pasta,2025-09-14,407.93,158,96,3.4005507122633407,0.00833611333381546,0,1,None,,513.4,-0.2054343591741332,479.67000000000024,-0.14956115662851585,513.4,-0.2054343591741332,,,,,171.0,182.5,-13.19999999999999,456.69,479.67000000000024,2.6278213774150565,1.0,8.0,37,0,0
S0001,Grains and Pasta,2025-09-21,406.71,156,89,5.838433494500922,0.014355274014656444,0,1,None,,513.4,-0.20781067393844957,449.66250000000025,-0.09552164123092374,513.4,-0.20781067393844957,,,,,158.0,171.75,-11.300000000000008,407.93,449.66250000000025,2.6166135715078838,0.0,8.0,38,0,0
S0001,Grains and Pasta,2025-09-28,327.88,181,103,23.751399061487106,0.07243930420119284,1,1,BOGO,100.0,513.4,-0.3613556680950526,420.11250000000024,-0.219542384480348,513.4,-0.3613556680950526,,,,,156.0,160.75,-1.8999999999999937,406.71,420.11250000000024,2.61225491766173,0.0,8.0,39,0,0
S0001,Grains and Pasta,2025-10-05,476.91,184,103,39.63836381766187,0.08311497728641015,0,1,None,,513.4,-0.07107518504090368,399.80250000000024,0.1928639765884399,513.4,-0.07107518504090368,,,,,181.0,166.5,2.8000000000000025,327.88,399.80250000000024,2.4177860736866266,1.0,8.0,40,0,0
S0001,Grains and Pasta,2025-10-12,572.8,215,116,1.1947113728548906,0.002085739128587449,0,1,None,,513.4,0.11569925983638485,404.8575000000002,0.41481879426711793,513.4,0.11569925983638485,,,,,184.0,169.75,10.299999999999995,476.91,404.8575000000002,2.3980861785683962,1.0,8.0,41,0,0
S0001,Grains and Pasta,2025-10-19,375.56,147,82,6.106983313802151,0.01626100573490827,0,1,None,,513.4,-0.26848461238800153,446.0750000000003,-0.1580787984083399,513.4,-0.26848461238800153,,,,,215.0,184.0,18.000000000000007,572.8,446.0750000000003,2.4186738294368095,1.0,8.0,42,0,0
S0001,Grains and Pasta,2025-10-26,448.34,180,97,5.184097351494449,0.011562870481095708,1,1,Bundle,20.0,513.4,-0.1267238021036229,438.28750000000025,0.022935858312180292,513.4,-0.1267238021036229,,,,,147.0,181.75,-7.1000000000000085,375.56,438.28750000000025,2.405602466276161,1.0,8.0,43,0,0
S0001,Meat and Seafood,2024-12-29,1052.97,112,58,28.561056305976603,0.027124283033682445,0,1,None,,,,475.0900000000003,1.2163590056620834,,,,,,,,182.0,,,475.0900000000003,2.603639384132487,1.0,7.0,52,0,1
S0001,Meat and Seafood,2025-01-05,1360.25,146,85,27.861945236687735,0.020482959188890083,0,1,None,,,,667.1100000000002,1.0390190523301996,,,,,,,112.0,158.0,,1052.97,667.1100000000002,4.873511278542424,1.0,7.0,1,1,0
S0001,Meat and Seafood,2025-01-12,1379.91,154,82,12.018021692991116,0.008709279368213228,1,1,Bundle,10.0,,,929.5933333333337,0.4844232962083774,,,,,,,146.0,135.0,,1360.25,929.5933333333337,7.091042870344485,1.0,7.0,2,1,0
S0001,Meat and Seafood,2025-01-19,1363.58,151,86,5.450949919806172,0.003997528505702762,0,1,None,,,,1264.376666666667,0.07846026895993512,,,,,,,154.0,137.33333333333334,,1379.91,1264.376666666667,9.226251074838403,2.0,7.0,3,0,0
S0001,Meat and Seafood,2025-01-26,1358.14,137,78,2.852308469136041,0.00210015791386458,0,1,None,,,,1289.1775000000002,0.05349340955764419,,,,,,,151.0,140.75,12.500000000000009,1363.58,1289.1775000000002,9.177271087585757,1.0,7.0,4,0,0
S0001,Meat and Seafood,2025-02-02,1264.14,128,76,19.80367700737555,0.015665730858429882,0,1,None,,,,1365.4700000000003,-0.07420888045874324,,,,,,,137.0,147.0,-2.999999999999984,1358.14,1365.4700000000003,9.30524928753362,1.0,7.0,5,0,0
S0001,Meat and Seafood,2025-02-09,1119.54,131,77,29.303075994730527,0.02617421083188678,1,1,Coupon,25.0,,,1341.4425000000003,-0.1654208063334808,,,,,,,128.0,142.5,-9.200000000000014,1264.14,1341.4425000000003,9.445077519554166,1.0,7.0,6,0,0
S0001,Meat and Seafood,2025-02-16,1868.3600000000001,200,97,23.02504931411204,0.01232366851897495,1,1,Bundle,20.0,,,1276.3500000000004,0.4638304540290669,,,,,,,131.0,136.75,-6.899999999999989,1119.54,1276.3500000000004,9.341490600747782,2.0,7.0,7,0,0
S0001,Meat and Seafood,2025-02-23,1318.05,140,85,28.47971267132985,0.021607460013906794,0,1,None,,,,1402.5450000000003,-0.06024405634043851,,,,,,,200.0,149.0,19.2,1868.3600000000001,1402.5450000000003,9.419357819290829,3.0,8.0,8,0,0
S0001,Meat and Seafood,2025-03-02,1476.1200000000001,163,95,14.58194411995225,0.009878562799740028,0,1,None,,,,1392.5225000000003,0.060033141295741964,,,,,,,140.0,149.75,10.500000000000005,1318.05,1392.5225000000003,9.294660869342966,3.0,8.0,9,0,0
S0001,Meat and Seafood,2025-03-09,1587.47,167,96,11.12600552729349,0.007008639865505168,0,1,None,,,,1445.5175000000002,0.09820185504499244,,,,,,,163.0,158.5,3.6000000000000236,1476.1200000000001,1445.5175000000002,9.089625161904316,3.0,8.0,10,0,0
S0001,Meat and Seafood,2025-03-16,1292.56,131,74,43.961505663982535,0.034011191483553985,0,1,None,,,,1562.5000000000002,-0.17276160000000015,,,,,,,167.0,167.5,-7.6,1587.47,1562.5000000000002,9.329550540155449,2.0,8.0,11,0,0
S0001,Meat and Seafood,2025-03-23,1178.89,131,77,15.279861666496572,0.012961227651856044,0,1,None,,,,1418.5500000000002,-0.1689471643579712,,,,,,,131.0,150.25,-2.2999999999999963,1292.56,1418.5500000000002,9.460818097407355,2.0,8.0,12,0,0
S0001,Meat and Seafood,2025-03-30,1292.64,142,83,94.01589854524907,0.0727316952479028,0,1,None,,,,1383.7600000000002,-0.06584956928947223,,,,,,,131.0,148.0,-13.199999999999998,1178.89,1383.7600000000002,9.356947459457519,2.0,8.0,13,0,0
S0001,Meat and Seafood,2025-04-06,1410.78,154,79,5.118090120287319,0.003627844256572477,0,1,None,,,,1337.8900000000003,0.054481310122655544,,,,,,,142.0,142.75,-7.499999999999995,1292.64,1337.8900000000003,9.368734377283493,2.0,8.0,14,0,0
S0001,Meat and Seafood,2025-04-13,1026.2,111,71,9.667847445188132,0.009421016804899757,0,1,None,,,,1293.7175000000002,-0.20678200611802816,,,,,,,154.0,139.5,8.000000000000004,1410.78,1293.7175000000002,9.282509554202383,1.0,8.0,15,0,0
S0001,Meat and Seafood,2025-04-20,1423.41,153,86,7.001131116714716,0.0049185625481869,0,1,None,,,,1227.1275000000005,0.1599528166388574,,,,,,,111.0,134.5,-4.799999999999982,1026.2,1227.1275000000005,9.127053258211737,0.0,8.0,16,0,0
S0001,Meat and Seafood,2025-04-27,1542.99,155,93,0.0,0.0,0,0,None,,,,1288.2575000000004,0.1977341486465241,,,,,,,153.0,140.0,-0.9999999999999962,1423.41,1288.2575000000004,9.203096515209191,0.0,8.0,17,0,0
S0001,Meat and Seafood,2025-05-04,1290.07,141,79,1.5867699721740531,0.0012299874984877202,0,1,None,,1542.99,-0.16391551468253202,1350.8450000000003,-0.04499035788710053,1542.99,-0.16391551468253202,1330.8666666666668,-0.03065421028903485,,,155.0,143.25,4.499999999999995,1542.99,1350.8450000000003,9.416015415708964,0.0,7.0,18,0,0
S0001,Meat and Seafood,2025-05-11,1448.08,150,91,32.65467050300892,0.022550322152787777,0,1,None,,1542.99,-0.06151044400806232,1320.6675000000002,0.09647583513639857,1542.99,-0.06151044400806232,1418.8233333333335,0.020620373220062466,,,141.0,140.0,9.200000000000005,1290.07,1320.6675000000002,9.41314629901006,0.0,7.0,19,0,0
S0001,Meat and Seafood,2025-05-18,1507.13,159,75,20.667263962159605,0.01371299354545368,0,1,None,,1542.99,-0.02324059131945113,1426.1375000000003,0.0567915085326624,1542.99,-0.02324059131945113,1427.0466666666664,0.05611823019102416,,,150.0,149.75,-2.3000000000000016,1448.08,1426.1375000000003,9.515351704415465,0.0,7.0,20,0,0
S0001,Meat and Seafood,2025-05-25,1380.25,150,76,15.587788151425801,0.011293452745101107,0,1,None,,1542.99,-0.10547054744359977,1447.0675000000003,-0.04617441826314275,1542.99,-0.10547054744359977,,,,,159.0,151.25,2.1000000000000054,1507.13,1447.0675000000003,9.559219628943767,0.0,7.0,21,0,0
S0001,Meat and Seafood,2025-06-01,1297.12,141,77,14.542533117005819,0.011211401502564004,0,1,None,,1542.99,-0.1593464636841458,1406.3825000000002,-0.07769045761021647,1542.99,-0.1593464636841458,,,,,150.0,150.0,3.600000000000005,1380.25,1406.3825000000002,9.370942747223337,0.0,7.0,22,0,0
S0001,Meat and Seafood,2025-06-08,1264.72,138,77,34.48128422685501,0.027263966907184998,0,1,None,,1542.99,-0.18034465550651654,1408.1450000000002,-0.10185385737974438,1542.99,-0.18034465550651654,,,,,141.0,150.0,-3.600000000000009,1297.12,1408.1450000000002,9.383442747223338,0.0,7.0,23,0,0
S0001,Meat and Seafood,2025-06-15,1825.76,191,105,10.40289195265675,0.005697841968635938,0,1,None,,1542.99,0.18326107103740139,1362.3050000000003,0.34019914776793714,1542.99,0.18326107103740139,,,,,138.0,147.0,-7.1999999999999815,1264.72,1362.3050000000003,9.261135500846526,0.0,7.0,24,0,0
S0001,Meat and Seafood,2025-06-22,1049.67,118,68,48.84415134562918,0.04653286399118692,0,1,None,,1542.99,-0.3197169132658021,1441.9625000000003,-0.2720545783957628,1542.99,-0.3197169132658021,,,,,191.0,155.0,12.0,1825.76,1441.9625000000003,9.281172462880178,0.0,7.0,25,0,0
S0001,Meat and Seafood,2025-06-29,1405.93,152,93,29.740536811931882,0.021153639805631775,0,1,None,,1542.99,-0.08882753614735024,1359.3175000000003,0.03429110564676738,1542.99,-0.08882753614735024,,,,,118.0,147.0,-1.600000000000013,1049.67,1359.3175000000003,9.20463291485758,0.0,8.0,26,0,0
S0001,Meat and Seafood,2025-07-06,1545.77,166,94,26.477496816170706,0.017129001608370397,0,1,None,,1542.99,0.0018016967057466172,1386.5200000000004,0.11485589822000368,1542.99,0.0018016967057466172,,,,,152.0,149.75,-3.0999999999999917,1405.93,1386.5200000000004,9.217159627250265,0.0,8.0,27,0,0
S0001,Meat and Seafood,2025-07-13,1054.08,123,64,81.58443906216857,0.07739871647519028,1,1,Coupon,10.0,1542.99,-0.316858826045535,1456.7825000000003,-0.2764328237056666,1542.99,-0.316858826045535,,,,,166.0,156.75,-4.100000000000012,1545.77,1456.7825000000003,9.253967074430289,0.0,8.0,28,0,0
S0001,Meat and Seafood,2025-07-20,1618.87,172,91,46.8148758976476,0.028918242908724977,1,1,Coupon,15.0,1542.99,0.049177246774120296,1263.8625000000002,0.28089091970052094,1542.99,0.049177246774120296,,,,,123.0,139.75,2.9,1054.08,1263.8625000000002,9.006667878925242,1.0,8.0,29,0,0
S0001,Meat and Seafood,2025-07-27,1323.83,148,80,37.8060220157166,0.028558064113758264,0,1,None,,1542.99,-0.14203591727749376,1406.1625000000004,-0.058551198741255306,1542.99,-0.14203591727749376,,,,,172.0,153.25,1.7000000000000135,1618.87,1406.1625000000004,9.135799481211409,2.0,8.0,30,0,0
S0001,Meat and Seafood,2025-08-03,1216.0,137,76,71.86280613791014,0.05909770241604453,0,1,None,,1542.99,-0.21191971432089646,1385.6375000000003,-0.12242559832568059,1542.99,-0.21191971432089646,,,,,148.0,152.25,-0.49999999999998995,1323.83,1385.6375000000003,9.05961393711468,2.0,8.0,31,0,0
S0001,Meat and Seafood,2025-08-10,1631.34,176,90,11.661442936117261,0.007148382885307331,0,1,None,,1542.99,0.05725895825637231,1303.1950000000002,0.2518003829050907,1542.99,0.05725895825637231,,,,,137.0,145.0,1.800000000000013,1216.0,1303.1950000000002,8.95062517183458,2.0,8.0,32,0,0
S0001,Meat and Seafood,2025-08-17,1300.88,133,75,25.213307707420412,0.019381732140874186,0,1,None,,1542.99,-0.1569096364850063,1447.5100000000002,-0.10129809120489675,1542.99,-0.1569096364850063,,,,,176.0,158.25,0.10000000000000484,1631.34,1447.5100000000002,9.125430465626156,2.0,8.0,33,0,0
S0001,Meat and Seafood,2025-08-24,1709.24,185,108,33.96410808105718,0.019870883012951472,0,1,None,,1542.99,0.10774535155768994,1368.0125000000003,0.24943302784148513,1542.99,0.10774535155768994,,,,,133.0,148.5,-0.5999999999999958,1300.88,1368.0125000000003,9.21768490259066,2.0,8.0,34,0,0
S0001,Meat and Seafood,2025-08-31,1500.59,160,84,28.541564138490006,0.01902022813592654,0,1,None,,1542.99,-0.02747911522433722,1464.3650000000002,0.02473768493510817,1542.99,-0.02747911522433722,,,,,185.0,157.75,10.099999999999998,1709.24,1464.3650000000002,9.29126936205012,2.0,8.0,35,0,0
S0001,Meat and Seafood,2025-09-07,1430.67,146,75,7.5184620209550355,0.005255203520696621,1,1,Coupon,10.0,1542.99,-0.07279373165088558,1535.5125000000003,-0.06827850636188255,1542.99,-0.07279373165088558,,,,,160.0,163.5,0.4000000000000059,1500.59,1535.5125000000003,9.416963134860339,2.0,8.0,36,0,0
S0001,Meat and Seafood,2025-09-14,1472.35,171,99,12.273676467043192,0.00833611333381546,1,1,Manager_Special,25.0,1542.99,-0.04578124291149009,1485.3450000000003,-0.008748809199209843,1542.99,-0.04578124291149009,,,,,146.0,156.0,1.4000000000000057,1430.67,1485.3450000000003,9.549496213938795,2.0,8.0,37,0,0
S0001,Meat and Seafood,2025-09-21,1361.87,150,85,19.55001702234017,0.014355274014656446,0,1,None,,1542.99,-0.11738248465641392,1528.2125000000003,-0.10884775513876532,1542.99,-0.11738248465641392,,,,,171.0,165.5,-5.600000000000009,1472.35,1528.2125000000003,9.256791535576221,2.0,8.0,38,0,0
S0001,Meat and Seafood,2025-09-28,1155.13,125,71,83.67681346192389,0.07243930420119284,0,1,None,,1542.99,-0.25136909506866534,1441.3700000000003,-0.19858884255950948,1542.99,-0.25136909506866534,,,,,150.0,156.75,-0.49999999999999867,1361.87,1441.3700000000003,9.21679108512577,2.0,8.0,39,0,0
S0001,Meat and Seafood,2025-10-05,1488.23,159,91,123.69420264695417,0.08311497728641014,0,1,None,,1542.99,-0.03548953654916752,1355.0050000000003,0.09832067040342998,1542.99,-0.03548953654916752,,,,,125.0,148.0,-8.399999999999995,1155.13,1355.0050000000003,9.182379210125772,2.0,8.0,40,0,0
S0001,Meat and Seafood,2025-10-12,1420.93,155,82,2.963689299983764,0.002085739128587449,0,1,None,,1542.99,-0.07910615104440077,1369.3950000000002,0.03763340745365643,1542.99,-0.07910615104440077,,,,,159.0,151.25,-6.099999999999988,1488.23,1369.3950000000002,9.072586089595058,2.0,8.0,41,0,0
S0001,Meat and Seafood,2025-10-19,1364.82,147,85,22.193345847117506,0.01626100573490827,0,1,None,,1542.99,-0.11547061225283382,1356.5400000000004,0.0061037639877921145,1542.99,-0.11547061225283382,,,,,155.0,147.25,4.900000000000012,1420.93,1356.5400000000004,9.211850190708056,2.0,8.0,42,0,0
S0001,Meat and Seafood,2025-10-26,1082.29,121,69,12.514379092985072,0.011562870481095706,1,1,Manager_Special,15.0,1542.99,-0.29857614112858805,1357.2775000000004,-0.2026022681433976,1542.99,-0.29857614112858805,,,,,147.0,146.5,6.200000000000006,1364.82,1357.2775000000004,9.263189306354313,2.0,8.0,43,0,0
S0001,Pet Food,2024-12-29,568.4,80,40,15.4174424763451,0.02712428303368244,0,1,None,,,,1424.6600000000005,-0.6010276136060535,,,,,,,,153.66666666666666,,,1424.6600000000005,9.270572408472416,2.0,7.0,52,0,1
S0001,Pet Food,2025-01-05,1180.79,156,84,24.18607338064952,0.020482959188890083,0,1,None,,,,1118.0500000000004,0.056115558338177655,,,,,,,80.0,127.33333333333333,,568.4,1118.0500000000004,8.518926706166338,1.0,7.0,1,1,0
S0001,Pet Food,2025-01-12,957.36,129,80,8.337915695952617,0.00870927936821323,0,1,None,,,,1038.0033333333338,-0.07769082308663146,,,,,,,156.0,127.66666666666667,,1180.79,1038.0033333333338,7.986218820861677,0.0,7.0,2,1,0
S0001,Pet Food,2025-01-19,792.99,110,68,3.1700001297372333,0.003997528505702762,0,1,None,,,,902.1833333333337,-0.1210323105059951,,,,,,,129.0,121.66666666666667,,957.36,902.1833333333337,7.3651873385012925,0.0,7.0,3,0,0
S0001,Pet Food,2025-01-26,1076.21,148,82,2.2602109484801995,0.00210015791386458,0,1,None,,,,874.8850000000002,0.23011595809734967,,,,,,,110.0,118.75,6.300000000000008,792.99,874.8850000000002,7.326140503875969,0.0,7.0,4,0,0
S0001,Pet Food,2025-02-02,832.82,113,69,13.046733973517576,0.015665730858429882,0,1,None,,,,1001.8375000000002,-0.16870749996880743,,,,,,,148.0,135.75,-4.300000000000001,1076.21,1001.8375000000002,7.367812801173266,0.0,7.0,5,0,0
S0001,Pet Food,2025-02-09,1086.68,148,82,28.44299142679473,0.02617421083188678,0,1,None,,,,914.8450000000003,0.18782963234209046,,,,,,,113.0,125.0,-0.9999999999999961,832.82,914.8450000000003,7.318043258400405,0.0,7.0,6,0,0
S0001,Pet Food,2025-02-16,942.17,126,80,11.61099076852263,0.012323668518974951,0,1,None,,,,947.1750000000002,-0.005284134399662388,,,,,,,148.0,129.75,7.900000000000011,1086.68,947.1750000000002,7.29830252929921,0.0,7.0,7,0,0
S0001,Pet Food,2025-02-23,1095.33,148,84,23.66729917703253,0.021607460013906794,0,1,None,,,,984.4700000000003,0.11260881489532402,,,,,,,126.0,133.75,-3.1000000000000085,942.17,984.4700000000003,7.365437449934131,0.0,8.0,8,0,0
S0001,Pet Food,2025-03-02,1086.24,148,87,10.730490055589607,0.009878562799740026,0,1,None,,,,989.2500000000002,0.09804397270659566,,,,,,,148.0,133.75,8.30000000000002,1095.33,989.2500000000002,7.3977347472314285,0.0,8.0,9,0,0
S0001,Pet Food,2025-03-09,1089.19,144,84,7.633740455109575,0.007008639865505169,0,1,None,,,,1052.6050000000002,0.03475662760484683,,,,,,,148.0,142.5,2.2000000000000015,1086.24,1052.6050000000002,7.390077488202488,0.0,8.0,10,0,0
S0001,Pet Food,2025-03-16,769.87,136,80,26.184195987443704,0.034011191483553985,1,1,Coupon,25.0,,,1053.2325000000003,-0.26904078634109774,,,,,,,144.0,141.5,5.400000000000005,1089.19,1053.2325000000003,7.445424241205491,0.0,8.0,11,0,0
S0001,Pet Food,2025-03-23,1031.79,134,79,13.373265078908547,0.012961227651856044,0,1,None,,,,1010.1575000000003,0.021414977367390436,,,,,,,136.0,144.0,-3.999999999999997,769.87,1010.1575000000003,6.991241526452924,1.0,8.0,12,0,0
S0001,Pet Food,2025-03-30,711.38,138,75,51.7398733654531,0.07273169524790281,1,1,Coupon,30.0,,,994.2725000000003,-0.2845221003296382,,,,,,,134.0,140.5,-5.0000000000000036,1031.79,994.2725000000003,7.066003275141911,1.0,8.0,13,0,0
S0001,Pet Food,2025-04-06,833.11,110,69,3.0223933285930973,0.003627844256572478,0,1,None,,,,900.5575000000003,-0.07489527320576454,,,,,,,138.0,138.0,-2.0000000000000044,711.38,900.5575000000003,6.519870294335018,2.0,8.0,14,0,0
S0001,Pet Food,2025-04-13,1150.45,154,83,10.838408783196927,0.009421016804899759,0,1,None,,,,836.5375000000001,0.3752521554622475,,,,,,,110.0,129.5,-7.4,833.11,836.5375000000001,6.522347251405725,2.0,8.0,15,0,0
S0001,Pet Food,2025-04-20,936.75,126,71,4.607463467014079,0.004918562548186901,0,1,None,,,,931.6825000000002,0.005439084666718294,,,,,,,154.0,134.0,3.2000000000000033,1150.45,931.6825000000002,6.974758681887007,2.0,8.0,16,0,0
S0001,Pet Food,2025-04-27,875.05,115,60,0.0,0.0,0,0,None,,,,907.9225000000002,-0.036206284126674114,,,,,,,126.0,132.0,0.7999999999999796,936.75,907.9225000000002,6.908408290984378,2.0,8.0,17,0,0
S0001,Pet Food,2025-05-04,986.32,133,79,1.2131612695084084,0.0012299874984877204,0,1,None,,875.05,0.12715844808868076,948.8400000000001,0.03950086421314437,875.05,0.12715844808868076,987.4166666666666,-0.001110642248290906,,,115.0,126.25,-1.3000000000000016,875.05,948.8400000000001,7.521959015622059,2.0,7.0,18,0,0
S0001,Pet Food,2025-05-11,1203.23,153,85,27.133224123898838,0.022550322152787777,0,1,None,,875.05,0.375041426204217,987.1425000000003,0.21890203288785529,875.05,0.375041426204217,932.7066666666666,0.2900411705001931,,,133.0,132.0,-7.400000000000008,986.32,987.1425000000003,7.482512159846256,2.0,7.0,19,0,0
S0001,Pet Food,2025-05-18,923.52,121,59,12.664223799097384,0.013712993545453682,0,1,None,,875.05,0.05539112050739961,1000.3375000000002,-0.07679158284079143,875.05,0.05539112050739961,1021.5333333333333,-0.09594726881159041,,,153.0,131.75,9.899999999999999,1203.23,1000.3375000000002,7.580960614985888,1.0,7.0,20,0,0
S0001,Pet Food,2025-05-25,995.31,133,79,11.240486451726582,0.011293452745101107,0,1,None,,875.05,0.13743214673447232,997.0300000000002,-0.0017251236171431695,875.05,0.13743214673447232,,,,,121.0,130.5,3.8000000000000025,923.52,997.0300000000002,7.6304288361586545,1.0,7.0,21,0,0
S0001,Pet Food,2025-06-01,985.77,135,78,11.051863259182516,0.011211401502564002,0,1,None,,875.05,0.12652991257642424,1027.0950000000003,-0.04023483708907186,875.05,0.12652991257642424,,,,,133.0,135.0,-3.200000000000005,995.31,1027.0950000000003,7.599029686109619,0.0,7.0,22,0,0
S0001,Pet Food,2025-06-08,882.86,111,63,24.070265823677346,0.027263966907184994,0,1,None,,875.05,0.00892520427404155,1026.9575000000002,-0.14031495947982284,875.05,0.00892520427404155,,,,,135.0,135.5,-4.2000000000000055,985.77,1026.9575000000002,7.570544723703604,0.0,7.0,23,0,0
S0001,Pet Food,2025-06-15,1253.06,164,90,7.1397378572189485,0.005697841968635938,0,1,None,,875.05,0.4319867436146506,946.8650000000002,0.32337767263548617,875.05,0.4319867436146506,,,,,111.0,125.0,-2.799999999999996,882.86,946.8650000000002,7.592906055623759,0.0,7.0,24,0,0
S0001,Pet Food,2025-06-22,832.99,114,69,38.76141037601879,0.04653286399118691,0,1,None,,875.05,-0.048065824810010795,1029.2500000000002,-0.1906825358270587,875.05,-0.048065824810010795,,,,,164.0,135.75,6.899999999999987,1253.06,1029.2500000000002,7.59495932109443,0.0,7.0,25,0,0
S0001,Pet Food,2025-06-29,1003.98,135,74,21.23783129205819,0.021153639805631775,0,1,None,,875.05,0.14734015199131487,988.6700000000003,0.015485450150201497,875.05,0.14734015199131487,,,,,114.0,131.0,-1.0000000000000069,832.99,988.6700000000003,7.550808318588164,0.0,8.0,26,0,0
S0001,Pet Food,2025-07-06,920.58,128,67,15.768616300633619,0.017129001608370394,0,1,None,,875.05,0.05203131249642888,993.2225000000003,-0.07313819411058474,875.05,0.05203131249642888,,,,,135.0,131.0,2.200000000000025,1003.98,993.2225000000003,7.584530540810387,0.0,8.0,27,0,0
S0001,Pet Food,2025-07-13,977.55,135,73,75.66111529032226,0.07739871647519028,0,1,None,,875.05,0.11713616364779156,1002.6525000000003,-0.02503609176658942,875.05,0.11713616364779156,,,,,128.0,135.25,-8.700000000000019,920.58,1002.6525000000003,7.394114929886964,0.0,8.0,28,0,0
S0001,Pet Food,2025-07-20,940.09,130,73,27.185750976063268,0.02891824290872498,1,1,BOGO,50.0,875.05,0.07432718130392559,933.7750000000002,0.0067628711413347175,875.05,0.07432718130392559,,,,,135.0,128.0,5.600000000000003,977.55,933.7750000000002,7.294240268640351,0.0,8.0,29,0,0
S0001,Pet Food,2025-07-27,1022.75,135,73,29.207760072346264,0.028558064113758264,0,1,None,,875.05,0.16879035483686652,960.5500000000002,0.06475456769559086,875.05,0.16879035483686652,,,,,130.0,132.0,-0.8000000000000007,940.09,960.5500000000002,7.275373197115385,1.0,8.0,30,0,0
S0001,Pet Food,2025-08-03,621.31,120,75,36.71799348811262,0.05909770241604452,1,1,BOGO,100.0,875.05,-0.2899720015999086,965.2425000000003,-0.3563171949017995,875.05,-0.2899720015999086,,,,,135.0,132.0,1.5999999999999988,1022.75,965.2425000000003,7.310132456374644,1.0,8.0,31,0,0
S0001,Pet Food,2025-08-10,820.39,126,75,5.8644618352772815,0.007148382885307332,1,1,Manager_Special,10.0,875.05,-0.06246500199988569,890.4250000000002,-0.07865345200325707,875.05,-0.06246500199988569,,,,,120.0,130.0,-3.9999999999999996,621.31,890.4250000000002,6.806520477207977,2.0,8.0,32,0,0
S0001,Pet Food,2025-08-17,960.76,126,78,18.621192971666282,0.019381732140874186,0,1,None,,875.05,0.09794868864636311,851.1350000000002,0.12879860421672207,875.05,0.09794868864636311,,,,,126.0,127.75,-2.7000000000000095,820.39,851.1350000000002,6.6240006359381365,3.0,8.0,33,0,0
S0001,Pet Food,2025-08-24,1164.59,150,82,23.141431648053153,0.019870883012951472,0,1,None,,875.05,0.3308839494886006,856.3025000000002,0.3600217212959201,875.05,0.3308839494886006,,,,,126.0,126.75,-2.0999999999999983,960.76,856.3025000000002,6.722405092592593,3.0,8.0,34,0,0
S0001,Pet Food,2025-08-31,1349.44,186,98,25.66665665574471,0.019020228135926538,0,1,None,,875.05,0.5421290211987888,891.7625000000002,0.5132280175495155,875.05,0.5421290211987888,,,,,150.0,130.5,9.000000000000004,1164.59,891.7625000000002,6.769406944444444,3.0,8.0,35,0,0
S0001,Pet Food,2025-09-07,1219.52,166,88,6.408825797559944,0.005255203520696621,0,1,None,,875.05,0.3936575052854123,1073.795,0.13571026126960908,875.05,0.3936575052854123,,,,,186.0,147.0,20.400000000000006,1349.44,1073.795,7.2887745519713265,3.0,8.0,36,0,0
S0001,Pet Food,2025-09-14,1045.16,144,79,8.712572211970567,0.00833611333381546,0,1,None,,875.05,0.19440031998171547,1173.5775000000003,-0.10942396220104783,875.05,0.19440031998171547,,,,,166.0,157.0,15.600000000000009,1219.52,1173.5775000000003,7.497643121487487,3.0,8.0,37,0,0
S0001,Pet Food,2025-09-21,1171.78,162,95,16.821222984894128,0.014355274014656444,1,1,Manager_Special,25.0,875.05,0.33910062282155307,1194.6775000000002,-0.019166260350596927,875.05,0.33910062282155307,,,,,144.0,161.5,-3.7999999999999874,1045.16,1194.6775000000002,7.405887169106534,2.0,8.0,38,0,0
S0001,Pet Food,2025-09-28,952.26,127,75,68.98105181862789,0.07243930420119284,0,1,None,,875.05,0.08823495800239992,1196.4750000000004,-0.20411207923274644,875.05,0.08823495800239992,,,,,162.0,164.5,-9.400000000000006,1171.78,1196.4750000000004,7.273206304909003,3.0,8.0,39,0,0
S0001,Pet Food,2025-10-05,803.16,149,86,66.75462515735317,0.08311497728641015,1,1,Coupon,30.0,875.05,-0.08215530541111936,1097.1800000000003,-0.2679779069979404,875.05,-0.08215530541111936,,,,,127.0,149.75,-9.899999999999995,952.26,1097.1800000000003,7.333970423103906,2.0,8.0,40,0,0
S0001,Pet Food,2025-10-12,985.38,132,73,2.0552456225275004,0.002085739128587449,0,1,None,,875.05,0.12608422375864242,993.0900000000003,-0.007763646799384005,875.05,0.12608422375864242,,,,,149.0,145.5,-1.9999999999999798,803.16,993.0900000000003,6.844927809697259,2.0,8.0,41,0,0
S0001,Pet Food,2025-10-19,929.54,120,66,15.115255270826637,0.016261005734908275,0,1,None,,875.05,0.06227072738700647,978.1450000000002,-0.04969099673361335,875.05,0.06227072738700647,,,,,132.0,142.5,-6.799999999999986,985.38,978.1450000000002,6.89666392080837,2.0,8.0,42,0,0
S0001,Pet Food,2025-10-26,1052.85,139,70,12.173968186021613,0.011562870481095706,0,1,None,,875.05,0.20318838923490082,917.5850000000003,0.14741413602009582,875.05,0.20318838923490082,,,,,120.0,132.0,-3.8000000000000007,929.54,917.5850000000003,7.0249031183392345,2.0,8.0,43,0,0
S0001,Prepared Meals,2024-12-29,1022.53,124,68,27.73539313043131,0.027124283033682445,0,1,None,,,,906.026666666667,0.128587090887685,,,,,,,,133.66666666666666,,,906.026666666667,6.867167412378822,2.0,7.0,52,0,1
S0001,Prepared Meals,2025-01-05,1653.77,221,118,33.87410341781076,0.020482959188890086,1,1,Manager_Special,15.0,,,979.1500000000002,0.6889853444313943,,,,,,,124.0,125.33333333333333,,1022.53,979.1500000000002,7.819125448028674,2.0,7.0,1,1,0
S0001,Prepared Meals,2025-01-12,1493.88,204,109,13.010618262586378,0.008709279368213228,1,1,Manager_Special,20.0,,,1201.946666666667,0.24288376633461253,,,,,,,221.0,155.0,,1653.77,1201.946666666667,7.825166172010575,3.0,7.0,2,1,0
S0001,Prepared Meals,2025-01-19,1681.14,207,108,6.720405072077142,0.003997528505702762,0,1,None,,,,1390.0600000000004,0.20940103304893287,,,,,,,204.0,183.0,,1493.88,1390.0600000000004,7.684091008611882,3.0,7.0,3,0,0
S0001,Prepared Meals,2025-01-26,1606.47,189,105,3.3738406838860318,0.00210015791386458,0,1,None,,,,1462.8300000000004,0.0981932281946635,,,,,,,207.0,189.0,23.200000000000006,1681.14,1462.8300000000004,7.793430575299491,3.0,7.0,4,0,0
S0001,Prepared Meals,2025-02-02,1598.11,203,102,25.035561142165378,0.015665730858429882,0,1,None,,,,1608.8150000000003,-0.006653965807131572,,,,,,,189.0,205.25,-9.299999999999995,1606.47,1608.8150000000003,7.85683847340497,2.0,7.0,5,0,0
S0001,Prepared Meals,2025-02-09,1961.78,242,136,51.34804332577885,0.026174210831886785,0,1,None,,,,1594.9,0.23003323092356878,,,,,,,203.0,200.75,-2.0999999999999983,1598.11,1594.9,7.954173693965342,2.0,7.0,6,0,0
S0001,Prepared Meals,2025-02-16,1462.29,192,102,18.020777238611878,0.01232366851897495,0,1,None,,,,1711.8750000000002,-0.14579627601314363,,,,,,,242.0,210.25,11.899999999999974,1961.78,1711.8750000000002,8.150070631252653,2.0,7.0,7,0,0
S0001,Prepared Meals,2025-02-23,1451.2,186,101,31.356745972181542,0.021607460013906794,0,1,None,,,,1657.1625000000001,-0.12428624229669696,,,,,,,192.0,206.5,4.800000000000003,1462.29,1657.1625000000001,8.023731749912073,2.0,8.0,8,0,0
S0001,Prepared Meals,2025-03-02,1597.75,199,108,15.783473713284627,0.009878562799740026,0,1,None,,,,1618.3450000000003,-0.012725963870497485,,,,,,,186.0,205.75,-10.100000000000009,1451.2,1618.3450000000003,7.849309066860359,2.0,8.0,9,0,0
S0001,Prepared Meals,2025-03-09,1459.74,181,105,10.230791957272515,0.007008639865505169,0,1,None,,,,1618.255,-0.09795427791046533,,,,,,,199.0,204.75,-13.499999999999993,1597.75,1618.255,7.888416921404013,1.0,8.0,10,0,0
S0001,Prepared Meals,2025-03-16,1476.32,191,107,50.21140221100042,0.034011191483553985,0,1,None,,,,1492.7450000000001,-0.011003218902089894,,,,,,,181.0,189.5,-2.0,1459.74,1492.7450000000001,7.878000159612315,0.0,8.0,11,0,0
S0001,Prepared Meals,2025-03-23,1462.8,183,97,18.959683809135022,0.012961227651856045,0,1,None,,,,1496.2525,-0.02235752321215844,,,,,,,191.0,189.25,-0.2999999999999995,1476.32,1496.2525,7.906332743054723,0.0,8.0,12,0,0
S0001,Prepared Meals,2025-03-30,1065.41,190,99,77.48907543406813,0.0727316952479028,1,1,BOGO,100.0,,,1499.1525000000001,-0.2893251353681497,,,,,,,183.0,188.5,-3.8000000000000043,1462.8,1499.1525000000001,7.954155764383826,0.0,8.0,13,0,0
S0001,Prepared Meals,2025-04-06,1183.64,147,88,4.294061575849448,0.003627844256572478,0,1,None,,,,1366.0675,-0.13354208338899798,,,,,,,190.0,186.25,1.9000000000000181,1065.41,1366.0675,7.348787409451267,1.0,8.0,14,0,0
S0001,Prepared Meals,2025-04-13,1490.11,183,102,14.038351351149178,0.009421016804899759,0,1,None,,,,1297.0425000000002,0.14885210006611166,,,,,,,147.0,177.75,-12.499999999999995,1183.64,1297.0425000000002,7.34556513711692,1.0,8.0,15,0,0
S0001,Prepared Meals,2025-04-20,1514.74,193,106,7.450343434240625,0.0049185625481869,1,1,Bundle,15.0,,,1300.4900000000002,0.16474559589077942,,,,,,,183.0,175.75,-4.300000000000006,1490.11,1300.4900000000002,7.448878515081615,1.0,8.0,16,0,0
S0001,Prepared Meals,2025-04-27,1697.47,215,122,0.0,0.0,0,0,None,,,,1313.4750000000001,0.29235044443175534,,,,,,,193.0,178.25,4.500000000000005,1514.74,1313.4750000000001,7.412616304939765,2.0,8.0,17,0,0
S0001,Prepared Meals,2025-05-04,1301.19,168,92,1.6004474331572367,0.0012299874984877202,0,1,None,,1697.47,-0.2334533158170689,1471.4900000000002,-0.11573303250446837,1697.47,-0.2334533158170689,1567.4399999999998,-0.16986296126167497,,,215.0,184.5,21.400000000000013,1697.47,1471.4900000000002,7.9845633673632666,2.0,7.0,18,0,0
S0001,Prepared Meals,2025-05-11,1387.91,187,101,31.297817619075683,0.022550322152787777,1,1,BOGO,100.0,1697.47,-0.18236552045102414,1500.8775,-0.07526763510013307,1697.47,-0.18236552045102414,1504.4666666666665,-0.07747374484867267,,,168.0,189.75,-2.30000000000001,1301.19,1500.8775,7.907864812941497,2.0,7.0,19,0,0
S0001,Prepared Meals,2025-05-18,1230.7,163,90,16.876581156389843,0.013712993545453678,1,1,Manager_Special,10.0,1697.47,-0.27497982291292333,1475.3275000000003,-0.16581233658289446,1697.47,-0.27497982291292333,1462.1899999999998,-0.1583173185427337,,,187.0,190.75,-6.500000000000009,1387.91,1475.3275000000003,7.727690066440811,3.0,7.0,20,0,0
S0001,Prepared Meals,2025-05-25,1405.8,185,98,15.876335869063135,0.011293452745101107,1,1,Manager_Special,20.0,1697.47,-0.17182630620865175,1404.3175000000003,0.0010556729514512335,1697.47,-0.17182630620865175,,,,,163.0,183.25,-13.699999999999985,1230.7,1404.3175000000003,7.65316830796152,4.0,7.0,21,0,0
S0001,Prepared Meals,2025-06-01,1658.34,207,108,18.592315567761986,0.011211401502564002,0,1,None,,1697.47,-0.02305195379005232,1331.4000000000003,0.24556106354213575,1697.47,-0.02305195379005232,,,,,185.0,175.75,2.6999999999999997,1405.8,1331.4000000000003,7.579095712109854,4.0,7.0,22,0,0
S0001,Prepared Meals,2025-06-08,1577.66,200,102,43.013270030789485,0.027263966907184998,0,1,None,,1697.47,-0.07058151248622947,1420.6875000000002,0.11049051955479289,1697.47,-0.07058151248622947,,,,,207.0,185.5,8.2,1658.34,1420.6875000000002,7.645627156209233,4.0,7.0,23,0,0
S0001,Prepared Meals,2025-06-15,1594.59,205,110,9.08572182476718,0.005697841968635938,0,1,None,,1697.47,-0.06060784579403471,1468.1250000000002,0.08614048531289888,1697.47,-0.06060784579403471,,,,,200.0,188.75,13.300000000000013,1577.66,1468.1250000000002,7.762207503802816,4.0,7.0,24,0,0
S0001,Prepared Meals,2025-06-22,1229.8799999999999,188,93,57.22983876548096,0.04653286399118692,1,1,Coupon,15.0,1697.47,-0.2754628947787002,1559.0975000000003,-0.2111590198816946,1697.47,-0.2754628947787002,,,,,205.0,199.25,5.299999999999996,1594.59,1559.0975000000003,7.8192527679057635,3.0,7.0,25,0,0
S0001,Prepared Meals,2025-06-29,1691.52,212,111,35.78180480402226,0.021153639805631775,0,1,None,,1697.47,-0.003505216587038384,1515.1175000000003,0.11642826381452241,1697.47,-0.003505216587038384,,,,,188.0,200.0,-5.199999999999987,1229.8799999999999,1515.1175000000003,7.555001761580289,4.0,8.0,26,0,0
S0001,Prepared Meals,2025-07-06,1841.32,227,121,31.539973241524578,0.017129001608370397,0,1,None,,1697.47,0.08474376572192728,1523.4125000000001,0.20868116810121998,1697.47,0.08474376572192728,,,,,212.0,201.25,1.8999999999999906,1691.52,1523.4125000000001,7.546892655755843,4.0,8.0,27,0,0
S0001,Prepared Meals,2025-07-13,1362.06,208,114,105.42169576219769,0.0773987164751903,1,1,Coupon,20.0,1697.47,-0.19759406646361943,1589.3275000000003,-0.1429960156103763,1697.47,-0.19759406646361943,,,,,227.0,208.0,9.0,1841.32,1589.3275000000003,7.602703118310909,3.0,8.0,28,0,0
S0001,Prepared Meals,2025-07-20,1334.74,162,91,38.598335539991574,0.028918242908724974,0,1,None,,1697.47,-0.21368860716242408,1531.1950000000002,-0.12830175124657547,1697.47,-0.21368860716242408,,,,,208.0,208.75,7.500000000000005,1362.06,1531.1950000000002,7.295172513245243,3.0,8.0,29,0,0
S0001,Prepared Meals,2025-07-27,1025.27,132,77,29.279726393912934,0.028558064113758264,0,1,None,,1697.47,-0.3960011075306191,1557.41,-0.34168266545097314,1697.47,-0.3960011075306191,,,,,162.0,202.25,-16.900000000000013,1334.74,1557.41,7.719477740458271,2.0,8.0,30,0,0
S0001,Prepared Meals,2025-08-03,1617.34,202,107,95.58107802556543,0.05909770241604451,0,1,None,,1697.47,-0.047205547078888056,1390.8475000000003,0.16284495604298785,1697.47,-0.047205547078888056,,,,,132.0,182.25,-33.10000000000001,1025.27,1390.8475000000003,7.666560001750438,2.0,8.0,31,0,0
S0001,Prepared Meals,2025-08-10,1663.81,206,108,11.89355092840319,0.007148382885307331,0,1,None,,1697.47,-0.019829510978102753,1334.8525000000002,0.24643734045521862,1697.47,-0.019829510978102753,,,,,202.0,176.0,-4.799999999999995,1617.34,1334.8525000000002,7.640332955036956,2.0,8.0,32,0,0
S0001,Prepared Meals,2025-08-17,1800.77,213,116,34.902041787322005,0.019381732140874186,0,1,None,,1697.47,0.06085527284723733,1410.2900000000002,0.27687922342213284,1697.47,0.06085527284723733,,,,,206.0,175.5,20.200000000000006,1663.81,1410.2900000000002,8.022428502086994,2.0,8.0,33,0,0
S0001,Prepared Meals,2025-08-24,1770.56,218,113,35.18259062741136,0.019870883012951472,0,1,None,,1697.47,0.04305819837758541,1526.7975000000001,0.15965607750864133,1697.47,0.04305819837758541,,,,,213.0,188.25,24.700000000000003,1800.77,1526.7975000000001,8.076224363676282,1.0,8.0,34,0,0
S0001,Prepared Meals,2025-08-31,1595.49,204,107,30.346583788589435,0.01902022813592654,1,1,Manager_Special,15.0,1697.47,-0.060077644965743145,1713.1200000000001,-0.06866419165032228,1697.47,-0.060077644965743145,,,,,218.0,209.75,5.500000000000002,1770.56,1713.1200000000001,8.16488383684837,1.0,8.0,35,0,0
S0001,Prepared Meals,2025-09-07,1738.99,215,112,9.138746370456218,0.005255203520696621,0,1,None,,1697.47,0.024459931545181935,1707.6575000000003,0.018348234350272084,1697.47,0.024459931545181935,,,,,204.0,210.25,-0.09999999999998367,1595.49,1707.6575000000003,8.118482773947962,2.0,8.0,36,0,0
S0001,Prepared Meals,2025-09-14,1186.85,153,89,9.893716110238879,0.00833611333381546,0,1,None,,1697.47,-0.300812385491349,1726.4525000000003,-0.31254986743046814,1697.47,-0.300812385491349,,,,,215.0,212.5,-0.7999999999999792,1738.99,1726.4525000000003,8.121377276092916,1.0,8.0,37,0,0
S0001,Prepared Meals,2025-09-21,1445.01,183,108,20.743514503918707,0.014355274014656444,0,1,None,,1697.47,-0.14872722345608466,1572.9725,-0.08135075470168747,1697.47,-0.14872722345608466,,,,,153.0,197.5,-18.39999999999999,1186.85,1572.9725,7.947094849507259,1.0,8.0,38,0,0
S0001,Prepared Meals,2025-09-28,1715.72,212,109,124.28556300407057,0.07243930420119284,0,1,None,,1697.47,0.010751294573689079,1491.5850000000003,0.15026632743021667,1697.47,0.010751294573689079,,,,,183.0,188.75,-12.499999999999982,1445.01,1491.5850000000003,7.8906935109601095,1.0,8.0,39,0,0
S0001,Prepared Meals,2025-10-05,1592.04,191,104,132.32236843905642,0.08311497728641015,1,1,Bundle,10.0,1697.47,-0.06211008147419399,1521.6425000000004,0.04626415205936977,1697.47,-0.06211008147419399,,,,,212.0,190.75,2.0999999999999885,1715.72,1521.6425000000004,7.958690875000064,1.0,8.0,40,0,0
S0001,Prepared Meals,2025-10-12,1723.52,212,116,3.5948131029030392,0.0020857391285874485,0,1,None,,1697.47,0.015346368418882192,1484.9050000000002,0.16069378175708193,1697.47,0.015346368418882192,,,,,191.0,184.75,14.299999999999994,1592.04,1484.9050000000002,8.020431469180023,2.0,8.0,41,0,0
S0001,Prepared Meals,2025-10-19,1334.83,180,97,21.70567828512761,0.016261005734908275,1,1,Bundle,20.0,1697.47,-0.21363558707959499,1619.0725000000002,-0.1755588461912609,1697.47,-0.21363558707959499,,,,,212.0,199.5,6.6000000000000005,1723.52,1619.0725000000002,8.113586913747788,2.0,8.0,42,0,0
S0001,Prepared Meals,2025-10-26,1148.16,145,90,13.276025371574846,0.011562870481095706,0,1,None,,1697.47,-0.3236051299875697,1591.5275000000001,-0.27857985488783576,1697.47,-0.3236051299875697,,,,,180.0,198.75,-7.500000000000012,1334.83,1591.5275000000001,7.993460092254162,3.0,8.0,43,0,0
S0001,Snacks/Cookies/Chips,2024-12-29,286.23,90,48,7.763783532730926,0.02712428303368244,0,1,None,,,,1550.1300000000003,-0.8153509705637592,,,,,,,,194.33333333333334,,,1550.1300000000003,7.960273833697374,2.0,7.0,52,0,1
S0001,Snacks/Cookies/Chips,2025-01-05,520.24,163,93,10.656054688428178,0.020482959188890086,0,1,None,,,,1114.8600000000004,-0.5333584485944425,,,,,,,90.0,160.66666666666666,,286.23,1114.8600000000004,6.2419556254367565,2.0,7.0,1,1,0
S0001,Snacks/Cookies/Chips,2025-01-12,482.28,156,84,4.200311253701876,0.00870927936821323,0,1,None,,,,713.766666666667,-0.32431700368934796,,,,,,,163.0,144.33333333333334,,520.24,713.766666666667,4.5959039990911155,2.0,7.0,2,1,0
S0001,Snacks/Cookies/Chips,2025-01-19,524.39,166,101,2.0962639731054713,0.003997528505702762,0,1,None,,,,429.58333333333366,0.22069447138700196,,,,,,,156.0,136.33333333333334,,482.28,429.58333333333366,3.1545094121965285,2.0,7.0,3,0,0
S0001,Snacks/Cookies/Chips,2025-01-26,441.07,145,81,0.9263166510682505,0.0021001579138645804,1,1,BOGO,100.0,,,453.2850000000002,-0.026947726044321337,,,,,,,166.0,143.75,22.100000000000023,524.39,453.2850000000002,3.155626035051011,2.0,7.0,4,0,0
S0001,Snacks/Cookies/Chips,2025-02-02,423.26,137,74,6.630677243139031,0.015665730858429882,0,1,None,,,,491.99500000000023,-0.1397067043364266,,,,,,,145.0,157.5,-4.399999999999994,441.07,491.99500000000023,3.121008218959057,2.0,7.0,5,0,0
S0001,Snacks/Cookies/Chips,2025-02-09,525.5,171,93,13.754547792156504,0.02617421083188678,0,1,None,,,,467.7500000000002,0.12346338856226562,,,,,,,137.0,151.0,-7.799999999999991,423.26,467.7500000000002,3.0954663713033317,2.0,7.0,6,0,0
S0001,Snacks/Cookies/Chips,2025-02-16,412.09,163,83,5.0784605599843875,0.012323668518974951,1,1,Coupon,20.0,,,478.55500000000023,-0.13888685731002753,,,,,,,171.0,154.75,0.6999999999999985,525.5,478.55500000000023,3.090856609719886,1.0,7.0,7,0,0
S0001,Snacks/Cookies/Chips,2025-02-23,485.82,150,85,10.497336223956198,0.021607460013906794,0,1,None,,,,450.4800000000002,0.07844965370271663,,,,,,,163.0,154.0,8.799999999999999,412.09,450.4800000000002,2.9331525111168846,2.0,8.0,8,0,0
S0001,Snacks/Cookies/Chips,2025-03-02,373.09,155,85,3.6855929949550066,0.009878562799740028,1,1,Coupon,25.0,,,461.66750000000025,-0.1918642746132232,,,,,,,150.0,155.25,3.100000000000005,485.82,461.66750000000025,2.982386993875506,2.0,8.0,9,0,0
S0001,Snacks/Cookies/Chips,2025-03-09,411.0,132,78,2.8805509847226243,0.007008639865505169,0,1,None,,,,449.1250000000002,-0.08488728082382456,,,,,,,155.0,159.75,-6.100000000000011,373.09,449.1250000000002,2.8117727956179124,3.0,8.0,10,0,0
S0001,Snacks/Cookies/Chips,2025-03-16,491.71,159,83,16.723642964378328,0.034011191483553985,0,1,None,,,,420.5000000000002,0.1693460166468483,,,,,,,132.0,150.0,-8.799999999999999,411.0,420.5000000000002,2.8219070327258335,3.0,8.0,11,0,0
S0001,Snacks/Cookies/Chips,2025-03-23,518.91,160,91,6.725710640824619,0.012961227651856042,0,1,None,,,,440.4050000000002,0.17825637765238753,,,,,,,159.0,149.0,0.39999999999998215,491.71,440.4050000000002,2.9629960862428297,3.0,8.0,12,0,0
S0001,Snacks/Cookies/Chips,2025-03-30,515.12,155,91,37.465550856099696,0.07273169524790281,0,1,None,,,,448.6775000000002,0.1480852059664231,,,,,,,160.0,151.5,4.200000000000003,518.91,448.6775000000002,2.9640929612428297,2.0,8.0,13,0,0
S0001,Snacks/Cookies/Chips,2025-04-06,557.39,174,102,2.0221241101709335,0.003627844256572478,0,1,None,,,,484.1850000000002,0.15119220958930943,,,,,,,155.0,151.5,7.000000000000004,515.12,484.1850000000002,3.19317360640412,2.0,8.0,14,0,0
S0001,Snacks/Cookies/Chips,2025-04-13,412.6,131,70,3.8871115337016406,0.009421016804899759,0,1,None,,,,520.7825000000003,-0.2077306745138329,,,,,,,174.0,162.0,4.00000000000001,557.39,520.7825000000003,3.2156122166444545,2.0,8.0,15,0,0
S0001,Snacks/Cookies/Chips,2025-04-20,525.24,161,89,2.5834257928096873,0.0049185625481869,0,1,None,,,,501.0050000000002,0.04837277073083058,,,,,,,131.0,155.0,-6.799999999999999,412.6,501.0050000000002,3.2298878659795163,1.0,8.0,16,0,0
S0001,Snacks/Cookies/Chips,2025-04-27,663.41,208,103,0.0,0.0,0,0,None,,,,502.5875000000002,0.31998905663192917,,,,,,,161.0,155.25,-2.4999999999999925,525.24,502.5875000000002,3.2346810530913177,1.0,8.0,17,0,0
S0001,Snacks/Cookies/Chips,2025-05-04,464.3,152,88,0.5710831955478485,0.0012299874984877202,0,1,None,,663.41,-0.30013114062193813,539.6600000000003,-0.13964347922766232,663.41,-0.30013114062193813,533.75,-0.13011709601873533,,,208.0,168.5,13.19999999999998,663.41,539.6600000000003,3.201210131875437,0.0,7.0,18,0,0
S0001,Snacks/Cookies/Chips,2025-05-11,568.07,174,94,12.810161505334154,0.022550322152787777,0,1,None,,663.41,-0.1437120332825853,516.3875000000003,0.10008472319721091,663.41,-0.1437120332825853,550.9833333333333,0.03101122236002305,,,152.0,163.0,11.000000000000021,464.3,516.3875000000003,3.164013746515485,0.0,7.0,19,0,0
S0001,Snacks/Cookies/Chips,2025-05-18,449.26,137,73,6.16069948023052,0.01371299354545368,0,1,None,,663.41,-0.3228018872190651,555.2550000000003,-0.19089427380212745,663.41,-0.3228018872190651,565.2600000000001,-0.20521529915437162,,,174.0,173.75,-1.6999999999999906,568.07,555.2550000000003,3.1928016950984457,0.0,7.0,20,0,0
S0001,Snacks/Cookies/Chips,2025-05-25,593.88,192,93,6.706955716260644,0.011293452745101105,0,1,None,,663.41,-0.10480698210759556,536.2600000000002,0.10744787975981754,663.41,-0.10480698210759556,,,,,137.0,167.75,-19.099999999999994,449.26,536.2600000000002,3.19702915123482,0.0,7.0,21,0,0
S0001,Snacks/Cookies/Chips,2025-06-01,586.35,185,98,6.573805271028403,0.011211401502564004,0,1,None,,663.41,-0.11615742904086454,518.8775000000003,0.1300355093446906,663.41,-0.11615742904086454,,,,,192.0,163.75,8.29999999999999,593.88,518.8775000000003,3.172942612773281,0.0,7.0,22,0,0
S0001,Snacks/Cookies/Chips,2025-06-08,463.89,149,81,12.647481608574049,0.027263966907184998,0,1,None,,663.41,-0.30074915964486515,549.3900000000003,-0.15562715011194286,663.41,-0.30074915964486515,,,,,185.0,172.0,8.799999999999985,586.35,549.3900000000003,3.2016561618486725,0.0,7.0,23,0,0
S0001,Snacks/Cookies/Chips,2025-06-15,588.99,187,95,3.3559719411068816,0.005697841968635938,0,1,None,,663.41,-0.11217798947860291,523.3450000000003,0.12543350944405646,663.41,-0.11217798947860291,,,,,149.0,165.75,2.900000000000004,463.89,523.3450000000003,3.1638025592875367,0.0,7.0,24,0,0
S0001,Snacks/Cookies/Chips,2025-06-22,545.01,172,94,25.36087620383678,0.04653286399118692,0,1,None,,663.41,-0.17847183491355267,558.2775000000003,-0.023765063073471995,663.41,-0.17847183491355267,,,,,187.0,178.25,-5.099999999999982,588.99,558.2775000000003,3.131404827135618,0.0,7.0,25,0,0
S0001,Snacks/Cookies/Chips,2025-06-29,594.54,196,102,12.576685010040315,0.021153639805631775,1,1,BOGO,100.0,663.41,-0.1038121222170302,546.0600000000002,0.08878145258762732,663.41,-0.1038121222170302,,,,,172.0,173.25,-0.0999999999999995,545.01,546.0600000000002,3.150289274810037,0.0,8.0,26,0,0
S0001,Snacks/Cookies/Chips,2025-07-06,375.36,155,83,6.429542043717912,0.017129001608370394,1,1,Coupon,20.0,663.41,-0.43419604769298015,548.1075000000002,-0.31517083783746824,663.41,-0.43419604769298015,,,,,196.0,176.0,12.600000000000017,594.54,548.1075000000002,3.1162662466798654,1.0,8.0,27,0,0
S0001,Snacks/Cookies/Chips,2025-07-13,428.9,185,101,33.19630949620912,0.0773987164751903,1,1,Manager_Special,25.0,663.41,-0.35349180747953757,525.9750000000003,-0.18456200389752409,663.41,-0.35349180747953757,,,,,155.0,177.5,-7.199999999999996,375.36,525.9750000000003,2.943346675344079,2.0,8.0,28,0,0
S0001,Snacks/Cookies/Chips,2025-07-20,494.06,156,86,14.287347091484664,0.02891824290872498,0,1,None,,663.41,-0.25527200373826137,485.9525000000002,0.016683729376841944,663.41,-0.25527200373826137,,,,,185.0,177.0,-0.20000000000000764,428.9,485.9525000000002,2.7355214838424167,3.0,8.0,29,0,0
S0001,Snacks/Cookies/Chips,2025-07-27,381.81,122,69,10.903754459274042,0.02855806411375826,0,1,None,,663.41,-0.4244735533079091,473.21500000000026,-0.19315744429065057,663.41,-0.4244735533079091,,,,,156.0,173.0,-9.000000000000012,494.06,473.21500000000026,2.735118606680819,3.0,8.0,30,0,0
S0001,Snacks/Cookies/Chips,2025-08-03,392.03,121,71,23.168072278161933,0.05909770241604453,0,1,None,,663.41,-0.4090682986388508,420.03250000000025,-0.06666746025605225,663.41,-0.4090682986388508,,,,,122.0,154.5,-12.8,381.81,420.03250000000025,2.7591743109297315,3.0,8.0,31,0,0
S0001,Snacks/Cookies/Chips,2025-08-10,442.76,145,80,3.165018006298674,0.007148382885307331,0,1,None,,663.41,-0.3325997497776639,424.2000000000002,0.0437529467232432,663.41,-0.3325997497776639,,,,,121.0,146.0,-22.599999999999994,392.03,424.2000000000002,2.963734294933997,3.0,8.0,32,0,0
S0001,Snacks/Cookies/Chips,2025-08-17,424.43,137,83,8.226188572551232,0.01938173214087419,0,1,None,,663.41,-0.3602297221929123,427.66500000000025,-0.0075643318952924345,663.41,-0.3602297221929123,,,,,145.0,136.0,-3.4000000000000012,442.76,427.66500000000025,3.14751901068423,3.0,8.0,33,0,0
S0001,Snacks/Cookies/Chips,2025-08-24,454.88,146,81,9.038867264931365,0.019870883012951472,0,1,None,,663.41,-0.3143305045145536,410.2575000000002,0.10876705483750998,663.41,-0.3143305045145536,,,,,137.0,131.25,6.899999999999996,424.43,410.2575000000002,3.1302634894414822,3.0,8.0,34,0,0
S0001,Snacks/Cookies/Chips,2025-08-31,445.92,141,75,8.481500130372362,0.019020228135926538,0,1,None,,663.41,-0.3278364812107143,428.5250000000002,0.04059273087917812,663.41,-0.3278364812107143,,,,,146.0,137.25,6.699999999999998,454.88,428.5250000000002,3.1267700580469167,2.0,8.0,35,0,0
S0001,Snacks/Cookies/Chips,2025-09-07,499.14,158,85,2.6230822853205114,0.005255203520696621,0,1,None,,663.41,-0.24761459730784882,441.99750000000023,0.12928240544346908,663.41,-0.24761459730784882,,,,,141.0,142.25,-0.2999999999999879,445.92,441.99750000000023,3.1074290170762824,1.0,8.0,36,0,0
S0001,Snacks/Cookies/Chips,2025-09-14,584.23,181,89,4.870207493015006,0.00833611333381546,0,1,None,,663.41,-0.1193530395984383,456.0925000000002,0.2809462992704326,663.41,-0.1193530395984383,,,,,158.0,145.5,5.799999999999999,499.14,456.0925000000002,3.133828187744113,0.0,8.0,37,0,0
S0001,Snacks/Cookies/Chips,2025-09-21,517.56,161,90,7.429715619025588,0.014355274014656444,0,1,None,,663.41,-0.21984896218025057,496.04250000000025,0.04337833955759776,663.41,-0.21984896218025057,,,,,181.0,156.5,12.200000000000014,584.23,496.04250000000025,3.1662684022861947,0.0,8.0,38,0,0
S0001,Snacks/Cookies/Chips,2025-09-28,538.65,174,95,39.01943120797252,0.07243930420119284,0,1,None,,663.41,-0.18805866658627393,511.7125000000002,0.052641864328113464,663.41,-0.18805866658627393,,,,,161.0,160.25,8.300000000000004,517.56,511.7125000000002,3.191028888970445,0.0,8.0,39,0,0
S0001,Snacks/Cookies/Chips,2025-10-05,472.24,155,84,39.25021687373433,0.08311497728641015,0,1,None,,663.41,-0.2881626746657421,534.8950000000002,-0.11713513867207616,663.41,-0.2881626746657421,,,,,174.0,168.5,2.800000000000019,538.65,534.8950000000002,3.174313004891208,0.0,8.0,40,0,0
S0001,Snacks/Cookies/Chips,2025-10-12,427.1,138,80,0.8908191818196993,0.0020857391285874485,0,1,None,,663.41,-0.35620506172653404,528.1700000000003,-0.1913588427968272,663.41,-0.35620506172653404,,,,,155.0,167.75,-6.49999999999999,472.24,528.1700000000003,3.1462119432333884,0.0,8.0,41,0,0
S0001,Snacks/Cookies/Chips,2025-10-19,420.08,134,77,6.830923289120268,0.016261005734908275,0,1,None,,663.41,-0.36678675328982074,488.8875000000003,-0.1407430134744706,663.41,-0.36678675328982074,,,,,138.0,157.0,-8.799999999999986,427.1,488.8875000000003,3.112996313479205,0.0,8.0,42,0,0
S0001,Snacks/Cookies/Chips,2025-10-26,444.33,142,86,5.137730240865255,0.011562870481095706,0,1,None,,663.41,-0.33023318912889466,464.51750000000027,-0.04345907312426393,663.41,-0.33023318912889466,,,,,134.0,150.25,-13.70000000000001,420.08,464.51750000000027,3.0930630604894955,0.0,8.0,43,0,0
S0002,Alcohol,2024-12-29,1631.83,138,78,34.210407729774055,0.020964443434533044,1,1,Manager_Special,10.0,,,439.806666666667,2.710334844098161,,,,,,,,142.33333333333334,,,439.806666666667,3.0921875289285228,0.0,7.0,52,0,1
S0002,Alcohol,2025-01-05,2348.94,183,107,42.57683753430335,0.01812597917967396,0,1,None,,,,826.336666666667,1.842594422773606,,,,,,,138.0,136.66666666666666,,1631.83,826.336666666667,6.018235993943327,1.0,7.0,1,1,0
S0002,Alcohol,2025-01-12,2191.47,179,105,19.719857593902965,0.00899846112148602,0,1,None,,,,1466.95,0.49389549746071765,,,,,,,183.0,151.66666666666666,,2348.94,1466.95,9.26517271683871,1.0,7.0,2,1,0
S0002,Alcohol,2025-01-19,2437.16,193,110,9.891877467578995,0.004058772287243757,0,1,None,,,,2057.4133333333334,0.18457480590514938,,,,,,,179.0,166.66666666666666,,2191.47,2057.4133333333334,12.301147313130992,1.0,7.0,3,0,0
S0002,Alcohol,2025-01-26,2899.08,241,133,134.3089620969106,0.04632813240645674,1,1,Manager_Special,15.0,,,2152.3500000000004,0.34693706878528097,,,,,,,193.0,173.25,16.100000000000016,2437.16,2152.3500000000004,12.382803490029591,1.0,7.0,4,0,0
S0002,Alcohol,2025-02-02,2790.21,225,119,50.2476014649394,0.018008537516867693,0,1,None,,,,2469.1625000000004,0.13002283162813286,,,,,,,241.0,199.0,18.800000000000004,2899.08,2469.1625000000004,12.433934120253898,2.0,7.0,5,0,0
S0002,Alcohol,2025-02-09,3106.35,242,136,35.969874953553266,0.011579466239655308,0,1,None,,,,2579.48,0.20425434583714544,,,,,,,225.0,209.5,18.59999999999999,2790.21,2579.48,12.325233027357722,2.0,7.0,6,0,0
S0002,Alcohol,2025-02-16,2835.67,225,116,28.899285383278862,0.010191342921876968,0,1,None,,,,2808.2000000000003,0.009782066804358591,,,,,,,242.0,225.25,13.09999999999999,3106.35,2808.2000000000003,12.473559993053275,2.0,7.0,7,0,0
S0002,Alcohol,2025-02-23,2684.14,215,118,46.798344427030756,0.017435135435197403,0,1,None,,,,2907.8275000000003,-0.07692598684069135,,,,,,,225.0,233.25,-3.0999999999999788,2835.67,2907.8275000000003,12.467361432316373,2.0,8.0,8,0,0
S0002,Alcohol,2025-03-02,2367.89,193,116,23.687936546732356,0.010003816286538798,0,1,None,,,,2854.0925,-0.17035274785242605,,,,,,,215.0,226.75,-4.699999999999995,2684.14,2854.0925,12.581110057231939,1.0,8.0,9,0,0
S0002,Alcohol,2025-03-09,2422.42,188,104,19.198120190094293,0.007925182334233656,0,1,None,,,,2748.5125,-0.11864326613031585,,,,,,,193.0,218.75,-15.699999999999974,2367.89,2748.5125,12.54809174980534,1.0,8.0,10,0,0
S0002,Alcohol,2025-03-16,2014.47,211,118,228.90898440568515,0.1136323620633145,1,1,Manager_Special,25.0,,,2577.53,-0.21844944578724598,,,,,,,188.0,205.25,-13.3,2422.42,2577.53,12.560355685096354,1.0,8.0,11,0,0
S0002,Alcohol,2025-03-23,2891.67,233,126,32.67884624800074,0.011301028903021693,0,1,None,,,,2372.23,0.21896696357435833,,,,,,,211.0,201.75,-1.7,2014.47,2372.23,11.796424036860442,2.0,8.0,12,0,0
S0002,Alcohol,2025-03-30,2409.84,196,105,158.3452161754158,0.06570777154309655,0,1,None,,,,2424.1125,-0.00588772179508997,,,,,,,233.0,206.25,14.3,2891.67,2424.1125,11.777981228196904,1.0,8.0,13,0,0
S0002,Alcohol,2025-04-06,2439.49,197,109,80.3759396823691,0.03294784552606041,1,1,BOGO,50.0,,,2434.6000000000004,0.0020085434979049605,,,,,,,196.0,207.0,4.600000000000011,2409.84,2434.6000000000004,11.78454171249425,1.0,8.0,14,0,0
S0002,Alcohol,2025-04-13,2196.67,179,100,19.310329901479687,0.008790728649036808,0,1,None,,,,2438.8675000000003,-0.09930736294612158,,,,,,,197.0,209.25,-7.900000000000022,2439.49,2438.8675000000003,11.659038013390674,2.0,8.0,15,0,0
S0002,Alcohol,2025-04-20,2946.94,233,127,12.149912208667383,0.004122890933872893,1,1,BOGO,50.0,,,2484.4175,0.18616939383175332,,,,,,,179.0,201.25,-16.1,2196.67,2484.4175,12.34020007751734,2.0,8.0,16,0,0
S0002,Alcohol,2025-04-27,2575.56,216,113,0.0,0.0,0,0,None,,,,2498.235,0.030951852007517232,,,,,,,233.0,201.25,9.300000000000017,2946.94,2498.235,12.399502652624635,3.0,8.0,17,0,0
S0002,Alcohol,2025-05-04,2980.14,245,123,4.723631214003226,0.0015850366808281577,0,1,None,,2575.56,0.15708428458277032,2539.665,0.1734382290577694,2575.56,0.15708428458277032,2573.056666666667,0.15821001480729133,,,216.0,206.25,11.099999999999987,2575.56,2539.665,12.306699364642776,3.0,7.0,18,0,0
S0002,Alcohol,2025-05-11,2335.01,195,104,46.44001360420158,0.019888571613912394,1,1,Bundle,10.0,2575.56,-0.09339716411188236,2674.8275,-0.12704277191706742,2575.56,-0.09339716411188236,2834.213333333333,-0.17613470639707182,,,245.0,218.25,18.09999999999999,2980.14,2674.8275,12.251859055930458,3.0,7.0,19,0,0
S0002,Alcohol,2025-05-18,2198.16,181,107,34.31361079356943,0.01561015157839713,0,1,None,,2575.56,-0.14653123980804178,2709.4125,-0.18869496615963796,2575.56,-0.14653123980804178,2630.2366666666667,-0.1642729234758343,,,195.0,222.25,-8.500000000000009,2335.01,2709.4125,12.177486759697826,3.0,7.0,20,0,0
S0002,Alcohol,2025-05-25,2352.59,194,106,22.152863228419513,0.009416372265638939,1,1,Bundle,20.0,2575.56,-0.08657146406994976,2522.2174999999997,-0.06725331974740466,2575.56,-0.08657146406994976,,,,,181.0,209.25,-15.499999999999975,2198.16,2522.2174999999997,12.051666566683338,3.0,7.0,21,0,0
S0002,Alcohol,2025-06-01,2707.33,212,121,37.59474211824865,0.013886279883962667,0,1,None,,2575.56,0.05116168910838807,2466.475,0.09765150670491289,2575.56,0.05116168910838807,,,,,194.0,203.75,-16.700000000000003,2352.59,2466.475,12.102382488791013,4.0,7.0,22,0,0
S0002,Alcohol,2025-06-08,2245.37,180,106,57.45856734937316,0.025589799164223787,0,1,None,,2575.56,-0.1282012455543649,2398.2725,-0.06375526550881942,2575.56,-0.1282012455543649,,,,,212.0,195.5,6.3999999999999915,2707.33,2398.2725,12.254029437193015,3.0,7.0,23,0,0
S0002,Alcohol,2025-06-15,2156.84,177,99,14.348610561558363,0.006652607778768181,0,1,None,,2575.56,-0.16257435276211768,2375.8625,-0.09218652173684294,2575.56,-0.16257435276211768,,,,,180.0,191.75,1.5000000000000033,2245.37,2375.8625,12.378996317534895,3.0,7.0,24,0,0
S0002,Alcohol,2025-06-22,2607.7400000000002,211,105,53.44091732349591,0.020493192313457594,0,1,None,,2575.56,0.012494370156393287,2365.5325000000003,0.10239026519398907,2575.56,0.012494370156393287,,,,,177.0,190.75,-8.299999999999997,2156.84,2365.5325000000003,12.389247901640774,2.0,7.0,25,0,0
S0002,Alcohol,2025-06-29,2545.4900000000002,218,120,66.54484100941204,0.026142251986616342,1,1,Bundle,20.0,2575.56,-0.011675130845330612,2429.32,0.04781996608104328,2575.56,-0.011675130845330612,,,,,211.0,195.0,-0.6000000000000083,2607.7400000000002,2429.32,12.447299093803768,2.0,8.0,26,0,0
S0002,Alcohol,2025-07-06,2658.07,221,128,48.49031938284008,0.018242679606947927,0,1,None,,2575.56,0.03203575144822882,2388.86,0.11269392094974173,2575.56,0.03203575144822882,,,,,218.0,196.5,14.799999999999992,2545.4900000000002,2388.86,12.173832869985176,3.0,8.0,27,0,0
S0002,Alcohol,2025-07-13,2434.76,203,122,72.1219959110769,0.029621809094562458,0,1,None,,2575.56,-0.05466772274767419,2492.035,-0.022983224553427075,2575.56,-0.05466772274767419,,,,,221.0,206.75,13.900000000000002,2658.07,2492.035,12.062129941377837,2.0,8.0,28,0,0
S0002,Alcohol,2025-07-20,2916.8,237,132,48.228025847326805,0.016534567281722024,0,1,None,,2575.56,0.13249157464784367,2561.5150000000003,0.13870112023548556,2575.56,0.13249157464784367,,,,,203.0,213.25,-2.0999999999999917,2434.76,2561.5150000000003,12.014218666990818,2.0,8.0,29,0,0
S0002,Alcohol,2025-07-27,3232.68,266,149,154.3114665109823,0.04773484121873564,1,1,Manager_Special,10.0,2575.56,0.2551367469598844,2638.78,0.22506612904448253,2575.56,0.2551367469598844,,,,,237.0,219.75,3.9000000000000337,2916.8,2638.78,12.001272579443075,1.0,8.0,30,0,0
S0002,Alcohol,2025-08-03,2858.97,231,132,40.170710922911454,0.014050763359850385,0,1,None,,2575.56,0.1100382052835111,2810.5775000000003,0.017217991676087733,2575.56,0.1100382052835111,,,,,266.0,231.75,16.9,3232.68,2810.5775000000003,12.12036575389296,2.0,8.0,31,0,0
S0002,Alcohol,2025-08-10,2726.25,218,120,20.807329466327428,0.007632216218735416,0,1,None,,2575.56,0.058507664352606834,2860.8025000000002,-0.04703313143776972,2575.56,0.058507664352606834,,,,,231.0,234.25,11.300000000000006,2858.97,2860.8025000000002,12.20762261467923,2.0,8.0,32,0,0
S0002,Alcohol,2025-08-17,2384.72,197,106,43.83272646549064,0.018380659559818612,0,1,None,,2575.56,-0.07409650716737337,2933.675,-0.1871219545450673,2575.56,-0.07409650716737337,,,,,218.0,238.0,-9.199999999999973,2726.25,2933.675,12.335583194513823,2.0,8.0,33,0,0
S0002,Alcohol,2025-08-24,2193.89,195,103,116.12317858092018,0.05293026477212631,1,1,Coupon,10.0,2575.56,-0.14818913168398332,2800.6549999999997,-0.2166511048308342,2575.56,-0.14818913168398332,,,,,197.0,228.0,-22.000000000000014,2384.72,2800.6549999999997,12.28508436181233,2.0,8.0,34,0,0
S0002,Alcohol,2025-08-31,1969.0,210,120,200.75923592423925,0.10195999793003517,1,1,Coupon,25.0,2575.56,-0.2355060647004923,2540.9574999999995,-0.22509526428521517,2575.56,-0.2355060647004923,,,,,195.0,210.25,-12.900000000000006,2193.89,2540.9574999999995,12.05953076628505,2.0,8.0,35,0,0
S0002,Alcohol,2025-09-07,2385.56,193,109,12.09079470334115,0.005068325551795448,0,1,None,,2575.56,-0.07377036450325367,2318.465,0.028939406029420238,2575.56,-0.07377036450325367,,,,,210.0,205.0,-2.599999999999994,1969.0,2318.465,11.309455008709293,3.0,8.0,36,0,0
S0002,Alcohol,2025-09-14,3012.99,248,130,25.58147051076607,0.008490393433355595,0,1,None,,2575.56,0.16983879234030652,2233.2925,0.34912466683159493,2575.56,0.16983879234030652,,,,,193.0,198.75,0.3000000000000094,2385.56,2233.2925,11.273125149413765,3.0,8.0,37,0,0
S0002,Alcohol,2025-09-21,2695.83,224,122,71.08951974556318,0.026370179034124253,0,1,None,,2575.56,0.04669664073055956,2390.36,0.1277924664067336,2575.56,0.04669664073055956,,,,,248.0,211.5,14.199999999999989,3012.99,2390.36,11.284119039621725,3.0,8.0,38,0,0
S0002,Alcohol,2025-09-28,1730.61,200,113,101.8559120469533,0.05885549722176187,1,1,Coupon,30.0,2575.56,-0.3280645762474957,2515.845,-0.3121158099962438,2575.56,-0.3280645762474957,,,,,224.0,218.75,9.700000000000005,2695.83,2515.845,11.480178391727952,2.0,8.0,39,0,0
S0002,Alcohol,2025-10-05,2397.2400000000002,205,112,100.80245883368923,0.04204938130253509,1,1,Bundle,15.0,2575.56,-0.06923542841168512,2456.2475,-0.024023434120543516,2575.56,-0.06923542841168512,,,,,200.0,216.25,-0.29999999999996835,1730.61,2456.2475,11.299393272680332,3.0,8.0,40,0,0
S0002,Alcohol,2025-10-12,2201.16,185,109,51.63741327779405,0.023459182102979363,0,1,None,,2575.56,-0.14536644457904305,2459.1675,-0.1049166028747534,2575.56,-0.14536644457904305,,,,,205.0,219.25,-15.29999999999998,2397.2400000000002,2459.1675,11.132753060371474,4.0,8.0,41,0,0
S0002,Alcohol,2025-10-19,2351.2,202,108,39.24696891582955,0.01669231410166279,1,1,Coupon,15.0,2575.56,-0.08711115252605264,2256.21,0.0421015774240872,2575.56,-0.08711115252605264,,,,,185.0,203.5,-11.200000000000001,2201.16,2256.21,11.070005294460401,4.0,8.0,42,0,0
S0002,Alcohol,2025-10-26,2986.63,245,138,37.827617229475095,0.012665652333725668,0,1,None,,2575.56,0.15960412492817103,2170.0525,0.3762938915072333,2575.56,0.15960412492817103,,,,,202.0,198.0,-1.400000000000017,2351.2,2170.0525,10.971167445273696,4.0,8.0,43,0,0
S0002,Bakery,2024-12-29,513.93,131,72,10.774256414309566,0.020964443434533044,0,1,None,,,,2316.533333333333,-0.7781469437089905,,,,,,,,197.33333333333334,,,2316.533333333333,11.743873260364929,3.0,7.0,52,0,1
S0002,Bakery,2025-01-05,679.16,169,97,12.310440019667364,0.018125979179673957,0,1,None,,,,1688.7633333333333,-0.5978358917472154,,,,,,,131.0,172.66666666666666,,513.93,1688.7633333333333,9.153631964516856,3.0,7.0,1,1,0
S0002,Bakery,2025-01-12,749.2,199,114,6.741647072217325,0.008998461121486018,0,1,None,,,,1181.43,-0.365853245642992,,,,,,,169.0,167.33333333333334,,679.16,1181.43,6.527143985413492,3.0,7.0,2,1,0
S0002,Bakery,2025-01-19,926.83,230,123,3.761791918986132,0.004058772287243758,0,1,None,,,,647.43,0.43155244582425917,,,,,,,199.0,166.33333333333334,,749.2,647.43,3.9022173721491504,3.0,7.0,3,0,0
S0002,Bakery,2025-01-26,776.27,218,116,35.96313934316017,0.04632813240645674,1,1,BOGO,100.0,,,717.28,0.08224124470220835,,,,,,,230.0,182.25,32.699999999999996,926.83,717.28,3.934086942155341,2.0,7.0,4,0,0
S0002,Bakery,2025-02-02,696.15,176,101,12.536643392367443,0.018008537516867693,0,1,None,,,,782.865,-0.11076622406161986,,,,,,,218.0,204.0,17.799999999999983,776.27,782.865,3.8435223893155066,2.0,7.0,5,0,0
S0002,Bakery,2025-02-09,816.97,206,114,9.460076533811199,0.01157946623965531,0,1,None,,,,787.1125000000001,0.03793295113468527,,,,,,,176.0,205.75,-8.099999999999971,696.15,787.1125000000001,3.827697264920671,2.0,7.0,6,0,0
S0002,Bakery,2025-02-16,767.47,196,107,7.821549952252916,0.010191342921876966,0,1,None,,,,804.0550000000001,-0.045500618738767915,,,,,,,206.0,207.5,-11.399999999999986,816.97,804.0550000000001,3.8779596813718586,1.0,7.0,7,0,0
S0002,Bakery,2025-02-23,712.25,175,93,12.418175213719351,0.017435135435197403,0,1,None,,,,764.215,-0.06799788017769873,,,,,,,196.0,199.0,-3.5999999999999934,767.47,764.215,3.8494515846549113,1.0,8.0,8,0,0
S0002,Bakery,2025-03-02,868.0,215,116,8.683312536715677,0.010003816286538798,0,1,None,,,,748.21,0.1601021103700832,,,,,,,175.0,188.25,-1.3000000000000111,712.25,748.21,3.9767336947466543,1.0,8.0,9,0,0
S0002,Bakery,2025-03-09,963.91,242,125,7.639162503791164,0.007925182334233657,0,1,None,,,,791.1725,0.21833102136386182,,,,,,,215.0,198.0,0.5999999999999942,868.0,791.1725,3.9971865885098676,1.0,8.0,10,0,0
S0002,Bakery,2025-03-16,847.14,207,109,96.26251919831623,0.11363236206331448,0,1,None,,,,827.9075,0.023230252171891133,,,,,,,242.0,207.0,17.799999999999986,963.91,827.9075,4.001492935296356,1.0,8.0,11,0,0
S0002,Bakery,2025-03-23,829.37,206,106,9.372734341299102,0.011301028903021693,0,1,None,,,,847.825,-0.02176746380444082,,,,,,,207.0,209.75,12.300000000000006,847.14,847.825,4.04569306099881,1.0,8.0,12,0,0
S0002,Bakery,2025-03-30,842.06,217,121,55.329886105579874,0.06570777154309655,0,1,None,,,,877.105,-0.03995530751734407,,,,,,,206.0,217.5,-6.2000000000000135,829.37,877.105,4.034710051290072,0.0,8.0,13,0,0
S0002,Bakery,2025-04-06,829.04,209,108,27.315081854925115,0.0329478455260604,1,1,BOGO,50.0,,,870.62,-0.04775906825021254,,,,,,,217.0,218.0,-7.600000000000003,842.06,870.62,3.995522933081949,0.0,8.0,14,0,0
S0002,Bakery,2025-04-13,821.18,215,113,7.2187705520160454,0.008790728649036808,0,1,None,,,,836.9025,-0.018786537260911614,,,,,,,209.0,209.75,1.699999999999993,829.04,836.9025,3.9914227808418445,1.0,8.0,15,0,0
S0002,Bakery,2025-04-20,756.42,194,111,3.1186371602001337,0.004122890933872893,0,1,None,,,,830.4125,-0.08910330709135528,,,,,,,215.0,211.75,1.9000000000000006,821.18,830.4125,3.923167303929138,1.0,8.0,16,0,0
S0002,Bakery,2025-04-27,892.38,224,125,0.0,0.0,0,0,None,,,,812.175,0.09875334749284334,,,,,,,194.0,208.75,-6.299999999999989,756.42,812.175,3.8914183548749897,1.0,8.0,17,0,0
S0002,Bakery,2025-05-04,653.08,164,100,1.0351557555152533,0.0015850366808281577,1,1,Bundle,15.0,892.38,-0.2681593043322351,824.7549999999999,-0.2081527241423209,892.38,-0.2681593043322351,823.3266666666667,-0.2067790022591276,,,224.0,210.5,2.399999999999994,892.38,824.7549999999999,3.917262968930289,1.0,7.0,18,0,0
S0002,Bakery,2025-05-11,861.28,214,117,17.129628959630466,0.019888571613912394,0,1,None,,892.38,-0.03485062417355837,780.765,0.10312321889428956,892.38,-0.03485062417355837,767.2933333333334,0.12249118112151793,,,164.0,199.25,-12.300000000000006,653.08,780.765,3.9211371082697686,2.0,7.0,19,0,0
S0002,Bakery,2025-05-18,748.28,186,105,11.680764223083003,0.015610151578397128,1,1,Bundle,15.0,892.38,-0.1614782940003138,790.79,-0.053756370212066404,892.38,-0.1614782940003138,802.2466666666666,-0.06726941838337326,,,214.0,199.0,5.844523385617728e-15,861.28,790.79,3.9724448674525554,2.0,7.0,20,0,0
S0002,Bakery,2025-05-25,847.35,207,114,7.978963039289155,0.009416372265638939,0,1,None,,892.38,-0.050460566126537994,788.755,0.0742879601397139,892.38,-0.050460566126537994,,,,,186.0,197.0,-6.400000000000009,748.28,788.755,4.003429514387484,3.0,7.0,21,0,0
S0002,Bakery,2025-06-01,641.18,161,92,8.903604935999182,0.013886279883962667,0,1,None,,892.38,-0.28149443062372537,777.4975000000001,-0.17532853803388448,892.38,-0.28149443062372537,,,,,207.0,192.75,10.100000000000016,847.35,777.4975000000001,4.030839258176305,3.0,7.0,22,0,0
S0002,Bakery,2025-06-08,798.96,201,106,20.44522594024824,0.025589799164223787,1,1,Bundle,10.0,892.38,-0.10468634438243793,774.5224999999999,0.03155169798165982,892.38,-0.10468634438243793,,,,,161.0,192.0,-13.799999999999981,641.18,774.5224999999999,4.030911595700922,2.0,7.0,23,0,0
S0002,Bakery,2025-06-15,714.18,173,97,4.751159423440659,0.006652607778768181,0,1,None,,892.38,-0.19969071471794533,758.9425,-0.058980094012392306,892.38,-0.19969071471794533,,,,,201.0,188.75,-0.10000000000000624,798.96,758.9425,4.018474714685439,3.0,7.0,24,0,0
S0002,Bakery,2025-06-22,769.14,205,123,15.762133935972772,0.02049319231345759,1,1,Manager_Special,25.0,892.38,-0.13810260203052513,750.4175,0.02494944480905625,892.38,-0.13810260203052513,,,,,173.0,185.5,-6.199999999999995,714.18,750.4175,4.044774049634783,3.0,7.0,25,0,0
S0002,Bakery,2025-06-29,635.21,155,91,16.60581988441857,0.026142251986616342,0,1,None,,892.38,-0.28818440574643084,730.865,-0.1308791637306479,892.38,-0.28818440574643084,,,,,205.0,185.0,10.399999999999993,769.14,730.865,3.959380094173489,4.0,8.0,26,0,0
S0002,Bakery,2025-07-06,922.78,242,131,16.833979887699407,0.018242679606947927,1,1,Coupon,15.0,892.38,0.034066204979941256,729.3725000000001,0.2651697178053737,892.38,0.034066204979941256,,,,,155.0,183.5,-10.599999999999985,635.21,729.3725000000001,3.9882912342255827,3.0,8.0,27,0,0
S0002,Bakery,2025-07-13,726.8,177,100,21.529130849927995,0.02962180909456246,0,1,None,,892.38,-0.18554875725587758,760.3275,-0.04409612962835098,892.38,-0.18554875725587758,,,,,242.0,193.75,15.700000000000006,922.78,760.3275,3.947845014908943,4.0,8.0,28,0,0
S0002,Bakery,2025-07-20,789.64,196,121,13.05635570833898,0.016534567281722024,0,1,None,,892.38,-0.11513032564602525,763.4825000000001,0.03426077218534794,892.38,-0.11513032564602525,,,,,177.0,194.75,0.2999999999999996,726.8,763.4825000000001,3.94234666410394,3.0,8.0,29,0,0
S0002,Bakery,2025-07-27,892.16,229,134,42.58711594170718,0.047734841218735634,0,1,None,,892.38,-0.0002465317465653951,768.6075,0.16074849646926423,892.38,-0.0002465317465653951,,,,,196.0,192.5,5.800000000000005,789.64,768.6075,4.011564931898863,3.0,8.0,30,0,0
S0002,Bakery,2025-08-03,820.21,212,104,11.524576615382887,0.014050763359850388,0,1,None,,892.38,-0.08087361886191977,832.8449999999999,-0.015170890141622845,892.38,-0.08087361886191977,,,,,229.0,211.0,-1.999999999999997,892.16,832.8449999999999,3.9610064729609844,3.0,8.0,31,0,0
S0002,Bakery,2025-08-10,773.46,190,104,5.903213956543095,0.007632216218735417,0,1,None,,892.38,-0.1332616150070597,807.2025,-0.041801778364165064,892.38,-0.1332616150070597,,,,,212.0,203.5,13.800000000000013,820.21,807.2025,3.9749501225789476,2.0,8.0,32,0,0
S0002,Bakery,2025-08-17,845.04,207,113,15.53239255442912,0.018380659559818612,0,1,None,,892.38,-0.053049149465474385,818.8675,0.03196182532583112,892.38,-0.053049149465474385,,,,,190.0,206.75,-3.4999999999999902,773.46,818.8675,3.966106976578353,2.0,8.0,33,0,0
S0002,Bakery,2025-08-24,520.61,177,97,27.556025143016676,0.052930264772126305,1,1,Coupon,25.0,892.38,-0.41660503373002533,832.7175,-0.37480598162041745,892.38,-0.41660503373002533,,,,,207.0,209.5,-8.799999999999972,845.04,832.7175,3.9794928091722603,1.0,8.0,34,0,0
S0002,Bakery,2025-08-31,841.8,213,122,85.82992625750362,0.10195999793003518,0,1,None,,892.38,-0.0566798897330734,739.83,0.13782896070718936,892.38,-0.0566798897330734,,,,,177.0,196.5,-8.800000000000011,520.61,739.83,3.740843868802685,2.0,8.0,35,0,0
S0002,Bakery,2025-09-07,837.75,205,106,4.245989731016637,0.005068325551795449,0,1,None,,892.38,-0.0612183150675721,745.2275,0.12415336256378091,892.38,-0.0612183150675721,,,,,213.0,196.75,3.9000000000000123,841.8,745.2275,3.7616432642318633,1.0,8.0,36,0,0
S0002,Bakery,2025-09-14,936.21,239,134,7.948791236241841,0.008490393433355593,0,1,None,,892.38,0.04911584750890881,761.3,0.22975174044397753,892.38,0.04911584750890881,,,,,205.0,200.5,3.000000000000019,837.75,761.3,3.765579079379489,1.0,8.0,37,0,0
S0002,Bakery,2025-09-21,967.8299999999999,237,125,25.521850374596475,0.026370179034124256,0,1,None,,892.38,0.08454918308343971,784.0925,0.23433140860293902,892.38,0.08454918308343971,,,,,239.0,208.5,17.8,936.21,784.0925,3.7242985324144775,1.0,8.0,38,0,0
S0002,Bakery,2025-09-28,992.96,242,129,58.44115452132068,0.05885549722176188,0,1,None,,892.38,0.11270983213429261,895.8975,0.10834107696471973,892.38,0.11270983213429261,,,,,237.0,223.5,10.599999999999985,967.8299999999999,895.8975,4.009891395176403,1.0,8.0,39,0,0
S0002,Bakery,2025-10-05,792.63,197,114,33.32960110182839,0.04204938130253509,0,1,None,,892.38,-0.11177973509043233,933.6875,-0.15107570787870675,892.38,-0.11177973509043233,,,,,242.0,230.75,10.900000000000004,992.96,933.6875,4.047648350129261,1.0,8.0,40,0,0
S0002,Bakery,2025-10-12,1003.93,270,135,23.551376688644066,0.023459182102979356,0,1,None,,892.38,0.12500280149712,922.4074999999999,0.08838013567756121,892.38,0.12500280149712,,,,,197.0,228.75,-12.099999999999978,792.63,922.4074999999999,4.031877643183613,1.0,8.0,41,0,0
S0002,Bakery,2025-10-19,831.12,207,110,13.873316096173976,0.01669231410166279,0,1,None,,892.38,-0.06864788542997377,939.3375000000001,-0.11520619585612209,892.38,-0.06864788542997377,,,,,270.0,236.5,5.399999999999995,1003.93,939.3375000000001,3.9821432948185107,1.0,8.0,42,0,0
S0002,Bakery,2025-10-26,869.73,213,116,11.015697804211227,0.01266565233372567,0,1,None,,892.38,-0.02538156390775228,905.1600000000001,-0.039142251093729354,892.38,-0.02538156390775228,,,,,207.0,229.0,-3.199999999999983,831.12,905.1600000000001,3.9649936892415525,0.0,8.0,43,0,0
S0002,Baking,2024-12-29,466.21999999999997,126,74,9.774042818047993,0.02096444343453304,0,1,None,,,,875.8933333333334,-0.46772057480362916,,,,,,,,224.66666666666666,,,875.8933333333334,3.918944753699481,0.0,7.0,52,0,1
S0002,Baking,2025-01-05,629.19,165,90,11.404684840059058,0.018125979179673957,0,1,None,,,,767.09,-0.1797703007469788,,,,,,,126.0,201.0,,466.21999999999997,767.09,3.811163484395369,0.0,7.0,1,1,0
S0002,Baking,2025-01-12,753.15,200,103,6.777190993647194,0.008998461121486017,0,1,None,,,,642.1766666666666,0.1728081057652879,,,,,,,165.0,166.0,,629.19,642.1766666666666,3.842834640399858,0.0,7.0,2,1,0
S0002,Baking,2025-01-19,924.2,247,122,3.751117347870681,0.004058772287243758,0,1,None,,,,616.1866666666666,0.49987016921279287,,,,,,,200.0,163.66666666666666,,753.15,616.1866666666666,3.7597271524771525,0.0,7.0,3,0,0
S0002,Baking,2025-01-26,803.32,221,115,37.21631532475483,0.04632813240645674,0,1,None,,,,693.1899999999999,0.1588741903374257,,,,,,,247.0,184.5,39.8,924.2,693.1899999999999,3.7552204655724393,0.0,7.0,4,0,0
S0002,Baking,2025-02-02,660.64,180,101,11.897160225143471,0.018008537516867693,1,1,Bundle,25.0,,,777.465,-0.1502639990224641,,,,,,,221.0,208.25,21.500000000000036,803.32,777.465,3.738913814706965,0.0,7.0,5,0,0
S0002,Baking,2025-02-09,733.44,197,115,8.49284371881279,0.011579466239655308,0,1,None,,,,785.3275,-0.06607116139445,,,,,,,180.0,212.0,-8.599999999999989,660.64,785.3275,3.7031511884443384,1.0,7.0,6,0,0
S0002,Baking,2025-02-16,654.67,180,98,6.671966470665193,0.010191342921876966,0,1,None,,,,780.4,-0.16110968733982575,,,,,,,197.0,211.25,-19.1,733.44,780.4,3.6924751097641355,1.0,7.0,7,0,0
S0002,Baking,2025-02-23,692.3199999999999,179,105,12.070692964495866,0.017435135435197403,0,1,None,,,,713.0175,-0.02902803928374844,,,,,,,180.0,194.5,-10.600000000000001,654.67,713.0175,3.6663138974384495,1.0,8.0,8,0,0
S0002,Baking,2025-03-02,813.14,222,123,8.134503175236159,0.010003816286538798,0,1,None,,,,685.2674999999999,0.18660231223573287,,,,,,,179.0,184.0,-2.000000000000001,692.3199999999999,685.2674999999999,3.7245082400659175,1.0,8.0,9,0,0
S0002,Baking,2025-03-09,726.63,199,120,5.7586752395242025,0.007925182334233657,0,1,None,,,,723.3925,0.004475440372964821,,,,,,,222.0,194.5,7.400000000000012,813.14,723.3925,3.72265088270856,1.0,8.0,10,0,0
S0002,Baking,2025-03-16,762.6,207,106,86.65603930948363,0.1136323620633145,0,1,None,,,,721.69,0.05668638889273783,,,,,,,199.0,195.0,10.00000000000002,726.63,721.69,3.7047412201827328,1.0,8.0,11,0,0
S0002,Baking,2025-03-23,773.92,212,125,8.746092288626548,0.011301028903021692,0,1,None,,,,748.6725,0.03372302308419228,,,,,,,207.0,201.75,6.100000000000014,762.6,748.6725,3.716491824047467,1.0,8.0,12,0,0
S0002,Baking,2025-03-30,641.77,186,100,42.16927654321307,0.06570777154309655,1,1,Manager_Special,25.0,,,769.0725,-0.16552730724346534,,,,,,,212.0,210.0,-2.200000000000001,773.92,769.0725,3.6622059591797536,1.0,8.0,13,0,0
S0002,Baking,2025-04-06,685.28,194,105,22.578499582098676,0.03294784552606041,1,1,Manager_Special,30.0,,,726.23,-0.05638709499745266,,,,,,,186.0,201.0,-3.4000000000000132,641.77,726.23,3.6091018470030605,1.0,8.0,14,0,0
S0002,Baking,2025-04-13,802.49,213,118,7.0544718335655485,0.008790728649036808,0,1,None,,,,715.8924999999999,0.12096439060333791,,,,,,,194.0,199.75,-6.500000000000022,685.28,715.8924999999999,3.5793428717142453,2.0,8.0,15,0,0
S0002,Baking,2025-04-20,586.74,154,82,2.419065026540581,0.004122890933872893,0,1,None,,,,725.865,-0.1916678721249819,,,,,,,213.0,201.25,1.0999999999999994,802.49,725.865,3.6002180503221246,2.0,8.0,16,0,0
S0002,Baking,2025-04-27,732.15,199,111,0.0,0.0,0,0,None,,,,679.0699999999999,0.07816572665557313,,,,,,,154.0,186.75,-7.699999999999991,586.74,679.0699999999999,3.6400765408881623,2.0,8.0,17,0,0
S0002,Baking,2025-05-04,721.96,201,108,1.144333082090697,0.001585036680828158,0,1,None,,732.15,-0.01391791299597069,701.6650000000001,0.0289240592020408,732.15,-0.01391791299597069,707.1266666666667,0.02097691125588066,,,199.0,190.0,-4.3999999999999915,732.15,701.6650000000001,3.697268887027461,2.0,7.0,18,0,0
S0002,Baking,2025-05-11,655.73,193,102,13.041533064390773,0.01988857161391239,1,1,Coupon,30.0,732.15,-0.10437751826811441,710.835,-0.07752150639740589,732.15,-0.10437751826811441,680.2833333333333,-0.036092804468726196,,,201.0,191.75,0.9000000000000097,721.96,710.835,3.7121363025272816,2.0,7.0,19,0,0
S0002,Baking,2025-05-18,685.29,185,92,10.697480775159768,0.01561015157839713,0,1,None,,732.15,-0.06400327801679985,674.145,0.01653205170994368,732.15,-0.06400327801679985,703.2800000000001,-0.025580138778296155,,,193.0,186.75,11.900000000000025,655.73,674.145,3.6196378228756236,3.0,7.0,20,0,0
S0002,Baking,2025-05-25,691.88,190,103,6.514999643150269,0.009416372265638939,0,1,None,,732.15,-0.05500239022058319,698.7825,-0.00987789476696974,732.15,-0.05500239022058319,,,,,185.0,194.5,-4.999999999999991,685.29,698.7825,3.593205390443191,3.0,7.0,21,0,0
S0002,Baking,2025-06-01,645.82,174,104,8.96803727466077,0.013886279883962667,0,1,None,,732.15,-0.11791299597077091,688.715,-0.062282656831926096,732.15,-0.11791299597077091,,,,,190.0,192.25,-4.099999999999999,691.88,688.715,3.583787379335019,2.0,7.0,22,0,0
S0002,Baking,2025-06-08,640.2,198,112,16.38258942493607,0.02558979916422379,1,1,Manager_Special,15.0,732.15,-0.12558901864372046,669.6800000000001,-0.04402102496714851,732.15,-0.12558901864372046,,,,,174.0,185.5,-5.200000000000008,645.82,669.6800000000001,3.6137294791806185,1.0,7.0,23,0,0
S0002,Baking,2025-06-15,800.99,213,119,5.328672304715525,0.006652607778768181,0,1,None,,732.15,0.0940244485419655,665.7975,0.2030534809758222,732.15,0.0940244485419655,,,,,198.0,186.75,2.299999999999997,640.2,665.7975,3.5726716208041074,2.0,7.0,24,0,0
S0002,Baking,2025-06-22,754.5,205,121,15.462113600503754,0.020493192313457594,0,1,None,,732.15,0.030526531448473705,694.7225000000001,0.08604514752293169,732.15,0.030526531448473705,,,,,213.0,193.75,9.300000000000002,800.99,694.7225000000001,3.58673316121776,2.0,7.0,25,0,0
S0002,Baking,2025-06-29,667.55,169,89,17.45126031366574,0.026142251986616342,0,1,None,,732.15,-0.0882332855289217,710.3775,-0.06028836780444214,732.15,-0.0882332855289217,,,,,205.0,197.5,10.80000000000001,754.5,710.3775,3.5964866913846407,2.0,8.0,26,0,0
S0002,Baking,2025-07-06,769.52,236,129,14.038106811138569,0.018242679606947927,1,1,Bundle,20.0,732.15,0.051041453254114605,715.81,0.07503387770497763,732.15,0.051041453254114605,,,,,169.0,196.25,-9.499999999999986,667.55,715.81,3.6560843925340665,2.0,8.0,27,0,0
S0002,Baking,2025-07-13,812.18,213,116,24.058240910421738,0.02962180909456246,0,1,None,,732.15,0.10930820187120122,748.14,0.08559895206779475,732.15,0.10930820187120122,,,,,236.0,205.75,3.3000000000000074,769.52,748.14,3.6629205507261564,2.0,8.0,28,0,0
S0002,Baking,2025-07-20,732.65,206,120,12.11405071895364,0.016534567281722024,1,1,Manager_Special,15.0,732.15,0.0006829201666325207,750.9375,-0.02435289221806079,732.15,0.0006829201666325207,,,,,213.0,205.75,9.099999999999993,812.18,750.9375,3.6760543535430577,2.0,8.0,29,0,0
S0002,Baking,2025-07-27,812.6,216,116,38.78933197434458,0.047734841218735634,0,1,None,,732.15,0.10988185481117264,745.4749999999999,0.09004326100808226,732.15,0.10988185481117264,,,,,206.0,206.0,8.800000000000006,732.65,745.4749999999999,3.6450707518381087,3.0,8.0,30,0,0
S0002,Baking,2025-08-03,670.59,226,121,9.422301401482072,0.014050763359850386,1,1,Coupon,20.0,732.15,-0.08408113091579587,781.7375,-0.1421800796303106,732.15,-0.08408113091579587,,,,,216.0,217.75,-6.700000000000009,812.6,781.7375,3.5980800110973683,3.0,8.0,31,0,0
S0002,Baking,2025-08-10,697.95,190,109,5.326905309866384,0.007632216218735416,0,1,None,,732.15,-0.04671173939766432,757.005,-0.0780113737689975,732.15,-0.04671173939766432,,,,,226.0,215.25,4.8999999999999835,670.59,757.005,3.524713616917077,3.0,8.0,32,0,0
S0002,Baking,2025-08-17,836.94,232,121,15.38350921199459,0.018380659559818612,1,1,Coupon,10.0,732.15,0.14312640852284378,728.4475000000001,0.14893660833484904,732.15,0.14312640852284378,,,,,190.0,209.5,-3.7999999999999705,697.95,728.4475000000001,3.4898059692768504,3.0,8.0,33,0,0
S0002,Baking,2025-08-24,734.48,204,113,38.87622086983133,0.052930264772126305,0,1,None,,732.15,0.003182407976507602,754.5200000000001,-0.026559932142289237,732.15,0.003182407976507602,,,,,232.0,216.0,1.1999999999999953,836.94,754.5200000000001,3.5025426197622873,4.0,8.0,34,0,0
S0002,Baking,2025-08-31,683.79,188,110,69.71922698457875,0.10195999793003518,1,1,Manager_Special,10.0,732.15,-0.06605203851669741,734.9900000000001,-0.06966081171172417,732.15,-0.06605203851669741,,,,,204.0,213.0,-2.399999999999989,734.48,734.9900000000001,3.462131399718714,4.0,8.0,35,0,0
S0002,Baking,2025-09-07,826.74,219,121,4.190187466691369,0.005068325551795448,0,1,None,,732.15,0.1291948371235403,738.2900000000001,0.11980387110755926,732.15,0.1291948371235403,,,,,188.0,203.5,-3.399999999999993,683.79,738.2900000000001,3.6296235151395386,4.0,8.0,36,0,0
S0002,Baking,2025-09-14,909.74,241,131,7.724050522060917,0.008490393433355593,0,1,None,,732.15,0.24255958478453873,770.4875,0.1807329774980127,732.15,0.24255958478453873,,,,,219.0,210.75,-5.4999999999999964,826.74,770.4875,3.655035375269315,4.0,8.0,37,0,0
S0002,Baking,2025-09-21,796.28,216,111,20.99804616129246,0.026370179034124256,0,1,None,,732.15,0.0875913405722871,788.6875,0.009626753308503017,732.15,0.0875913405722871,,,,,241.0,213.0,14.199999999999982,909.74,788.6875,3.696874068215373,3.0,8.0,38,0,0
S0002,Baking,2025-09-28,785.92,206,109,46.25571237652709,0.05885549722176188,0,1,None,,732.15,0.07344123471966126,804.1374999999999,-0.02265470768369834,732.15,0.07344123471966126,,,,,216.0,216.0,10.599999999999998,796.28,804.1374999999999,3.7183963993700573,3.0,8.0,39,0,0
S0002,Baking,2025-10-05,857.18,232,122,36.04388866490702,0.042049381302535084,0,1,None,,732.15,0.1707710168681281,829.67,0.03315776151964033,732.15,0.1707710168681281,,,,,206.0,220.5,-6.3999999999999675,785.92,829.67,3.7628875943710898,2.0,8.0,40,0,0
S0002,Baking,2025-10-12,783.96,213,116,18.3910604014517,0.02345918210297936,1,1,Bundle,20.0,732.15,0.07076418766646188,837.28,-0.0636824001528759,732.15,0.07076418766646188,,,,,232.0,223.75,-3.700000000000011,857.18,837.28,3.7428058159110047,2.0,8.0,41,0,0
S0002,Baking,2025-10-19,759.71,199,109,12.681317946174236,0.016692314101662786,1,1,Bundle,25.0,732.15,0.03764255958478462,805.8349999999999,-0.057238764759535,732.15,0.03764255958478462,,,,,213.0,216.75,1.6999999999999986,783.96,805.8349999999999,3.719232968035369,2.0,8.0,42,0,0
S0002,Baking,2025-10-26,903.34,248,135,11.441390379147746,0.01266565233372567,0,1,None,,732.15,0.23381820665164252,796.6925,0.13386281407192868,732.15,0.23381820665164252,,,,,199.0,212.5,-4.0000000000000355,759.71,796.6925,3.7520221454036924,3.0,8.0,43,0,0
S0002,Beverages,2024-12-29,384.03,115,64,8.050975212163724,0.020964443434533044,0,1,None,,,,800.2833333333333,-0.5201324530895308,,,,,,,,214.66666666666666,,,800.2833333333333,3.7309809835156034,2.0,7.0,52,0,1
S0002,Beverages,2025-01-05,536.43,166,86,9.723319011352501,0.01812597917967396,0,1,None,,,,642.5666666666667,-0.16517611661565612,,,,,,,115.0,175.66666666666666,,384.03,642.5666666666667,3.612530958528097,2.0,7.0,1,1,0
S0002,Beverages,2025-01-12,628.89,189,105,5.6590422146913415,0.008998461121486018,0,1,None,,,,560.0566666666667,0.12290422992911416,,,,,,,166.0,160.0,,536.43,560.0566666666667,3.4628451731329952,2.0,7.0,2,1,0
S0002,Beverages,2025-01-19,726.16,232,131,2.947318084104927,0.004058772287243758,1,1,Bundle,20.0,,,516.4499999999999,0.4060606060606062,,,,,,,189.0,156.66666666666666,,628.89,516.4499999999999,3.299452548634843,2.0,7.0,3,0,0
S0002,Beverages,2025-01-26,600.39,185,108,27.81494741551256,0.04632813240645674,0,1,None,,,,568.8774999999999,0.05539417537167501,,,,,,,232.0,175.5,37.40000000000001,726.16,568.8774999999999,3.257089411476132,3.0,7.0,4,0,0
S0002,Beverages,2025-02-02,604.36,233,131,10.883639733694158,0.018008537516867693,1,1,Coupon,20.0,,,622.9675,-0.029869134425150524,,,,,,,185.0,193.0,10.000000000000007,600.39,622.9675,3.233579423227013,3.0,7.0,5,0,0
S0002,Beverages,2025-02-09,483.87,182,102,5.602956329382014,0.011579466239655308,1,1,Coupon,20.0,,,639.95,-0.2438940542229862,,,,,,,233.0,209.75,8.499999999999996,604.36,639.95,3.074157852825235,3.0,7.0,6,0,0
S0002,Beverages,2025-02-16,617.25,188,105,6.290606418528558,0.010191342921876968,0,1,None,,,,603.6949999999999,0.02245339119919838,,,,,,,182.0,208.0,-10.200000000000001,483.87,603.6949999999999,2.9069493668667485,3.0,7.0,7,0,0
S0002,Beverages,2025-02-23,555.41,175,103,9.68364857206299,0.017435135435197407,0,1,None,,,,576.4675,-0.03652851201498784,,,,,,,188.0,197.0,-4.199999999999989,617.25,576.4675,2.945260537079515,3.0,8.0,8,0,0
S0002,Beverages,2025-03-02,700.16,221,115,7.004272011183006,0.0100038162865388,0,1,None,,,,565.2225,0.2387334191402501,,,,,,,175.0,194.5,-16.800000000000015,555.41,565.2225,2.9273655563845344,3.0,8.0,9,0,0
S0002,Beverages,2025-03-09,690.29,219,126,5.470674113498151,0.007925182334233657,0,1,None,,,,589.1724999999999,0.1716263063873485,,,,,,,221.0,191.5,10.400000000000002,700.16,589.1724999999999,3.070946819857239,3.0,8.0,10,0,0
S0002,Beverages,2025-03-16,657.61,203,108,74.72577761645624,0.1136323620633145,0,1,None,,,,640.7774999999999,0.026268868679065818,,,,,,,219.0,200.75,13.900000000000006,690.29,640.7774999999999,3.1942925095556687,3.0,8.0,11,0,0
S0002,Beverages,2025-03-23,613.06,198,114,6.928208779286478,0.011301028903021692,0,1,None,,,,650.8675,-0.05808785966421738,,,,,,,203.0,204.5,8.200000000000008,657.61,650.8675,3.183345871362607,2.0,8.0,12,0,0
S0002,Beverages,2025-03-30,627.99,202,109,41.263823451349204,0.06570777154309655,0,1,None,,,,665.28,-0.05605158730158725,,,,,,,198.0,210.25,-8.5,613.06,665.28,3.163968670785406,2.0,8.0,13,0,0
S0002,Beverages,2025-04-06,644.37,233,121,21.230603221627543,0.03294784552606041,1,1,Manager_Special,15.0,,,647.2375,-0.004430367523513316,,,,,,,202.0,205.5,-5.599999999999982,627.99,647.2375,3.149147818225037,1.0,8.0,14,0,0
S0002,Beverages,2025-04-13,644.66,195,112,5.667031130888068,0.008790728649036808,0,1,None,,,,635.7574999999999,0.014002980696256093,,,,,,,233.0,209.0,9.40000000000002,644.37,635.7574999999999,3.0525296552916883,1.0,8.0,15,0,0
S0002,Beverages,2025-04-20,572.49,181,104,2.3603138307328924,0.004122890933872893,0,1,None,,,,632.52,-0.0949060899260102,,,,,,,195.0,207.0,2.2000000000000193,644.66,632.52,3.0691523027591634,1.0,8.0,16,0,0
S0002,Beverages,2025-04-27,584.38,177,106,0.0,0.0,0,0,None,,,,622.3774999999999,-0.06105217492598937,,,,,,,181.0,202.75,-10.099999999999993,572.49,622.3774999999999,3.085818690392402,1.0,8.0,17,0,0
S0002,Beverages,2025-05-04,709.78,221,117,1.1250273353182099,0.001585036680828158,0,1,None,,584.38,0.21458639926075496,611.475,0.16076699783310838,584.38,0.21458639926075496,600.5100000000001,0.181961998967544,,,177.0,196.5,-18.20000000000002,584.38,611.475,3.133998824083737,1.0,7.0,18,0,0
S0002,Beverages,2025-05-11,771.78,241,127,15.349601800185305,0.01988857161391239,0,1,None,,584.38,0.3206817481775557,627.8275,0.2292867069378133,584.38,0.3206817481775557,622.2166666666666,0.24037178903383077,,,221.0,193.5,7.400000000000034,709.78,627.8275,3.245533255948262,1.0,7.0,19,0,0
S0002,Beverages,2025-05-18,643.92,202,105,10.05168880436148,0.01561015157839713,0,1,None,,584.38,0.10188575926623082,659.6075000000001,-0.023783083121401913,584.38,0.10188575926623082,688.6466666666665,-0.06494864323262038,,,241.0,205.0,22.399999999999995,771.78,659.6075000000001,3.21964773621212,1.0,7.0,20,0,0
S0002,Beverages,2025-05-25,619.39,193,107,5.832406817614102,0.009416372265638939,0,1,None,,584.38,0.05990964783189019,677.4649999999999,-0.0857239857409607,584.38,0.05990964783189019,,,,,202.0,210.25,9.500000000000014,643.92,677.4649999999999,3.225846385082532,1.0,7.0,21,0,0
S0002,Beverages,2025-06-01,703.68,230,126,9.771497428746848,0.013886279883962665,1,1,Manager_Special,15.0,584.38,0.2041479858995858,686.2175,0.025447471100634972,584.38,0.2041479858995858,,,,,193.0,214.25,-12.299999999999995,619.39,686.2175,3.2027695577062842,1.0,7.0,22,0,0
S0002,Beverages,2025-06-08,649.9399999999999,197,110,16.631834068795605,0.025589799164223784,0,1,None,,584.38,0.11218727540299112,684.6925,-0.050756361432321886,584.38,0.11218727540299112,,,,,230.0,216.5,-4.199999999999998,703.68,684.6925,3.1647205708874764,1.0,7.0,23,0,0
S0002,Beverages,2025-06-15,739.49,228,115,4.919536926321282,0.006652607778768181,0,1,None,,584.38,0.2654266059755639,654.2325,0.13031682161922567,584.38,0.2654266059755639,,,,,197.0,205.5,2.200000000000007,649.9399999999999,654.2325,3.1889158654511593,1.0,7.0,24,0,0
S0002,Beverages,2025-06-22,717.41,214,123,14.70202109759761,0.02049319231345759,0,1,None,,584.38,0.22764297203874187,678.125,0.057931797235022994,584.38,0.22764297203874187,,,,,228.0,212.0,7.199999999999997,739.49,678.125,3.202829470627467,1.0,7.0,25,0,0
S0002,Beverages,2025-06-29,670.34,204,110,17.5241971967084,0.026142251986616342,0,1,None,,584.38,0.14709606762722893,702.63,-0.04595590851515017,584.38,0.14709606762722893,,,,,214.0,217.25,-1.7000000000000295,717.41,702.63,3.2386066121702495,1.0,8.0,26,0,0
S0002,Beverages,2025-07-06,739.42,228,130,13.489002154969437,0.01824267960694793,0,1,None,,584.38,0.2653068209042061,694.2950000000001,0.06499398670593895,584.38,0.2653068209042061,,,,,204.0,210.75,0.6999999999999902,670.34,694.2950000000001,3.295232144992074,1.0,8.0,27,0,0
S0002,Beverages,2025-07-13,579.93,213,116,17.178575748209607,0.02962180909456246,1,1,Coupon,15.0,584.38,-0.0076149081077381935,716.665,-0.1907934669615511,584.38,-0.0076149081077381935,,,,,228.0,218.5,-1.0000000000000082,739.42,716.665,3.2812027345370023,1.0,8.0,28,0,0
S0002,Beverages,2025-07-20,733.4,225,127,12.126451644414932,0.016534567281722024,0,1,None,,584.38,0.2550053047674458,676.7750000000001,0.08366887074729397,584.38,0.2550053047674458,,,,,213.0,214.75,2.100000000000009,579.93,676.7750000000001,3.151027450375895,2.0,8.0,29,0,0
S0002,Beverages,2025-07-27,676.43,207,112,32.28927864558934,0.047734841218735634,0,1,None,,584.38,0.15751736883534678,680.7724999999999,-0.0063787829267486175,584.38,0.15751736883534678,,,,,225.0,217.5,4.799999999999998,733.4,680.7724999999999,3.1278205448722605,2.0,8.0,30,0,0
S0002,Beverages,2025-08-03,614.94,189,104,8.640376420506398,0.014050763359850386,0,1,None,,584.38,0.052294739724152196,682.2950000000001,-0.09871829633809424,584.38,0.052294739724152196,,,,,207.0,218.25,-5.099999999999983,676.43,682.2950000000001,3.1232698912774897,1.0,8.0,31,0,0
S0002,Beverages,2025-08-10,646.97,193,96,4.9378149270352525,0.007632216218735416,0,1,None,,584.38,0.10710496594681548,651.175,-0.006457557492225481,584.38,0.10710496594681548,,,,,189.0,208.5,-9.000000000000007,614.94,651.175,3.125915045830539,1.0,8.0,32,0,0
S0002,Beverages,2025-08-17,726.5,221,129,13.353549170208222,0.018380659559818612,0,1,None,,584.38,0.243197919162189,667.935,0.08768068749204647,584.38,0.243197919162189,,,,,193.0,203.5,-11.400000000000004,646.97,667.935,3.2832900731968087,1.0,8.0,33,0,0
S0002,Beverages,2025-08-24,627.59,187,107,33.218504868338755,0.05293026477212631,0,1,None,,584.38,0.07394161333378972,666.21,-0.057969709250836825,584.38,0.07394161333378972,,,,,221.0,202.5,4.60000000000002,726.5,666.21,3.2902337634934407,1.0,8.0,34,0,0
S0002,Beverages,2025-08-31,762.74,229,121,77.76896882115504,0.10195999793003518,0,1,None,,584.38,0.3052123618193641,654.0,0.1662691131498471,584.38,0.3052123618193641,,,,,187.0,197.5,2.200000000000001,627.59,654.0,3.3123133832201193,1.0,8.0,35,0,0
S0002,Beverages,2025-09-07,604.68,195,109,3.0647150946596713,0.005068325551795448,0,1,None,,584.38,0.03473767069372661,690.95,-0.12485708083074042,584.38,0.03473767069372661,,,,,229.0,207.5,7.399999999999982,762.74,690.95,3.331586274327071,1.0,8.0,36,0,0
S0002,Beverages,2025-09-14,545.49,162,93,4.6314247139611435,0.008490393433355595,0,1,None,,584.38,-0.06654916321571577,680.3774999999999,-0.19825391051291372,584.38,-0.06654916321571577,,,,,195.0,208.0,-3.600000000000011,604.68,680.3774999999999,3.2687730021070633,0.0,8.0,37,0,0
S0002,Beverages,2025-09-21,523.68,217,112,13.809535356590189,0.026370179034124256,1,1,Coupon,25.0,584.38,-0.1038707690201582,635.125,-0.17546939578823073,584.38,-0.1038707690201582,,,,,162.0,193.25,-10.899999999999999,545.49,635.125,3.2887459784770985,0.0,8.0,38,0,0
S0002,Beverages,2025-09-28,544.24,167,97,32.03151580797169,0.05885549722176188,0,1,None,,584.38,-0.06868818234710289,609.1474999999999,-0.10655465219835905,584.38,-0.06868818234710289,,,,,217.0,200.75,-6.900000000000001,523.68,609.1474999999999,3.053039886656206,1.0,8.0,39,0,0
S0002,Beverages,2025-10-05,669.35,206,124,28.145753374851864,0.04204938130253509,0,1,None,,584.38,0.14540196447517031,554.5225,0.207074555135274,584.38,0.14540196447517031,,,,,167.0,185.25,-2.9000000000000066,544.24,554.5225,3.0350848360587106,1.0,8.0,40,0,0
S0002,Beverages,2025-10-12,713.2,218,117,16.73108867584488,0.02345918210297936,0,1,None,,584.38,0.2204387556042302,570.69,0.2497152569696332,584.38,0.2204387556042302,,,,,206.0,188.0,8.199999999999994,669.35,570.69,3.0721720279929903,1.0,8.0,41,0,0
S0002,Beverages,2025-10-19,606.21,184,100,10.119047731569,0.01669231410166279,0,1,None,,584.38,0.03735583011054458,612.6175000000001,-0.010459218027562103,584.38,0.03735583011054458,,,,,218.0,202.0,4.200000000000006,713.2,612.6175000000001,3.0482563806943155,1.0,8.0,42,0,0
S0002,Beverages,2025-10-26,728.05,234,126,9.221228181568973,0.01266565233372567,0,1,None,,584.38,0.24585030288510892,633.25,0.1497039084090011,584.38,0.24585030288510892,,,,,184.0,193.75,6.300000000000019,606.21,633.25,3.2685932996484333,1.0,8.0,43,0,0
S0002,Breakfast & Cereal,2024-12-29,598.87,127,68,12.554976239638803,0.02096444343453304,0,1,None,,,,662.92,-0.09661799312134188,,,,,,,,202.66666666666666,,,662.92,3.2718170143017034,1.0,7.0,52,0,1
S0002,Breakfast & Cereal,2025-01-05,953.98,208,115,17.291821617825363,0.018125979179673957,0,1,None,,,,639.4266666666667,0.4919302708676521,,,,,,,127.0,176.33333333333334,,598.87,639.4266666666667,3.760563669756179,1.0,7.0,1,1,0
S0002,Breakfast & Cereal,2025-01-12,943.7,190,109,8.491847760346356,0.008998461121486018,0,1,None,,,,719.6866666666666,0.3112650875844119,,,,,,,208.0,173.0,,953.98,719.6866666666666,4.198857894644441,1.0,7.0,2,1,0
S0002,Breakfast & Cereal,2025-01-19,1010.4,202,110,4.100983519031093,0.004058772287243758,0,1,None,,,,832.1833333333334,0.21415553463780004,,,,,,,190.0,175.0,,943.7,832.1833333333334,4.7562654079930295,0.0,7.0,3,0,0
S0002,Breakfast & Cereal,2025-01-26,609.11,193,107,28.218928730096867,0.046328132406456744,1,1,Coupon,30.0,,,876.7375,-0.305253853063203,,,,,,,202.0,181.75,20.700000000000024,1010.4,876.7375,4.817694105499722,0.0,7.0,4,0,0
S0002,Breakfast & Cereal,2025-02-02,1057.16,226,130,19.03790552133185,0.018008537516867693,0,1,None,,,,879.2975,0.20227795484463457,,,,,,,193.0,198.25,-3.300000000000011,609.11,879.2975,4.427818743417392,1.0,7.0,5,0,0
S0002,Breakfast & Cereal,2025-02-09,1032.47,222,119,11.955451508456918,0.01157946623965531,0,1,None,,,,905.0925000000001,0.14073423434621316,,,,,,,226.0,202.75,9.899999999999993,1057.16,905.0925000000001,4.450632945255377,1.0,7.0,6,0,0
S0002,Breakfast & Cereal,2025-02-16,1039.47,217,116,10.593595227003451,0.010191342921876968,0,1,None,,,,927.2850000000001,0.12098222229411662,,,,,,,222.0,210.75,9.300000000000026,1032.47,927.2850000000001,4.371613860381029,1.0,7.0,7,0,0
S0002,Breakfast & Cereal,2025-02-23,988.71,213,121,17.238292756134026,0.017435135435197403,0,1,None,,,,934.5525000000001,0.05795019541438272,,,,,,,217.0,214.5,6.800000000000013,1039.47,934.5525000000001,4.318664893825387,1.0,8.0,8,0,0
S0002,Breakfast & Cereal,2025-03-02,1122.65,246,140,11.230784354082784,0.0100038162865388,0,1,None,,,,1029.4525,0.0905311318394972,,,,,,,213.0,219.5,-4.4000000000000075,988.71,1029.4525,4.690120049630686,1.0,8.0,9,0,0
S0002,Breakfast & Cereal,2025-03-09,991.3,216,119,7.856233247925824,0.007925182334233657,0,1,None,,,,1045.825,-0.05213587359261835,,,,,,,246.0,224.5,6.800000000000013,1122.65,1045.825,4.66159974241434,1.0,8.0,10,0,0
S0002,Breakfast & Cereal,2025-03-16,873.6899999999999,186,106,99.27945841109722,0.11363236206331448,0,1,None,,,,1035.5325,-0.15628915557937592,,,,,,,216.0,223.0,3.0000000000000284,991.3,1035.5325,4.64624626393586,1.0,8.0,11,0,0
S0002,Breakfast & Cereal,2025-03-23,1162.65,244,138,13.13914125409817,0.011301028903021692,0,1,None,,,,994.0875,0.16956505337809813,,,,,,,186.0,215.25,-11.099999999999985,873.6899999999999,994.0875,4.623014697115584,1.0,8.0,12,0,0
S0002,Breakfast & Cereal,2025-03-30,993.14,211,124,65.25701623031091,0.06570777154309655,1,1,Coupon,20.0,,,1037.5725,-0.04282351353760822,,,,,,,244.0,223.0,-3.5999999999999956,1162.65,1037.5725,4.653796704735072,0.0,8.0,13,0,0
S0002,Breakfast & Cereal,2025-04-06,708.6899999999999,154,87,23.349808645863746,0.03294784552606041,0,1,None,,,,1005.1949999999999,-0.29497261725336876,,,,,,,211.0,214.25,4.300000000000002,993.14,1005.1949999999999,4.689598394327797,1.0,8.0,14,0,0
S0002,Breakfast & Cereal,2025-04-13,1006.83,225,120,8.850769325709729,0.008790728649036808,1,1,Coupon,15.0,,,934.5424999999999,0.0773506822857175,,,,,,,154.0,198.75,-12.899999999999983,708.6899999999999,934.5424999999999,4.692731210585613,1.0,8.0,15,0,0
S0002,Breakfast & Cereal,2025-04-20,891.73,194,114,3.6765055324624747,0.004122890933872893,0,1,None,,,,967.8275,-0.07862713138446673,,,,,,,225.0,208.5,-11.400000000000007,1006.83,967.8275,4.63711669445658,2.0,8.0,16,0,0
S0002,Breakfast & Cereal,2025-04-27,846.32,181,105,0.0,0.0,0,0,None,,,,900.0975,-0.05974630526137437,,,,,,,194.0,196.0,2.000000000000011,891.73,900.0975,4.595013538296364,2.0,8.0,17,0,0
S0002,Breakfast & Cereal,2025-05-04,1010.92,211,112,1.6023452813828012,0.0015850366808281577,0,1,None,,846.32,0.1944890821438698,863.3925,0.17086956395845448,846.32,0.1944890821438698,914.96,0.1048789018099151,,,181.0,188.5,4.999999999999984,846.32,863.3925,4.587257653402018,2.0,7.0,18,0,0
S0002,Breakfast & Cereal,2025-05-11,1048.74,224,114,20.85794059437448,0.01988857161391239,0,1,None,,846.32,0.23917667076283197,938.95,0.11692848394483195,846.32,0.23917667076283197,916.3233333333334,0.14450867052023117,,,211.0,202.75,-5.499999999999999,1010.92,938.95,4.634559386029579,2.0,7.0,19,0,0
S0002,Breakfast & Cereal,2025-05-18,779.56,164,97,12.169049764455265,0.015610151578397128,0,1,None,,846.32,-0.07888269212590994,949.4275,-0.1789157149966691,846.32,-0.07888269212590994,968.66,-0.195218136394607,,,224.0,202.5,11.999999999999993,1048.74,949.4275,4.686328136029579,2.0,7.0,20,0,0
S0002,Breakfast & Cereal,2025-05-25,912.57,198,113,8.593098838454127,0.009416372265638939,0,1,None,,846.32,0.07828008318366575,921.385,-0.009567119065320078,846.32,0.07828008318366575,,,,,164.0,195.0,-3.799999999999981,779.56,921.385,4.72554519662802,2.0,7.0,21,0,0
S0002,Breakfast & Cereal,2025-06-01,939.56,199,109,13.046993127775963,0.013886279883962667,0,1,None,,846.32,0.11017109367615073,937.9475,0.001719179378376673,846.32,0.11017109367615073,,,,,198.0,199.25,-9.899999999999995,912.57,937.9475,4.708829768869775,1.0,7.0,22,0,0
S0002,Breakfast & Cereal,2025-06-08,1131.32,234,120,28.950251590469655,0.025589799164223787,0,1,None,,846.32,0.3367520559599204,920.1075,0.22955198169779073,846.32,0.3367520559599204,,,,,199.0,196.25,-4.099999999999996,939.56,920.1075,4.691409015815403,1.0,7.0,23,0,0
S0002,Breakfast & Cereal,2025-06-15,942.33,191,115,6.268951888166619,0.00665260777876818,0,1,None,,846.32,0.11344408734284903,940.7524999999999,0.0016768491181262874,846.32,0.11344408734284903,,,,,234.0,198.75,21.100000000000023,1131.32,940.7524999999999,4.729615479490617,0.0,7.0,24,0,0
S0002,Breakfast & Cereal,2025-06-22,819.76,165,107,16.799499330879993,0.02049319231345759,0,1,None,,846.32,-0.03138292844314214,981.4449999999999,-0.16474178379837887,846.32,-0.03138292844314214,,,,,191.0,205.5,1.399999999999993,942.33,981.4449999999999,4.7746780513205245,0.0,7.0,25,0,0
S0002,Breakfast & Cereal,2025-06-29,947.84,208,107,24.778672122994436,0.026142251986616342,0,1,None,,846.32,0.11995462709140747,958.2425,-0.010855811550833865,846.32,0.11995462709140747,,,,,165.0,197.25,-14.499999999999968,819.76,958.2425,4.8645038088962815,0.0,8.0,26,0,0
S0002,Breakfast & Cereal,2025-07-06,1096.02,239,138,19.99434170280707,0.01824267960694793,1,1,Coupon,20.0,846.32,0.2950420644673409,960.3125,0.1413159778717865,846.32,0.2950420644673409,,,,,208.0,199.5,-10.399999999999991,947.84,960.3125,4.823382819333081,0.0,8.0,27,0,0
S0002,Breakfast & Cereal,2025-07-13,1176.34,249,135,34.84531891029761,0.029621809094562464,0,1,None,,846.32,0.3899470649399752,951.4875,0.2363168197164965,846.32,0.3899470649399752,,,,,239.0,200.75,18.699999999999996,1096.02,951.4875,4.761172040804311,1.0,8.0,28,0,0
S0002,Breakfast & Cereal,2025-07-20,989.01,211,118,16.3528523872959,0.016534567281722024,0,1,None,,846.32,0.16860052935060016,1009.99,-0.020772482895870276,846.32,0.16860052935060016,,,,,249.0,215.25,28.30000000000001,1176.34,1009.99,4.708820067465931,1.0,8.0,29,0,0
S0002,Breakfast & Cereal,2025-07-27,757.18,219,126,36.143867074002245,0.047734841218735634,1,1,Manager_Special,30.0,846.32,-0.10532659041497318,1052.3025,-0.2804540519479903,846.32,-0.10532659041497318,,,,,211.0,226.75,1.9000000000000263,989.01,1052.3025,4.6385722576138555,1.0,8.0,30,0,0
S0002,Breakfast & Cereal,2025-08-03,1119.73,228,130,15.733061256925275,0.014050763359850388,0,1,None,,846.32,0.3230574723508838,1004.6374999999999,0.11456122233143805,846.32,0.3230574723508838,,,,,219.0,229.5,-9.800000000000002,757.18,1004.6374999999999,4.363702218976694,2.0,8.0,31,0,0
S0002,Breakfast & Cereal,2025-08-10,1003.71,220,123,7.660531740906925,0.007632216218735416,0,1,None,,846.32,0.18596984592116456,1010.5649999999999,-0.006783334075492329,846.32,0.18596984592116456,,,,,228.0,226.75,-5.500000000000009,1119.73,1010.5649999999999,4.445011906637268,2.0,8.0,32,0,0
S0002,Breakfast & Cereal,2025-08-17,825.62,175,101,15.175440145777442,0.018380659559818612,0,1,None,,846.32,-0.024458833538141652,967.4075,-0.14656440021397396,846.32,-0.024458833538141652,,,,,220.0,219.5,3.599999999999995,1003.71,967.4075,4.404527195063701,2.0,8.0,33,0,0
S0002,Breakfast & Cereal,2025-08-24,882.15,193,103,46.69243306873122,0.052930264772126305,1,1,Coupon,15.0,846.32,0.042336232158048874,926.56,-0.047929977551372786,846.32,0.042336232158048874,,,,,175.0,210.5,-13.999999999999973,825.62,926.56,4.412171541712313,2.0,8.0,34,0,0
S0002,Breakfast & Cereal,2025-08-31,831.73,174,96,84.80318907834817,0.10195999793003518,0,1,None,,846.32,-0.017239342092825446,957.8025,-0.13162682285753063,846.32,-0.017239342092825446,,,,,193.0,204.0,-14.99999999999997,882.15,957.8025,4.690492158268965,3.0,8.0,35,0,0
S0002,Breakfast & Cereal,2025-09-07,959.63,205,120,4.863717249269466,0.005068325551795448,0,1,None,,846.32,0.13388552793269679,885.8025,0.08334532810643454,846.32,0.13388552793269679,,,,,174.0,190.5,-11.999999999999996,831.73,885.8025,4.65773240327804,2.0,8.0,36,0,0
S0002,Breakfast & Cereal,2025-09-14,937.4,215,119,7.958894804427533,0.008490393433355593,1,1,Bundle,20.0,846.32,0.10761886756782295,874.7825,0.07158065004729741,846.32,0.10761886756782295,,,,,205.0,186.75,7.100000000000023,959.63,874.7825,4.6874333456283725,2.0,8.0,37,0,0
S0002,Breakfast & Cereal,2025-09-21,923.23,206,118,24.345740389674535,0.026370179034124253,1,1,Bundle,15.0,846.32,0.09087579166272801,902.7275,0.022711726406916877,846.32,0.09087579166272801,,,,,215.0,196.75,9.699999999999998,937.4,902.7275,4.597976202771229,3.0,8.0,38,0,0
S0002,Breakfast & Cereal,2025-09-28,879.13,193,107,51.74163327256751,0.05885549722176187,0,1,None,,846.32,0.038767841951035005,912.9975,-0.037094844180843814,846.32,0.038767841951035005,,,,,206.0,200.0,10.599999999999998,923.23,912.9975,4.575719612902524,3.0,8.0,39,0,0
S0002,Breakfast & Cereal,2025-10-05,1052.17,221,126,44.243097525088345,0.042049381302535084,0,1,None,,846.32,0.2432295112959637,924.8475,0.13766864266811568,846.32,0.2432295112959637,,,,,193.0,204.75,-4.500000000000001,879.13,924.8475,4.519474675138245,3.0,8.0,40,0,0
S0002,Breakfast & Cereal,2025-10-12,1037.69,221,122,24.343358676440655,0.023459182102979363,0,1,None,,846.32,0.2261201436808772,947.9825,0.09462991141714125,846.32,0.2261201436808772,,,,,221.0,208.75,0.5000000000000143,1052.17,947.9825,4.539431743894453,3.0,8.0,41,0,0
S0002,Breakfast & Cereal,2025-10-19,831.05,165,105,13.87214763418686,0.01669231410166279,0,1,None,,846.32,-0.01804282068248428,973.055,-0.14593728000986583,846.32,-0.01804282068248428,,,,,221.0,210.25,7.299999999999997,1037.69,973.055,4.623289209957802,3.0,8.0,42,0,0
S0002,Breakfast & Cereal,2025-10-26,770.08,193,109,9.753565549155464,0.01266565233372567,1,1,Coupon,15.0,846.32,-0.09008412893468193,950.01,-0.18939800633677537,846.32,-0.09008412893468193,,,,,165.0,200.0,-8.399999999999991,831.05,950.01,4.762031119342915,2.0,8.0,43,0,0
S0002,Candy,2024-12-29,315.45,129,74,6.6132336814234485,0.020964443434533044,0,1,None,,,,973.6366666666668,-0.6760085041990338,,,,,,,,202.33333333333334,,,973.6366666666668,4.8310155857214685,2.0,7.0,52,0,1
S0002,Candy,2025-01-05,473.49,188,104,8.58246988178382,0.018125979179673953,0,1,None,,,,728.0633333333334,-0.34965822570380783,,,,,,,129.0,171.66666666666666,,315.45,728.0633333333334,4.059148456043121,2.0,7.0,1,1,0
S0002,Candy,2025-01-12,463.4,178,101,4.169886883696621,0.008998461121486018,0,1,None,,,,539.9966666666667,-0.14184655460836182,,,,,,,188.0,160.66666666666666,,473.49,539.9966666666667,3.333526444554401,1.0,7.0,2,1,0
S0002,Candy,2025-01-19,491.78,196,102,1.9960230354207351,0.004058772287243758,0,1,None,,,,417.44666666666666,0.17806665921395143,,,,,,,178.0,165.0,,463.4,417.44666666666666,2.5224278178377966,0.0,7.0,3,0,0
S0002,Candy,2025-01-26,375.11,200,119,17.37814574698599,0.046328132406456744,1,1,Coupon,25.0,,,436.03,-0.13971515721395308,,,,,,,196.0,172.75,19.10000000000002,491.78,436.03,2.5190912715416127,0.0,7.0,4,0,0
S0002,Candy,2025-02-02,488.05,197,110,8.789066735107276,0.01800853751686769,0,1,None,,,,450.945,0.08228276175586828,,,,,,,200.0,190.5,5.4000000000000075,375.11,450.945,2.3766415622392874,1.0,7.0,5,0,0
S0002,Candy,2025-02-09,480.79,198,106,5.5672915733638755,0.011579466239655308,0,1,None,,,,454.585,0.05764598479932255,,,,,,,197.0,192.75,6.100000000000008,488.05,454.585,2.366353396670651,1.0,7.0,6,0,0
S0002,Candy,2025-02-16,499.71,209,120,5.092715971491139,0.010191342921876968,0,1,None,,,,458.9325,0.08885293588926471,,,,,,,198.0,197.75,0.3000000000000105,480.79,458.9325,2.322568780849519,1.0,7.0,7,0,0
S0002,Candy,2025-02-23,459.93,182,106,8.018941840710342,0.017435135435197403,0,1,None,,,,460.915,-0.0021370534697287215,,,,,,,209.0,201.0,2.7999999999999883,499.71,460.915,2.2930376071360143,1.0,8.0,8,0,0
S0002,Candy,2025-03-02,522.92,213,113,5.231195612556868,0.010003816286538798,0,1,None,,,,482.12,0.08462623413258101,,,,,,,182.0,196.5,-3.399999999999982,459.93,482.12,2.4559220851579924,1.0,8.0,9,0,0
S0002,Candy,2025-03-09,505.09000000000003,205,112,4.002930345198078,0.007925182334233657,0,1,None,,,,490.8375,0.029037104948175425,,,,,,,213.0,200.5,1.7999999999999852,522.92,490.8375,2.450325161824421,1.0,8.0,10,0,0
S0002,Candy,2025-03-16,347.15,197,118,39.447474490279625,0.1136323620633145,1,1,Coupon,30.0,,,496.9125,-0.3013860589137927,,,,,,,205.0,202.25,1.9000000000000004,505.09000000000003,496.9125,2.459230495650486,1.0,8.0,11,0,0
S0002,Candy,2025-03-23,486.27,207,114,5.495351324672358,0.011301028903021692,1,1,Manager_Special,30.0,,,458.7725,0.05993711480090896,,,,,,,197.0,199.25,3.700000000000019,347.15,458.7725,2.3020369464799133,2.0,8.0,12,0,0
S0002,Candy,2025-03-30,503.17,205,112,33.06217940733989,0.06570777154309655,0,1,None,,,,465.35749999999996,0.08125473426344275,,,,,,,207.0,205.5,-2.5999999999999917,486.27,465.35749999999996,2.257547577153587,2.0,8.0,13,0,0
S0002,Candy,2025-04-06,445.78,177,109,14.687490578607207,0.03294784552606041,0,1,None,,,,460.42,-0.03179705486295131,,,,,,,205.0,203.5,1.000000000000011,503.17,460.42,2.2574136598284986,2.0,8.0,14,0,0
S0002,Candy,2025-04-13,381.2,158,89,3.351025761012831,0.008790728649036808,1,1,Bundle,15.0,,,445.59250000000003,-0.14450983802465264,,,,,,,177.0,196.5,-6.199999999999974,445.78,445.59250000000003,2.271083013555934,2.0,8.0,15,0,0
S0002,Candy,2025-04-20,462.11,181,104,1.9052291294520025,0.004122890933872893,0,1,None,,,,454.105,0.017628081611081127,,,,,,,158.0,186.75,-17.49999999999998,381.2,454.105,2.4337018852387717,3.0,8.0,16,0,0
S0002,Candy,2025-04-27,536.41,218,125,0.0,0.0,0,0,None,,,,448.065,0.19717005345206604,,,,,,,181.0,180.25,-9.099999999999987,462.11,448.065,2.484692757206103,3.0,8.0,17,0,0
S0002,Candy,2025-05-04,422.46999999999997,168,94,0.6696304465494718,0.001585036680828158,0,1,None,,536.41,-0.21241214742454467,456.375,-0.07429197480142433,536.41,-0.21241214742454467,459.9066666666666,-0.08140057402951313,,,218.0,183.5,14.60000000000001,536.41,456.375,2.486219888555398,3.0,7.0,18,0,0
S0002,Candy,2025-05-11,505.24,205,105,10.048501922213097,0.01988857161391239,0,1,None,,536.41,-0.05810853638075345,450.54749999999996,0.12139119626676445,536.41,-0.05810853638075345,473.66333333333336,0.06666479004074621,,,168.0,181.25,6.699999999999999,422.46999999999997,450.54749999999996,2.485262715431911,3.0,7.0,19,0,0
S0002,Candy,2025-05-18,483.81,195,101,7.552347435144315,0.01561015157839713,0,1,None,,536.41,-0.09805932029604215,481.55749999999995,0.004677530720630568,536.41,-0.09805932029604215,488.03999999999996,-0.00866732235062692,,,205.0,193.0,2.199999999999987,505.24,481.55749999999995,2.4982444999333007,2.0,7.0,20,0,0
S0002,Candy,2025-05-25,407.05,163,88,3.8329343307283303,0.009416372265638939,0,1,None,,536.41,-0.2411588150854756,486.98249999999996,-0.16413834172685868,536.41,-0.2411588150854756,,,,,195.0,196.5,-3.2000000000000144,483.81,486.98249999999996,2.480240250039548,1.0,7.0,21,0,0
S0002,Candy,2025-06-01,511.02,203,114,7.096166746302601,0.013886279883962667,0,1,None,,536.41,-0.047333196621986894,454.64250000000004,0.12400402514063233,536.41,-0.047333196621986894,,,,,163.0,182.75,-2.4999999999999853,407.05,454.64250000000004,2.489400983421661,1.0,7.0,22,0,0
S0002,Candy,2025-06-08,432.09,189,107,11.057096320869455,0.025589799164223787,1,1,Manager_Special,30.0,536.41,-0.19447810443504035,476.78000000000003,-0.09373295859725671,536.41,-0.19447810443504035,,,,,203.0,191.5,-3.8000000000000007,511.02,476.78000000000003,2.490060363553024,1.0,7.0,23,0,0
S0002,Candy,2025-06-15,421.36,182,106,2.8031428136617604,0.00665260777876818,1,1,Coupon,30.0,536.41,-0.2144814600771797,458.4925,-0.08098823862985761,536.41,-0.2144814600771797,,,,,189.0,187.5,2.200000000000016,432.09,458.4925,2.445461641137228,1.0,7.0,24,0,0
S0002,Candy,2025-06-22,599.02,241,124,12.275832059607366,0.02049319231345759,0,1,None,,536.41,0.11672041908241833,442.88,0.35255599710982655,536.41,0.11672041908241833,,,,,182.0,184.25,4.2999999999999945,421.36,442.88,2.4039836191592063,2.0,7.0,25,0,0
S0002,Candy,2025-06-29,463.84,191,112,12.125822161472124,0.026142251986616342,0,1,None,,536.41,-0.13528830558714416,490.87249999999995,-0.05507030848132656,536.41,-0.13528830558714416,,,,,241.0,203.75,10.699999999999992,599.02,490.87249999999995,2.401063844702062,2.0,8.0,26,0,0
S0002,Candy,2025-07-06,432.3,180,111,7.886310394083589,0.018242679606947927,0,1,None,,536.41,-0.19408661285210932,479.0775,-0.09764077837093159,536.41,-0.19408661285210932,,,,,191.0,200.75,6.499999999999995,463.84,479.0775,2.378849288180771,2.0,8.0,27,0,0
S0002,Candy,2025-07-13,466.04,185,95,13.80494791042989,0.02962180909456246,0,1,None,,536.41,-0.13118696519453393,479.13,-0.027320351470373334,536.41,-0.13118696519453393,,,,,180.0,198.5,-5.599999999999986,432.3,479.13,2.407718335799819,2.0,8.0,28,0,0
S0002,Candy,2025-07-20,533.11,213,120,8.814743163558829,0.016534567281722024,0,1,None,,536.41,-0.006152010588915111,490.29999999999995,0.08731388945543557,536.41,-0.006152010588915111,,,,,185.0,199.25,-17.900000000000006,466.04,490.29999999999995,2.458710910792394,2.0,8.0,29,0,0
S0002,Candy,2025-07-27,480.82,224,125,22.951866354792465,0.04773484121873563,1,1,Coupon,15.0,536.41,-0.10363341473872593,473.8225,0.014768188509410175,536.41,-0.10363341473872593,,,,,213.0,192.25,7.100000000000011,533.11,473.8225,2.4630368317399327,2.0,8.0,30,0,0
S0002,Candy,2025-08-03,563.05,218,121,7.9112823097637595,0.014050763359850386,0,1,None,,536.41,0.049663503663242646,478.0675,0.1777625544509927,536.41,0.049663503663242646,,,,,224.0,200.5,16.000000000000007,480.82,478.0675,2.3925458771774792,3.0,8.0,31,0,0
S0002,Candy,2025-08-10,502.51,196,105,3.835264972076734,0.007632216218735416,0,1,None,,536.41,-0.06319792695885607,510.755,-0.016142769037992784,536.41,-0.06319792695885607,,,,,218.0,210.0,11.000000000000004,563.05,510.755,2.4378287517952164,2.0,8.0,32,0,0
S0002,Candy,2025-08-17,502.77,199,107,9.241244206890004,0.018380659559818612,0,1,None,,536.41,-0.06271322309427488,519.8725,-0.03289748928823888,536.41,-0.06271322309427488,,,,,196.0,212.75,-5.700000000000001,502.51,519.8725,2.4490016006644937,1.0,8.0,33,0,0
S0002,Candy,2025-08-24,397.91,210,107,21.06148165547678,0.052930264772126305,1,1,Manager_Special,25.0,536.41,-0.25819802017113763,512.2874999999999,-0.2232681843691285,536.41,-0.25819802017113763,,,,,199.0,209.25,-9.699999999999996,502.77,512.2874999999999,2.4549062412382545,1.0,8.0,34,0,0
S0002,Candy,2025-08-31,442.53,196,111,45.120357883978464,0.10195999793003517,1,1,Coupon,10.0,536.41,-0.1750153800264723,491.56,-0.09974367320367815,536.41,-0.1750153800264723,,,,,210.0,205.75,-2.100000000000009,397.91,491.56,2.391979157904921,2.0,8.0,35,0,0
S0002,Candy,2025-09-07,499.57,203,111,2.5319833959104523,0.005068325551795449,0,1,None,,536.41,-0.06867880911988959,461.43,0.08265609084801592,536.41,-0.06867880911988959,,,,,196.0,200.25,1.099999999999993,442.53,461.43,2.3107311472327625,3.0,8.0,36,0,0
S0002,Candy,2025-09-14,500.63,202,110,4.250545664540811,0.008490393433355593,0,1,None,,536.41,-0.06670270874890472,460.695,0.0866842487980117,536.41,-0.06670270874890472,,,,,203.0,202.0,-0.20000000000000354,499.57,460.695,2.285008504727484,3.0,8.0,37,0,0
S0002,Candy,2025-09-21,522.39,219,120,13.775517825636168,0.026370179034124253,0,1,None,,536.41,-0.026136723774724525,460.15999999999997,0.13523557023643956,536.41,-0.026136723774724525,,,,,202.0,202.75,-1.6999999999999857,500.63,460.15999999999997,2.2729794858708248,3.0,8.0,38,0,0
S0002,Candy,2025-09-28,415.34999999999997,177,107,24.445630771058795,0.05885549722176188,1,1,Coupon,20.0,536.41,-0.22568557633153746,491.28,-0.15455544699560333,536.41,-0.22568557633153746,,,,,219.0,205.0,6.800000000000011,522.39,491.28,2.3956127213568,2.0,8.0,39,0,0
S0002,Candy,2025-10-05,571.15,228,127,24.016504130942913,0.042049381302535084,0,1,None,,536.41,0.06476389329058,484.48499999999996,0.17888066710011669,536.41,0.06476389329058,,,,,177.0,200.25,-6.100000000000015,415.34999999999997,484.48499999999996,2.4178137331174367,3.0,8.0,40,0,0
S0002,Candy,2025-10-12,431.0,178,96,10.110907486384104,0.02345918210297936,1,1,BOGO,100.0,536.41,-0.19651013217501534,502.38,-0.14208368167522592,536.41,-0.19651013217501534,,,,,228.0,206.5,3.600000000000019,571.15,502.38,2.428840707881934,3.0,8.0,41,0,0
S0002,Candy,2025-10-19,406.97,161,98,6.793271069953705,0.016692314101662786,0,1,None,,536.41,-0.24130795473611594,484.97249999999997,-0.16083901664527359,536.41,-0.24130795473611594,,,,,178.0,200.5,-7.200000000000009,431.0,484.97249999999997,2.4145862023752036,4.0,8.0,42,0,0
S0002,Candy,2025-10-26,532.04,207,114,6.738633667635405,0.01266565233372567,0,1,None,,536.41,-0.008146753416230132,456.1175,0.16645381946537888,536.41,-0.008146753416230132,,,,,161.0,186.0,-9.79999999999997,406.97,456.1175,2.4501915797256673,3.0,8.0,43,0,0
S0002,Condiments/Sauces/Spices,2024-12-29,486.46,130,74,10.198363153162942,0.02096444343453304,0,1,None,,,,469.7066666666667,0.035667650732371846,,,,,,,,189.0,,,469.7066666666667,2.4847187164703812,2.0,7.0,52,0,1
S0002,Condiments/Sauces/Spices,2025-01-05,657.33,170,90,11.914749894175083,0.018125979179673957,0,1,None,,,,441.4766666666667,0.48893486254464186,,,,,,,130.0,156.33333333333334,,486.46,441.4766666666667,2.897037429920674,2.0,7.0,1,1,0
S0002,Condiments/Sauces/Spices,2025-01-12,583.34,154,99,5.249162310607654,0.008998461121486018,0,1,None,,,,516.92,0.12849183626093028,,,,,,,170.0,153.66666666666666,,657.33,516.92,3.3788036779929365,2.0,7.0,2,1,0
S0002,Condiments/Sauces/Spices,2025-01-19,716.04,187,101,2.9062433085580204,0.004058772287243758,0,1,None,,,,575.71,0.243751194177624,,,,,,,154.0,151.33333333333334,,583.34,575.71,3.7988563789152026,2.0,7.0,3,0,0
S0002,Condiments/Sauces/Spices,2025-01-26,718.37,183,106,33.280740476826324,0.04632813240645673,0,1,None,,,,610.7925,0.17612773568765167,,,,,,,187.0,160.25,15.500000000000004,716.04,610.7925,3.806415011459129,1.0,7.0,4,0,0
S0002,Condiments/Sauces/Spices,2025-02-02,731.85,203,106,13.17954818171962,0.01800853751686769,0,1,None,,,,668.77,0.09432241278765502,,,,,,,183.0,173.5,7.200000000000013,718.37,668.77,3.852294792879894,1.0,7.0,5,0,0
S0002,Condiments/Sauces/Spices,2025-02-09,786.51,199,117,9.107365992151298,0.01157946623965531,0,1,None,,,,687.4,0.14418097177771313,,,,,,,203.0,181.75,14.299999999999999,731.85,687.4,3.7869261316222875,0.0,7.0,6,0,0
S0002,Condiments/Sauces/Spices,2025-02-16,624.39,170,97,6.363372606990759,0.010191342921876966,0,1,None,,,,738.1925,-0.154163717458522,,,,,,,199.0,193.0,5.599999999999988,786.51,738.1925,3.828023501589004,0.0,7.0,7,0,0
S0002,Condiments/Sauces/Spices,2025-02-23,675.41,188,102,11.775864824286678,0.017435135435197403,1,1,Manager_Special,25.0,,,715.28,-0.05574040935018455,,,,,,,170.0,188.75,-4.300000000000003,624.39,715.28,3.788971362551571,0.0,8.0,8,0,0
S0002,Condiments/Sauces/Spices,2025-03-02,776.96,216,115,7.772565101989186,0.0100038162865388,0,1,None,,,,704.54,0.10279047321656695,,,,,,,188.0,190.0,-7.400000000000008,675.41,704.54,3.705743176875487,1.0,8.0,9,0,0
S0002,Condiments/Sauces/Spices,2025-03-09,941.22,249,130,7.459340116627403,0.007925182334233657,0,1,None,,,,715.8175,0.3148882222074761,,,,,,,216.0,193.25,6.899999999999997,776.96,715.8175,3.7037093326864703,1.0,8.0,10,0,0
S0002,Condiments/Sauces/Spices,2025-03-16,594.0,171,102,67.4976230656088,0.1136323620633145,1,1,Manager_Special,25.0,,,754.495,-0.21271844081140365,,,,,,,249.0,205.75,26.5,941.22,754.495,3.660631443239234,1.0,8.0,11,0,0
S0002,Condiments/Sauces/Spices,2025-03-23,661.34,168,100,7.473822454724367,0.011301028903021693,0,1,None,,,,746.8975,-0.1145505240009506,,,,,,,171.0,206.0,-1.799999999999986,594.0,746.8975,3.610831907635519,2.0,8.0,12,0,0
S0002,Condiments/Sauces/Spices,2025-03-30,645.75,169,89,42.4307934739546,0.06570777154309655,0,1,None,,,,743.3800000000001,-0.13133256208130445,,,,,,,168.0,201.0,-22.200000000000003,661.34,743.3800000000001,3.696817216652743,2.0,8.0,13,0,0
S0002,Condiments/Sauces/Spices,2025-04-06,658.85,178,103,21.7076880248449,0.03294784552606041,0,1,None,,,,710.5775000000001,-0.07279642262807375,,,,,,,169.0,189.25,-24.299999999999986,645.75,710.5775000000001,3.7528094366834246,2.0,8.0,14,0,0
S0002,Condiments/Sauces/Spices,2025-04-13,675.37,179,99,5.936994407699989,0.008790728649036808,0,1,None,,,,639.985,0.05529035836777423,,,,,,,178.0,171.5,2.1999999999999966,658.85,639.985,3.73316056027893,2.0,8.0,15,0,0
S0002,Condiments/Sauces/Spices,2025-04-20,756.6899999999999,198,103,3.119750340752279,0.004122890933872893,1,1,Bundle,15.0,,,660.3275,0.1459313749616667,,,,,,,179.0,173.5,4.200000000000002,675.37,660.3275,3.8079936975914856,2.0,8.0,16,0,0
S0002,Condiments/Sauces/Spices,2025-04-27,679.89,184,104,0.0,0.0,0,0,None,,,,684.165,-0.006248492688167295,,,,,,,198.0,181.0,8.800000000000006,756.6899999999999,684.165,3.779273459496247,2.0,8.0,17,0,0
S0002,Condiments/Sauces/Spices,2025-05-04,809.51,220,119,1.283103043497202,0.0015850366808281577,0,1,None,,679.89,0.19064848725529132,692.7,0.16862999855637353,679.89,0.19064848725529132,703.9833333333332,0.14989938208764428,,,184.0,184.75,3.6999999999999864,679.89,692.7,3.747785567162828,2.0,7.0,18,0,0
S0002,Condiments/Sauces/Spices,2025-05-11,726.96,202,109,14.458196020449753,0.01988857161391239,0,1,None,,679.89,0.06923178749503604,730.365,-0.0046620525353761105,679.89,0.06923178749503604,748.6966666666667,-0.029032674558900146,,,220.0,195.25,10.899999999999999,809.51,730.365,3.74233217084005,2.0,7.0,19,0,0
S0002,Condiments/Sauces/Spices,2025-05-18,645.36,174,108,10.074167422634371,0.015610151578397128,0,1,None,,679.89,-0.05078762741031634,743.2625,-0.13171995089218147,679.89,-0.05078762741031634,738.7866666666667,-0.12645960042592366,,,202.0,201.0,4.799999999999999,726.96,743.2625,3.698780951192945,1.0,7.0,20,0,0
S0002,Condiments/Sauces/Spices,2025-05-25,637.69,175,98,6.004726430075295,0.009416372265638939,0,1,None,,679.89,-0.062068864080954175,715.4300000000001,-0.10866192359839537,679.89,-0.062068864080954175,,,,,174.0,195.0,-4.799999999999998,645.36,715.4300000000001,3.6706056638366236,1.0,7.0,21,0,0
S0002,Condiments/Sauces/Spices,2025-06-01,689.63,195,111,9.576395196377174,0.013886279883962667,0,1,None,,679.89,0.014325846828163393,704.88,-0.021634888207921917,679.89,0.014325846828163393,,,,,175.0,192.75,-16.299999999999986,637.69,704.88,3.6578277911658166,1.0,7.0,22,0,0
S0002,Condiments/Sauces/Spices,2025-06-08,424.6,166,98,10.865428725129421,0.025589799164223787,1,1,BOGO,100.0,679.89,-0.3754872111665122,674.9100000000001,-0.37087908017365284,679.89,-0.3754872111665122,,,,,195.0,186.5,-1.9999999999999836,689.63,674.9100000000001,3.622071089534115,1.0,7.0,23,0,0
S0002,Condiments/Sauces/Spices,2025-06-15,681.67,177,101,4.5348831445529045,0.006652607778768179,0,1,None,,679.89,0.0026180705702392635,599.32,0.13740572649002186,679.89,0.0026180705702392635,,,,,166.0,177.5,-0.39999999999998664,424.6,599.32,3.361825950562386,2.0,7.0,24,0,0
S0002,Condiments/Sauces/Spices,2025-06-22,740.49,194,102,15.175003976192212,0.02049319231345759,0,1,None,,679.89,0.08913206548118081,608.3975,0.21711545494516327,679.89,0.08913206548118081,,,,,177.0,178.25,-2.3,681.67,608.3975,3.3973953057153183,1.0,7.0,25,0,0
S0002,Condiments/Sauces/Spices,2025-06-29,654.28,176,93,17.10435262980334,0.026142251986616342,0,1,None,,679.89,-0.037667858035858766,634.0975,0.031828701422099925,679.89,-0.037667858035858766,,,,,194.0,183.0,0.8000000000000115,740.49,634.0975,3.440649282151253,1.0,8.0,26,0,0
S0002,Condiments/Sauces/Spices,2025-07-06,791.48,216,117,14.438716055307147,0.018242679606947927,0,1,None,,679.89,0.1641294915353955,625.26,0.26584140997345107,679.89,0.1641294915353955,,,,,176.0,178.25,4.700000000000012,654.28,625.26,3.4858832565102276,1.0,8.0,27,0,0
S0002,Condiments/Sauces/Spices,2025-07-13,708.51,193,108,20.98734796158845,0.029621809094562464,1,1,Coupon,10.0,679.89,0.042095044786656675,716.98,-0.011813439705431151,679.89,0.042095044786656675,,,,,216.0,190.75,9.899999999999986,791.48,716.98,3.762490239999741,1.0,8.0,28,0,0
S0002,Condiments/Sauces/Spices,2025-07-20,561.11,198,112,9.277711047447045,0.016534567281722024,1,1,Coupon,25.0,679.89,-0.1747047316477665,723.69,-0.2246542027663779,679.89,-0.1747047316477665,,,,,193.0,194.75,3.699999999999997,708.51,723.69,3.717438572893977,2.0,8.0,29,0,0
S0002,Condiments/Sauces/Spices,2025-07-27,693.25,240,138,33.09217867488847,0.04773484121873563,1,1,Manager_Special,25.0,679.89,0.019650237538425354,678.845,0.02121986609608964,679.89,0.019650237538425354,,,,,198.0,195.75,4.300000000000004,561.11,678.845,3.4716711043945496,3.0,8.0,30,0,0
S0002,Condiments/Sauces/Spices,2025-08-03,742.12,220,116,10.42735250461217,0.014050763359850388,1,1,Coupon,10.0,679.89,0.09152951212696174,688.5875,0.0777424800769692,679.89,0.09152951212696174,,,,,240.0,211.75,7.7000000000000055,693.25,688.5875,3.2644315210612165,4.0,8.0,31,0,0
S0002,Condiments/Sauces/Spices,2025-08-10,759.02,210,117,5.793004754344555,0.007632216218735415,0,1,None,,679.89,0.11638647428260454,676.2475,0.12239971312278425,679.89,0.11638647428260454,,,,,220.0,212.75,12.30000000000002,742.12,676.2475,3.1916848880645836,4.0,8.0,32,0,0
S0002,Condiments/Sauces/Spices,2025-08-17,727.9,206,119,13.379282093591968,0.018380659559818612,1,1,Manager_Special,15.0,679.89,0.07061436408830839,688.875,0.05665033569225183,679.89,0.07061436408830839,,,,,210.0,217.0,1.6000000000000165,759.02,688.875,3.177521058802309,4.0,8.0,33,0,0
S0002,Condiments/Sauces/Spices,2025-08-24,653.53,178,103,34.5915159365277,0.0529302647721263,0,1,None,,679.89,-0.0387709776581506,730.5725,-0.10545496853495036,679.89,-0.0387709776581506,,,,,206.0,219.0,-11.199999999999969,727.9,730.5725,3.352422622987854,5.0,8.0,34,0,0
S0002,Condiments/Sauces/Spices,2025-08-31,821.3100000000001,214,117,83.7407658999172,0.10195999793003518,0,1,None,,679.89,0.20800423597934972,720.6424999999999,0.13969131712326174,679.89,0.20800423597934972,,,,,178.0,203.5,-13.000000000000034,653.53,720.6424999999999,3.5481664198043332,5.0,8.0,35,0,0
S0002,Condiments/Sauces/Spices,2025-09-07,619.32,188,104,3.1389153807379575,0.005068325551795449,1,1,Manager_Special,25.0,679.89,-0.08908794069628902,740.44,-0.16357841283561125,679.89,-0.08908794069628902,,,,,214.0,202.0,-1.5999999999999897,821.3100000000001,740.44,3.664322537051572,5.0,8.0,36,0,0
S0002,Condiments/Sauces/Spices,2025-09-14,725.95,198,107,6.163601112944494,0.008490393433355593,0,1,None,,679.89,0.0677462530703497,705.515,0.02896465702359278,679.89,0.0677462530703497,,,,,188.0,196.5,-1.8000000000000091,619.32,705.515,3.5842911287435677,5.0,8.0,37,0,0
S0002,Condiments/Sauces/Spices,2025-09-21,751.5600000000001,192,107,19.818771754886424,0.02637017903412425,0,1,None,,679.89,0.10541411110620846,705.0275,0.06600097159330667,679.89,0.10541411110620846,,,,,198.0,194.5,3.400000000000009,725.95,705.0275,3.617520877689336,4.0,8.0,38,0,0
S0002,Condiments/Sauces/Spices,2025-09-28,588.6,161,93,34.64234566472904,0.05885549722176188,0,1,None,,679.89,-0.13427172042536287,729.5350000000001,-0.19318469984305078,679.89,-0.13427172042536287,,,,,192.0,198.0,-5.599999999999992,751.5600000000001,729.5350000000001,3.67823541420619,3.0,8.0,39,0,0
S0002,Condiments/Sauces/Spices,2025-10-05,615.02,210,111,25.861210488685128,0.042049381302535084,1,1,Manager_Special,25.0,679.89,-0.095412493197429,671.3575,-0.08391579747005132,679.89,-0.095412493197429,,,,,161.0,184.75,-8.699999999999989,588.6,671.3575,3.6327362704202724,2.0,8.0,40,0,0
S0002,Condiments/Sauces/Spices,2025-10-12,806.34,218,114,18.91607689691638,0.023459182102979363,0,1,None,,679.89,0.18598596831840453,670.2825,0.20298530843338444,679.89,0.18598596831840453,,,,,210.0,190.25,0.49999999999999506,615.02,670.2825,3.541339107299705,3.0,8.0,41,0,0
S0002,Condiments/Sauces/Spices,2025-10-19,533.53,156,83,8.905850342660147,0.01669231410166279,1,1,Coupon,30.0,679.89,-0.2152701172248452,690.38,-0.22719371940090968,679.89,-0.2152701172248452,,,,,218.0,195.25,12.700000000000005,806.34,690.38,3.5494374068085555,2.0,8.0,42,0,0
S0002,Condiments/Sauces/Spices,2025-10-26,784.97,216,111,9.942157112404638,0.012665652333725668,0,1,None,,679.89,0.15455441321390231,635.8725,0.23447703745640847,679.89,0.15455441321390231,,,,,156.0,186.25,-0.6999999999999837,533.53,635.8725,3.4258596824495804,3.0,8.0,43,0,0
S0002,Dairy & Eggs,2024-12-29,391.77,107,65,8.213240004347009,0.02096444343453304,0,1,None,,,,651.63,-0.39878458634501174,,,,,,,,194.66666666666666,,,651.63,3.3491793695601033,3.0,7.0,52,0,1
S0002,Dairy & Eggs,2025-01-05,447.61,162,90,8.113369540613862,0.01812597917967396,1,1,Manager_Special,20.0,,,577.2133333333334,-0.2245328128248366,,,,,,,107.0,160.33333333333334,,391.77,577.2133333333334,3.5934244370575072,2.0,7.0,1,1,0
S0002,Dairy & Eggs,2025-01-12,539.85,147,80,4.857819236434227,0.008998461121486018,0,1,None,,,,457.6366666666666,0.17964760982147432,,,,,,,162.0,141.66666666666666,,447.61,457.6366666666666,3.2814968876936685,3.0,7.0,2,1,0
S0002,Dairy & Eggs,2025-01-19,574.47,177,101,2.3316429158529215,0.004058772287243758,1,1,Coupon,25.0,,,459.74333333333334,0.24954503599834696,,,,,,,147.0,138.66666666666666,,539.85,459.74333333333334,3.365625180036247,3.0,7.0,3,0,0
S0002,Dairy & Eggs,2025-01-26,558.53,189,108,25.875651792978278,0.04632813240645673,1,1,Manager_Special,20.0,,,488.425,0.14353278394840552,,,,,,,177.0,148.25,19.500000000000007,574.47,488.425,3.3356171901119307,4.0,7.0,4,0,0
S0002,Dairy & Eggs,2025-02-02,677.22,192,110,12.195741777173136,0.01800853751686769,0,1,None,,,,530.115,0.2774963922922385,,,,,,,189.0,168.75,11.099999999999994,558.53,530.115,3.1590630191185074,4.0,7.0,5,0,0
S0002,Dairy & Eggs,2025-02-09,649.3,197,108,7.5185474294081915,0.01157946623965531,1,1,Manager_Special,25.0,,,587.5174999999999,0.10515856974473106,,,,,,,192.0,176.25,14.700000000000006,677.22,587.5174999999999,3.3501037212790012,4.0,7.0,6,0,0
S0002,Dairy & Eggs,2025-02-16,743.2,214,119,7.574206059538962,0.010191342921876968,0,1,None,,,,614.88,0.20869112672391368,,,,,,,197.0,188.75,6.299999999999989,649.3,614.88,3.2559762479546466,4.0,7.0,7,0,0
S0002,Dairy & Eggs,2025-02-23,597.42,170,99,10.416098611695633,0.017435135435197403,0,1,None,,,,657.0625,-0.090771425853705,,,,,,,214.0,198.0,7.9999999999999964,743.2,657.0625,3.312802241935321,4.0,8.0,8,0,0
S0002,Dairy & Eggs,2025-03-02,741.83,217,119,7.421131035843079,0.0100038162865388,1,1,Coupon,10.0,,,666.7850000000001,0.11254752281470032,,,,,,,170.0,193.25,-4.899999999999984,597.42,666.7850000000001,3.4525647691684367,4.0,8.0,9,0,0
S0002,Dairy & Eggs,2025-03-09,718.39,201,106,5.693371737090117,0.007925182334233657,0,1,None,,,,682.9375,0.05191177816418045,,,,,,,217.0,199.5,1.600000000000019,741.83,682.9375,3.4254107513112935,4.0,8.0,10,0,0
S0002,Dairy & Eggs,2025-03-16,708.68,200,113,80.5289823470297,0.11363236206331448,0,1,None,,,,700.2099999999999,0.012096371088673438,,,,,,,201.0,200.5,0.7999999999999983,718.39,700.2099999999999,3.4949458802352016,4.0,8.0,11,0,0
S0002,Dairy & Eggs,2025-03-23,690.91,190,104,7.807993879386718,0.011301028903021693,0,1,None,,,,691.5799999999999,-0.0009687960901124369,,,,,,,200.0,197.0,7.400000000000026,708.68,691.5799999999999,3.512571581169781,3.0,8.0,12,0,0
S0002,Dairy & Eggs,2025-03-30,816.67,234,132,53.66156578610066,0.06570777154309655,0,1,None,,,,714.9525,0.14227168937796564,,,,,,,190.0,202.0,-8.199999999999989,690.91,714.9525,3.5431048629035273,2.0,8.0,13,0,0
S0002,Dairy & Eggs,2025-04-06,622.1800000000001,184,97,20.499490529404266,0.03294784552606041,0,1,None,,,,733.6624999999999,-0.1519533845603392,,,,,,,234.0,206.25,8.900000000000015,816.67,733.6624999999999,3.5609726895213543,2.0,8.0,14,0,0
S0002,Dairy & Eggs,2025-04-13,520.02,149,77,4.571354712072121,0.008790728649036808,0,1,None,,,,709.61,-0.2671749270726174,,,,,,,184.0,202.0,-0.3999999999999871,622.1800000000001,709.61,3.512806049893407,1.0,8.0,15,0,0
S0002,Dairy & Eggs,2025-04-20,641.19,179,89,2.6435564378899605,0.004122890933872893,0,1,None,,,,662.445,-0.032085682584969306,,,,,,,149.0,189.25,-17.299999999999997,520.02,662.445,3.4994728284168968,1.0,8.0,16,0,0
S0002,Dairy & Eggs,2025-04-27,718.15,201,113,0.0,0.0,0,0,None,,,,650.015,0.10482065798481573,,,,,,,179.0,186.5,-19.99999999999999,641.19,650.015,3.4858974829302753,1.0,8.0,17,0,0
S0002,Dairy & Eggs,2025-05-04,722.7,199,108,1.1455060092345097,0.001585036680828158,0,1,None,,718.15,0.0063357237345959315,625.385,0.1556081453824445,718.15,0.0063357237345959315,626.4533333333334,0.15363740847948237,,,201.0,178.25,8.100000000000001,718.15,625.385,3.506608192204417,0.0,7.0,18,0,0
S0002,Dairy & Eggs,2025-05-11,440.75,177,98,8.765887938831886,0.01988857161391239,1,1,Manager_Special,25.0,718.15,-0.3862702777971176,650.515,-0.32245989715840523,718.15,-0.3862702777971176,694.0133333333333,-0.3649257459030566,,,199.0,182.0,17.200000000000003,722.7,650.515,3.5691695041991736,0.0,7.0,19,0,0
S0002,Dairy & Eggs,2025-05-18,723.09,206,98,11.287544504823181,0.01561015157839713,0,1,None,,718.15,0.0068787857689898415,630.6975,0.14649257369816757,718.15,0.0068787857689898415,627.1999999999999,0.15288584183673487,,,177.0,189.0,-0.7999999999999895,440.75,630.6975,3.3191809742632543,1.0,7.0,20,0,0
S0002,Dairy & Eggs,2025-05-25,616.9300000000001,165,86,5.809242541840631,0.009416372265638939,0,1,None,,718.15,-0.14094548492654727,651.1725,-0.05258591233505707,718.15,-0.14094548492654727,,,,,206.0,195.75,-0.6999999999999957,723.09,651.1725,3.3012006222537083,1.0,7.0,21,0,0
S0002,Dairy & Eggs,2025-06-01,577.64,161,94,8.021270712172194,0.013886279883962667,0,1,None,,718.15,-0.19565550372484855,625.8675000000001,-0.07705704482178748,718.15,-0.19565550372484855,,,,,165.0,186.75,-7.299999999999995,616.9300000000001,625.8675000000001,3.3427216534613073,1.0,7.0,22,0,0
S0002,Dairy & Eggs,2025-06-08,616.24,173,101,15.769457836961267,0.025589799164223787,0,1,None,,718.15,-0.14190628698739813,589.6025000000001,0.045178743305871204,718.15,-0.14190628698739813,,,,,161.0,177.25,-8.899999999999997,577.64,589.6025000000001,3.3317636023361157,1.0,7.0,23,0,0
S0002,Dairy & Eggs,2025-06-15,577.32,197,101,3.840683522838446,0.006652607778768181,1,1,Coupon,10.0,718.15,-0.19610109308640247,633.475,-0.08864596077193254,718.15,-0.19610109308640247,,,,,173.0,176.25,-10.300000000000006,616.24,633.475,3.5997555849624177,1.0,7.0,24,0,0
S0002,Dairy & Eggs,2025-06-22,671.68,195,109,13.764867413103195,0.020493192313457594,0,1,None,,718.15,-0.06470793009816894,597.0325,0.12503088190341383,718.15,-0.06470793009816894,,,,,197.0,174.0,10.80000000000002,577.32,597.0325,3.4548587711040573,2.0,7.0,25,0,0
S0002,Dairy & Eggs,2025-06-29,659.49,184,103,17.24055376265361,0.026142251986616342,0,1,None,,718.15,-0.08168209983986628,610.72,0.0798565627456117,718.15,-0.08168209983986628,,,,,195.0,181.5,12.600000000000001,671.68,610.72,3.3812445519898375,2.0,8.0,26,0,0
S0002,Dairy & Eggs,2025-07-06,717.37,197,108,13.086751069636236,0.01824267960694793,0,1,None,,718.15,-0.0010861240687878198,631.1825,0.13654925477179738,718.15,-0.0010861240687878198,,,,,184.0,187.25,3.1000000000000085,659.49,631.1825,3.3803342259028812,2.0,8.0,27,0,0
S0002,Dairy & Eggs,2025-07-13,656.82,177,89,19.456196649490515,0.029621809094562458,0,1,None,,718.15,-0.08539998607533235,656.4649999999999,0.0005407752126924237,718.15,-0.08539998607533235,,,,,197.0,193.25,-1.1000000000000092,717.37,656.4649999999999,3.400182014993577,1.0,8.0,28,0,0
S0002,Dairy & Eggs,2025-07-20,776.64,219,114,12.841406333676593,0.016534567281722024,0,1,None,,718.15,0.08144538049154078,676.34,0.14829819321642954,718.15,0.08144538049154078,,,,,177.0,188.25,-4.10000000000001,656.82,676.34,3.5952542854917273,1.0,8.0,29,0,0
S0002,Dairy & Eggs,2025-07-27,870.95,248,130,41.574659959457804,0.047734841218735634,1,1,Coupon,25.0,718.15,0.21276892014203172,702.5799999999999,0.23964530729596648,718.15,0.21276892014203172,,,,,219.0,194.25,8.499999999999996,776.64,702.5799999999999,3.620701422829276,1.0,8.0,30,0,0
S0002,Dairy & Eggs,2025-08-03,691.86,191,108,9.721161138146089,0.014050763359850386,0,1,None,,718.15,-0.03660795098517018,755.445,-0.08416893354248163,718.15,-0.03660795098517018,,,,,248.0,210.25,19.49999999999999,870.95,755.445,3.6026290174996825,2.0,8.0,31,0,0
S0002,Dairy & Eggs,2025-08-10,605.96,174,100,4.624817739904913,0.007632216218735415,0,1,None,,718.15,-0.15622084522732013,749.0675,-0.19104753576947334,718.15,-0.15622084522732013,,,,,191.0,208.75,7.100000000000001,691.86,749.0675,3.5978369134254806,2.0,8.0,32,0,0
S0002,Dairy & Eggs,2025-08-17,594.89,168,104,10.934470565540494,0.018380659559818612,0,1,None,,718.15,-0.17163545220357862,736.3525000000001,-0.19211247330592357,718.15,-0.17163545220357862,,,,,174.0,208.0,-19.199999999999985,605.96,736.3525000000001,3.5407572329267465,1.0,8.0,33,0,0
S0002,Dairy & Eggs,2025-08-24,526.58,178,102,27.87201882370627,0.0529302647721263,1,1,Manager_Special,20.0,718.15,-0.2667548562278075,690.9150000000001,-0.23785125521952774,718.15,-0.2667548562278075,,,,,168.0,195.25,-25.69999999999999,594.89,690.9150000000001,3.5394348666514697,1.0,8.0,34,0,0
S0002,Dairy & Eggs,2025-08-31,441.83,177,99,45.04898588542744,0.10195999793003518,1,1,Coupon,30.0,718.15,-0.38476641370187287,604.8225,-0.26948815561590383,718.15,-0.38476641370187287,,,,,178.0,177.75,-4.500000000000006,526.58,604.8225,3.4010397280142817,2.0,8.0,35,0,0
S0002,Dairy & Eggs,2025-09-07,694.23,198,106,3.5185836478229544,0.005068325551795449,0,1,None,,718.15,-0.03330780477616092,542.3149999999999,0.28012317564515105,718.15,-0.03330780477616092,,,,,177.0,174.25,1.8999999999999835,441.83,542.3149999999999,3.1195174841002995,3.0,8.0,36,0,0
S0002,Dairy & Eggs,2025-09-14,680.23,179,101,5.775420325171476,0.008490393433355593,0,1,None,,718.15,-0.0528023393441481,564.3824999999999,0.2052641603876805,718.15,-0.0528023393441481,,,,,198.0,180.25,8.900000000000011,694.23,564.3824999999999,3.125438330495284,3.0,8.0,37,0,0
S0002,Dairy & Eggs,2025-09-21,704.87,189,101,18.587548095783163,0.026370179034124253,1,1,Bundle,10.0,718.15,-0.018491958504490667,585.7175,0.20342998117693262,718.15,-0.018491958504490667,,,,,179.0,183.0,2.4000000000000083,680.23,585.7175,3.1902272537461487,3.0,8.0,38,0,0
S0002,Dairy & Eggs,2025-09-28,739.83,199,113,43.54306250957609,0.05885549722176187,0,1,None,,718.15,0.03018867924528311,630.2900000000001,0.17379301591330967,718.15,0.03018867924528311,,,,,189.0,185.75,1.7000000000000106,704.87,630.2900000000001,3.3830163269284803,3.0,8.0,39,0,0
S0002,Dairy & Eggs,2025-10-05,704.87,193,103,29.63934739871791,0.04204938130253509,0,1,None,,718.15,-0.018491958504490667,704.7900000000001,0.00011350898849292304,718.15,-0.018491958504490667,,,,,199.0,191.25,1.300000000000005,739.83,704.7900000000001,3.6883973279789304,3.0,8.0,40,0,0
S0002,Dairy & Eggs,2025-10-12,769.42,209,117,18.049963893674377,0.02345918210297936,0,1,None,,718.15,0.07139177052147877,707.45,0.08759629655806052,718.15,0.07139177052147877,,,,,193.0,190.0,5.200000000000001,704.87,707.45,3.7248883391266774,3.0,8.0,41,0,0
S0002,Dairy & Eggs,2025-10-19,546.42,156,92,9.12101427143058,0.01669231410166279,0,1,None,,718.15,-0.23912831581146005,729.7475,-0.25122045639073787,718.15,-0.23912831581146005,,,,,209.0,197.5,5.400000000000004,769.42,729.7475,3.6952052913599776,3.0,8.0,42,0,0
S0002,Dairy & Eggs,2025-10-26,691.48,191,103,8.758045275724626,0.01266565233372567,0,1,None,,718.15,-0.03713708835201554,690.135,0.0019488940569599097,718.15,-0.03713708835201554,,,,,156.0,189.25,-11.299999999999978,546.42,690.135,3.6385106434153296,2.0,8.0,43,0,0
S0002,Deli,2024-12-29,594.49,109,66,12.46315197739555,0.020964443434533044,1,1,Manager_Special,10.0,,,673.57,-0.11740427869412241,,,,,,,,186.0,,,673.57,3.6121012933979935,1.0,7.0,52,0,1
S0002,Deli,2025-01-05,1039.21,176,96,18.836698823308975,0.018125979179673957,0,1,None,,,,636.7766666666666,0.6319850497034545,,,,,,,109.0,158.0,,594.49,636.7766666666666,4.212721470546192,2.0,7.0,1,1,0
S0002,Deli,2025-01-12,1358.89,218,113,12.227918833376137,0.008998461121486018,0,1,None,,,,726.7066666666666,0.8699291782103741,,,,,,,176.0,147.0,,1039.21,726.7066666666666,4.953777092555762,2.0,7.0,2,1,0
S0002,Deli,2025-01-19,1162.34,184,104,4.717673380354909,0.004058772287243758,0,1,None,,,,997.5300000000001,0.16521808867903703,,,,,,,218.0,167.66666666666666,,1358.89,997.5300000000001,5.864026445649152,1.0,7.0,3,0,0
S0002,Deli,2025-01-26,1268.91,207,108,58.78623049187702,0.04632813240645674,0,1,None,,,,1038.7325,0.2215945876344487,,,,,,,184.0,171.75,26.699999999999985,1162.34,1038.7325,5.97728613858469,1.0,7.0,4,0,0
S0002,Deli,2025-02-02,1320.04,212,122,23.771989863766024,0.01800853751686769,0,1,None,,,,1207.3375,0.09334796608239193,,,,,,,207.0,196.25,5.899999999999995,1268.91,1207.3375,6.146276964272763,1.0,7.0,5,0,0
S0002,Deli,2025-02-09,1450.6,232,121,16.79717372724399,0.01157946623965531,0,1,None,,,,1277.545,0.13545902492671477,,,,,,,212.0,205.25,0.5000000000000144,1320.04,1277.545,6.226777339487171,1.0,7.0,6,0,0
S0002,Deli,2025-02-16,1277.07,210,113,13.015058305241418,0.010191342921876968,0,1,None,,,,1300.4724999999999,-0.01799538244753343,,,,,,,232.0,208.75,14.9,1450.6,1300.4724999999999,6.23156379946819,1.0,7.0,7,0,0
S0002,Deli,2025-02-23,1107.88,178,101,19.316037845946504,0.017435135435197407,0,1,None,,,,1329.155,-0.16647795027667944,,,,,,,210.0,215.25,2.8999999999999977,1277.07,1329.155,6.172618923691793,1.0,8.0,8,0,0
S0002,Deli,2025-03-02,1363.49,221,115,13.640103468532788,0.0100038162865388,0,1,None,,,,1288.8975,0.05787310472710202,,,,,,,178.0,208.0,-12.399999999999972,1107.88,1288.8975,6.196130159646849,0.0,8.0,9,0,0
S0002,Deli,2025-03-09,1280.83,208,117,10.150811289156493,0.007925182334233656,0,1,None,,,,1299.76,-0.01456422724195241,,,,,,,221.0,210.25,-6.500000000000009,1363.49,1299.76,6.181888718513066,0.0,8.0,10,0,0
S0002,Deli,2025-03-16,1346.08,211,113,152.95824992618637,0.1136323620633145,0,1,None,,,,1257.3174999999999,0.070596726761538,,,,,,,208.0,204.25,3.700000000000014,1280.83,1257.3174999999999,6.158201301404313,0.0,8.0,11,0,0
S0002,Deli,2025-03-23,1085.47,201,117,12.266927843362957,0.011301028903021693,1,1,Bundle,20.0,,,1274.57,-0.14836376189616884,,,,,,,211.0,204.5,8.59999999999999,1346.08,1274.57,6.232761389420562,0.0,8.0,12,0,0
S0002,Deli,2025-03-30,1088.23,177,101,71.50516822634395,0.06570777154309655,0,1,None,,,,1268.9675,-0.14242878560719638,,,,,,,201.0,210.25,-5.7000000000000215,1085.47,1268.9675,6.026837218142123,1.0,8.0,13,0,0
S0002,Deli,2025-04-06,1252.08,204,114,41.25333842626971,0.0329478455260604,0,1,None,,,,1200.1525000000001,0.04326741809894974,,,,,,,177.0,199.25,-10.30000000000001,1088.23,1200.1525000000001,6.02147573847855,1.0,8.0,14,0,0
S0002,Deli,2025-04-13,1158.71,187,108,10.18590519292544,0.008790728649036806,0,1,None,,,,1192.9650000000001,-0.028714170155872222,,,,,,,204.0,198.25,-4.499999999999999,1252.08,1192.9650000000001,6.016428368569048,1.0,8.0,15,0,0
S0002,Deli,2025-04-20,1312.57,218,114,5.411582953073543,0.004122890933872893,0,1,None,,,,1146.1225,0.14522662280864393,,,,,,,187.0,192.25,-1.4999999999999893,1158.71,1146.1225,5.970624392088322,1.0,8.0,16,0,0
S0002,Deli,2025-04-27,1206.41,189,107,0.0,0.0,0,0,None,,,,1202.8975,0.002920032671112913,,,,,,,218.0,196.5,10.599999999999998,1312.57,1202.8975,6.125778153099778,1.0,8.0,17,0,0
S0002,Deli,2025-05-04,1364.45,218,133,2.16270329915598,0.001585036680828158,0,1,None,,1206.41,0.13100024038262278,1232.4425,0.10711047371378375,1206.41,0.13100024038262278,1225.8966666666665,0.11302203285214375,,,189.0,199.5,-1.4000000000000064,1206.41,1232.4425,6.184510553781331,1.0,7.0,18,0,0
S0002,Deli,2025-05-11,1431.9,231,124,28.478445693961152,0.01988857161391239,0,1,None,,1206.41,0.18690992282888902,1260.535,0.13594624504674602,1206.41,0.18690992282888902,1294.4766666666667,0.10616130585590579,,,218.0,203.0,6.400000000000023,1364.45,1260.535,6.214835027607559,1.0,7.0,19,0,0
S0002,Deli,2025-05-18,1328.22,211,119,20.73371552945863,0.015610151578397126,0,1,None,,1206.41,0.10096899064165576,1328.8325,-0.0004609309299704474,1206.41,0.10096899064165576,1334.2533333333333,-0.004521879902866999,,,231.0,214.0,6.7999999999999945,1431.9,1328.8325,6.215432812175932,1.0,7.0,20,0,0
S0002,Deli,2025-05-25,1403.27,218,117,13.213712709203154,0.009416372265638939,0,1,None,,1206.41,0.16317835561707866,1332.7450000000001,0.05291709967022938,1206.41,0.16317835561707866,,,,,211.0,212.25,7.900000000000004,1328.22,1332.7450000000001,6.283912365634778,0.0,7.0,21,0,0
S0002,Deli,2025-06-01,1347.65,213,119,18.71384508562229,0.013886279883962667,0,1,None,,1206.41,0.11707462637080263,1381.96,-0.024827057223074434,1206.41,0.11707462637080263,,,,,218.0,219.5,-1.999999999999996,1403.27,1381.96,6.297386529510318,0.0,7.0,22,0,0
S0002,Deli,2025-06-08,1269.35,217,117,32.48241156910746,0.025589799164223787,0,1,None,,1206.41,0.05217131820856908,1377.76,-0.07868569271861578,1206.41,0.05217131820856908,,,,,213.0,218.25,-4.700000000000001,1347.65,1377.76,6.3143991172692875,0.0,7.0,23,0,0
S0002,Deli,2025-06-15,1532.08,242,133,10.192327325695153,0.006652607778768181,0,1,None,,1206.41,0.2699496854303262,1337.1225,0.1458037689142169,1206.41,0.2699496854303262,,,,,217.0,214.75,1.3000000000000165,1269.35,1337.1225,6.227108585220691,0.0,7.0,24,0,0
S0002,Deli,2025-06-22,1213.79,216,125,24.87443189815169,0.020493192313457594,1,1,Manager_Special,10.0,1206.41,0.006117323298049487,1388.0875,-0.12556665195817995,1206.41,0.006117323298049487,,,,,242.0,222.5,7.600000000000009,1532.08,1388.0875,6.236115478801043,0.0,7.0,25,0,0
S0002,Deli,2025-06-29,1121.28,185,109,29.312784307553173,0.026142251986616342,0,1,None,,1206.41,-0.07056473338251515,1340.7174999999997,-0.1636716907178431,1206.41,-0.07056473338251515,,,,,216.0,222.0,3.399999999999988,1213.79,1340.7174999999997,6.031710428682118,1.0,8.0,26,0,0
S0002,Deli,2025-07-06,1433.3700000000001,222,124,26.148509668210956,0.01824267960694793,0,1,None,,1206.41,0.1881284140549233,1284.125,0.11622310912099688,1206.41,0.1881284140549233,,,,,185.0,215.0,-12.200000000000024,1121.28,1284.125,5.965204845634281,1.0,8.0,27,0,0
S0002,Deli,2025-07-13,1337.61,221,125,39.62242806297769,0.02962180909456246,0,1,None,,1206.41,0.10875241418754802,1325.13,0.00941794389984363,1206.41,0.10875241418754802,,,,,222.0,216.25,-9.099999999999996,1433.3700000000001,1325.13,6.116975458412958,1.0,8.0,28,0,0
S0002,Deli,2025-07-20,1457.26,231,116,24.095163516962238,0.016534567281722024,0,1,None,,1206.41,0.2079309687419699,1276.5125,0.14159477482594174,1206.41,0.2079309687419699,,,,,221.0,211.0,5.199999999999988,1337.61,1276.5125,6.047381669848582,1.0,8.0,29,0,0
S0002,Deli,2025-07-27,1392.07,223,127,66.45024041536531,0.047734841218735634,0,1,None,,1206.41,0.15389461294253184,1337.38,0.04089338856570296,1206.41,0.15389461294253184,,,,,231.0,214.75,13.699999999999996,1457.26,1337.38,6.219653344932757,1.0,8.0,30,0,0
S0002,Deli,2025-08-03,1385.1,217,119,19.461712329728773,0.01405076335985039,0,1,None,,1206.41,0.14811714093881834,1405.0775,-0.014218076938816677,1206.41,0.14811714093881834,,,,,223.0,224.25,1.3000000000000336,1392.07,1405.0775,6.265026693617765,1.0,8.0,31,0,0
S0002,Deli,2025-08-10,1303.64,193,110,9.94966235139224,0.007632216218735417,0,1,None,,1206.41,0.08059449109340938,1393.01,-0.06415603620935952,1206.41,0.08059449109340938,,,,,217.0,223.0,-2.0000000000000036,1385.1,1393.01,6.246608615401299,1.0,8.0,32,0,0
S0002,Deli,2025-08-17,1675.65,259,131,30.79955219141006,0.018380659559818612,0,1,None,,1206.41,0.38895566183967306,1384.5175,0.210277226542821,1206.41,0.38895566183967306,,,,,193.0,216.0,-12.000000000000014,1303.64,1384.5175,6.422127980979337,1.0,8.0,33,0,0
S0002,Deli,2025-08-24,1103.83,187,103,58.42601416341618,0.052930264772126305,1,1,Coupon,25.0,1206.41,-0.08502913603169747,1439.115,-0.232979991175132,1206.41,-0.08502913603169747,,,,,259.0,223.0,8.400000000000015,1675.65,1439.115,6.462429548780904,0.0,8.0,34,0,0
S0002,Deli,2025-08-31,1253.41,204,109,127.79768100548542,0.10195999793003518,0,1,None,,1206.41,0.03895856300925887,1367.055,-0.08313125660635452,1206.41,0.03895856300925887,,,,,187.0,214.0,-2.4000000000000083,1103.83,1367.055,6.377521513002385,1.0,8.0,35,0,0
S0002,Deli,2025-09-07,1263.43,198,103,6.403474551904924,0.005068325551795448,0,1,None,,1206.41,0.04726419708059447,1334.1325,-0.05299511105531113,1206.41,0.04726419708059447,,,,,204.0,210.75,-3.899999999999993,1253.41,1334.1325,6.317825852480112,1.0,8.0,36,0,0
S0002,Deli,2025-09-14,1501.82,244,133,12.751042666082098,0.008490393433355593,0,1,None,,1206.41,0.24486700209713103,1324.08,0.13423660201800497,1206.41,0.24486700209713103,,,,,198.0,212.0,-16.599999999999994,1263.43,1324.08,6.224412901729078,1.0,8.0,37,0,0
S0002,Deli,2025-09-21,1427.6,233,123,37.64606758911578,0.026370179034124253,0,1,None,,1206.41,0.18334562876633964,1280.6225,0.11477035582304697,1206.41,0.18334562876633964,,,,,244.0,208.25,16.499999999999996,1501.82,1280.6225,6.145740121806298,1.0,8.0,38,0,0
S0002,Deli,2025-09-28,1374.94,218,114,80.92277735008928,0.05885549722176187,0,1,None,,1206.41,0.13969546008405098,1361.565,0.009823254857461817,1206.41,0.13969546008405098,,,,,233.0,219.75,13.3,1427.6,1361.565,6.201791222308926,1.0,8.0,39,0,0
S0002,Deli,2025-10-05,1447.56,239,127,60.86900239829768,0.042049381302535084,0,1,None,,1206.41,0.19989058446133556,1391.9475,0.0399530154693334,1206.41,0.19989058446133556,,,,,218.0,223.25,4.900000000000013,1374.94,1391.9475,6.24251561068813,1.0,8.0,40,0,0
S0002,Deli,2025-10-12,1424.68,234,121,33.421827558472636,0.02345918210297936,1,1,BOGO,50.0,1206.41,0.18092522442619008,1437.98,-0.009249085522747155,1206.41,0.18092522442619008,,,,,239.0,233.5,-3.0000000000000013,1447.56,1437.98,6.161459812116641,1.0,8.0,41,0,0
S0002,Deli,2025-10-19,1260.99,213,114,21.04884115905576,0.016692314101662786,1,1,Bundle,20.0,1206.41,0.04524166742649673,1418.6950000000002,-0.11116201861569974,1206.41,0.04524166742649673,,,,,234.0,231.0,2.3999999999999946,1424.68,1418.6950000000002,6.144803829210659,2.0,8.0,42,0,0
S0002,Deli,2025-10-26,1325.65,211,119,16.790222016203433,0.012665652333725668,0,1,None,,1206.41,0.0988387032600857,1377.0425,-0.03732092509853539,1206.41,0.0988387032600857,,,,,213.0,226.0,-1.9999999999999807,1260.99,1377.0425,6.093079383825904,2.0,8.0,43,0,0
S0002,Frozen Foods,2024-12-29,752.28,110,62,15.771131506930516,0.02096444343453304,0,1,None,,,,1377.7433333333336,-0.45397667199744524,,,,,,,,228.66666666666666,,,1377.7433333333336,6.021751105040043,2.0,7.0,52,0,1
S0002,Frozen Foods,2025-01-05,838.16,143,83,15.192470709235524,0.018125979179673957,1,1,Coupon,10.0,,,1145.9833333333333,-0.2686106546052154,,,,,,,110.0,185.66666666666666,,752.28,1145.9833333333333,6.282475334785194,2.0,7.0,1,1,0
S0002,Frozen Foods,2025-01-12,1132.73,165,91,10.192826866140859,0.008998461121486018,0,1,None,,,,950.4766666666666,0.191749402931161,,,,,,,143.0,155.33333333333334,,838.16,950.4766666666666,6.206769559079419,3.0,7.0,2,1,0
S0002,Frozen Foods,2025-01-19,969.68,151,92,3.9357103114945273,0.004058772287243758,0,1,None,,,,907.7233333333334,0.06825501162248401,,,,,,,165.0,139.33333333333334,,1132.73,907.7233333333334,6.521732711732711,3.0,7.0,3,0,0
S0002,Frozen Foods,2025-01-26,1105.05,157,91,51.19490271575501,0.04632813240645674,0,1,None,,,,923.2125,0.19696169625086313,,,,,,,151.0,142.25,14.499999999999998,969.68,923.2125,6.4967299973756925,3.0,7.0,4,0,0
S0002,Frozen Foods,2025-02-02,1119.03,185,98,20.15209373750045,0.01800853751686769,1,1,Manager_Special,10.0,,,1011.4049999999999,0.10641137823127246,,,,,,,157.0,154.0,2.799999999999997,1105.05,1011.4049999999999,6.546636482610203,3.0,7.0,5,0,0
S0002,Frozen Foods,2025-02-09,1291.41,189,110,14.953838496553264,0.01157946623965531,0,1,None,,,,1081.6225,0.19395630175962514,,,,,,,185.0,164.5,6.599999999999994,1119.03,1081.6225,6.593524499998221,3.0,7.0,6,0,0
S0002,Frozen Foods,2025-02-16,1221.3700000000001,184,98,12.44740050449287,0.010191342921876966,0,1,None,,,,1121.2925,0.08925191241357638,,,,,,,189.0,170.5,14.19999999999999,1291.41,1121.2925,6.585481209954931,2.0,7.0,7,0,0
S0002,Frozen Foods,2025-02-23,870.94,156,84,15.184956855930828,0.017435135435197403,1,1,Coupon,20.0,,,1184.215,-0.26454233395118276,,,,,,,184.0,178.75,8.500000000000021,1221.3700000000001,1184.215,6.639520855074425,2.0,8.0,8,0,0
S0002,Frozen Foods,2025-03-02,1099.83,168,92,11.002497266423966,0.010003816286538798,0,1,None,,,,1125.6875,-0.02297040697351625,,,,,,,156.0,178.5,-9.200000000000014,870.94,1125.6875,6.275624276599821,3.0,8.0,9,0,0
S0002,Frozen Foods,2025-03-09,945.13,146,89,7.490327579554256,0.007925182334233657,0,1,None,,,,1120.8875,-0.15680208763145279,,,,,,,168.0,174.25,-9.100000000000012,1099.83,1120.8875,6.400073359611403,2.0,8.0,10,0,0
S0002,Frozen Foods,2025-03-16,1250.79,180,102,142.13022214517312,0.11363236206331448,0,1,None,,,,1034.3174999999999,0.2092901841069112,,,,,,,146.0,163.5,-10.199999999999989,945.13,1034.3174999999999,6.3102323615683495,2.0,8.0,11,0,0
S0002,Frozen Foods,2025-03-23,1449.05,209,106,16.37575593192358,0.011301028903021692,0,1,None,,,,1041.6725,0.3910802099508244,,,,,,,180.0,162.5,5.000000000000011,1250.79,1041.6725,6.3879705862060305,2.0,8.0,12,0,0
S0002,Frozen Foods,2025-03-30,1333.04,196,109,87.59108777780942,0.06570777154309655,0,1,None,,,,1186.1999999999998,0.1237902545945036,,,,,,,209.0,175.75,15.699999999999987,1449.05,1186.1999999999998,6.725546803848038,2.0,8.0,13,0,0
S0002,Frozen Foods,2025-04-06,1006.97,166,95,33.17749200937705,0.03294784552606041,1,1,Coupon,30.0,,,1244.5024999999998,-0.19086542614418198,,,,,,,196.0,182.75,17.90000000000003,1333.04,1244.5024999999998,6.789201140582732,1.0,8.0,14,0,0
S0002,Frozen Foods,2025-04-13,1308.52,186,97,11.502844251837644,0.008790728649036808,0,1,None,,,,1259.9624999999999,0.038538845402145,,,,,,,166.0,187.75,-5.499999999999984,1006.97,1259.9624999999999,6.687348937248848,2.0,8.0,15,0,0
S0002,Frozen Foods,2025-04-20,1276.64,191,107,5.263447481819491,0.004122890933872894,0,1,None,,,,1274.395,0.00176162021979066,,,,,,,186.0,189.25,-9.899999999999995,1308.52,1274.395,6.708904044775731,2.0,8.0,16,0,0
S0002,Frozen Foods,2025-04-27,1369.71,199,109,0.0,0.0,0,0,None,,,,1231.2924999999998,0.11241642420464697,,,,,,,191.0,184.75,0.5000000000000061,1276.64,1231.2924999999998,6.64658541204445,1.0,8.0,17,0,0
S0002,Frozen Foods,2025-05-04,1176.82,175,96,1.8653028667321925,0.0015850366808281577,1,1,Coupon,10.0,1369.71,-0.14082543020055346,1240.4599999999998,-0.05130354868355278,1369.71,-0.14082543020055346,1318.29,-0.10731326187712872,,,199.0,185.5,10.39999999999999,1369.71,1240.4599999999998,6.667020495625621,1.0,7.0,18,0,0
S0002,Frozen Foods,2025-05-11,1032.03,145,77,20.525602562706005,0.01988857161391239,0,1,None,,1369.71,-0.24653393784085686,1282.9225,-0.19556325499007146,1369.71,-0.24653393784085686,1274.39,-0.19017726127794482,,,175.0,187.75,-2.499999999999993,1176.82,1282.9225,6.8316708398597,2.0,7.0,19,0,0
S0002,Frozen Foods,2025-05-18,1369.83,201,104,21.383253936635736,0.015610151578397128,0,1,None,,1369.71,8.760978601301799e-05,1213.8,0.12854671280276814,1369.71,8.760978601301799e-05,1192.8533333333332,0.1483641464723241,,,145.0,177.5,-16.199999999999978,1032.03,1213.8,6.8522694679650025,2.0,7.0,20,0,0
S0002,Frozen Foods,2025-05-25,1217.26,180,103,11.462173304071655,0.009416372265638939,0,1,None,,1369.71,-0.11130093231413953,1237.0974999999999,-0.01603551862322886,1369.71,-0.11130093231413953,,,,,201.0,180.0,-2.4000000000000026,1369.83,1237.0974999999999,6.885043360283514,2.0,7.0,21,0,0
S0002,Frozen Foods,2025-06-01,1106.63,189,100,15.366973907989607,0.013886279883962667,1,1,Coupon,15.0,1369.71,-0.19206985420271439,1198.9849999999997,-0.07702765255612004,1369.71,-0.19206985420271439,,,,,180.0,175.25,7.09999999999999,1217.26,1198.9849999999997,6.854941043142253,2.0,7.0,22,0,0
S0002,Frozen Foods,2025-06-08,1438.69,206,105,36.815788159577124,0.02558979916422379,0,1,None,,1369.71,0.05036102532652899,1181.4375,0.21774533142887376,1369.71,0.05036102532652899,,,,,189.0,178.75,11.099999999999993,1106.63,1181.4375,6.637565910867121,2.0,7.0,23,0,0
S0002,Frozen Foods,2025-06-15,1228.6,183,110,8.173393916994584,0.006652607778768179,0,1,None,,1369.71,-0.10302180753590184,1283.1025,-0.04247712088473061,1369.71,-0.10302180753590184,,,,,206.0,194.0,2.4000000000000057,1438.69,1283.1025,6.604186851610341,2.0,7.0,24,0,0
S0002,Frozen Foods,2025-06-22,1178.28,173,98,24.14671863910081,0.020493192313457594,0,1,None,,1369.71,-0.1397595111373941,1247.795,-0.05571027292143348,1369.71,-0.1397595111373941,,,,,183.0,189.5,2.6000000000000134,1228.6,1247.795,6.578833495440371,2.0,7.0,25,0,0
S0002,Frozen Foods,2025-06-29,1061.98,187,103,27.762548764746825,0.026142251986616342,1,1,Coupon,15.0,1369.71,-0.22466799541508786,1238.05,-0.14221558095391942,1369.71,-0.22466799541508786,,,,,173.0,187.75,-7.1,1178.28,1238.05,6.590911369557262,2.0,8.0,26,0,0
S0002,Frozen Foods,2025-07-06,1560.57,226,119,28.46897851421473,0.01824267960694793,0,1,None,,1369.71,0.13934336465383176,1226.8874999999998,0.2719748143167162,1369.71,0.13934336465383176,,,,,187.0,187.25,-6.699999999999983,1061.98,1226.8874999999998,6.546874431549735,2.0,8.0,27,0,0
S0002,Frozen Foods,2025-07-13,1484.69,221,121,43.97920374460595,0.029621809094562464,0,1,None,,1369.71,0.08394477663154976,1257.3574999999998,0.18080180060165882,1369.71,0.08394477663154976,,,,,226.0,192.25,14.29999999999999,1560.57,1257.3574999999998,6.527185669628609,2.0,8.0,28,0,0
S0002,Frozen Foods,2025-07-20,1315.56,191,101,21.752215333142228,0.016534567281722028,0,1,None,,1369.71,-0.03953391593841039,1321.3799999999999,-0.004404486218952865,1369.71,-0.03953391593841039,,,,,221.0,201.75,18.300000000000004,1484.69,1321.3799999999999,6.528283943742794,2.0,8.0,29,0,0
S0002,Frozen Foods,2025-07-27,1641.57,254,144,78.36008329943985,0.047734841218735634,1,1,Bundle,10.0,1369.71,0.1984799702126727,1355.6999999999998,0.2108652356716089,1369.71,0.1984799702126727,,,,,191.0,206.25,0.7000000000000217,1315.56,1355.6999999999998,6.547504353511883,2.0,8.0,30,0,0
S0002,Frozen Foods,2025-08-03,1226.97,180,100,17.23986511963563,0.014050763359850388,0,1,None,,1369.71,-0.10421184046257967,1500.5974999999999,-0.1823456989632462,1369.71,-0.10421184046257967,,,,,254.0,223.0,5.400000000000012,1641.57,1500.5974999999999,6.7434634991601206,2.0,8.0,31,0,0
S0002,Frozen Foods,2025-08-10,1155.77,175,101,8.821086539127831,0.007632216218735416,0,1,None,,1369.71,-0.15619364683035097,1417.1974999999998,-0.18446793760220423,1369.71,-0.15619364683035097,,,,,180.0,211.5,-5.999999999999999,1226.97,1417.1974999999998,6.721294251372511,2.0,8.0,32,0,0
S0002,Frozen Foods,2025-08-17,1016.98,186,105,18.69276315914433,0.018380659559818612,1,1,Coupon,20.0,1369.71,-0.25752166516999947,1334.9674999999997,-0.2381986827394673,1369.71,-0.25752166516999947,,,,,175.0,200.0,-12.200000000000003,1155.77,1334.9674999999997,6.6928806767118765,2.0,8.0,33,0,0
S0002,Frozen Foods,2025-08-24,1167.99,170,92,61.822019951195806,0.052930264772126305,0,1,None,,1369.71,-0.14727205028801718,1260.3224999999998,-0.07326101057467416,1369.71,-0.14727205028801718,,,,,186.0,198.75,-20.90000000000001,1016.98,1260.3224999999998,6.337852106087546,3.0,8.0,34,0,0
S0002,Frozen Foods,2025-08-31,1398.49,201,119,142.5900375051749,0.10195999793003518,0,1,None,,1369.71,0.021011747012141237,1141.9275,0.2246749465268154,1369.71,0.021011747012141237,,,,,170.0,177.75,-1.899999999999997,1167.99,1141.9275,6.439765955091715,2.0,8.0,35,0,0
S0002,Frozen Foods,2025-09-07,1374.45,202,113,6.966160054665254,0.005068325551795448,0,1,None,,1369.71,0.003460586547517364,1184.8075,0.16006186659014243,1369.71,0.003460586547517364,,,,,201.0,183.0,6.200000000000002,1398.49,1184.8075,6.475056377977286,2.0,8.0,36,0,0
S0002,Frozen Foods,2025-09-14,1404.36,205,108,11.923568922067261,0.008490393433355593,0,1,None,,1369.71,0.02529732571128185,1239.4775,0.1330258112793495,1369.71,0.02529732571128185,,,,,202.0,189.75,7.900000000000004,1374.45,1239.4775,6.525008358175306,2.0,8.0,37,0,0
S0002,Frozen Foods,2025-09-21,1090.71,183,96,28.762217974309667,0.026370179034124256,1,1,Bundle,20.0,1369.71,-0.20369275248045207,1336.3224999999998,-0.18379732437342017,1369.71,-0.20369275248045207,,,,,205.0,194.5,10.600000000000012,1404.36,1336.3224999999998,6.870733902366232,2.0,8.0,38,0,0
S0002,Frozen Foods,2025-09-28,1467.24,220,119,86.35513974365789,0.05885549722176187,0,1,None,,1369.71,0.07120485358214511,1317.0025,0.11407533394963179,1369.71,0.07120485358214511,,,,,183.0,197.75,-5.10000000000001,1090.71,1317.0025,6.643142533031613,2.0,8.0,39,0,0
S0002,Frozen Foods,2025-10-05,1498.63,222,121,63.01646430141816,0.042049381302535084,0,1,None,,1369.71,0.0941221134400713,1334.1899999999998,0.12325081135370547,1369.71,0.0941221134400713,,,,,220.0,202.5,3.199999999999995,1467.24,1334.1899999999998,6.571045291964222,2.0,8.0,40,0,0
S0002,Frozen Foods,2025-10-12,1151.82,166,94,27.020755129853686,0.02345918210297936,0,1,None,,1369.71,-0.15907746895328215,1365.235,-0.1563210729288364,1369.71,-0.15907746895328215,,,,,222.0,207.5,8.799999999999997,1498.63,1365.235,6.557639708162599,2.0,8.0,41,0,0
S0002,Frozen Foods,2025-10-19,1243.97,178,99,20.764737973045456,0.016692314101662786,0,1,None,,1369.71,-0.09180045411072417,1302.1,-0.04464326856616226,1369.71,-0.09180045411072417,,,,,166.0,197.75,-4.899999999999971,1151.82,1302.1,6.579674236519931,1.0,8.0,42,0,0
S0002,Frozen Foods,2025-10-26,1314.56,188,102,16.649759931822416,0.01266565233372567,0,1,None,,1369.71,-0.04026399748851953,1340.415,-0.019288802348526403,1369.71,-0.04026399748851953,,,,,178.0,196.5,-18.200000000000006,1243.97,1340.415,6.836782129317868,1.0,8.0,43,0,0
S0002,Grains and Pasta,2024-12-29,263.11,143,77,5.5159547120599886,0.02096444343453304,1,1,Manager_Special,30.0,,,1298.14,-0.7973177007102471,,,,,,,,188.66666666666666,,,1298.14,6.8926185966662485,1.0,7.0,52,0,1
S0002,Grains and Pasta,2025-01-05,551.29,203,107,9.992671061962454,0.018125979179673957,0,1,None,,,,886.2999999999998,-0.3779871375380796,,,,,,,143.0,162.33333333333334,,263.11,886.2999999999998,5.255733424781076,2.0,7.0,1,1,0
S0002,Grains and Pasta,2025-01-12,582.64,228,122,5.242863387822614,0.008998461121486018,1,1,Coupon,15.0,,,686.1233333333331,-0.15082322420167388,,,,,,,203.0,174.66666666666666,,551.29,686.1233333333331,3.848079953754111,2.0,7.0,2,1,0
S0002,Grains and Pasta,2025-01-19,665.13,253,133,2.6996112114144406,0.004058772287243758,0,1,None,,,,465.67999999999984,0.4282984023363688,,,,,,,228.0,191.33333333333334,,582.64,465.67999999999984,2.370360984045195,2.0,7.0,3,0,0
S0002,Grains and Pasta,2025-01-26,590.05,218,133,27.335914526429796,0.04632813240645674,0,1,None,,,,515.5424999999999,0.14452251754220083,,,,,,,253.0,206.75,35.50000000000002,665.13,515.5424999999999,2.4350138210378485,2.0,7.0,4,0,0
S0002,Grains and Pasta,2025-02-02,603.54,226,123,10.868872732930324,0.01800853751686769,0,1,None,,,,597.2774999999998,0.010485076032497728,,,,,,,218.0,225.5,6.99999999999998,590.05,597.2774999999998,2.6516941475920284,2.0,7.0,5,0,0
S0002,Grains and Pasta,2025-02-09,476.68,200,116,5.519699967118893,0.01157946623965531,1,1,Manager_Special,10.0,,,610.3399999999998,-0.21899269259756832,,,,,,,226.0,231.25,-4.099999999999994,603.54,610.3399999999998,2.6403983195262883,2.0,7.0,6,0,0
S0002,Grains and Pasta,2025-02-16,602.31,240,127,6.138347755275715,0.010191342921876966,1,1,BOGO,50.0,,,583.8499999999999,0.03161771002826075,,,,,,,200.0,224.25,-15.099999999999987,476.68,583.8499999999999,2.5973886704034816,3.0,7.0,7,0,0
S0002,Grains and Pasta,2025-02-23,518.91,195,102,9.047266128678285,0.017435135435197403,0,1,None,,,,568.1449999999998,-0.08665921551716517,,,,,,,240.0,221.0,4.000000000000026,602.31,568.1449999999998,2.567551837399529,4.0,8.0,8,0,0
S0002,Grains and Pasta,2025-03-02,614.15,234,125,6.143843772377804,0.0100038162865388,0,1,None,,,,550.3599999999999,0.115905952467476,,,,,,,195.0,215.25,-5.3000000000000105,518.91,550.3599999999999,2.556158224132062,3.0,8.0,9,0,0
S0002,Grains and Pasta,2025-03-09,553.24,263,142,4.384527874591429,0.007925182334233657,1,1,Coupon,20.0,,,553.0124999999998,0.00041138310616883173,,,,,,,234.0,217.25,5.699999999999987,614.15,553.0124999999998,2.5446686431623933,3.0,8.0,10,0,0
S0002,Grains and Pasta,2025-03-16,558.58,249,128,63.47276480132621,0.11363236206331448,1,1,Coupon,15.0,,,572.1524999999999,-0.02372182241622623,,,,,,,263.0,233.0,10.799999999999997,553.24,572.1524999999999,2.474712179284066,3.0,8.0,11,0,0
S0002,Grains and Pasta,2025-03-23,708.6,271,147,8.007909080681172,0.011301028903021693,0,1,None,,,,561.2199999999999,0.2626064644880798,,,,,,,249.0,235.25,19.099999999999998,558.58,561.2199999999999,2.4081292224567568,4.0,8.0,12,0,0
S0002,Grains and Pasta,2025-03-30,560.84,218,129,36.85154659223027,0.06570777154309655,0,1,None,,,,608.6424999999999,-0.07853953675597727,,,,,,,271.0,254.25,9.700000000000033,708.6,608.6424999999999,2.396550028587895,4.0,8.0,13,0,0
S0002,Grains and Pasta,2025-04-06,517.48,197,118,17.049851102825738,0.0329478455260604,0,1,None,,,,595.3149999999999,-0.13074590762873425,,,,,,,218.0,250.25,-11.30000000000001,560.84,595.3149999999999,2.3835720038094115,4.0,8.0,14,0,0
S0002,Grains and Pasta,2025-04-13,460.32,205,117,4.046548211724623,0.008790728649036808,1,1,Manager_Special,15.0,,,586.3749999999999,-0.21497335322958844,,,,,,,197.0,233.75,-20.900000000000002,517.48,586.3749999999999,2.514378975301952,3.0,8.0,15,0,0
S0002,Grains and Pasta,2025-04-20,549.26,208,112,2.264539074339025,0.004122890933872892,0,1,None,,,,561.81,-0.022338513020416076,,,,,,,205.0,222.75,-21.899999999999984,460.32,561.81,2.514921535787798,3.0,8.0,16,0,0
S0002,Grains and Pasta,2025-04-27,689.59,265,136,0.0,0.0,0,0,None,,,,521.9749999999999,0.32111691172948925,,,,,,,208.0,207.0,-2.1999999999999966,549.26,521.9749999999999,2.521399768118198,3.0,8.0,17,0,0
S0002,Grains and Pasta,2025-05-04,581.97,223,124,0.9224437971415631,0.001585036680828158,0,1,None,,689.59,-0.1560637480241883,554.1624999999999,0.05017932465657659,689.59,-0.1560637480241883,566.39,0.027507547802750828,,,265.0,218.75,20.70000000000001,689.59,554.1624999999999,2.528791234277104,3.0,7.0,18,0,0
S0002,Grains and Pasta,2025-05-11,745.97,288,155,14.836277766830229,0.019888571613912394,0,1,None,,689.59,0.08175872619962585,570.2849999999999,0.308065265612808,689.59,0.08175872619962585,606.9399999999999,0.22906712360365128,,,223.0,225.25,11.099999999999989,581.97,570.2849999999999,2.5245234620889,2.0,7.0,19,0,0
S0002,Grains and Pasta,2025-05-18,512.16,212,107,7.994895232391874,0.015610151578397131,1,1,BOGO,50.0,689.59,-0.2572978146434839,641.6974999999999,-0.20186692327771252,689.59,-0.2572978146434839,672.51,-0.2384351162064505,,,288.0,246.0,19.80000000000001,745.97,641.6974999999999,2.610701011208141,1.0,7.0,20,0,0
S0002,Grains and Pasta,2025-05-25,596.57,225,118,5.617525202512223,0.009416372265638939,0,1,None,,689.59,-0.134891747270117,632.4224999999999,-0.05669074076270192,689.59,-0.134891747270117,,,,,212.0,247.0,-9.39999999999999,512.16,632.4224999999999,2.554495006128315,2.0,7.0,21,0,0
S0002,Grains and Pasta,2025-06-01,593.72,234,127,8.244562092706314,0.013886279883962665,0,1,None,,689.59,-0.13902463782827476,609.1674999999999,-0.02535837844271055,689.59,-0.13902463782827476,,,,,225.0,237.0,-7.0,596.57,609.1674999999999,2.566793957910286,2.0,7.0,22,0,0
S0002,Grains and Pasta,2025-06-08,583.7,231,129,14.936765772157425,0.025589799164223787,0,1,None,,689.59,-0.1535550109485346,612.1049999999999,-0.04640543697568205,689.59,-0.1535550109485346,,,,,234.0,239.75,-14.900000000000015,593.72,612.1049999999999,2.548677461800516,2.0,7.0,23,0,0
S0002,Grains and Pasta,2025-06-15,571.74,224,118,3.803561971432919,0.00665260777876818,0,1,None,,689.59,-0.17089864992241768,571.5374999999999,0.00035430746014058584,689.59,-0.17089864992241768,,,,,231.0,225.5,6.600000000000014,583.7,571.5374999999999,2.532844015732695,1.0,7.0,24,0,0
S0002,Grains and Pasta,2025-06-22,462.85,241,142,9.485274062283846,0.02049319231345759,1,1,Coupon,25.0,689.59,-0.32880407198480255,586.4324999999999,-0.21073610347311905,689.59,-0.32880407198480255,,,,,224.0,228.5,-0.5999999999999893,571.74,586.4324999999999,2.5669844301531803,1.0,7.0,25,0,0
S0002,Grains and Pasta,2025-06-29,537.05,217,116,14.039696429412306,0.026142251986616342,0,1,None,,689.59,-0.22120390376890625,553.0024999999998,-0.028847066694996638,689.59,-0.22120390376890625,,,,,241.0,232.5,1.3999999999999957,462.85,553.0024999999998,2.384263729369409,2.0,8.0,26,0,0
S0002,Grains and Pasta,2025-07-06,768.07,306,162,14.011654925708495,0.018242679606947927,0,1,None,,689.59,0.11380675473832279,538.8349999999999,0.4254270787903536,689.59,0.11380675473832279,,,,,217.0,228.25,-2.499999999999973,537.05,538.8349999999999,2.3686686882098513,2.0,8.0,27,0,0
S0002,Grains and Pasta,2025-07-13,592.81,220,126,17.560104649347572,0.029621809094562464,0,1,None,,689.59,-0.14034426253280946,584.9274999999999,0.013476029080527162,689.59,-0.14034426253280946,,,,,306.0,247.0,22.19999999999999,768.07,584.9274999999999,2.364466901434535,2.0,8.0,28,0,0
S0002,Grains and Pasta,2025-07-20,707.29,261,136,11.69473409268917,0.016534567281722024,0,1,None,,689.59,0.02566742557171643,590.1949999999999,0.19840052863883978,689.59,0.02566742557171643,,,,,220.0,246.0,2.6000000000000085,592.81,590.1949999999999,2.400011950135834,1.0,8.0,29,0,0
S0002,Grains and Pasta,2025-07-27,716.95,271,146,34.22349441177251,0.047734841218735634,0,1,None,,689.59,0.03967574935831438,651.3049999999998,0.10078995248002123,689.59,0.03967574935831438,,,,,261.0,251.0,4.60000000000002,707.29,651.3049999999998,2.5973579382759273,1.0,8.0,30,0,0
S0002,Grains and Pasta,2025-08-03,737.51,285,145,10.362578485523258,0.014050763359850386,0,1,None,,689.59,0.06949056685856807,696.2799999999999,0.059214683747917704,689.59,0.06949056685856807,,,,,271.0,264.5,-6.399999999999994,716.95,696.2799999999999,2.6400297290491346,1.0,8.0,31,0,0
S0002,Grains and Pasta,2025-08-10,620.13,235,136,4.732966243724394,0.007632216218735417,0,1,None,,689.59,-0.10072651865601304,688.6399999999999,-0.09948594330855003,689.59,-0.10072651865601304,,,,,285.0,259.25,20.500000000000018,737.51,688.6399999999999,2.659460155605722,1.0,8.0,32,0,0
S0002,Grains and Pasta,2025-08-17,647.45,251,134,11.900558032004561,0.018380659559818612,0,1,None,,689.59,-0.06110877477921661,695.4699999999999,-0.06904683163903529,689.59,-0.06110877477921661,,,,,235.0,263.0,-6.400000000000027,620.13,695.4699999999999,2.6455251942904416,1.0,8.0,33,0,0
S0002,Grains and Pasta,2025-08-24,476.12,181,106,25.201157663304773,0.0529302647721263,0,1,None,,689.59,-0.30956075349120493,680.51,-0.30034826821060673,689.59,-0.30956075349120493,,,,,251.0,260.5,-10.999999999999996,647.45,680.51,2.6129148693068514,0.0,8.0,34,0,0
S0002,Grains and Pasta,2025-08-31,668.81,251,146,68.19186621558683,0.10195999793003518,0,1,None,,689.59,-0.030133847648602916,620.3024999999999,0.07819974931585809,689.59,-0.030133847648602916,,,,,181.0,238.0,-29.599999999999998,476.12,620.3024999999999,2.609146189769227,0.0,8.0,35,0,0
S0002,Grains and Pasta,2025-09-07,514.37,203,107,2.606994614077025,0.005068325551795449,0,1,None,,689.59,-0.25409301178961413,603.1274999999999,-0.14716208430224115,689.59,-0.25409301178961413,,,,,251.0,229.5,-2.2000000000000024,668.81,603.1274999999999,2.628353011604692,0.0,8.0,36,0,0
S0002,Grains and Pasta,2025-09-14,539.92,211,119,4.584133222537352,0.008490393433355593,0,1,None,,689.59,-0.2170420104699895,576.6874999999999,-0.06375636718326638,689.59,-0.2170420104699895,,,,,203.0,221.5,-7.399999999999985,514.37,576.6874999999999,2.6021008367802505,0.0,8.0,37,0,0
S0002,Grains and Pasta,2025-09-21,619.2,229,128,16.328414857929737,0.02637017903412425,0,1,None,,689.59,-0.10207514610130655,549.8049999999998,0.12621747710551964,689.59,-0.10207514610130655,,,,,211.0,211.5,4.200000000000013,539.92,549.8049999999998,2.5969459586623898,0.0,8.0,38,0,0
S0002,Grains and Pasta,2025-09-28,424.96,231,123,25.011232099359926,0.05885549722176188,1,1,BOGO,100.0,689.59,-0.3837497643527314,585.5749999999999,-0.27428595824616825,689.59,-0.3837497643527314,,,,,229.0,223.5,-5.800000000000001,619.2,585.5749999999999,2.615304182021216,0.0,8.0,39,0,0
S0002,Grains and Pasta,2025-10-05,692.76,264,136,29.130129391144205,0.042049381302535084,0,1,None,,689.59,0.004596934410301714,524.6125,0.32051752483976276,689.59,0.004596934410301714,,,,,231.0,218.5,10.20000000000001,424.96,524.6125,2.409072183607943,1.0,8.0,40,0,0
S0002,Grains and Pasta,2025-10-12,532.95,211,115,12.50257110178285,0.02345918210297936,1,1,Bundle,15.0,689.59,-0.22714946562450147,569.2099999999998,-0.06370232427399339,689.59,-0.22714946562450147,,,,,264.0,233.75,16.099999999999994,692.76,569.2099999999998,2.4316343197476655,1.0,8.0,41,0,0
S0002,Grains and Pasta,2025-10-19,595.19,227,129,9.935098430168676,0.01669231410166279,0,1,None,,689.59,-0.13689293638248812,567.4674999999999,0.04885301801424787,689.59,-0.13689293638248812,,,,,211.0,233.75,-2.0999999999999805,532.95,567.4674999999999,2.423376025908803,2.0,8.0,42,0,0
S0002,Grains and Pasta,2025-10-26,548.63,216,119,6.948756839851914,0.01266565233372567,1,1,Bundle,20.0,689.59,-0.2044113168694442,561.4649999999999,-0.022859839883162664,689.59,-0.2044113168694442,,,,,227.0,233.25,-6.500000000000001,595.19,561.4649999999999,2.4028890878713676,2.0,8.0,43,0,0
S0002,Meat and Seafood,2024-12-29,1231.75,131,75,25.822953200486072,0.02096444343453304,0,1,None,,,,606.9666666666666,1.0293536163435666,,,,,,,,234.0,,,606.9666666666666,2.59063422394393,2.0,7.0,52,0,1
S0002,Meat and Seafood,2025-01-05,1775.48,191,110,32.18231351392752,0.018125979179673957,0,1,None,,,,786.6299999999998,1.2570713041709578,,,,,,,131.0,189.66666666666666,,1231.75,786.6299999999998,4.850161172822024,2.0,7.0,1,1,0
S0002,Meat and Seafood,2025-01-12,1789.65,194,112,16.104095946067453,0.008998461121486018,1,1,Bundle,10.0,,,1200.8066666666666,0.490373138057195,,,,,,,191.0,183.0,,1775.48,1200.8066666666666,7.106786980287514,2.0,7.0,2,1,0
S0002,Meat and Seafood,2025-01-19,1975.68,216,117,8.018835232461749,0.004058772287243759,0,1,None,,,,1598.9599999999998,0.2356031420423277,,,,,,,194.0,172.0,,1789.65,1598.9599999999998,9.307792854002638,3.0,7.0,3,0,0
S0002,Meat and Seafood,2025-01-26,2046.9,222,125,94.82905422277629,0.04632813240645673,0,1,None,,,,1693.1399999999999,0.20893724086608328,,,,,,,216.0,183.0,25.800000000000015,1975.68,1693.1399999999999,9.267511307168645,2.0,7.0,4,0,0
S0002,Meat and Seafood,2025-02-02,1994.75,214,118,35.92253021177182,0.01800853751686769,0,1,None,,,,1896.9275,0.05156891868561133,,,,,,,222.0,205.75,11.499999999999993,2046.9,1896.9275,9.221910935804916,2.0,7.0,5,0,0
S0002,Meat and Seafood,2025-02-09,1972.42,217,119,22.839570800420926,0.01157946623965531,0,1,None,,,,1951.745,0.01059308464989032,,,,,,,214.0,211.5,6.599999999999998,1994.75,1951.745,9.228299654794982,1.0,7.0,6,0,0
S0002,Meat and Seafood,2025-02-16,1738.67,187,101,17.719382197979826,0.010191342921876966,1,1,Bundle,20.0,,,1997.4375,-0.12954973559873584,,,,,,,217.0,217.25,-0.49999999999999534,1972.42,1997.4375,9.194422926684384,1.0,7.0,7,0,0
S0002,Meat and Seafood,2025-02-23,2091.68,219,119,36.468724087093705,0.017435135435197403,0,1,None,,,,1938.185,0.0791952264618702,,,,,,,187.0,210.0,-10.199999999999978,1738.67,1938.185,9.232181393707556,2.0,8.0,8,0,0
S0002,Meat and Seafood,2025-03-02,1711.01,183,101,17.11662970443075,0.010003816286538798,0,1,None,,,,1949.3799999999999,-0.12227990437985406,,,,,,,219.0,209.25,-1.5000000000000002,2091.68,1949.3799999999999,9.314876383217616,2.0,8.0,9,0,0
S0002,Meat and Seafood,2025-03-09,2208.35,233,120,17.501576407804894,0.007925182334233656,0,1,None,,,,1878.445,0.1756266486375699,,,,,,,183.0,201.5,-6.999999999999979,1711.01,1878.445,9.322006317848125,2.0,8.0,10,0,0
S0002,Meat and Seafood,2025-03-16,1803.32,196,112,204.91551115601627,0.11363236206331448,0,1,None,,,,1937.4274999999998,-0.06921936433750417,,,,,,,233.0,205.5,10.200000000000012,2208.35,1937.4274999999998,9.41910729488576,1.0,8.0,11,0,0
S0002,Meat and Seafood,2025-03-23,2096.75,222,125,23.695432352410734,0.011301028903021693,0,1,None,,,,1953.5899999999997,0.0732804733848967,,,,,,,196.0,207.75,-1.8999999999999924,1803.32,1953.5899999999997,9.394835222420411,1.0,8.0,12,0,0
S0002,Meat and Seafood,2025-03-30,2014.5,215,122,132.36830577356798,0.06570777154309654,0,1,None,,,,1954.8574999999996,0.030509896501407594,,,,,,,222.0,208.5,8.000000000000012,2096.75,1954.8574999999996,9.368277620297741,1.0,8.0,13,0,0
S0002,Meat and Seafood,2025-04-06,1970.69,210,119,64.92998969975199,0.03294784552606041,0,1,None,,,,2030.7299999999996,-0.029565722671157427,,,,,,,215.0,216.5,-2.7999999999999887,2014.5,2030.7299999999996,9.373274125571601,1.0,8.0,14,0,0
S0002,Meat and Seafood,2025-04-13,1508.8,171,106,13.263451385666736,0.008790728649036808,0,1,None,,,,1971.3149999999996,-0.2346225742714887,,,,,,,210.0,210.75,3.499999999999985,1970.69,1971.3149999999996,9.349859400454086,1.0,8.0,15,0,0
S0002,Meat and Seafood,2025-04-20,2121.69,221,130,8.747496465488778,0.004122890933872893,0,1,None,,,,1897.6849999999997,0.11804119229482257,,,,,,,171.0,204.5,-15.799999999999967,1508.8,1897.6849999999997,9.25555429244597,0.0,8.0,16,0,0
S0002,Meat and Seafood,2025-04-27,1712.65,182,92,0.0,0.0,0,0,None,,,,1903.9199999999998,-0.10046115382999274,,,,,,,221.0,204.25,-2.0999999999999894,2121.69,1903.9199999999998,9.294451147445766,0.0,8.0,17,0,0
S0002,Meat and Seafood,2025-05-04,1792.86,200,108,2.841748863589571,0.001585036680828158,0,1,None,,1712.65,0.0468338539689953,1828.4575,-0.01946859579727726,1712.65,0.0468338539689953,1781.0466666666664,0.0066328039317705536,,,182.0,196.0,-3.3999999999999906,1712.65,1828.4575,9.304550495771858,0.0,7.0,18,0,0
S0002,Meat and Seafood,2025-05-11,1903.77,202,119,37.863265981417996,0.019888571613912394,0,1,None,,1712.65,0.11159314512597429,1783.9999999999998,0.06713565022421537,1712.65,0.11159314512597429,1875.7333333333333,0.014947042934319005,,,200.0,193.5,4.800000000000012,1792.86,1783.9999999999998,9.199565971962334,0.0,7.0,19,0,0
S0002,Meat and Seafood,2025-05-18,1739.38,178,103,27.1519854524324,0.015610151578397128,0,1,None,,1712.65,0.01560739205325082,1882.7424999999998,-0.07614556956142422,1712.65,0.01560739205325082,1803.0933333333335,-0.03533557146237579,,,202.0,201.25,-3.8999999999999906,1903.77,1882.7424999999998,9.34986900884497,0.0,7.0,20,0,0
S0002,Meat and Seafood,2025-05-25,1878.97,195,108,17.6930809959676,0.009416372265638939,0,1,None,,1712.65,0.09711266166467167,1787.1649999999997,0.051369067769344356,1712.65,0.09711266166467167,,,,,178.0,190.5,-1.0000000000000067,1739.38,1787.1649999999997,9.392716637092466,0.0,7.0,21,0,0
S0002,Meat and Seafood,2025-06-01,1907.64,203,119,26.49002295784254,0.013886279883962665,0,1,None,,1712.65,0.11385280121449216,1828.7449999999997,0.04314160804267432,1712.65,0.11385280121449216,,,,,195.0,193.75,-3.9,1878.97,1828.7449999999997,9.449111325737155,0.0,7.0,22,0,0
S0002,Meat and Seafood,2025-06-08,1673.22,181,97,42.817363757562525,0.025589799164223787,0,1,None,,1712.65,-0.023022800922546965,1857.4399999999998,-0.09917951589284166,1712.65,-0.023022800922546965,,,,,203.0,194.5,2.0000000000000044,1907.64,1857.4399999999998,9.557346670564742,0.0,7.0,23,0,0
S0002,Meat and Seafood,2025-06-15,1744.06,179,106,11.602547122638432,0.006652607778768181,0,1,None,,1712.65,0.01833999941610945,1799.8024999999998,-0.030971453812293204,1712.65,0.01833999941610945,,,,,181.0,189.25,1.6999999999999955,1673.22,1799.8024999999998,9.51227302853203,0.0,7.0,24,0,0
S0002,Meat and Seafood,2025-06-22,2062.75,216,115,42.27233244458465,0.020493192313457594,0,1,None,,1712.65,0.20442005079847014,1800.9724999999999,0.14535341322535472,1712.65,0.20442005079847014,,,,,179.0,189.5,-7.00000000000001,1744.06,1800.9724999999999,9.5051615791566,0.0,7.0,25,0,0
S0002,Meat and Seafood,2025-06-29,1814.69,189,104,47.44008325759281,0.026142251986616342,0,1,None,,1712.65,0.05958018275771463,1846.9174999999998,-0.017449344651290454,1712.65,0.05958018275771463,,,,,216.0,194.75,3.699999999999997,2062.75,1846.9174999999998,9.483667811350331,0.0,8.0,26,0,0
S0002,Meat and Seafood,2025-07-06,1899.93,194,109,34.659814265628576,0.018242679606947927,0,1,None,,1712.65,0.10935100575132103,1823.6799999999998,0.04181106334444652,1712.65,0.10935100575132103,,,,,189.0,191.25,6.100000000000008,1814.69,1823.6799999999998,9.534741064406342,0.0,8.0,27,0,0
S0002,Meat and Seafood,2025-07-13,1828.52,196,113,54.164070365589346,0.029621809094562458,0,1,None,,1712.65,0.06765538784923941,1880.3574999999998,-0.027567895998500215,1712.65,0.06765538784923941,,,,,194.0,194.5,1.800000000000009,1899.93,1880.3574999999998,9.6720271184019,0.0,8.0,28,0,0
S0002,Meat and Seafood,2025-07-20,1904.58,203,117,31.49140615342213,0.016534567281722024,1,1,Coupon,15.0,1712.65,0.1120660964003152,1901.4724999999999,0.0016342597644720463,1712.65,0.1120660964003152,,,,,196.0,198.75,-5.499999999999992,1828.52,1901.4724999999999,9.568485047942431,0.0,8.0,29,0,0
S0002,Meat and Seafood,2025-07-27,2052.49,219,127,97.97528425304269,0.047734841218735634,0,1,None,,1712.65,0.1984293346568182,1861.9299999999998,0.10234541577825158,1712.65,0.1984293346568182,,,,,203.0,195.5,4.400000000000006,1904.58,1861.9299999999998,9.526584790233983,1.0,8.0,30,0,0
S0002,Meat and Seafood,2025-08-03,1970.05,208,117,27.680706357073255,0.014050763359850388,0,1,None,,1712.65,0.15029340495722993,1921.3799999999997,0.0253307518554374,1712.65,0.15029340495722993,,,,,219.0,203.0,8.199999999999982,2052.49,1921.3799999999997,9.469226306505636,1.0,8.0,31,0,0
S0002,Meat and Seafood,2025-08-10,1804.29,199,105,13.770731401302124,0.007632216218735416,0,1,None,,1712.65,0.053507721951361845,1938.9099999999999,-0.0694307626449912,1712.65,0.053507721951361845,,,,,208.0,206.5,5.200000000000001,1970.05,1938.9099999999999,9.388711462136088,1.0,8.0,32,0,0
S0002,Meat and Seafood,2025-08-17,2057.93,213,115,37.82611072793751,0.018380659559818612,0,1,None,,1712.65,0.20160569877091042,1932.8524999999997,0.0647113527804114,1712.65,0.20160569877091042,,,,,199.0,207.25,-2.2999999999999847,1804.29,1932.8524999999997,9.323111523668238,1.0,8.0,33,0,0
S0002,Meat and Seafood,2025-08-24,1939.6,202,104,102.66354155201617,0.052930264772126305,0,1,None,,1712.65,0.1325139403847837,1971.1899999999996,-0.016025852403877706,1712.65,0.1325139403847837,,,,,213.0,209.75,-2.699999999999991,2057.93,1971.1899999999996,9.392980449869121,1.0,8.0,34,0,0
S0002,Meat and Seafood,2025-08-31,1365.31,211,110,139.20700477385634,0.10195999793003518,1,1,Coupon,30.0,1712.65,-0.2028085131229382,1942.9674999999997,-0.29730682577037437,1712.65,-0.2028085131229382,,,,,202.0,205.5,-0.4000000000000132,1939.6,1942.9674999999997,9.45045038521882,1.0,8.0,35,0,0
S0002,Meat and Seafood,2025-09-07,1804.29,199,107,9.14472910984901,0.005068325551795449,1,1,Coupon,10.0,1712.65,0.053507721951361845,1791.7824999999996,0.00698047893647828,1712.65,0.053507721951361845,,,,,211.0,206.25,2.500000000000013,1365.31,1791.7824999999996,8.700267704303766,2.0,8.0,36,0,0
S0002,Meat and Seafood,2025-09-14,1582.86,182,99,13.439104149921235,0.008490393433355593,1,1,Manager_Special,25.0,1712.65,-0.07578314308235785,1791.7824999999996,-0.11660036862733045,1712.65,-0.07578314308235785,,,,,199.0,206.25,-3.3000000000000167,1804.29,1791.7824999999996,8.700267704303766,3.0,8.0,37,0,0
S0002,Meat and Seafood,2025-09-21,1828.15,198,115,48.208642801234255,0.026370179034124253,1,1,Bundle,10.0,1712.65,0.06743934837824424,1673.0149999999996,0.09272779981052201,1712.65,0.06743934837824424,,,,,182.0,198.5,-7.200000000000009,1582.86,1673.0149999999996,8.45911514793994,3.0,8.0,38,0,0
S0002,Meat and Seafood,2025-09-28,1998.94,214,114,117.6486076164687,0.05885549722176188,0,1,None,,1712.65,0.16716200040872328,1645.1525,0.21504845295496933,1712.65,0.16716200040872328,,,,,198.0,197.5,-5.600000000000016,1828.15,1645.1525,8.366890300455193,4.0,8.0,39,0,0
S0002,Meat and Seafood,2025-10-05,1675.8,182,106,70.4663531867883,0.042049381302535084,0,1,None,,1712.65,-0.021516363530201813,1803.5599999999997,-0.07083767659517831,1712.65,-0.021516363530201813,,,,,214.0,198.25,6.099999999999978,1998.94,1803.5599999999997,9.084434704051773,4.0,8.0,40,0,0
S0002,Meat and Seafood,2025-10-12,1691.95,195,111,39.69176315913593,0.02345918210297936,1,1,Bundle,15.0,1712.65,-0.012086532566490553,1771.4374999999998,-0.04487174963835853,1712.65,-0.012086532566490553,,,,,182.0,194.0,1.6000000000000179,1675.8,1771.4374999999998,9.119661801075353,4.0,8.0,41,0,0
S0002,Meat and Seafood,2025-10-19,1827.06,194,111,30.497859402584012,0.01669231410166279,0,1,None,,1712.65,0.06680290777450142,1798.7099999999998,0.01576129559517662,1712.65,0.06680290777450142,,,,,195.0,197.25,-4.100000000000002,1691.95,1798.7099999999998,9.114570225983778,5.0,8.0,42,0,0
S0002,Meat and Seafood,2025-10-26,1805.55,204,115,22.868468571158385,0.012665652333725672,1,1,Manager_Special,15.0,1712.65,0.05424342393366996,1798.4374999999998,0.003954821894005314,1712.65,0.05424342393366996,,,,,194.0,196.25,-4.70000000000001,1827.06,1798.4374999999998,9.160758786850174,5.0,8.0,43,0,0
S0002,Pet Food,2024-12-29,1015.5,136,77,21.289392307768303,0.02096444343453304,0,1,None,,,,1731.6033333333332,-0.4135492924669044,,,,,,,,190.33333333333334,,,1731.6033333333332,9.100731341968457,4.0,7.0,52,0,1
S0002,Pet Food,2025-01-05,1478.29,201,113,26.795453761520214,0.018125979179673957,0,1,None,,,,1511.503333333333,-0.02197370829483217,,,,,,,136.0,175.0,,1015.5,1511.503333333333,8.520471160972981,3.0,7.0,1,1,0
S0002,Pet Food,2025-01-12,1229.77,170,90,11.066037533369862,0.008998461121486018,0,1,None,,,,1440.283333333333,-0.14616105627364973,,,,,,,201.0,177.0,,1478.29,1440.283333333333,8.0798078110559,2.0,7.0,2,1,0
S0002,Pet Food,2025-01-19,1463.86,190,108,5.941474400404647,0.004058772287243758,0,1,None,,,,1241.1866666666663,0.1794035815187619,,,,,,,170.0,169.0,,1229.77,1241.1866666666663,7.351843186030632,1.0,7.0,3,0,0
S0002,Pet Food,2025-01-26,1270.19,168,90,58.84553050135729,0.04632813240645674,0,1,None,,,,1296.8549999999996,-0.020561280945055167,,,,,,,190.0,174.25,13.100000000000003,1463.86,1296.8549999999996,7.440013968470343,1.0,7.0,4,0,0
S0002,Pet Food,2025-02-02,1052.28,142,85,18.95002385824953,0.01800853751686769,0,1,None,,,,1360.5274999999997,-0.22656469641370702,,,,,,,168.0,182.25,-7.899999999999992,1270.19,1360.5274999999997,7.463449717770062,1.0,7.0,5,0,0
S0002,Pet Food,2025-02-09,1324.33,172,97,15.335034525162715,0.01157946623965531,0,1,None,,,,1254.0249999999996,0.05606347560854075,,,,,,,142.0,167.5,-10.599999999999996,1052.28,1254.0249999999996,7.477386197344024,0.0,7.0,6,0,0
S0002,Pet Food,2025-02-16,1228.23,166,88,12.517313116936947,0.010191342921876966,0,1,None,,,,1277.6649999999997,-0.03869167583051874,,,,,,,172.0,168.0,-8.000000000000005,1324.33,1277.6649999999997,7.59379915904033,0.0,7.0,7,0,0
S0002,Pet Food,2025-02-23,1116.47,152,81,19.465805659334844,0.017435135435197403,0,1,None,,,,1218.7574999999997,-0.08392768865012089,,,,,,,166.0,162.0,2.399999999999997,1228.23,1218.7574999999997,7.517411555996576,0.0,8.0,8,0,0
S0002,Pet Food,2025-03-02,1358.86,182,104,13.593785799126113,0.0100038162865388,0,1,None,,,,1180.3274999999999,0.1512567486566229,,,,,,,152.0,158.0,2.399999999999997,1116.47,1180.3274999999999,7.463547207625648,0.0,8.0,9,0,0
S0002,Pet Food,2025-03-09,1503.92,201,117,11.918840216100683,0.007925182334233657,0,1,None,,,,1256.9724999999999,0.196462134215347,,,,,,,182.0,168.0,1.5999999999999865,1358.86,1256.9724999999999,7.477507507888766,0.0,8.0,10,0,0
S0002,Pet Food,2025-03-16,1107.49,196,102,125.84670466150015,0.11363236206331448,1,1,Coupon,25.0,,,1301.87,-0.14930830267230974,,,,,,,201.0,175.25,13.500000000000004,1503.92,1301.87,7.423156515756405,0.0,8.0,11,0,0
S0002,Pet Food,2025-03-23,1522.4,200,112,17.204686401960227,0.011301028903021693,0,1,None,,,,1271.6849999999997,0.1971518103932974,,,,,,,196.0,182.75,15.09999999999999,1107.49,1271.6849999999997,6.9860273357711575,1.0,8.0,12,0,0
S0002,Pet Food,2025-03-30,1041.76,195,115,68.45172808273625,0.06570777154309654,1,1,Coupon,30.0,,,1373.1674999999998,-0.24134528380550796,,,,,,,200.0,194.75,4.900000000000009,1522.4,1373.1674999999998,7.052727993665894,1.0,8.0,13,0,0
S0002,Pet Food,2025-04-06,1260.68,193,111,41.536689897793835,0.03294784552606041,1,1,Coupon,15.0,,,1293.8925,-0.025668670310709633,,,,,,,195.0,198.0,-1.399999999999993,1041.76,1293.8925,6.521751803189703,2.0,8.0,14,0,0
S0002,Pet Food,2025-04-13,1293.58,165,92,11.371510765821032,0.008790728649036806,0,1,None,,,,1233.0825,0.04906200517808009,,,,,,,193.0,196.0,-1.4000000000000061,1260.68,1233.0825,6.284209720855262,3.0,8.0,15,0,0
S0002,Pet Food,2025-04-20,1059.33,144,78,4.367502052979571,0.004122890933872893,0,1,None,,,,1279.6049999999998,-0.17214296599341194,,,,,,,165.0,188.25,-10.700000000000001,1293.58,1279.6049999999998,6.831564621906591,3.0,8.0,16,0,0
S0002,Pet Food,2025-04-27,1115.5,154,87,0.0,0.0,0,0,None,,,,1163.8374999999996,-0.04153286004274622,,,,,,,144.0,174.25,-18.099999999999998,1059.33,1163.8374999999996,6.767679205239925,3.0,8.0,17,0,0
S0002,Pet Food,2025-05-04,1418.68,192,107,2.248659838357291,0.001585036680828158,0,1,None,,1115.5,0.27178843567906774,1182.2724999999996,0.19996024605156643,1115.5,0.27178843567906774,1156.1366666666665,0.22708676309894177,,,154.0,164.0,-13.800000000000011,1115.5,1182.2724999999996,7.242966085026804,3.0,7.0,18,0,0
S0002,Pet Food,2025-05-11,1663.71,223,120,33.088815479782184,0.01988857161391239,0,1,None,,1115.5,0.4914477812640072,1221.7724999999998,0.36171832317391356,1115.5,0.4914477812640072,1197.8366666666668,0.3889289302102956,,,192.0,163.75,9.1,1418.68,1221.7724999999998,7.457200487012988,3.0,7.0,19,0,0
S0002,Pet Food,2025-05-18,1386.39,181,100,21.641758046773997,0.01561015157839713,0,1,None,,1115.5,0.24284177498879436,1314.3049999999998,0.05484647779624994,1115.5,0.24284177498879436,1399.2966666666669,-0.009223681420904371,,,223.0,178.25,27.500000000000007,1663.71,1314.3049999999998,7.362376529953605,2.0,7.0,20,0,0
S0002,Pet Food,2025-05-25,1066.84,143,86,10.045762587874245,0.009416372265638939,0,1,None,,1115.5,-0.043621694307485505,1396.0699999999997,-0.23582628378233172,1115.5,-0.043621694307485505,,,,,181.0,187.5,11.20000000000001,1386.39,1396.0699999999997,7.438165261537399,2.0,7.0,21,0,0
S0002,Pet Food,2025-06-01,1177.26,156,97,16.347761856193888,0.013886279883962665,0,1,None,,1115.5,0.05536530703720304,1383.9049999999997,-0.14932022067988757,1115.5,0.05536530703720304,,,,,143.0,184.75,-18.899999999999984,1066.84,1383.9049999999997,7.492393533265671,1.0,7.0,22,0,0
S0002,Pet Food,2025-06-08,1233.85,171,91,31.573973698777515,0.025589799164223784,0,1,None,,1115.5,0.10609592111160907,1323.5499999999997,-0.06777227909788057,1115.5,0.10609592111160907,,,,,156.0,175.75,-23.900000000000013,1177.26,1323.5499999999997,7.531788565316952,0.0,7.0,23,0,0
S0002,Pet Food,2025-06-15,1187.21,160,87,7.898042481031372,0.006652607778768181,0,1,None,,1115.5,0.06428507395786646,1216.0849999999996,-0.02374422840508645,1115.5,0.06428507395786646,,,,,171.0,162.75,-1.700000000000008,1233.85,1216.0849999999996,7.470517094412487,0.0,7.0,24,0,0
S0002,Pet Food,2025-06-22,1466.42,195,113,30.051627072300484,0.020493192313457594,0,1,None,,1115.5,0.31458538771851197,1166.2899999999997,0.25733736892196657,1115.5,0.31458538771851197,,,,,160.0,157.5,6.600000000000017,1187.21,1166.2899999999997,7.410629404495359,0.0,7.0,25,0,0
S0002,Pet Food,2025-06-29,1222.73,164,96,31.9649157715954,0.026142251986616342,0,1,None,,1115.5,0.0961272971761542,1266.1849999999997,-0.03431962943803608,1115.5,0.0961272971761542,,,,,195.0,170.5,10.599999999999996,1466.42,1266.1849999999997,7.425550150416106,0.0,8.0,26,0,0
S0002,Pet Food,2025-07-06,1386.32,182,104,25.29019159270405,0.018242679606947927,0,1,None,,1115.5,0.24277902285970412,1277.5524999999998,0.08513740139837711,1115.5,0.24277902285970412,,,,,164.0,172.5,1.4000000000000055,1222.73,1277.5524999999998,7.402833217958319,0.0,8.0,27,0,0
S0002,Pet Food,2025-07-13,1111.51,148,93,32.92493702669712,0.02962180909456246,0,1,None,,1115.5,-0.0035768713581353735,1315.6699999999998,-0.1551756899526476,1115.5,-0.0035768713581353735,,,,,182.0,175.25,3.500000000000001,1386.32,1315.6699999999998,7.503244663238185,0.0,8.0,28,0,0
S0002,Pet Food,2025-07-20,1218.57,156,88,20.148527652488006,0.016534567281722024,0,1,None,,1115.5,0.09239802779022854,1296.745,-0.06028556115504587,1115.5,0.09239802779022854,,,,,148.0,172.25,-12.300000000000008,1111.51,1296.745,7.525779713913861,0.0,8.0,29,0,0
S0002,Pet Food,2025-07-27,1417.4,193,118,67.65936394343589,0.047734841218735634,0,1,None,,1115.5,0.27064096817570604,1234.7824999999998,0.14789446724423153,1115.5,0.27064096817570604,,,,,156.0,162.5,-5.799999999999993,1218.57,1234.7824999999998,7.598590611349758,0.0,8.0,30,0,0
S0002,Pet Food,2025-08-03,1344.04,180,97,18.884787986173315,0.014050763359850388,0,1,None,,1115.5,0.2048767368892873,1283.4499999999998,0.047208695313413186,1115.5,0.2048767368892873,,,,,193.0,169.75,4.099999999999992,1417.4,1283.4499999999998,7.57068329111723,0.0,8.0,31,0,0
S0002,Pet Food,2025-08-10,1120.65,164,89,8.553043105525845,0.007632216218735416,1,1,Manager_Special,10.0,1115.5,0.004616763783057007,1272.8799999999999,-0.1195949343221669,1115.5,0.004616763783057007,,,,,180.0,169.25,13.300000000000006,1344.04,1272.8799999999999,7.533119799053738,0.0,8.0,32,0,0
S0002,Pet Food,2025-08-17,1394.51,177,96,25.632013562762655,0.018380659559818612,0,1,None,,1115.5,0.25012102196324515,1275.1649999999997,0.09359180968737402,1115.5,0.25012102196324515,,,,,164.0,173.25,1.100000000000025,1120.65,1275.1649999999997,7.36387705020733,1.0,8.0,33,0,0
S0002,Pet Food,2025-08-24,1103.76,143,89,58.422309044882134,0.05293026477212631,0,1,None,,1115.5,-0.010524428507395794,1319.1499999999999,-0.16327938445210924,1115.5,-0.010524428507395794,,,,,177.0,178.5,-6.399999999999996,1394.51,1319.1499999999999,7.38068740440116,1.0,8.0,34,0,0
S0002,Pet Food,2025-08-31,1365.97,177,99,139.27429837249016,0.10195999793003518,0,1,None,,1115.5,0.22453608247422682,1240.7399999999998,0.10093170204877756,1115.5,0.22453608247422682,,,,,143.0,166.0,-9.8,1103.76,1240.7399999999998,7.474327391357209,1.0,8.0,35,0,0
S0002,Pet Food,2025-09-07,1432.38,188,98,7.259768153880765,0.005068325551795449,0,1,None,,1115.5,0.2840699238009862,1246.2224999999999,0.14937741855888517,1115.5,0.2840699238009862,,,,,177.0,165.25,0.49999999999998557,1365.97,1246.2224999999999,7.536941327327077,1.0,8.0,36,0,0
S0002,Pet Food,2025-09-14,1408.37,180,101,11.957615399735017,0.008490393433355593,0,1,None,,1115.5,0.26254594352308375,1324.1549999999997,0.0635990499601634,1115.5,0.26254594352308375,,,,,188.0,171.25,6.699999999999995,1432.38,1324.1549999999997,7.73339403879568,1.0,8.0,37,0,0
S0002,Pet Food,2025-09-21,958.83,146,83,25.28451876328936,0.026370179034124253,1,1,Manager_Special,25.0,1115.5,-0.14044822949350064,1327.62,-0.2777827992949789,1115.5,-0.14044822949350064,,,,,180.0,172.0,12.200000000000006,1408.37,1327.62,7.719816590584758,1.0,8.0,38,0,0
S0002,Pet Food,2025-09-28,1488.26,198,111,87.59228229525932,0.05885549722176187,0,1,None,,1115.5,0.33416405199462124,1291.3874999999998,0.1524503683054081,1115.5,0.33416405199462124,,,,,146.0,172.75,-10.099999999999994,958.83,1291.3874999999998,7.43199843271523,2.0,8.0,39,0,0
S0002,Pet Food,2025-10-05,891.02,164,100,37.466839728184816,0.04204938130253509,1,1,Coupon,30.0,1115.5,-0.20123711340206188,1321.9599999999998,-0.32598565765983833,1115.5,-0.20123711340206188,,,,,198.0,178.0,-0.39999999999999003,1488.26,1321.9599999999998,7.381778436139301,2.0,8.0,40,0,0
S0002,Pet Food,2025-10-12,1249.96,164,90,29.323039261440083,0.02345918210297936,0,1,None,,1115.5,0.12053787539220084,1186.62,0.05337850364902003,1115.5,0.12053787539220084,,,,,164.0,172.0,0.4000000000000178,891.02,1186.62,6.835279992963379,2.0,8.0,41,0,0
S0002,Pet Food,2025-10-19,1319.84,176,101,22.03118384393861,0.016692314101662786,0,1,None,,1115.5,0.1831824294038547,1147.0175,0.15067119725723452,1115.5,0.1831824294038547,,,,,164.0,168.0,2.0000000000000027,1249.96,1147.0175,6.784637377787229,2.0,8.0,42,0,0
S0002,Pet Food,2025-10-26,1690.51,229,126,21.411411926686583,0.01266565233372567,0,1,None,,1115.5,0.5154728821156432,1237.2699999999998,0.3663226296604624,1115.5,0.5154728821156432,,,,,176.0,175.5,-6.6000000000000005,1319.84,1237.2699999999998,7.017577913279133,2.0,8.0,43,0,0
S0002,Prepared Meals,2024-12-29,1020.61,132,80,21.396520613718767,0.02096444343453304,0,1,None,,,,1153.6066666666663,-0.11528770638172431,,,,,,,,168.0,,,1153.6066666666663,6.8512823355506285,2.0,7.0,52,0,1
S0002,Prepared Meals,2025-01-05,1598.9,207,113,28.981628110380694,0.018125979179673957,1,1,Manager_Special,15.0,,,1196.803333333333,0.33597555710907706,,,,,,,132.0,157.33333333333334,,1020.61,1196.803333333333,7.617564055186008,2.0,7.0,1,1,0
S0002,Prepared Meals,2025-01-12,1792.12,233,136,16.126322145037523,0.008998461121486018,1,1,Manager_Special,20.0,,,1313.1166666666663,0.364783530277838,,,,,,,207.0,171.66666666666666,,1598.9,1313.1166666666663,7.651713145952279,3.0,7.0,2,1,0
S0002,Prepared Meals,2025-01-19,2325.99,285,135,9.440663752406108,0.004058772287243758,0,1,None,,,,1470.543333333333,0.5817214952296544,,,,,,,233.0,190.66666666666666,,1792.12,1470.543333333333,7.715850224896223,3.0,7.0,3,0,0
S0002,Prepared Meals,2025-01-26,1946.79,245,141,90.19114488756591,0.04632813240645674,0,1,None,,,,1684.4049999999997,0.15577310682407156,,,,,,,285.0,214.25,48.5,2325.99,1684.4049999999997,7.827229773935326,3.0,7.0,4,0,0
S0002,Prepared Meals,2025-02-02,1930.92,235,119,34.77304526207016,0.01800853751686769,0,1,None,,,,1915.9499999999996,0.00781335629844228,,,,,,,245.0,242.5,16.599999999999977,1946.79,1915.9499999999996,7.880776697250106,2.0,7.0,5,0,0
S0002,Prepared Meals,2025-02-09,2030.92,254,121,23.51696957544076,0.01157946623965531,0,1,None,,,,1998.9549999999997,0.015990855221853607,,,,,,,235.0,249.5,-3.3999999999999866,1930.92,1998.9549999999997,8.003908262673068,2.0,7.0,6,0,0
S0002,Prepared Meals,2025-02-16,1934.32,239,130,19.713318440645054,0.010191342921876966,0,1,None,,,,2058.6549999999997,-0.06039622957707815,,,,,,,254.0,254.75,-10.300000000000033,2030.92,2058.6549999999997,8.079969734066397,2.0,7.0,7,0,0
S0002,Prepared Meals,2025-02-23,1908.02,231,117,33.26658711306535,0.017435135435197403,0,1,None,,,,1960.7374999999997,-0.026886566916785013,,,,,,,239.0,243.25,0.09999999999999697,1934.32,1960.7374999999997,8.062974909137967,2.0,8.0,8,0,0
S0002,Prepared Meals,2025-03-02,1820.12,232,137,18.208146099455,0.0100038162865388,0,1,None,,,,1951.0449999999998,-0.06710506420918019,,,,,,,231.0,239.75,-2.7000000000000037,1908.02,1951.0449999999998,8.141411210931413,2.0,8.0,9,0,0
S0002,Prepared Meals,2025-03-09,2290.82,289,155,18.155166194909146,0.007925182334233656,0,1,None,,,,1923.3449999999998,0.19106036618495403,,,,,,,232.0,239.0,-7.399999999999996,1820.12,1923.3449999999998,8.048577205062006,1.0,8.0,10,0,0
S0002,Prepared Meals,2025-03-16,1381.72,209,124,157.0081073101229,0.1136323620633145,1,1,Coupon,20.0,,,1988.3199999999997,-0.30508167699364275,,,,,,,289.0,247.75,15.099999999999996,2290.82,1988.3199999999997,8.031318397880032,0.0,8.0,11,0,0
S0002,Prepared Meals,2025-03-23,2062.33,254,141,23.30645093756873,0.011301028903021695,0,1,None,,,,1850.1699999999998,0.1146705437878682,,,,,,,209.0,240.25,-0.9000000000000037,1381.72,1850.1699999999998,7.660746237162529,1.0,8.0,12,0,0
S0002,Prepared Meals,2025-03-30,1205.17,207,119,79.18903503059367,0.06570777154309655,1,1,BOGO,100.0,,,1888.7474999999997,-0.361921061444158,,,,,,,254.0,246.0,-1.399999999999995,2062.33,1888.7474999999997,7.625641889410543,1.0,8.0,13,0,0
S0002,Prepared Meals,2025-04-06,1755.2,211,125,57.830058467341225,0.03294784552606041,0,1,None,,,,1735.0099999999998,0.011636820537057587,,,,,,,207.0,239.75,-20.10000000000003,1205.17,1735.0099999999998,7.119825006185489,2.0,8.0,14,0,0
S0002,Prepared Meals,2025-04-13,1825.63,224,129,16.048617943541068,0.008790728649036808,0,1,None,,,,1601.1049999999998,0.1402312777737877,,,,,,,211.0,220.25,-4.100000000000015,1755.2,1601.1049999999998,7.217767658574016,2.0,8.0,15,0,0
S0002,Prepared Meals,2025-04-20,1962.61,252,136,8.091626975728278,0.004122890933872893,1,1,Bundle,15.0,,,1712.0824999999998,0.14632910505188867,,,,,,,224.0,224.0,-8.600000000000007,1825.63,1712.0824999999998,7.602526021099649,2.0,8.0,16,0,0
S0002,Prepared Meals,2025-04-27,1972.59,244,126,0.0,0.0,0,0,None,,,,1687.1524999999997,0.16918298731146134,,,,,,,252.0,223.5,14.799999999999994,1962.61,1687.1524999999997,7.519707389053655,3.0,8.0,17,0,0
S0002,Prepared Meals,2025-05-04,1738.94,219,121,2.7562836857593167,0.0015850366808281577,0,1,None,,1972.59,-0.11844833442327087,1879.0074999999997,-0.07454334269554522,1972.59,-0.11844833442327087,1920.2766666666666,-0.0944325730840868,,,244.0,232.75,12.700000000000005,1972.59,1879.0074999999997,8.085284376857567,3.0,7.0,18,0,0
S0002,Prepared Meals,2025-05-11,1640.72,221,131,32.63157721837834,0.01988857161391239,1,1,BOGO,100.0,1972.59,-0.1682407393325526,1874.9424999999999,-0.12492249762326038,1972.59,-0.1682407393325526,1891.3799999999999,-0.1325275724603199,,,219.0,234.75,-2.2999999999999803,1738.94,1874.9424999999999,7.990754847977912,3.0,7.0,19,0,0
S0002,Prepared Meals,2025-05-18,1898.92,265,135,29.642429035249876,0.015610151578397128,1,1,Manager_Special,10.0,1972.59,-0.03734683842055361,1828.7149999999997,0.038390345133058126,1972.59,-0.03734683842055361,1784.0833333333333,0.06436732215423428,,,221.0,234.0,-11.799999999999976,1640.72,1828.7149999999997,7.809239465382565,3.0,7.0,20,0,0
S0002,Prepared Meals,2025-05-25,1813.19,246,134,17.07367202833387,0.00941637226563894,1,1,Manager_Special,20.0,1972.59,-0.08080746632599774,1812.7924999999996,0.00021927495838629696,1972.59,-0.08080746632599774,,,,,265.0,237.25,6.499999999999982,1898.92,1812.7924999999996,7.653639697487986,4.0,7.0,21,0,0
S0002,Prepared Meals,2025-06-01,1764.37,225,128,24.50053563886721,0.013886279883962667,0,1,None,,1972.59,-0.10555665394227895,1772.9424999999999,-0.004835182190059741,1972.59,-0.10555665394227895,,,,,246.0,237.75,12.499999999999995,1813.19,1772.9424999999999,7.47521615024022,4.0,7.0,22,0,0
S0002,Prepared Meals,2025-06-08,1693.59,211,118,43.338627966537764,0.025589799164223787,0,1,None,,1972.59,-0.14143841345642025,1779.2999999999997,-0.04817062889900513,1972.59,-0.14143841345642025,,,,,225.0,239.25,-0.7000000000000071,1764.37,1779.2999999999997,7.450535937150416,4.0,7.0,23,0,0
S0002,Prepared Meals,2025-06-15,1729.12,213,107,11.503157162423635,0.006652607778768181,0,1,None,,1972.59,-0.12342656101876215,1792.5175,-0.03536785554394869,1972.59,-0.12342656101876215,,,,,211.0,236.75,-18.299999999999983,1693.59,1792.5175,7.60114106035172,4.0,7.0,24,0,0
S0002,Prepared Meals,2025-06-22,1911.13,238,139,39.16515462601821,0.02049319231345759,0,1,None,,1972.59,-0.031157006777890902,1750.0674999999999,0.09203216447365616,1972.59,-0.031157006777890902,,,,,213.0,223.75,-11.299999999999997,1729.12,1750.0674999999999,7.839190666162686,3.0,7.0,25,0,0
S0002,Prepared Meals,2025-06-29,1968.73,240,128,51.46703575361119,0.026142251986616342,0,1,None,,1972.59,-0.00195681819333967,1774.5524999999998,0.10942336166441977,1972.59,-0.00195681819333967,,,,,238.0,221.75,4.10000000000002,1911.13,1774.5524999999998,8.004007397733362,3.0,8.0,26,0,0
S0002,Prepared Meals,2025-07-06,2168.54,286,151,39.55998043485086,0.018242679606947927,0,1,None,,1972.59,0.09933640543650736,1825.6424999999997,0.18782291713739152,1972.59,0.09933640543650736,,,,,240.0,225.5,11.200000000000008,1968.73,1825.6424999999997,8.09435670328892,3.0,8.0,27,0,0
S0002,Prepared Meals,2025-07-13,1407.33,218,117,41.68766059305059,0.02962180909456246,1,1,Coupon,20.0,1972.59,-0.2865572673490183,1944.3799999999997,-0.2762062971229903,1972.59,-0.2865572673490183,,,,,286.0,244.25,22.100000000000023,2168.54,1944.3799999999997,7.983310403617027,2.0,8.0,28,0,0
S0002,Prepared Meals,2025-07-20,1952.7,236,128,32.287049531018596,0.016534567281722024,0,1,None,,1972.59,-0.010083190120602797,1863.9324999999997,0.04762377392958189,1972.59,-0.010083190120602797,,,,,218.0,245.5,-1.3999999999999941,1407.33,1863.9324999999997,7.567737386000626,2.0,8.0,29,0,0
S0002,Prepared Meals,2025-07-27,2139.2,266,149,102.11437233511926,0.047734841218735634,0,1,None,,1972.59,0.08446255937625148,1874.3249999999996,0.14131754098142013,1972.59,0.08446255937625148,,,,,236.0,245.0,-7.999999999999984,1952.7,1874.3249999999996,7.628786025795527,1.0,8.0,30,0,0
S0002,Prepared Meals,2025-08-03,2308.94,283,147,32.442369552092956,0.014050763359850388,0,1,None,,1972.59,0.17051186511135114,1916.9424999999997,0.20449100585959176,1972.59,0.17051186511135114,,,,,266.0,251.5,-4.200000000000001,2139.2,1916.9424999999997,7.588551924918333,1.0,8.0,31,0,0
S0002,Prepared Meals,2025-08-10,1988.4,247,131,15.175898729333502,0.007632216218735416,0,1,None,,1972.59,0.008014843429197234,1952.0424999999996,0.01862536292114569,1972.59,0.008014843429197234,,,,,283.0,250.75,22.499999999999996,2308.94,1952.0424999999996,7.732674648484521,1.0,8.0,32,0,0
S0002,Prepared Meals,2025-08-17,1940.65,237,129,35.67042697476199,0.01838065955981861,0,1,None,,1972.59,-0.01619191012830838,2097.3099999999995,-0.07469568161120647,1972.59,-0.01619191012830838,,,,,247.0,258.0,5.000000000000021,1988.4,2097.3099999999995,8.131314705313255,1.0,8.0,33,0,0
S0002,Prepared Meals,2025-08-24,1858.46,229,123,98.36877986840587,0.05293026477212631,0,1,None,,1972.59,-0.05785794311032697,2094.2974999999997,-0.11260935946301787,1972.59,-0.05785794311032697,,,,,237.0,258.25,-12.299999999999963,1940.65,2094.2974999999997,8.109875725838176,1.0,8.0,34,0,0
S0002,Prepared Meals,2025-08-31,1901.15,246,135,193.8412500646864,0.10195999793003518,1,1,Manager_Special,15.0,1972.59,-0.0362163450083392,2024.1124999999997,-0.060748846716770756,1972.59,-0.0362163450083392,,,,,229.0,249.0,-17.200000000000028,1858.46,2024.1124999999997,8.1282358729308,1.0,8.0,35,0,0
S0002,Prepared Meals,2025-09-07,2185.08,276,141,11.074696796717198,0.005068325551795448,0,1,None,,1972.59,0.1077213207001962,1922.1649999999997,0.13678066138963108,1972.59,0.1077213207001962,,,,,246.0,239.75,-1.0999999999999763,1901.15,1922.1649999999997,8.020599234417771,2.0,8.0,36,0,0
S0002,Prepared Meals,2025-09-14,2353.09,286,150,19.978659884094718,0.008490393433355595,0,1,None,,1972.59,0.19289360688232235,1971.3349999999998,0.19365303208232004,1972.59,0.19289360688232235,,,,,276.0,247.0,13.399999999999979,2185.08,1971.3349999999998,7.987287757565104,1.0,8.0,37,0,0
S0002,Prepared Meals,2025-09-21,1719.36,213,120,45.339831024111874,0.026370179034124253,0,1,None,,1972.59,-0.12837437075114444,2074.4449999999997,-0.17117108431411768,1972.59,-0.12837437075114444,,,,,286.0,259.25,20.100000000000005,2353.09,2074.4449999999997,7.997085454593814,1.0,8.0,38,0,0
S0002,Prepared Meals,2025-09-28,1968.35,251,136,115.84821795645499,0.05885549722176188,0,1,None,,1972.59,-0.002149458326362807,2039.6699999999998,-0.03496644064971292,1972.59,-0.002149458326362807,,,,,213.0,255.25,-8.900000000000006,1719.36,2039.6699999999998,7.986227160725802,1.0,8.0,39,0,0
S0002,Prepared Meals,2025-10-05,1879.05,241,134,79.01288993652855,0.042049381302535084,1,1,Bundle,10.0,1972.59,-0.0474198895867869,2056.47,-0.0862740521378867,1972.59,-0.0474198895867869,,,,,251.0,256.5,-14.79999999999995,1968.35,2056.47,8.014672120723212,1.0,8.0,40,0,0
S0002,Prepared Meals,2025-10-12,1822.99,228,126,42.765854381910344,0.02345918210297936,0,1,None,,1972.59,-0.07583937868487618,1979.9624999999996,-0.07928054192945556,1972.59,-0.07583937868487618,,,,,241.0,247.75,-9.70000000000002,1879.05,1979.9624999999996,7.9846549819896735,2.0,8.0,41,0,0
S0002,Prepared Meals,2025-10-19,1539.14,199,107,25.691808326433264,0.01669231410166279,1,1,Bundle,20.0,1972.59,-0.2197364885759331,1847.4374999999998,-0.16687844649683667,1972.59,-0.2197364885759331,,,,,228.0,233.25,3.5000000000000067,1822.99,1847.4374999999998,7.926650672702469,2.0,8.0,42,0,0
S0002,Prepared Meals,2025-10-26,1971.27,241,131,24.967420475903403,0.01266565233372567,0,1,None,,1972.59,-0.0006691709883959345,1802.3824999999997,0.09370236339955604,1972.59,-0.0006691709883959345,,,,,199.0,229.75,-16.899999999999988,1539.14,1802.3824999999997,7.842215468512505,3.0,8.0,43,0,0
S0002,Snacks/Cookies/Chips,2024-12-29,455.6,137,77,9.551400428773254,0.02096444343453304,0,1,None,,,,1747.0599999999995,-0.7392190308289355,,,,,,,,222.66666666666666,,,1747.0599999999995,7.842276667180021,2.0,7.0,52,0,1
S0002,Snacks/Cookies/Chips,2025-01-05,615.75,191,96,11.16107167988424,0.018125979179673957,0,1,None,,,,1272.5766666666664,-0.5161391717067471,,,,,,,137.0,188.0,,455.6,1272.5766666666664,6.351829826663519,2.0,7.0,1,1,0
S0002,Snacks/Cookies/Chips,2025-01-12,720.51,226,121,6.483481222641891,0.008998461121486018,0,1,None,,,,870.1633333333331,-0.17198303766725764,,,,,,,191.0,175.66666666666666,,615.75,870.1633333333331,4.761247098026918,2.0,7.0,2,1,0
S0002,Snacks/Cookies/Chips,2025-01-19,711.8,221,118,2.889034114060107,0.004058772287243758,0,1,None,,,,597.2866666666664,0.19172256761130937,,,,,,,226.0,184.66666666666666,,720.51,597.2866666666664,3.245822259972339,2.0,7.0,3,0,0
S0002,Snacks/Cookies/Chips,2025-01-26,570.72,196,107,26.440391727012987,0.04632813240645673,1,1,BOGO,100.0,,,625.9149999999997,-0.08818290023405691,,,,,,,221.0,193.75,28.700000000000003,711.8,625.9149999999997,3.2395703148887565,2.0,7.0,4,0,0
S0002,Snacks/Cookies/Chips,2025-02-02,599.39,187,108,10.794137302235326,0.018008537516867693,0,1,None,,,,654.6949999999998,-0.0844744499347022,,,,,,,196.0,208.5,0.9999999999999838,570.72,654.6949999999998,3.1361426372483576,2.0,7.0,5,0,0
S0002,Snacks/Cookies/Chips,2025-02-09,668.71,207,109,7.743304869119902,0.011579466239655308,0,1,None,,,,650.6049999999998,0.027827944759109217,,,,,,,187.0,207.5,-14.200000000000003,599.39,650.6049999999998,3.131510669277923,2.0,7.0,6,0,0
S0002,Snacks/Cookies/Chips,2025-02-16,573.22,221,118,5.841881589678315,0.010191342921876966,1,1,Coupon,20.0,,,637.6549999999997,-0.10104994079870737,,,,,,,207.0,202.75,-5.100000000000026,668.71,637.6549999999997,3.142107105941597,1.0,7.0,7,0,0
S0002,Snacks/Cookies/Chips,2025-02-23,512.79,161,92,8.940563099814877,0.017435135435197407,0,1,None,,,,603.0099999999998,-0.14961609260211245,,,,,,,221.0,202.75,9.500000000000012,573.22,603.0099999999998,2.9853424000592446,2.0,8.0,8,0,0
S0002,Snacks/Cookies/Chips,2025-03-02,443.76,188,101,4.439293515314457,0.010003816286538798,1,1,Coupon,25.0,,,588.5274999999997,-0.24598255816423154,,,,,,,161.0,194.0,-6.399999999999993,512.79,588.5274999999997,3.05364098036093,2.0,8.0,9,0,0
S0002,Snacks/Cookies/Chips,2025-03-09,700.33,221,115,5.550242944133857,0.007925182334233657,0,1,None,,,,549.6199999999998,0.2742076343655622,,,,,,,188.0,194.25,-11.700000000000006,443.76,549.6199999999998,2.8424238339278887,3.0,8.0,10,0,0
S0002,Snacks/Cookies/Chips,2025-03-16,513.6,162,94,58.361581155718326,0.1136323620633145,0,1,None,,,,557.5249999999997,-0.07878570467691987,,,,,,,221.0,197.75,2.6999999999999758,700.33,557.5249999999997,2.8270315677683593,3.0,8.0,11,0,0
S0002,Snacks/Cookies/Chips,2025-03-23,653.98,210,126,7.390646881998127,0.011301028903021693,0,1,None,,,,542.6199999999998,0.20522649367881812,,,,,,,162.0,183.0,3.6,513.6,542.6199999999998,2.9711852463338024,3.0,8.0,12,0,0
S0002,Snacks/Cookies/Chips,2025-03-30,723.71,223,121,47.55337134345441,0.06570777154309655,0,1,None,,,,577.9174999999998,0.25227216687503023,,,,,,,210.0,195.25,0.6999999999999893,653.98,577.9174999999998,2.9534751014062666,2.0,8.0,13,0,0
S0002,Snacks/Cookies/Chips,2025-04-06,649.45,209,115,21.397978276899934,0.03294784552606041,0,1,None,,,,647.9049999999997,0.0023846088546936677,,,,,,,223.0,204.0,5.399999999999985,723.71,647.9049999999997,3.174702799145032,2.0,8.0,14,0,0
S0002,Snacks/Cookies/Chips,2025-04-13,547.21,172,93,4.810374624039432,0.008790728649036808,0,1,None,,,,635.1849999999998,-0.13850295583176525,,,,,,,209.0,201.0,15.400000000000006,649.45,635.1849999999998,3.1593283593433474,2.0,8.0,15,0,0
S0002,Snacks/Cookies/Chips,2025-04-20,640.53,195,104,2.6408353298736036,0.004122890933872892,0,1,None,,,,643.5874999999999,-0.0047507137724084,,,,,,,172.0,203.5,-12.800000000000004,547.21,643.5874999999999,3.162099138843778,1.0,8.0,16,0,0
S0002,Snacks/Cookies/Chips,2025-04-27,619.22,193,104,0.0,0.0,0,0,None,,,,640.2249999999998,-0.03280877816392639,,,,,,,195.0,199.75,-12.099999999999989,640.53,640.2249999999998,3.2047438274884668,1.0,8.0,17,0,0
S0002,Snacks/Cookies/Chips,2025-05-04,652.43,205,110,1.034125481672715,0.001585036680828158,0,1,None,,619.22,0.05363198863085805,614.1024999999997,0.0624122194584784,619.22,0.05363198863085805,602.32,0.08319497941293647,,,193.0,192.25,-2.500000000000002,619.22,614.1024999999997,3.195508192366833,0.0,7.0,18,0,0
S0002,Snacks/Cookies/Chips,2025-05-11,576.95,181,99,11.474711392646755,0.01988857161391239,0,1,None,,619.22,-0.0682632989890507,614.8474999999997,-0.06163723524939064,619.22,-0.0682632989890507,637.3933333333333,-0.0948289386982396,,,205.0,191.25,9.69999999999998,652.43,614.8474999999997,3.2143004668446014,0.0,7.0,19,0,0
S0002,Snacks/Cookies/Chips,2025-05-18,621.09,186,100,9.695309043826674,0.01561015157839713,0,1,None,,619.22,0.0030199282968896425,622.2824999999998,-0.0019163322124594031,619.22,0.0030199282968896425,616.2,0.007935735150925001,,,181.0,193.5,-2.9999999999999933,576.95,622.2824999999998,3.2158293599449483,0.0,7.0,20,0,0
S0002,Snacks/Cookies/Chips,2025-05-25,631.33,201,114,5.944838302465833,0.00941637226563894,0,1,None,,619.22,0.019556861858467126,617.4224999999998,0.02252509424259767,619.22,0.019556861858467126,,,,,186.0,191.25,-4.499999999999992,621.09,617.4224999999998,3.229435439349415,0.0,7.0,21,0,0
S0002,Snacks/Cookies/Chips,2025-06-01,550.73,172,94,7.647590920494759,0.013886279883962665,0,1,None,,619.22,-0.11060689254223056,620.4499999999998,-0.11237005399306926,619.22,-0.11060689254223056,,,,,201.0,193.25,-0.7000000000000024,631.33,620.4499999999998,3.21257331216152,0.0,7.0,22,0,0
S0002,Snacks/Cookies/Chips,2025-06-08,560.5600000000001,175,102,14.344617819497289,0.02558979916422379,0,1,None,,619.22,-0.09473208229708337,595.0249999999999,-0.0579219360531067,619.22,-0.09473208229708337,,,,,172.0,185.0,-1.1999999999999944,550.73,595.0249999999999,3.2174066218608965,0.0,7.0,23,0,0
S0002,Snacks/Cookies/Chips,2025-06-15,611.99,195,104,4.071329434528338,0.00665260777876818,0,1,None,,619.22,-0.01167597945802787,590.9274999999998,0.035643120348943375,619.22,-0.01167597945802787,,,,,175.0,183.5,-6.200000000000007,560.5600000000001,590.9274999999998,3.221314356667526,0.0,7.0,24,0,0
S0002,Snacks/Cookies/Chips,2025-06-22,636.41,207,111,13.042072520207546,0.020493192313457594,0,1,None,,619.22,0.02776073124253083,588.6524999999998,0.08113020839969283,619.22,0.02776073124253083,,,,,195.0,185.75,-1.499999999999988,611.99,588.6524999999998,3.171118533673316,0.0,7.0,25,0,0
S0002,Snacks/Cookies/Chips,2025-06-29,531.99,193,103,13.907416634360027,0.02614225198661634,1,1,BOGO,100.0,619.22,-0.14087077290785183,589.9224999999998,-0.09820357758858121,619.22,-0.14087077290785183,,,,,207.0,187.25,12.5,636.41,589.9224999999998,3.1544933263764667,0.0,8.0,26,0,0
S0002,Snacks/Cookies/Chips,2025-07-06,494.08,198,108,9.013343140200831,0.018242679606947927,1,1,Coupon,20.0,619.22,-0.2020929556538872,585.2374999999998,-0.15576154979815868,619.22,-0.2020929556538872,,,,,193.0,192.5,6.599999999999994,531.99,585.2374999999998,3.0431198928302567,1.0,8.0,27,0,0
S0002,Snacks/Cookies/Chips,2025-07-13,626.56,201,105,18.559840706289055,0.029621809094562464,0,1,None,,619.22,0.011853622299021217,568.6174999999997,0.10190066257194028,619.22,0.011853622299021217,,,,,198.0,198.25,-0.5000000000000004,494.08,568.6174999999997,2.8661582766686404,2.0,8.0,28,0,0
S0002,Snacks/Cookies/Chips,2025-07-20,609.59,193,106,10.079306869264931,0.016534567281722028,0,1,None,,619.22,-0.015551823261522553,572.2599999999998,0.06523258658651711,619.22,-0.015551823261522553,,,,,201.0,199.75,-1.300000000000019,626.56,572.2599999999998,2.860859195153141,2.0,8.0,29,0,0
S0002,Snacks/Cookies/Chips,2025-07-27,688.96,213,126,32.8873962060601,0.047734841218735634,0,1,None,,619.22,0.11262556118988405,565.5549999999998,0.21820158958898822,619.22,0.11262556118988405,,,,,193.0,196.25,0.3000000000000117,609.59,565.5549999999998,2.881872436373636,2.0,8.0,30,0,0
S0002,Snacks/Cookies/Chips,2025-08-03,752.07,232,124,10.56715760004268,0.014050763359850386,0,1,None,,619.22,0.21454410387261397,604.7974999999998,0.24350712428540183,619.22,0.21454410387261397,,,,,213.0,201.25,3.700000000000012,688.96,604.7974999999998,3.001404716409638,2.0,8.0,31,0,0
S0002,Snacks/Cookies/Chips,2025-08-10,598.48,190,103,4.567728762588772,0.007632216218735417,0,1,None,,619.22,-0.03349375020186688,669.2949999999998,-0.1058053623588998,619.22,-0.03349375020186688,,,,,232.0,209.75,11.299999999999997,752.07,669.2949999999998,3.1879865911919434,2.0,8.0,32,0,0
S0002,Snacks/Cookies/Chips,2025-08-17,670.05,209,123,12.31596093805646,0.018380659559818612,0,1,None,,619.22,0.08208714188818178,662.2749999999999,0.01173983617077512,619.22,0.08208714188818178,,,,,190.0,207.0,1.0000000000000002,598.48,662.2749999999999,3.196156792815405,2.0,8.0,33,0,0
S0002,Snacks/Cookies/Chips,2025-08-24,713.86,217,119,37.784798810230086,0.052930264772126305,0,1,None,,619.22,0.15283744065114174,677.3899999999998,0.05383899968998696,619.22,0.15283744065114174,,,,,209.0,211.0,-5.400000000000001,670.05,677.3899999999998,3.2080276557948038,2.0,8.0,34,0,0
S0002,Snacks/Cookies/Chips,2025-08-31,711.33,223,123,72.52720532757193,0.10195999793003518,0,1,None,,619.22,0.1487516553082911,683.6149999999998,0.040541825442683775,619.22,0.1487516553082911,,,,,217.0,212.0,-2.599999999999996,713.86,683.6149999999998,3.2218085129809313,1.0,8.0,35,0,0
S0002,Snacks/Cookies/Chips,2025-09-07,623.34,199,110,3.1592900494561746,0.005068325551795448,0,1,None,,619.22,0.006653531862665942,673.4299999999998,-0.0743804107331123,619.22,0.006653531862665942,,,,,223.0,209.75,10.699999999999994,711.33,673.4299999999998,3.2088434113109146,0.0,8.0,36,0,0
S0002,Snacks/Cookies/Chips,2025-09-14,615.01,195,107,5.221676865448024,0.008490393433355593,0,1,None,,619.22,-0.006798876005297045,679.6449999999998,-0.09510111896651897,619.22,-0.006798876005297045,,,,,199.0,212.0,-2.3999999999999866,623.34,679.6449999999998,3.2044601793616945,0.0,8.0,37,0,0
S0002,Snacks/Cookies/Chips,2025-09-21,606.51,197,111,15.993777285986702,0.026370179034124256,0,1,None,,619.22,-0.02052582280934084,665.8849999999998,-0.08916704836420672,619.22,-0.02052582280934084,,,,,195.0,208.5,-8.99999999999998,615.01,665.8849999999998,3.191439323025049,0.0,8.0,38,0,0
S0002,Snacks/Cookies/Chips,2025-09-28,591.02,192,105,34.784775968005704,0.05885549722176188,0,1,None,,619.22,-0.04554116469106302,639.0474999999998,-0.07515482025983956,619.22,-0.04554116469106302,,,,,197.0,203.5,-8.20000000000001,606.51,639.0474999999998,3.1387027093030904,0.0,8.0,39,0,0
S0002,Snacks/Cookies/Chips,2025-10-05,675.55,211,117,28.406459538927574,0.042049381302535084,0,1,None,,619.22,0.09096928393785718,608.9699999999998,0.1093321510090812,619.22,0.09096928393785718,,,,,192.0,195.75,-1.900000000000007,591.02,608.9699999999998,3.1108048440190843,0.0,8.0,40,0,0
S0002,Snacks/Cookies/Chips,2025-10-12,492.47,208,112,11.552943410254246,0.02345918210297936,1,1,Coupon,25.0,619.22,-0.20469300087206485,622.0224999999997,-0.20827622794995315,619.22,-0.20469300087206485,,,,,211.0,198.75,4.300000000000009,675.55,622.0224999999997,3.1281290837009053,0.0,8.0,41,0,0
S0002,Snacks/Cookies/Chips,2025-10-19,709.76,224,127,11.847536856796179,0.016692314101662786,0,1,None,,619.22,0.14621620748683822,591.3874999999998,0.20016063917482227,619.22,0.14621620748683822,,,,,208.0,202.0,5.20000000000001,492.47,591.3874999999998,2.9315657824188546,1.0,8.0,42,0,0
S0002,Snacks/Cookies/Chips,2025-10-26,842.88,268,150,10.675625039050692,0.012665652333725668,0,1,None,,619.22,0.3611963437873453,617.1999999999997,0.3656513285806876,619.22,0.3611963437873453,,,,,224.0,208.75,9.300000000000018,709.76,617.1999999999997,2.95402589844496,1.0,8.0,43,0,0
S0003,Alcohol,2024-12-29,1968.32,164,87,90.19269605133927,0.04582217121775894,1,1,Manager_Special,10.0,,,625.9266666666663,2.1446495329591344,,,,,,,,214.33333333333334,,,625.9266666666663,2.9126248090377245,1.0,7.0,52,0,1
S0003,Alcohol,2025-01-05,3274.61,266,152,87.12655423987891,0.02660669644320359,0,1,None,,,,1056.8499999999997,2.098462411884374,,,,,,,164.0,198.66666666666666,,1968.32,1056.8499999999997,5.846055626284286,2.0,7.0,1,1,0
S0003,Alcohol,2025-01-12,3557.0099999999998,294,160,68.61485529427982,0.01929003722066562,0,1,None,,,,1984.2299999999996,0.7926399661329586,,,,,,,266.0,218.0,,3274.61,1984.2299999999996,9.160362185952687,2.0,7.0,2,1,0
S0003,Alcohol,2025-01-19,3492.04,293,157,15.201653908549433,0.004353230177360349,0,1,None,,,,2933.313333333333,0.1904762987020367,,,,,,,294.0,241.33333333333334,,3557.0099999999998,2933.313333333333,12.137062866224797,2.0,7.0,3,0,0
S0003,Alcohol,2025-01-26,3621.91,287,153,10.340685223502813,0.002855036492762883,0,1,None,,,,3072.995,0.17862541266744658,,,,,,,293.0,254.25,41.50000000000001,3492.04,3072.995,12.082353463661772,2.0,7.0,4,0,0
S0003,Alcohol,2025-02-02,3050.09,240,140,88.10449274666898,0.02888586656350107,0,1,None,,,,3486.3925,-0.12514440069498767,,,,,,,287.0,285.0,6.1999999999999895,3621.91,3486.3925,12.236839526379542,2.0,7.0,5,0,0
S0003,Alcohol,2025-02-09,3481.49,277,155,52.644408840211604,0.015121229370244236,0,1,None,,,,3430.2625,0.014933988288068323,,,,,,,240.0,278.5,-16.8,3050.09,3430.2625,12.336375632269267,1.0,7.0,6,0,0
S0003,Alcohol,2025-02-16,3801.07,308,172,177.1132836340182,0.046595638500216564,0,1,None,,,,3411.3824999999997,0.11423154688751569,,,,,,,277.0,274.25,-9.500000000000014,3481.49,3411.3824999999997,12.453846254092003,1.0,7.0,7,0,0
S0003,Alcohol,2025-02-23,3707.68,299,151,61.98688879185213,0.016718510980411508,0,1,None,,,,3488.64,0.06278664465235735,,,,,,,308.0,278.0,9.999999999999977,3801.07,3488.64,12.55957403100792,1.0,8.0,8,0,0
S0003,Alcohol,2025-03-02,3048.85,237,132,34.25048752545698,0.011233903775343813,0,1,None,,,,3510.0824999999995,-0.13140218214244243,,,,,,,299.0,281.0,20.800000000000022,3707.68,3510.0824999999995,12.504667053044209,0.0,8.0,9,0,0
S0003,Alcohol,2025-03-09,2712.0,224,128,19.813856237670564,0.007305994187931624,0,1,None,,,,3509.7724999999996,-0.2273003449653787,,,,,,,237.0,280.25,-12.899999999999974,3048.85,3509.7724999999996,12.54357646760117,0.0,8.0,10,0,0
S0003,Alcohol,2025-03-16,3359.16,277,137,102.24032305069169,0.030436276643771566,0,1,None,,,,3317.3999999999996,0.012588171459576844,,,,,,,224.0,267.0,-31.39999999999997,2712.0,3317.3999999999996,12.428223192717208,0.0,8.0,11,0,0
S0003,Alcohol,2025-03-23,3657.09,298,163,134.85940203018697,0.0368761507182451,0,1,None,,,,3206.9224999999997,0.14037367600869696,,,,,,,277.0,259.25,-7.899999999999984,3359.16,3206.9224999999997,12.374671953793676,0.0,8.0,12,0,0
S0003,Alcohol,2025-03-30,3398.17,272,147,265.4998941554517,0.07813025662502221,0,1,None,,,,3194.2749999999996,0.06383138583872724,,,,,,,298.0,259.0,23.599999999999994,3657.09,3194.2749999999996,12.342633587651504,0.0,8.0,13,0,0
S0003,Alcohol,2025-04-06,3735.0,308,158,10.218921912970966,0.002735989802669603,0,1,None,,,,3281.6049999999996,0.1381625759346419,,,,,,,272.0,267.75,16.50000000000001,3398.17,3281.6049999999996,12.24986510446709,0.0,8.0,14,0,0
S0003,Alcohol,2025-04-13,2880.5,240,127,38.906010216374696,0.013506686414294288,1,1,Coupon,15.0,,,3537.3549999999996,-0.18569100358883958,,,,,,,308.0,288.75,6.699999999999991,3735.0,3537.3549999999996,12.25473523433722,0.0,8.0,15,0,0
S0003,Alcohol,2025-04-20,4043.15,326,174,64.42622487902877,0.015934661063534316,1,1,BOGO,50.0,,,3417.6899999999996,0.18300665069096395,,,,,,,240.0,279.5,-13.800000000000031,2880.5,3417.6899999999996,12.223523215684994,1.0,8.0,16,0,0
S0003,Alcohol,2025-04-27,2835.93,231,133,131.98021220981556,0.04653860010995178,0,1,None,,,,3514.205,-0.19300951424290846,,,,,,,326.0,286.5,9.399999999999974,4043.15,3514.205,12.256069845569295,2.0,8.0,17,0,0
S0003,Alcohol,2025-05-04,3294.62,294,170,86.19222468555346,0.026161507149702685,1,1,Bundle,20.0,,,3373.6449999999995,-0.023424219205043697,,,,,,,231.0,276.25,-14.5,2835.93,3373.6449999999995,12.201940142551724,2.0,8.0,18,0,0
S0003,Alcohol,2025-05-11,2807.68,233,127,68.06918958303386,0.02424392722213139,1,1,Bundle,10.0,,,3263.5499999999997,-0.13968531200686368,,,,,,,294.0,272.75,6.699999999999997,3294.62,3263.5499999999997,11.971831917443499,3.0,8.0,19,0,0
S0003,Alcohol,2025-05-18,3343.22,273,152,46.45896274406955,0.013896471887602239,0,1,None,,,,3245.3449999999993,0.030158580982915677,,,,,,,233.0,271.0,-21.600000000000026,2807.68,3245.3449999999993,11.983843272951368,4.0,8.0,20,0,0
S0003,Alcohol,2025-05-25,3465.13,285,155,134.9320303966,0.038939961962927795,1,1,Bundle,20.0,,,3070.3624999999997,0.12857358048113224,,,,,,,273.0,257.75,6.499999999999973,3343.22,3070.3624999999997,11.94482489613391,4.0,8.0,21,0,0
S0003,Alcohol,2025-06-01,3563.65,295,163,41.05510124308063,0.011520520040711245,0,1,None,,,,3227.6624999999995,0.10409623063130073,,,,,,,285.0,271.25,1.3000000000000158,3465.13,3227.6624999999995,11.915224303743845,5.0,8.0,22,0,0
S0003,Alcohol,2025-06-08,3735.09,312,165,78.50914785474004,0.02101934567968644,0,1,None,,,,3294.92,0.13359049688611563,,,,,,,295.0,271.5,19.80000000000002,3563.65,3294.92,12.133719057577583,5.0,8.0,23,0,0
S0003,Alcohol,2025-06-15,3349.99,263,149,21.865285118298964,0.006526970265075109,0,1,None,,,,3526.7725,-0.05012585869942001,,,,,,,312.0,291.25,12.700000000000037,3735.09,3526.7725,12.114047445659457,4.0,8.0,24,0,0
S0003,Alcohol,2025-06-22,3159.97,249,136,69.3372266530174,0.02194236864685975,0,1,None,,,,3528.465,-0.10443493133699791,,,,,,,263.0,288.75,-4.899999999999988,3349.99,3528.465,12.236891809787092,3.0,8.0,25,0,0
S0003,Alcohol,2025-06-29,2578.18,222,130,58.18372885959695,0.0225677527789359,1,1,Bundle,20.0,,,3452.1749999999997,-0.2531722754495354,,,,,,,249.0,279.75,-18.699999999999974,3159.97,3452.1749999999997,12.369964733059126,3.0,8.0,26,0,0
S0003,Alcohol,2025-07-06,3619.06,285,161,65.89282618853665,0.018207166001264596,0,1,None,,,,3205.8075,0.12890745935306475,,,,,,,222.0,261.5,-28.39999999999997,2578.18,3205.8075,12.253278216033625,3.0,8.0,27,0,0
S0003,Alcohol,2025-07-13,3405.29,284,160,99.9353832487298,0.029347099145367886,0,1,None,,,,3176.7999999999997,0.0719245781918913,,,,,,,285.0,254.75,3.899999999999998,3619.06,3176.7999999999997,12.435031674198267,2.0,8.0,28,0,0
S0003,Alcohol,2025-07-20,2770.07,221,133,45.761197580727455,0.016519870465629912,0,1,None,,,,3190.6249999999995,-0.13180959843290874,,,,,,,284.0,260.0,16.800000000000008,3405.29,3190.6249999999995,12.248244970133575,2.0,8.0,29,0,0
S0003,Alcohol,2025-07-27,2729.3,226,125,64.13792631799517,0.02349977148645996,0,1,None,,,,3093.1499999999996,-0.1176308940723856,,,,,,,221.0,253.0,-0.4000000000000129,2770.07,3093.1499999999996,12.209147675979585,1.0,8.0,30,0,0
S0003,Alcohol,2025-08-03,3608.51,284,155,49.44609118223847,0.013702633824553199,0,1,None,,,,3130.93,0.1525361474066812,,,,,,,226.0,254.0,-23.999999999999996,2729.3,3130.93,12.324928988265322,1.0,8.0,31,0,0
S0003,Alcohol,2025-08-10,3070.88,248,140,24.10978472097923,0.00785109959392071,0,1,None,,,,3128.2925,-0.018352663633595615,,,,,,,284.0,253.75,0.49999999999999856,3608.51,3128.2925,12.326820234867743,1.0,8.0,32,0,0
S0003,Alcohol,2025-08-17,3279.67,268,154,59.720685292789675,0.018209358042970688,0,1,None,,,,3044.6899999999996,0.07717698681967639,,,,,,,248.0,244.75,13.899999999999993,3070.88,3044.6899999999996,12.424850959538349,1.0,8.0,33,0,0
S0003,Alcohol,2025-08-24,2689.3,249,149,55.11872586659273,0.020495566082844134,1,1,Coupon,10.0,,,3172.09,-0.15219933860640775,,,,,,,268.0,256.5,9.000000000000002,3279.67,3172.09,12.350681267838477,1.0,8.0,34,0,0
S0003,Alcohol,2025-08-31,3103.73,259,145,68.06036489134958,0.021928571393565025,0,1,None,,,,3162.09,-0.018456147674481158,,,,,,,249.0,262.25,-8.499999999999984,2689.3,3162.09,12.031644501303308,1.0,8.0,35,0,0
S0003,Alcohol,2025-09-07,3644.81,288,156,18.33719332385198,0.005031042310532505,0,1,None,,,,3035.8949999999995,0.20057182478313662,,,,,,,259.0,256.0,1.3999999999999966,3103.73,3035.8949999999995,11.851017597991547,1.0,8.0,36,0,0
S0003,Alcohol,2025-09-14,3494.44,293,160,118.66362434641857,0.03395783712023059,1,1,Manager_Special,20.0,,,3179.3774999999996,0.09909565630378918,,,,,,,288.0,266.0,7.0000000000000036,3644.81,3179.3774999999996,11.919270006145666,1.0,8.0,37,0,0
S0003,Alcohol,2025-09-21,3372.28,275,159,51.03071689777407,0.015132408014095529,0,1,None,,,,3233.0699999999997,0.043058145972713395,,,,,,,293.0,272.25,16.099999999999987,3494.44,3233.0699999999997,11.84148044499239,2.0,8.0,38,0,0
S0003,Alcohol,2025-09-28,2338.47,266,149,147.6560073365513,0.06314214308353382,1,1,Coupon,30.0,,,3403.815,-0.31298557647815767,,,,,,,275.0,278.75,5.30000000000001,3372.28,3403.815,12.207089134295055,2.0,8.0,39,0,0
S0003,Alcohol,2025-10-05,2562.91,215,128,110.07915239703522,0.04295084587325939,1,1,Bundle,15.0,,,3212.4999999999995,-0.2022070038910505,,,,,,,266.0,280.5,-8.399999999999988,2338.47,3212.4999999999995,11.409020906292618,3.0,8.0,40,0,0
S0003,Alcohol,2025-10-12,3117.4,247,146,15.373996675056326,0.004931672764180511,0,1,None,,,,2942.0249999999996,0.059610302427749756,,,,,,,215.0,262.25,-24.3,2562.91,2942.0249999999996,11.225251243824916,4.0,8.0,41,0,0
S0003,Alcohol,2025-10-19,2598.05,216,122,45.69051661867207,0.01758646547166993,1,1,Coupon,15.0,,,2847.7649999999994,-0.08768806414855133,,,,,,,247.0,250.75,-13.499999999999998,3117.4,2847.7649999999994,11.398910306156512,4.0,8.0,42,0,0
S0003,Alcohol,2025-10-26,3177.98,250,143,43.491299805350955,0.013685202488798216,0,1,None,,,,2654.2074999999995,0.19733668147648614,,,,,,,216.0,236.0,-11.800000000000013,2598.05,2654.2074999999995,11.340203530062237,4.0,8.0,43,0,0
S0003,Bakery,2024-12-29,537.54,143,78,24.631249916394136,0.04582217121775894,1,1,Manager_Special,30.0,,,2759.453333333333,-0.8052005469682401,,,,,,,,226.0,,,2759.453333333333,12.189857839581729,4.0,7.0,52,0,1
S0003,Bakery,2025-01-05,1013.0,255,137,26.952583496965236,0.026606696443203588,0,1,None,,,,2084.33,-0.5139925059851367,,,,,,,143.0,202.0,,537.54,2084.33,9.469360956619731,5.0,7.0,1,1,0
S0003,Bakery,2025-01-12,1016.89,266,153,19.615845949322665,0.019290037220665624,1,1,BOGO,100.0,,,1382.863333333333,-0.26464895301777214,,,,,,,255.0,204.66666666666666,,1013.0,1382.863333333333,6.586526419296029,4.0,7.0,2,1,0
S0003,Bakery,2025-01-19,1216.96,293,161,5.297706996640451,0.004353230177360349,0,1,None,,,,855.8099999999996,0.42199787335974176,,,,,,,266.0,221.33333333333334,,1016.89,855.8099999999996,3.8514882451569776,5.0,7.0,3,0,0
S0003,Bakery,2025-01-26,1034.62,257,143,2.953877856142334,0.002855036492762883,0,1,None,,,,946.0974999999997,0.09356593797150946,,,,,,,293.0,239.25,46.1,1216.96,946.0974999999997,3.9269779586117606,4.0,7.0,4,0,0
S0003,Bakery,2025-02-02,781.9399999999999,220,124,22.587014500664026,0.028885866563501072,1,1,Manager_Special,10.0,,,1070.3674999999998,-0.26946586102436776,,,,,,,257.0,267.75,3.3000000000000336,1034.62,1070.3674999999998,3.993662402572469,3.0,7.0,5,0,0
S0003,Bakery,2025-02-09,1088.87,271,146,16.46505302437784,0.015121229370244238,0,1,None,,,,1012.6024999999997,0.07531830111025814,,,,,,,220.0,259.0,-17.400000000000016,781.9399999999999,1012.6024999999997,3.88909332948869,4.0,7.0,6,0,0
S0003,Bakery,2025-02-16,926.71,232,135,43.1806441545357,0.04659563850021657,0,1,None,,,,1030.5974999999999,-0.10080317485730349,,,,,,,271.0,260.25,-10.300000000000006,1088.87,1030.5974999999999,3.937862265204363,3.0,7.0,7,0,0
S0003,Bakery,2025-02-23,1063.22,268,145,17.775455244593125,0.016718510980411508,0,1,None,,,,958.0349999999997,0.10979243973341299,,,,,,,232.0,245.0,-2.3999999999999577,926.71,958.0349999999997,3.898110404253439,3.0,8.0,8,0,0
S0003,Bakery,2025-03-02,976.38,242,135,10.968558968170191,0.011233903775343812,0,1,None,,,,965.1849999999997,0.01159881266285767,,,,,,,268.0,247.75,10.500000000000012,1063.22,965.1849999999997,3.883480417030023,2.0,8.0,9,0,0
S0003,Bakery,2025-03-09,1115.32,281,147,8.148521437683899,0.007305994187931624,0,1,None,,,,1013.7949999999997,0.10014352013967344,,,,,,,242.0,253.25,-5.100000000000025,976.38,1013.7949999999997,4.0035692600052295,2.0,8.0,10,0,0
S0003,Bakery,2025-03-16,1098.8,279,154,33.4433807761762,0.03043627664377157,0,1,None,,,,1020.4074999999998,0.07682469993605512,,,,,,,281.0,255.75,12.099999999999978,1115.32,1020.4074999999998,3.991354220150205,1.0,8.0,11,0,0
S0003,Bakery,2025-03-23,976.28,250,141,36.00144842320832,0.0368761507182451,0,1,None,,,,1063.4299999999998,-0.08195179748549493,,,,,,,279.0,267.5,7.199999999999979,1098.8,1063.4299999999998,3.9773321199771727,1.0,8.0,12,0,0
S0003,Bakery,2025-03-30,1002.16,254,140,78.29901797933225,0.07813025662502221,0,1,None,,,,1041.6949999999997,-0.03795256769015859,,,,,,,250.0,263.0,2.2000000000000117,976.28,1041.6949999999997,3.9618024184846354,1.0,8.0,13,0,0
S0003,Bakery,2025-04-06,1071.2,279,146,2.9307922766196786,0.0027359898026696025,1,1,BOGO,50.0,,,1048.1399999999999,0.02200087774533953,,,,,,,254.0,266.0,-11.000000000000005,1002.16,1048.1399999999999,3.939523346447152,0.0,8.0,14,0,0
S0003,Bakery,2025-04-13,1153.58,290,152,15.581043313801604,0.013506686414294288,0,1,None,,,,1037.1099999999997,0.11230245586292707,,,,,,,279.0,265.5,0.4000000000000164,1071.2,1037.1099999999997,3.9071023972003514,1.0,8.0,15,0,0
S0003,Bakery,2025-04-20,980.22,248,146,15.619473467697604,0.015934661063534312,0,1,None,,,,1050.8049999999998,-0.06717231075223264,,,,,,,290.0,268.25,14.500000000000012,1153.58,1050.8049999999998,3.916980100821659,1.0,8.0,16,0,0
S0003,Bakery,2025-04-27,926.39,240,141,43.11289375585823,0.04653860010995178,1,1,Manager_Special,20.0,,,1051.7899999999997,-0.11922532064385455,,,,,,,248.0,267.75,-0.6999999999999847,980.22,1051.7899999999997,3.928825100821659,1.0,8.0,17,0,0
S0003,Bakery,2025-05-04,967.3,243,136,25.306025865907404,0.026161507149702685,1,1,Bundle,15.0,,,1032.8474999999999,-0.06346290231616954,,,,,,,240.0,264.25,-15.899999999999965,926.39,1032.8474999999999,3.9074367313990863,2.0,8.0,18,0,0
S0003,Bakery,2025-05-11,867.62,213,114,21.034516136465637,0.02424392722213139,0,1,None,,,,1006.8724999999997,-0.1383020193718666,,,,,,,243.0,255.25,-14.899999999999995,967.3,1006.8724999999997,3.9427447096282116,3.0,8.0,19,0,0
S0003,Bakery,2025-05-18,1170.82,302,163,16.270267215442452,0.013896471887602239,1,1,Bundle,15.0,,,935.3824999999997,0.2517018438980848,,,,,,,213.0,236.0,-10.199999999999994,867.62,935.3824999999997,3.9666125257201656,3.0,8.0,20,0,0
S0003,Bakery,2025-05-25,929.14,229,130,36.18067625823473,0.038939961962927795,0,1,None,,,,983.0324999999997,-0.05482270423409167,,,,,,,302.0,249.5,15.600000000000005,1170.82,983.0324999999997,3.9477093800248015,4.0,8.0,21,0,0
S0003,Bakery,2025-06-01,952.3199999999999,247,140,10.971221645170132,0.011520520040711245,0,1,None,,,,983.7199999999997,-0.03191965193347676,,,,,,,229.0,246.75,4.700000000000018,929.14,983.7199999999997,3.997064774857407,4.0,8.0,22,0,0
S0003,Bakery,2025-06-08,932.2,248,147,19.594234042603702,0.02101934567968644,1,1,Bundle,10.0,,,979.9749999999998,-0.0487512436541746,,,,,,,247.0,247.75,2.9000000000000146,952.3199999999999,979.9749999999998,3.9657868054800227,3.0,8.0,23,0,0
S0003,Bakery,2025-06-15,962.4,242,133,6.281556183108284,0.0065269702650751086,0,1,None,,,,996.1199999999997,-0.033851343211660945,,,,,,,248.0,256.5,-14.40000000000001,932.2,996.1199999999997,3.887171214082173,4.0,8.0,24,0,0
S0003,Bakery,2025-06-22,932.27,257,140,20.456212018407935,0.021942368646859747,1,1,Manager_Special,25.0,,,944.0149999999998,-0.012441539594179945,,,,,,,242.0,241.5,4.000000000000004,962.4,944.0149999999998,3.9121642358105952,4.0,8.0,25,0,0
S0003,Bakery,2025-06-29,718.38,184,102,16.21222224133197,0.022567752778935895,0,1,None,,,,944.7974999999998,-0.23964659093615281,,,,,,,257.0,248.5,2.4000000000000012,932.27,944.7974999999998,3.804696689551271,4.0,8.0,26,0,0
S0003,Bakery,2025-07-06,811.07,208,116,14.76728612864568,0.0182071660012646,1,1,Coupon,15.0,,,886.3124999999998,-0.08489387208236343,,,,,,,184.0,232.75,-17.700000000000014,718.38,886.3124999999998,3.8168698324838535,3.0,8.0,27,0,0
S0003,Bakery,2025-07-13,1217.64,310,168,35.73420180336576,0.029347099145367886,0,1,None,,,,856.0299999999997,0.42242678410803414,,,,,,,208.0,222.75,-17.500000000000018,811.07,856.0299999999997,3.851995840548369,4.0,8.0,28,0,0
S0003,Bakery,2025-07-20,1136.81,276,156,18.77995394403274,0.016519870465629912,0,1,None,,,,919.8399999999998,0.23587797877891828,,,,,,,310.0,239.75,18.299999999999986,1217.64,919.8399999999998,3.839748706450796,3.0,8.0,29,0,0
S0003,Bakery,2025-07-27,858.6,215,121,20.17690379827452,0.02349977148645996,0,1,None,,,,970.9749999999998,-0.11573418471124364,,,,,,,276.0,244.5,37.79999999999998,1136.81,970.9749999999998,3.9625904774427316,3.0,8.0,30,0,0
S0003,Bakery,2025-08-03,1047.2,262,145,14.34939814107211,0.013702633824553197,0,1,None,,,,1006.0299999999997,0.040923232905579664,,,,,,,215.0,252.25,-1.299999999999976,858.6,1006.0299999999997,3.9849027878572914,3.0,8.0,31,0,0
S0003,Bakery,2025-08-10,973.43,247,119,7.642495877710235,0.00785109959392071,0,1,None,,,,1065.0625,-0.08603485710932461,,,,,,,262.0,265.75,-20.499999999999982,1047.2,1065.0625,4.009295679078666,2.0,8.0,32,0,0
S0003,Bakery,2025-08-17,935.85,225,131,17.04122772451412,0.018209358042970688,0,1,None,,,,1004.0099999999998,-0.06788777004213081,,,,,,,247.0,250.0,-4.000000000000016,973.43,1004.0099999999998,4.0125809735804285,2.0,8.0,33,0,0
S0003,Bakery,2025-08-24,817.08,209,125,16.746517134970286,0.020495566082844134,0,1,None,,,,953.7699999999998,-0.14331547438061562,,,,,,,225.0,237.25,1.5000000000000095,935.85,953.7699999999998,4.022695104015211,1.0,8.0,34,0,0
S0003,Bakery,2025-08-31,1030.08,263,139,22.58818282108346,0.021928571393565025,0,1,None,,,,943.3899999999999,0.09189200648724288,,,,,,,209.0,235.75,-18.09999999999999,817.08,943.3899999999999,4.001691432044588,1.0,8.0,35,0,0
S0003,Bakery,2025-09-07,1012.81,260,151,5.0954899625304275,0.005031042310532506,0,1,None,,,,939.1099999999998,0.07847855948717421,,,,,,,263.0,236.0,3.1999999999999793,1030.08,939.1099999999998,3.9816182889220726,0.0,8.0,36,0,0
S0003,Bakery,2025-09-14,1068.03,266,143,36.267988779519875,0.03395783712023059,0,1,None,,,,948.9549999999998,0.125480133409909,,,,,,,260.0,239.25,15.900000000000011,1012.81,948.9549999999998,3.970221021715595,0.0,8.0,37,0,0
S0003,Bakery,2025-09-21,945.21,238,136,14.303303379003236,0.015132408014095529,0,1,None,,,,981.9999999999998,-0.03746435845213823,,,,,,,266.0,249.5,16.799999999999994,1068.03,981.9999999999998,3.9341752823672236,0.0,8.0,38,0,0
S0003,Bakery,2025-09-28,942.88,228,130,59.535463870602364,0.06314214308353382,0,1,None,,,,1014.0324999999998,-0.07016786937302287,,,,,,,238.0,256.75,-6.9,945.21,1014.0324999999998,3.9496745083734157,0.0,8.0,39,0,0
S0003,Bakery,2025-10-05,952.71,245,133,40.91970037191295,0.04295084587325939,0,1,None,,,,992.2324999999997,-0.039831894238497235,,,,,,,228.0,248.0,-12.399999999999979,942.88,992.2324999999997,4.004370659397363,0.0,8.0,40,0,0
S0003,Bakery,2025-10-12,1116.96,267,147,5.508481210679063,0.00493167276418051,0,1,None,,,,977.2074999999998,0.14301210336596917,,,,,,,245.0,244.25,-7.299999999999994,952.71,977.2074999999998,4.002667951391084,0.0,8.0,41,0,0
S0003,Bakery,2025-10-19,1089.0,270,150,19.151660898648554,0.01758646547166993,0,1,None,,,,989.4399999999998,0.10062257438551118,,,,,,,267.0,244.5,10.400000000000025,1116.96,989.4399999999998,4.044723054035336,0.0,8.0,42,0,0
S0003,Bakery,2025-10-26,1070.77,269,151,14.653704268930465,0.013685202488798216,0,1,None,,,,1025.3874999999998,0.04425887774134186,,,,,,,270.0,252.5,14.800000000000031,1089.0,1025.3874999999998,4.060188740309846,0.0,8.0,43,0,0
S0003,Baking,2024-12-29,349.6,139,78,16.019431057728525,0.04582217121775894,1,1,Coupon,30.0,,,1052.8899999999996,-0.6679615154479573,,,,,,,,260.6666666666667,,,1052.8899999999996,4.035105454916052,0.0,7.0,52,0,1
S0003,Baking,2025-01-05,910.65,244,140,24.22938811600335,0.02660669644320359,0,1,None,,,,851.853333333333,0.0690220538746893,,,,,,,139.0,225.33333333333334,,349.6,851.853333333333,3.5772706778397527,1.0,7.0,1,1,0
S0003,Baking,2025-01-12,1018.28,273,153,19.64265910105939,0.019290037220665624,0,1,None,,,,783.083333333333,0.3003469192295418,,,,,,,244.0,217.66666666666666,,910.65,783.083333333333,3.4268711260499813,1.0,7.0,2,1,0
S0003,Baking,2025-01-19,1161.46,314,169,5.056102721796951,0.004353230177360349,0,1,None,,,,759.5099999999996,0.5292227883767173,,,,,,,273.0,218.66666666666666,,1018.28,759.5099999999996,3.3257478049266602,1.0,7.0,3,0,0
S0003,Baking,2025-01-26,1020.96,271,149,2.9148780576511935,0.0028550364927628835,0,1,None,,,,859.9974999999997,0.18716624176233113,,,,,,,314.0,242.5,55.40000000000003,1161.46,859.9974999999997,3.4190401530580528,1.0,7.0,4,0,0
S0003,Baking,2025-02-02,842.56,240,143,24.33807573174346,0.02888586656350107,1,1,Bundle,25.0,,,1027.8374999999999,-0.180259525460007,,,,,,,271.0,275.5,12.20000000000001,1020.96,1027.8374999999999,3.732108193090971,1.0,7.0,5,0,0
S0003,Baking,2025-02-09,904.28,249,141,13.673825294924459,0.015121229370244238,0,1,None,,,,1010.8149999999998,-0.10539515143720649,,,,,,,240.0,274.5,-14.19999999999998,842.56,1010.8149999999998,3.6767318269707525,2.0,7.0,6,0,0
S0003,Baking,2025-02-16,1102.79,301,151,51.385204181653826,0.046595638500216564,0,1,None,,,,982.3149999999998,0.12264395840438165,,,,,,,249.0,268.5,-22.600000000000016,904.28,982.3149999999998,3.6521526310662553,2.0,7.0,7,0,0
S0003,Baking,2025-02-23,904.12,244,136,15.115540147609654,0.016718510980411508,0,1,None,,,,967.6474999999998,-0.06565148982454852,,,,,,,301.0,265.25,9.899999999999974,1102.79,967.6474999999998,3.6433618699091777,2.0,8.0,8,0,0
S0003,Baking,2025-03-02,936.12,257,142,10.516282002174849,0.011233903775343812,0,1,None,,,,938.4374999999998,-0.002469530469530223,,,,,,,244.0,258.5,6.400000000000035,904.12,938.4374999999998,3.6278693104753867,1.0,8.0,9,0,0
S0003,Baking,2025-03-09,894.42,236,132,6.534627321569803,0.007305994187931625,0,1,None,,,,961.8274999999996,-0.0700827331304207,,,,,,,257.0,262.75,-3.3000000000000096,936.12,961.8274999999996,3.660825211902105,1.0,8.0,10,0,0
S0003,Baking,2025-03-16,983.4399999999999,262,157,29.932251902550707,0.030436276643771566,0,1,None,,,,959.3624999999997,0.025097395405803562,,,,,,,236.0,259.5,-18.19999999999998,894.42,959.3624999999997,3.700392378875082,1.0,8.0,11,0,0
S0003,Baking,2025-03-23,859.92,240,136,31.710539525633322,0.0368761507182451,1,1,Manager_Special,10.0,,,929.5249999999997,-0.07488233237406182,,,,,,,262.0,249.75,3.300000000000032,983.4399999999999,929.5249999999997,3.7228507872339875,1.0,8.0,12,0,0
S0003,Baking,2025-03-30,936.15,264,136,73.14163973951453,0.0781302566250222,1,1,Manager_Special,25.0,,,918.4749999999998,0.019243855303628498,,,,,,,240.0,248.75,-2.499999999999995,859.92,918.4749999999998,3.692248328217594,2.0,8.0,13,0,0
S0003,Baking,2025-04-06,1003.6899999999999,281,152,2.7460856050414533,0.0027359898026696025,1,1,Manager_Special,30.0,,,918.4824999999996,0.09276986768936846,,,,,,,264.0,250.5,6.200000000000011,936.15,918.4824999999996,3.6681314419423905,2.0,8.0,14,0,0
S0003,Baking,2025-04-13,952.26,259,143,12.861877204875878,0.013506686414294287,0,1,None,,,,945.7999999999997,0.00683019665891337,,,,,,,281.0,261.75,8.100000000000021,1003.6899999999999,945.7999999999997,3.613615261835026,3.0,8.0,15,0,0
S0003,Baking,2025-04-20,976.41,259,157,15.558762409045539,0.015934661063534312,0,1,None,,,,938.0049999999998,0.040943278553952495,,,,,,,259.0,261.0,7.399999999999988,952.26,938.0049999999998,3.5943881994400244,3.0,8.0,16,0,0
S0003,Baking,2025-04-27,1157.16,309,161,53.85260650323181,0.04653860010995178,0,1,None,,,,967.1274999999997,0.19649167250440136,,,,,,,259.0,265.75,-3.699999999999998,976.41,967.1274999999997,3.6411188944207193,3.0,8.0,17,0,0
S0003,Baking,2025-05-04,920.45,233,136,24.080359255943833,0.02616150714970268,1,1,Bundle,10.0,,,1022.3799999999997,-0.0996987421506677,,,,,,,309.0,277.0,8.39999999999998,1157.16,1022.3799999999997,3.690826804835548,3.0,8.0,18,0,0
S0003,Baking,2025-05-11,798.26,230,126,19.352957344338606,0.02424392722213139,1,1,Coupon,30.0,,,1001.5699999999998,-0.20299130365326423,,,,,,,233.0,265.0,-2.7999999999999954,920.45,1001.5699999999998,3.7854714675209293,4.0,8.0,19,0,0
S0003,Baking,2025-05-18,1104.41,296,161,15.34740251738679,0.013896471887602239,0,1,None,,,,963.0699999999997,0.1467598409253745,,,,,,,230.0,257.75,-16.299999999999983,798.26,963.0699999999997,3.7339754963945238,5.0,8.0,20,0,0
S0003,Baking,2025-05-25,882.44,232,132,34.36218003456601,0.0389399619629278,0,1,None,,,,995.0699999999998,-0.1131880169234323,,,,,,,296.0,267.0,-4.199999999999974,1104.41,995.0699999999998,3.7242735176300448,4.0,8.0,21,0,0
S0003,Baking,2025-06-01,941.74,245,131,10.849334543139408,0.011520520040711245,0,1,None,,,,926.3899999999998,0.016569695268731584,,,,,,,232.0,247.75,6.2999999999999785,882.44,926.3899999999998,3.738965097810828,3.0,8.0,22,0,0
S0003,Baking,2025-06-08,650.95,216,123,13.68254307019189,0.02101934567968644,1,1,Manager_Special,15.0,,,931.7124999999999,-0.3013402739579,,,,,,,245.0,250.75,-1.9000000000000155,941.74,931.7124999999999,3.7123169853469586,2.0,8.0,23,0,0
S0003,Baking,2025-06-15,863.67,235,138,5.63714840883742,0.006526970265075109,0,1,None,,,,894.8849999999998,-0.03488157696240278,,,,,,,216.0,247.25,-22.700000000000003,650.95,894.8849999999998,3.598057424155332,3.0,8.0,24,0,0
S0003,Baking,2025-06-22,887.09,231,138,19.464855802942814,0.021942368646859747,0,1,None,,,,834.6999999999998,0.06276506529291988,,,,,,,235.0,232.0,-2.000000000000007,863.67,834.6999999999998,3.5840765802795413,3.0,8.0,25,0,0
S0003,Baking,2025-06-29,792.0699999999999,204,127,17.875239943611753,0.022567752778935895,0,1,None,,,,835.8624999999997,-0.052391990309410705,,,,,,,231.0,231.75,-2.2999999999999985,887.09,835.8624999999997,3.593225520419861,3.0,8.0,26,0,0
S0003,Baking,2025-07-06,815.56,241,133,14.849036303991355,0.0182071660012646,1,1,Bundle,20.0,,,798.4449999999998,0.02143541508807761,,,,,,,204.0,221.5,-3.99999999999998,792.0699999999999,798.4449999999998,3.6029403563542344,2.0,8.0,27,0,0
S0003,Baking,2025-07-13,1002.02,266,153,29.40638028564153,0.029347099145367886,0,1,None,,,,839.5974999999997,0.19345281518823043,,,,,,,241.0,227.75,-0.9000000000000057,815.56,839.5974999999997,3.6955426020127558,2.0,8.0,28,0,0
S0003,Baking,2025-07-20,798.16,220,127,13.18549981084717,0.016519870465629912,1,1,Manager_Special,15.0,,,874.1849999999997,-0.08696671757122322,,,,,,,266.0,235.5,14.200000000000014,1002.02,874.1849999999997,3.7184928499730825,2.0,8.0,29,0,0
S0003,Baking,2025-07-27,977.61,248,133,22.97361160287812,0.02349977148645996,0,1,None,,,,851.9524999999996,0.14749355157711308,,,,,,,220.0,232.75,7.300000000000015,798.16,851.9524999999996,3.6654387374189694,3.0,8.0,30,0,0
S0003,Baking,2025-08-03,787.08,260,127,10.785069030629332,0.013702633824553199,1,1,Coupon,20.0,,,898.3374999999997,-0.12384821962792351,,,,,,,248.0,243.75,-2.499999999999984,977.61,898.3374999999997,3.68025866942403,3.0,8.0,31,0,0
S0003,Baking,2025-08-10,845.52,221,124,6.638261728651838,0.00785109959392071,0,1,None,,,,891.2174999999997,-0.05127536207491412,,,,,,,260.0,248.5,1.0000000000000149,787.08,891.2174999999997,3.591049764221349,3.0,8.0,32,0,0
S0003,Baking,2025-08-17,763.57,203,111,13.904119520871129,0.018209358042970688,1,1,Coupon,10.0,,,852.0924999999997,-0.10388836892708211,,,,,,,221.0,237.25,1.5000000000000082,845.52,852.0924999999997,3.605772232155891,3.0,8.0,33,0,0
S0003,Baking,2025-08-24,994.07,270,146,20.374027375972872,0.020495566082844138,0,1,None,,,,843.4449999999998,0.1785830729923116,,,,,,,203.0,233.0,-17.399999999999977,763.57,843.4449999999998,3.6391293750130336,4.0,8.0,34,0,0
S0003,Baking,2025-08-31,1005.31,279,148,22.045012107664853,0.021928571393565025,1,1,Manager_Special,10.0,,,847.5599999999998,0.18612251640001906,,,,,,,270.0,238.5,1.2000000000000157,994.07,847.5599999999998,3.574070608585316,4.0,8.0,35,0,0
S0003,Baking,2025-09-07,755.89,205,116,3.8029145721084157,0.005031042310532505,0,1,None,,,,902.1174999999998,-0.1620936297100986,,,,,,,279.0,243.25,24.09999999999999,1005.31,902.1174999999998,3.7180783284640033,4.0,8.0,36,0,0
S0003,Baking,2025-09-14,1169.14,306,163,39.70146569074639,0.03395783712023059,0,1,None,,,,879.7099999999998,0.3290061497538966,,,,,,,205.0,239.25,1.4999999999999942,755.89,879.7099999999998,3.6834248133994407,4.0,8.0,37,0,0
S0003,Baking,2025-09-21,940.89,258,147,14.23793137638234,0.015132408014095527,0,1,None,,,,981.1024999999997,-0.040987052830871146,,,,,,,306.0,265.0,3.400000000000003,1169.14,981.1024999999997,3.6982474091043898,3.0,8.0,38,0,0
S0003,Baking,2025-09-28,989.48,268,140,62.47788773829504,0.06314214308353382,0,1,None,,,,967.8074999999998,0.022393399513849856,,,,,,,258.0,262.0,3.799999999999999,940.89,967.8074999999998,3.689527340198274,3.0,8.0,39,0,0
S0003,Baking,2025-10-05,903.85,232,127,38.821122042545504,0.0429508458732594,0,1,None,,,,963.8499999999998,-0.06225035015821942,,,,,,,268.0,259.25,14.099999999999987,989.48,963.8499999999998,3.711734316071596,2.0,8.0,40,0,0
S0003,Baking,2025-10-12,968.16,262,152,4.774648303369003,0.00493167276418051,0,1,None,,,,1000.8399999999998,-0.03265257183965453,,,,,,,232.0,266.0,-21.199999999999996,903.85,1000.8399999999998,3.7638935360043124,2.0,8.0,41,0,0
S0003,Baking,2025-10-19,950.06,253,150,16.708197386014735,0.01758646547166993,1,1,Bundle,25.0,,,950.5949999999998,-0.0005628054008277496,,,,,,,262.0,255.0,-2.400000000000041,968.16,950.5949999999998,3.7325305913353506,1.0,8.0,42,0,0
S0003,Baking,2025-10-26,898.2,241,142,12.292048875438557,0.013685202488798214,0,1,None,,,,952.8874999999997,-0.057391349975731316,,,,,,,253.0,253.75,-1.4999999999999793,950.06,952.8874999999997,3.759609941459443,2.0,8.0,43,0,0
S0003,Beverages,2024-12-29,535.62,168,89,24.54327134765604,0.04582217121775894,0,1,None,,,,940.6899999999996,-0.4306094462575341,,,,,,,,249.0,,,940.6899999999996,3.7821167378663216,1.0,7.0,52,0,1
S0003,Beverages,2025-01-05,814.37,252,135,21.667695382451708,0.02660669644320359,0,1,None,,,,817.9466666666664,-0.004372738238841617,,,,,,,168.0,227.66666666666666,,535.62,817.9466666666664,3.546219775633153,1.0,7.0,1,1,0
S0003,Beverages,2025-01-12,869.61,276,160,16.77480926746303,0.01929003722066562,0,1,None,,,,766.683333333333,0.13424925545096889,,,,,,,252.0,224.33333333333334,,814.37,766.683333333333,3.3916730451513075,1.0,7.0,2,1,0
S0003,Beverages,2025-01-19,959.24,313,162,4.175792515331142,0.004353230177360349,1,1,Bundle,20.0,,,739.8666666666664,0.29650387457199534,,,,,,,276.0,232.0,,869.61,739.8666666666664,3.1902007131354977,1.0,7.0,3,0,0
S0003,Beverages,2025-01-26,703.44,216,126,2.008346870469123,0.0028550364927628835,0,1,None,,,,794.7099999999998,-0.11484692529350302,,,,,,,313.0,252.25,45.900000000000006,959.24,794.7099999999998,3.158816669036927,2.0,7.0,4,0,0
S0003,Beverages,2025-02-02,567.98,220,129,16.406594490737337,0.02888586656350107,1,1,Coupon,20.0,,,836.6649999999998,-0.32113808991651366,,,,,,,216.0,264.25,-7.099999999999981,703.44,836.6649999999998,3.175929764275022,2.0,7.0,5,0,0
S0003,Beverages,2025-02-09,799.5,304,159,12.089422881510268,0.015121229370244238,1,1,Coupon,20.0,,,775.0674999999998,0.03152306089469658,,,,,,,220.0,256.25,-26.500000000000004,567.98,775.0674999999998,3.0134548364250944,3.0,7.0,6,0,0
S0003,Beverages,2025-02-16,903.82,273,151,42.114069989265744,0.04659563850021657,0,1,None,,,,757.5399999999997,0.19309871425931352,,,,,,,304.0,263.25,-2.300000000000014,799.5,757.5399999999997,2.883248171665369,3.0,7.0,7,0,0
S0003,Beverages,2025-02-23,1005.33,301,158,16.807620643937103,0.016718510980411508,0,1,None,,,,743.6849999999998,0.3518223441376393,,,,,,,273.0,253.25,25.500000000000007,903.82,743.6849999999998,2.944756030154058,3.0,8.0,8,0,0
S0003,Beverages,2025-03-02,775.49,227,126,8.711780038741372,0.011233903775343812,0,1,None,,,,819.1574999999998,-0.053307819314356276,,,,,,,301.0,274.5,21.200000000000006,1005.33,819.1574999999998,2.9655810578395507,3.0,8.0,9,0,0
S0003,Beverages,2025-03-09,806.17,245,136,5.889873334484838,0.007305994187931625,0,1,None,,,,871.0349999999999,-0.0744688789773085,,,,,,,227.0,276.25,-20.30000000000002,775.49,871.0349999999999,3.1742131163097147,3.0,8.0,10,0,0
S0003,Beverages,2025-03-16,892.41,286,158,27.161637639668182,0.030436276643771566,0,1,None,,,,872.7024999999998,0.022582151420444212,,,,,,,245.0,261.5,-15.799999999999995,806.17,872.7024999999998,3.339352012657728,3.0,8.0,11,0,0
S0003,Beverages,2025-03-23,834.24,264,155,30.763559975188794,0.036876150718245106,0,1,None,,,,869.8499999999997,-0.04093809277461595,,,,,,,286.0,264.75,-2.699999999999969,892.41,869.8499999999997,3.2917566913124063,2.0,8.0,12,0,0
S0003,Beverages,2025-03-30,805.45,254,142,62.93001519862413,0.0781302566250222,0,1,None,,,,827.0774999999998,-0.026149302816241185,,,,,,,264.0,255.5,15.200000000000015,834.24,827.0774999999998,3.2467649969602466,2.0,8.0,13,0,0
S0003,Beverages,2025-04-06,931.69,287,157,2.5490943392492422,0.0027359898026696025,0,1,None,,,,834.5674999999997,0.11637464914461736,,,,,,,254.0,262.25,0.49999999999999517,805.45,834.5674999999997,3.185466868339761,1.0,8.0,14,0,0
S0003,Beverages,2025-04-13,792.87,242,132,10.709046457301513,0.013506686414294288,0,1,None,,,,865.9474999999998,-0.08439021996137154,,,,,,,287.0,272.75,-0.7000000000000197,931.69,865.9474999999998,3.1744210744124333,0.0,8.0,15,0,0
S0003,Beverages,2025-04-20,906.65,278,152,14.447160453253385,0.015934661063534312,1,1,Bundle,15.0,,,841.0624999999999,0.07798171955116308,,,,,,,242.0,261.75,-3.3000000000000007,792.87,841.0624999999999,3.213422981596159,0.0,8.0,16,0,0
S0003,Beverages,2025-04-27,978.51,315,169,45.538485593588916,0.04653860010995178,1,1,Bundle,10.0,,,859.1649999999997,0.1389081259129507,,,,,,,278.0,265.25,2.700000000000018,906.65,859.1649999999997,3.2387557154091087,1.0,8.0,17,0,0
S0003,Beverages,2025-05-04,892.6899999999999,276,145,23.354115817468085,0.02616150714970268,0,1,None,,,,902.4299999999998,-0.010793080903781897,,,,,,,315.0,280.5,11.999999999999961,978.51,902.4299999999998,3.2225852054728508,2.0,8.0,18,0,0
S0003,Beverages,2025-05-11,817.42,250,149,19.81747098991464,0.024243927222131388,0,1,None,,,,892.6799999999997,-0.08430792669265559,,,,,,,276.0,277.75,13.900000000000002,892.6899999999999,892.6799999999997,3.2196045649133396,2.0,8.0,19,0,0
S0003,Beverages,2025-05-18,973.97,300,165,13.534746724367952,0.013896471887602239,0,1,None,,,,898.8174999999997,0.08361263549051993,,,,,,,250.0,279.75,-12.299999999999999,817.42,898.8174999999997,3.2179439864009427,2.0,8.0,20,0,0
S0003,Beverages,2025-05-25,613.76,190,108,23.899791054366563,0.038939961962927795,0,1,None,,,,915.6474999999998,-0.3296983828383738,,,,,,,300.0,285.25,-7.099999999999991,973.97,915.6474999999998,3.2142529192546596,2.0,8.0,21,0,0
S0003,Beverages,2025-06-01,805.63,256,144,9.2812765603982,0.011520520040711246,1,1,Manager_Special,15.0,,,824.4599999999998,-0.02283919171336368,,,,,,,190.0,254.0,-20.800000000000015,613.76,824.4599999999998,3.2452366285278424,2.0,8.0,22,0,0
S0003,Beverages,2025-06-08,929.32,282,153,19.533698327046206,0.021019345679686444,0,1,None,,,,802.6949999999997,0.1577498302593144,,,,,,,256.0,249.0,-9.199999999999957,805.63,802.6949999999997,3.2233886609100892,3.0,8.0,23,0,0
S0003,Beverages,2025-06-15,829.08,251,131,5.411380507368471,0.0065269702650751086,0,1,None,,,,830.6699999999997,-0.0019141175195922463,,,,,,,282.0,257.0,1.2000000000000077,929.32,830.6699999999997,3.2298339091370396,3.0,8.0,24,0,0
S0003,Beverages,2025-06-22,859.9,264,146,18.868242799434697,0.021942368646859747,0,1,None,,,,794.4474999999998,0.08238744536297267,,,,,,,251.0,244.75,20.90000000000001,829.08,794.4474999999998,3.243969134900652,2.0,8.0,25,0,0
S0003,Beverages,2025-06-29,658.32,200,109,14.856803009429079,0.022567752778935895,0,1,None,,,,855.9824999999997,-0.23091885640185372,,,,,,,264.0,263.25,-0.6999999999999836,859.9,855.9824999999997,3.2506894299564735,1.0,8.0,26,0,0
S0003,Beverages,2025-07-06,845.4,257,143,15.39233813746909,0.0182071660012646,0,1,None,,,,819.1549999999999,0.032039113476692596,,,,,,,200.0,249.25,-23.300000000000004,658.32,819.1549999999999,3.286841383081473,1.0,8.0,27,0,0
S0003,Beverages,2025-07-13,773.1,282,149,22.688242349283914,0.029347099145367886,1,1,Coupon,15.0,,,798.1749999999997,-0.03141541641870481,,,,,,,257.0,243.0,-4.600000000000012,845.4,798.1749999999997,3.285349675710554,1.0,8.0,28,0,0
S0003,Beverages,2025-07-20,717.07,229,122,11.845903514789242,0.016519870465629912,0,1,None,,,,784.1799999999998,-0.08557984136295213,,,,,,,282.0,250.75,11.100000000000009,773.1,784.1799999999998,3.144945123705807,2.0,8.0,29,0,0
S0003,Beverages,2025-07-27,682.96,209,114,16.049403934392693,0.02349977148645996,0,1,None,,,,748.4724999999999,-0.0875282659015526,,,,,,,229.0,242.0,11.200000000000019,717.07,748.4724999999999,3.1134733921985953,2.0,8.0,30,0,0
S0003,Beverages,2025-08-03,807.33,243,135,11.062547365576535,0.013702633824553199,0,1,None,,,,754.6324999999997,0.06983200431998403,,,,,,,209.0,244.25,-19.700000000000003,682.96,754.6324999999997,3.1075111912416573,1.0,8.0,31,0,0
S0003,Beverages,2025-08-10,782.79,238,129,6.145762251125192,0.00785109959392071,0,1,None,,,,745.1149999999999,0.050562664823550825,,,,,,,243.0,240.75,-13.700000000000001,807.33,745.1149999999999,3.1157240701387128,1.0,8.0,32,0,0
S0003,Beverages,2025-08-17,896.0,271,137,16.315584806501736,0.018209358042970688,0,1,None,,,,747.5374999999998,0.198602076818889,,,,,,,238.0,229.75,6.100000000000015,782.79,747.5374999999998,3.2526101330745254,1.0,8.0,33,0,0
S0003,Beverages,2025-08-24,912.96,288,163,18.711632010993384,0.020495566082844138,0,1,None,,,,792.2699999999998,0.15233443144382638,,,,,,,271.0,240.25,18.1,896.0,792.2699999999998,3.2963508878401515,1.0,8.0,34,0,0
S0003,Beverages,2025-08-31,817.85,259,139,17.934282114227155,0.021928571393565025,0,1,None,,,,849.7699999999998,-0.03756310531084851,,,,,,,288.0,260.0,16.799999999999983,912.96,849.7699999999998,3.2719130887970893,1.0,8.0,35,0,0
S0003,Beverages,2025-09-07,926.05,294,143,4.658996731668626,0.005031042310532505,0,1,None,,,,852.3999999999997,0.0864030971374944,,,,,,,259.0,264.0,8.0,817.85,852.3999999999997,3.2307571709745044,1.0,8.0,36,0,0
S0003,Beverages,2025-09-14,928.43,275,138,31.527474717535682,0.03395783712023059,0,1,None,,,,888.2149999999997,0.04527620001913982,,,,,,,294.0,278.0,4.000000000000045,926.05,888.2149999999997,3.1959562506063577,0.0,8.0,37,0,0
S0003,Beverages,2025-09-21,827.0,248,141,12.514501427657,0.015132408014095527,0,1,None,,,,896.3224999999998,-0.07734102401758271,,,,,,,275.0,279.0,-0.3999999999999902,928.43,896.3224999999998,3.213415257650973,0.0,8.0,38,0,0
S0003,Beverages,2025-09-28,910.07,275,150,57.46377015603162,0.06314214308353382,0,1,None,,,,874.8324999999998,0.04027913914949468,,,,,,,248.0,269.0,-5.19999999999997,827.0,874.8324999999998,3.254584612489683,0.0,8.0,39,0,0
S0003,Beverages,2025-10-05,864.06,274,140,37.112107885248506,0.04295084587325939,0,1,None,,,,897.8874999999998,-0.03767454163244268,,,,,,,275.0,273.0,-8.399999999999999,910.07,897.8874999999998,3.2924904741955445,0.0,8.0,40,0,0
S0003,Beverages,2025-10-12,878.65,259,149,4.333214274247205,0.00493167276418051,0,1,None,,,,882.3899999999996,-0.004238488650142986,,,,,,,274.0,268.0,2.3999999999999844,864.06,882.3899999999996,3.2934089036111063,0.0,8.0,41,0,0
S0003,Beverages,2025-10-19,797.87,247,137,14.031713205881289,0.01758646547166993,0,1,None,,,,869.9449999999997,-0.08285006523400873,,,,,,,259.0,264.0,3.1999999999999837,878.65,869.9449999999997,3.2974993915015944,0.0,8.0,42,0,0
S0003,Beverages,2025-10-26,847.15,267,139,11.593419288385409,0.013685202488798216,0,1,None,,,,862.6624999999997,-0.017982119310854142,,,,,,,247.0,263.75,-9.900000000000006,797.87,862.6624999999997,3.2713907654078236,0.0,8.0,43,0,0
S0003,Breakfast & Cereal,2024-12-29,669.5,137,74,30.677943630289608,0.04582217121775894,0,1,None,,,,846.8599999999997,-0.20943249179321227,,,,,,,,260.0,,,846.8599999999997,3.2587392023619466,0.0,7.0,52,0,1
S0003,Breakfast & Cereal,2025-01-05,1330.43,288,146,35.39834714893136,0.02660669644320359,0,1,None,,,,782.0066666666663,0.7013026316911203,,,,,,,137.0,214.33333333333334,,669.5,782.0066666666663,3.8365250904398063,0.0,7.0,1,1,0
S0003,Breakfast & Cereal,2025-01-12,1228.28,299,165,23.69356691739917,0.019290037220665624,1,1,Manager_Special,15.0,,,932.5999999999998,0.31704911001501207,,,,,,,288.0,224.0,,1330.43,932.5999999999998,4.245550946653162,0.0,7.0,2,1,0
S0003,Breakfast & Cereal,2025-01-19,1321.24,285,153,5.751661839535588,0.004353230177360349,0,1,None,,,,1076.0699999999997,0.2278383376546139,,,,,,,299.0,241.33333333333334,,1228.28,1076.0699999999997,4.538123263733489,1.0,7.0,3,0,0
S0003,Breakfast & Cereal,2025-01-26,1315.85,275,145,3.75679976900204,0.0028550364927628835,0,1,None,,,,1137.3624999999997,0.15693105760036946,,,,,,,285.0,252.25,45.500000000000014,1321.24,1137.3624999999997,4.562574903940467,1.0,7.0,4,0,0
S0003,Breakfast & Cereal,2025-02-02,1212.33,271,141,35.01920261092925,0.02888586656350107,0,1,None,,,,1298.9499999999998,-0.06668462989337534,,,,,,,275.0,286.75,-5.299999999999975,1315.85,1298.9499999999998,4.537086848200587,1.0,7.0,5,0,0
S0003,Breakfast & Cereal,2025-02-09,1161.45,241,139,17.562551852070168,0.015121229370244236,0,1,None,,,,1269.4249999999997,-0.08505819563975793,,,,,,,271.0,282.5,-9.400000000000038,1212.33,1269.4249999999997,4.500585304278897,1.0,7.0,6,0,0
S0003,Breakfast & Cereal,2025-02-16,1198.33,266,148,55.83695148396452,0.04659563850021657,1,1,Manager_Special,15.0,,,1252.7174999999997,-0.043415614454176486,,,,,,,241.0,268.0,-13.600000000000016,1161.45,1252.7174999999997,4.678418989175995,1.0,7.0,7,0,0
S0003,Breakfast & Cereal,2025-02-23,1155.91,247,130,19.325094027367467,0.016718510980411508,0,1,None,,,,1221.9899999999998,-0.05407572893395176,,,,,,,266.0,263.25,-5.69999999999995,1198.33,1221.9899999999998,4.6456865330356445,2.0,8.0,8,0,0
S0003,Breakfast & Cereal,2025-03-02,1395.11,287,156,15.672531496019905,0.011233903775343813,0,1,None,,,,1182.0049999999997,0.18029111551981616,,,,,,,247.0,256.25,-4.700000000000011,1155.91,1182.0049999999997,4.619408653020923,2.0,8.0,9,0,0
S0003,Breakfast & Cereal,2025-03-09,1232.69,264,144,9.006025975521434,0.007305994187931624,0,1,None,,,,1227.6999999999998,0.0040645108739922105,,,,,,,287.0,260.25,11.899999999999963,1395.11,1227.6999999999998,4.716275657405252,2.0,8.0,10,0,0
S0003,Breakfast & Cereal,2025-03-16,1267.02,276,154,38.56337123319145,0.030436276643771566,0,1,None,,,,1245.5099999999998,0.017270033961991654,,,,,,,264.0,266.0,3.400000000000026,1232.69,1245.5099999999998,4.678772081710546,1.0,8.0,11,0,0
S0003,Breakfast & Cereal,2025-03-23,1146.25,269,151,42.269287760788444,0.0368761507182451,1,1,Bundle,10.0,,,1262.6825,-0.09221043294731644,,,,,,,276.0,268.5,6.400000000000017,1267.02,1262.6825,4.700185125188807,1.0,8.0,12,0,0
S0003,Breakfast & Cereal,2025-03-30,1226.69,275,148,95.84160449934849,0.07813025662502221,1,1,Coupon,20.0,,,1260.2675,-0.02664315314010706,,,,,,,269.0,274.0,-4.199999999999987,1146.25,1260.2675,4.595523836565476,2.0,8.0,13,0,0
S0003,Breakfast & Cereal,2025-04-06,1130.87,239,144,3.0940487881449736,0.002735989802669603,0,1,None,,,,1218.1625,-0.07165915877397311,,,,,,,275.0,271.0,2.599999999999982,1226.69,1218.1625,4.495443950597785,3.0,8.0,14,0,0
S0003,Breakfast & Cereal,2025-04-13,1335.77,295,154,18.041826511621885,0.01350668641429429,1,1,Coupon,15.0,,,1192.7074999999998,0.11994768205951606,,,,,,,239.0,264.75,-10.500000000000004,1130.87,1192.7074999999998,4.51104228488205,3.0,8.0,15,0,0
S0003,Breakfast & Cereal,2025-04-20,1163.94,244,143,18.54698939829013,0.015934661063534312,0,1,None,,,,1209.8949999999998,-0.037982634856743525,,,,,,,295.0,269.5,4.199999999999977,1335.77,1209.8949999999998,4.49538771598006,3.0,8.0,16,0,0
S0003,Breakfast & Cereal,2025-04-27,1101.49,229,132,51.26180263511079,0.04653860010995178,0,1,None,,,,1214.3174999999997,-0.09291433253658922,,,,,,,244.0,263.25,-3.7000000000000077,1163.94,1214.3174999999997,4.622661087300677,3.0,8.0,17,0,0
S0003,Breakfast & Cereal,2025-05-04,1275.93,274,159,33.38025181752015,0.026161507149702685,0,1,None,,,,1183.0174999999997,0.07853856768813681,,,,,,,229.0,251.75,-8.09999999999999,1101.49,1183.0174999999997,4.70998836002795,3.0,8.0,18,0,0
S0003,Breakfast & Cereal,2025-05-11,963.01,197,118,23.347144354184753,0.02424392722213139,0,1,None,,,,1219.2824999999998,-0.21018303797520252,,,,,,,274.0,260.5,-7.800000000000046,1275.93,1219.2824999999998,4.691239658015306,3.0,8.0,19,0,0
S0003,Breakfast & Cereal,2025-05-18,1339.41,282,148,18.613073410973314,0.013896471887602237,0,1,None,,,,1126.0924999999997,0.18943159642746968,,,,,,,197.0,236.0,-9.600000000000009,963.01,1126.0924999999997,4.781325092068476,3.0,8.0,20,0,0
S0003,Breakfast & Cereal,2025-05-25,1036.96,217,122,40.37918295707761,0.038939961962927795,1,1,Bundle,15.0,,,1169.9599999999998,-0.11367910014017556,,,,,,,282.0,245.5,8.200000000000019,1339.41,1169.9599999999998,4.776183829424597,2.0,8.0,21,0,0
S0003,Breakfast & Cereal,2025-06-01,1363.91,288,156,15.712952488726474,0.011520520040711245,0,1,None,,,,1153.8274999999999,0.18207444353683738,,,,,,,217.0,242.5,-8.599999999999994,1036.96,1153.8274999999999,4.768338207304781,2.0,8.0,22,0,0
S0003,Breakfast & Cereal,2025-06-08,1366.28,285,143,28.718311615241994,0.021019345679686444,0,1,None,,,,1175.8224999999998,0.16197810468842044,,,,,,,288.0,246.0,20.80000000000004,1363.91,1175.8224999999998,4.788118152053363,2.0,8.0,23,0,0
S0003,Breakfast & Cereal,2025-06-15,1329.31,280,158,8.676366843066992,0.0065269702650751086,0,1,None,,,,1276.6399999999999,0.04125673643313704,,,,,,,285.0,268.0,7.999999999999988,1366.28,1276.6399999999999,4.7645154714940965,1.0,8.0,24,0,0
S0003,Breakfast & Cereal,2025-06-22,1238.87,264,153,27.183742245535132,0.021942368646859747,0,1,None,,,,1274.1149999999998,-0.027662338171985965,,,,,,,280.0,267.5,18.600000000000016,1329.31,1274.1149999999998,4.763979187299567,1.0,8.0,25,0,0
S0003,Breakfast & Cereal,2025-06-29,1208.87,248,134,27.28147930187223,0.022567752778935895,0,1,None,,,,1324.5924999999997,-0.0873646045859386,,,,,,,264.0,279.25,-7.699999999999982,1238.87,1324.5924999999997,4.742497157904231,1.0,8.0,26,0,0
S0003,Breakfast & Cereal,2025-07-06,1213.24,274,156,22.08966207937426,0.018207166001264596,1,1,Coupon,20.0,,,1285.8324999999998,-0.05645564255064307,,,,,,,248.0,269.25,-12.700000000000019,1208.87,1285.8324999999998,4.777166456739357,1.0,8.0,27,0,0
S0003,Breakfast & Cereal,2025-07-13,1459.23,305,158,42.824167485895174,0.029347099145367882,0,1,None,,,,1247.5724999999998,0.16965547092453567,,,,,,,274.0,266.5,-3.399999999999998,1213.24,1247.5724999999998,4.68564603158889,2.0,8.0,28,0,0
S0003,Breakfast & Cereal,2025-07-20,1190.0,254,143,19.658645854099596,0.016519870465629912,0,1,None,,,,1280.0524999999998,-0.0703506301499351,,,,,,,305.0,272.75,14.900000000000027,1459.23,1280.0524999999998,4.694852266951887,2.0,8.0,29,0,0
S0003,Breakfast & Cereal,2025-07-27,742.89,226,125,17.457745239576237,0.02349977148645996,1,1,Manager_Special,30.0,,,1267.8349999999998,-0.41404835802766127,,,,,,,254.0,270.25,4.899999999999997,1190.0,1267.8349999999998,4.692939760986724,1.0,8.0,30,0,0
S0003,Breakfast & Cereal,2025-08-03,1104.1399999999999,243,130,15.129626111042166,0.013702633824553197,0,1,None,,,,1151.3399999999997,-0.04099570934736901,,,,,,,226.0,264.75,-19.499999999999996,742.89,1151.3399999999997,4.296101782825148,2.0,8.0,31,0,0
S0003,Breakfast & Cereal,2025-08-10,1218.99,265,147,9.570411893993406,0.00785109959392071,0,1,None,,,,1124.0649999999998,0.08444796341848576,,,,,,,243.0,257.0,-21.40000000000001,1104.1399999999999,1124.0649999999998,4.325077481963053,2.0,8.0,32,0,0
S0003,Breakfast & Cereal,2025-08-17,1088.5,240,128,19.820886229773595,0.018209358042970688,0,1,None,,,,1064.0049999999997,0.02302150835757384,,,,,,,265.0,247.0,4.999999999999999,1218.99,1064.0049999999997,4.278977884066363,2.0,8.0,33,0,0
S0003,Breakfast & Cereal,2025-08-24,1315.67,282,147,26.965401428215547,0.020495566082844138,0,1,None,,,,1038.6299999999997,0.26673598875441734,,,,,,,240.0,243.5,6.400000000000005,1088.5,1038.6299999999997,4.241572208213344,2.0,8.0,34,0,0
S0003,Breakfast & Cereal,2025-08-31,1024.52,219,119,22.46625996413524,0.021928571393565025,0,1,None,,,,1181.8249999999998,-0.1331034628646372,,,,,,,282.0,257.5,9.20000000000002,1315.67,1181.8249999999998,4.586165348237194,2.0,8.0,35,0,0
S0003,Breakfast & Cereal,2025-09-07,1368.02,284,156,6.882566501654678,0.005031042310532505,0,1,None,,,,1161.9199999999998,0.17737882126136065,,,,,,,219.0,251.5,-9.600000000000007,1024.52,1161.9199999999998,4.619762225175014,1.0,8.0,36,0,0
S0003,Breakfast & Cereal,2025-09-14,1227.46,259,151,41.681886751598235,0.03395783712023059,1,1,Bundle,20.0,,,1199.1774999999998,0.02358491549416184,,,,,,,284.0,256.25,6.8999999999999835,1368.02,1199.1774999999998,4.674014616883758,1.0,8.0,37,0,0
S0003,Breakfast & Cereal,2025-09-21,1365.46,282,155,20.66269784692688,0.015132408014095527,0,1,None,,,,1233.9174999999998,0.10660558748862892,,,,,,,259.0,261.0,-0.400000000000016,1227.46,1233.9174999999998,4.724967400024041,2.0,8.0,38,0,0
S0003,Breakfast & Cereal,2025-09-28,1247.04,272,150,78.74077811089,0.06314214308353382,0,1,None,,,,1246.3649999999998,0.0005415748998087896,,,,,,,282.0,261.0,16.39999999999999,1365.46,1246.3649999999998,4.769107470946027,1.0,8.0,39,0,0
S0003,Breakfast & Cereal,2025-10-05,1056.13,223,132,45.36167685212544,0.04295084587325939,0,1,None,,,,1301.9949999999997,-0.18883713071094713,,,,,,,272.0,274.25,-1.3000000000000025,1247.04,1301.9949999999997,4.7457405625388285,1.0,8.0,40,0,0
S0003,Breakfast & Cereal,2025-10-12,1297.02,275,149,6.396478208597406,0.004931672764180511,0,1,None,,,,1224.0224999999998,0.05963738411671369,,,,,,,223.0,259.0,-11.800000000000002,1056.13,1224.0224999999998,4.725499846944816,1.0,8.0,41,0,0
S0003,Breakfast & Cereal,2025-10-19,1224.59,265,153,21.536209751952278,0.01758646547166993,0,1,None,,,,1241.4125,-0.013551096029724199,,,,,,,275.0,263.0,-7.000000000000013,1297.02,1241.4125,4.7198019880469575,1.0,8.0,42,0,0
S0003,Breakfast & Cereal,2025-10-26,1084.98,267,145,14.848170996296288,0.013685202488798216,1,1,Coupon,15.0,,,1206.1949999999997,-0.1004937012672078,,,,,,,265.0,258.75,3.099999999999996,1224.59,1206.1949999999997,4.664561388555454,1.0,8.0,43,0,0
S0003,Candy,2024-12-29,372.21,152,74,17.055470348962054,0.04582217121775894,0,1,None,,,,1192.5799999999997,-0.687895151687937,,,,,,,,254.33333333333334,,,1192.5799999999997,4.6911798906229585,1.0,7.0,52,0,1
S0003,Candy,2025-01-05,561.4399999999999,230,123,14.938063651072222,0.026606696443203588,1,1,Bundle,10.0,,,964.6066666666665,-0.41795965194794416,,,,,,,152.0,230.66666666666666,,372.21,964.6066666666665,3.92876023441967,1.0,7.0,1,1,0
S0003,Candy,2025-01-12,687.76,279,161,13.266915998884988,0.01929003722066562,0,1,None,,,,719.413333333333,-0.04399881384832037,,,,,,,230.0,215.66666666666666,,561.4399999999999,719.413333333333,3.170295939294505,1.0,7.0,2,1,0
S0003,Candy,2025-01-19,610.58,244,144,2.657995281692682,0.004353230177360349,0,1,None,,,,540.4699999999997,0.12972042851592205,,,,,,,279.0,220.33333333333334,,687.76,540.4699999999997,2.451627694665214,1.0,7.0,3,0,0
S0003,Candy,2025-01-26,548.73,228,131,1.5666441746737771,0.0028550364927628835,0,1,None,,,,557.9974999999997,-0.016608497349897992,,,,,,,244.0,226.25,32.500000000000014,610.58,557.9974999999997,2.4643150332939925,1.0,7.0,4,0,0
S0003,Candy,2025-02-02,707.34,276,154,20.432128855026846,0.02888586656350107,0,1,None,,,,602.1274999999997,0.17473458694379573,,,,,,,228.0,245.25,-4.0999999999999766,548.73,602.1274999999997,2.4538051648729398,1.0,7.0,5,0,0
S0003,Candy,2025-02-09,650.33,260,146,9.833789096350936,0.015121229370244238,0,1,None,,,,638.6024999999997,0.01836431896210915,,,,,,,276.0,256.75,-2.4999999999999827,707.34,638.6024999999997,2.4842508170468527,1.0,7.0,6,0,0
S0003,Candy,2025-02-16,762.35,285,156,35.5221850106401,0.046595638500216564,0,1,None,,,,629.2449999999998,0.21153127954930162,,,,,,,260.0,252.0,9.599999999999996,650.33,629.2449999999998,2.4932957233054687,1.0,7.0,7,0,0
S0003,Candy,2025-02-23,667.66,264,148,11.162281041181547,0.016718510980411508,0,1,None,,,,667.1874999999998,0.0007081967213117687,,,,,,,285.0,262.25,15.499999999999998,762.35,667.1874999999998,2.5364295311858256,1.0,8.0,8,0,0
S0003,Candy,2025-03-02,507.96999999999997,208,119,5.706486100761396,0.011233903775343812,0,1,None,,,,696.9199999999998,-0.27112150605521423,,,,,,,264.0,271.25,-1.0999999999999812,667.66,696.9199999999998,2.5670056874856657,1.0,8.0,9,0,0
S0003,Candy,2025-03-09,647.45,262,148,4.7302659369763305,0.007305994187931624,0,1,None,,,,647.0774999999998,0.0005756652023911922,,,,,,,208.0,254.25,-17.69999999999996,507.96999999999997,647.0774999999998,2.5368400311311508,0.0,8.0,10,0,0
S0003,Candy,2025-03-16,397.03,231,129,12.084114915876626,0.03043627664377157,1,1,Coupon,30.0,,,646.3574999999998,-0.3857424103534034,,,,,,,262.0,254.75,-12.50000000000001,647.45,646.3574999999998,2.5293185249655608,0.0,8.0,11,0,0
S0003,Candy,2025-03-23,561.85,256,137,20.71886528104601,0.0368761507182451,1,1,Manager_Special,30.0,,,555.0274999999997,0.01229218372062706,,,,,,,231.0,241.25,-4.499999999999983,397.03,555.0274999999997,2.2902766019762693,1.0,8.0,12,0,0
S0003,Candy,2025-03-30,602.61,239,137,47.082073944804634,0.07813025662502221,0,1,None,,,,528.5749999999998,0.14006526982925832,,,,,,,256.0,239.25,11.299999999999995,561.85,528.5749999999998,2.2067044547224817,2.0,8.0,13,0,0
S0003,Candy,2025-04-06,686.97,274,141,1.879542914739937,0.0027359898026696025,0,1,None,,,,552.2349999999998,0.24398127608717357,,,,,,,239.0,247.0,-4.400000000000007,602.61,552.2349999999998,2.226508777622385,2.0,8.0,14,0,0
S0003,Candy,2025-04-13,662.22,288,142,8.944397877273964,0.013506686414294288,1,1,Bundle,15.0,,,562.1149999999998,0.17808633464682544,,,,,,,274.0,250.0,11.199999999999973,686.97,562.1149999999998,2.235510421351142,2.0,8.0,15,0,0
S0003,Candy,2025-04-20,705.74,282,159,11.245727698978708,0.015934661063534316,0,1,None,,,,628.4124999999998,0.12305213534103832,,,,,,,288.0,264.25,13.100000000000032,662.22,628.4124999999998,2.3806680241649945,3.0,8.0,16,0,0
S0003,Candy,2025-04-27,771.02,303,157,35.882191456775026,0.04653860010995178,0,1,None,,,,664.3849999999998,0.16050181747029246,,,,,,,282.0,270.75,14.299999999999995,705.74,664.3849999999998,2.4576424119087887,3.0,8.0,17,0,0
S0003,Candy,2025-05-04,619.33,248,139,16.202606223025363,0.02616150714970268,0,1,None,,,,706.4874999999997,-0.12336736318760023,,,,,,,303.0,286.75,8.100000000000016,771.02,706.4874999999997,2.4634523391358214,3.0,8.0,18,0,0
S0003,Candy,2025-05-11,583.86,234,122,14.155059347913634,0.024243927222131388,0,1,None,,,,689.5774999999998,-0.15330764127309807,,,,,,,248.0,280.25,-9.89999999999999,619.33,689.5774999999998,2.46097949065454,3.0,8.0,19,0,0
S0003,Candy,2025-05-18,756.4,304,166,10.511291335782333,0.013896471887602239,0,1,None,,,,669.9874999999997,0.12897628687102414,,,,,,,234.0,266.75,-19.90000000000001,583.86,669.9874999999997,2.5099177919365916,2.0,8.0,20,0,0
S0003,Candy,2025-05-25,608.32,241,131,23.687957661288237,0.038939961962927795,1,1,Bundle,25.0,,,682.6524999999998,-0.10888775768051795,,,,,,,304.0,272.25,-1.1000000000000094,756.4,682.6524999999998,2.506301237252008,1.0,8.0,21,0,0
S0003,Candy,2025-06-01,605.08,245,146,6.970836266233561,0.011520520040711245,0,1,None,,,,641.9774999999997,-0.057474755735208334,,,,,,,241.0,256.75,4.899999999999986,608.32,641.9774999999997,2.501183466138797,2.0,8.0,22,0,0
S0003,Candy,2025-06-08,617.65,266,153,12.982598859058331,0.021019345679686444,1,1,Manager_Special,30.0,,,638.4149999999998,-0.03252586483713553,,,,,,,245.0,256.0,-3.0000000000000147,605.08,638.4149999999998,2.4942874407931748,2.0,8.0,23,0,0
S0003,Candy,2025-06-15,530.02,228,131,3.459424779895109,0.006526970265075109,1,1,Coupon,30.0,,,646.8624999999997,-0.1806295773831375,,,,,,,266.0,264.0,-10.999999999999984,617.65,646.8624999999997,2.4510035098118754,2.0,8.0,24,0,0
S0003,Candy,2025-06-22,646.93,273,150,14.195176548712976,0.021942368646859747,0,1,None,,,,590.2674999999997,0.0959946126120789,,,,,,,228.0,245.0,-1.7999999999999856,530.02,590.2674999999997,2.410126316829419,3.0,8.0,25,0,0
S0003,Candy,2025-06-29,493.86,187,107,11.145310387405281,0.022567752778935895,0,1,None,,,,599.9199999999997,-0.17679023869849275,,,,,,,273.0,253.0,4.599999999999985,646.93,599.9199999999997,2.371515712357819,3.0,8.0,26,0,0
S0003,Candy,2025-07-06,590.4,236,137,10.749510807146619,0.0182071660012646,0,1,None,,,,572.1149999999998,0.03196035762040884,,,,,,,187.0,238.5,-19.200000000000014,493.86,572.1149999999998,2.4143277826404774,3.0,8.0,27,0,0
S0003,Candy,2025-07-13,751.86,297,155,22.0649099634363,0.029347099145367886,0,1,None,,,,565.3024999999998,0.3300135768018013,,,,,,,236.0,231.0,-6.199999999999972,590.4,565.3024999999998,2.459253391153285,3.0,8.0,28,0,0
S0003,Candy,2025-07-20,629.84,255,137,10.404875214072344,0.016519870465629912,0,1,None,,,,620.7624999999998,0.014623144922575408,,,,,,,297.0,248.25,12.100000000000012,751.86,620.7624999999998,2.510969898330319,3.0,8.0,29,0,0
S0003,Candy,2025-07-27,588.49,237,130,13.82938052206682,0.02349977148645996,0,1,None,,,,616.4899999999998,-0.045418417168161335,,,,,,,255.0,243.75,26.500000000000014,629.84,616.4899999999998,2.5360333544820097,2.0,8.0,30,0,0
S0003,Candy,2025-08-03,610.91,241,138,8.371076029757793,0.013702633824553197,0,1,None,,,,640.1474999999998,-0.04567306753521626,,,,,,,237.0,256.25,-3.8999999999999577,588.49,640.1474999999998,2.496562754964873,2.0,8.0,31,0,0
S0003,Candy,2025-08-10,681.96,277,139,5.354135879070168,0.00785109959392071,0,1,None,,,,645.2749999999997,0.056851729882608656,,,,,,,241.0,257.5,-18.59999999999998,610.91,645.2749999999997,2.504863092541355,1.0,8.0,32,0,0
S0003,Candy,2025-08-17,625.05,248,134,11.381759244758827,0.018209358042970688,0,1,None,,,,627.7999999999997,-0.004380375915896422,,,,,,,277.0,252.5,6.999999999999988,681.96,627.7999999999997,2.4874716692835057,0.0,8.0,33,0,0
S0003,Candy,2025-08-24,721.48,284,150,14.787141017450386,0.020495566082844134,0,1,None,,,,626.6024999999997,0.1514157699658082,,,,,,,248.0,250.75,6.899999999999999,625.05,626.6024999999997,2.5000721990115258,0.0,8.0,34,0,0
S0003,Candy,2025-08-31,577.21,236,127,12.657390694079668,0.02192857139356502,0,1,None,,,,659.8499999999998,-0.12524058498143484,,,,,,,284.0,262.5,10.000000000000009,721.48,659.8499999999998,2.5144077906202495,0.0,8.0,35,0,0
S0003,Candy,2025-09-07,646.79,265,141,3.254027856029319,0.005031042310532505,0,1,None,,,,651.4249999999997,-0.007115170587557686,,,,,,,236.0,261.25,-8.700000000000008,577.21,651.4249999999997,2.492134995416649,0.0,8.0,36,0,0
S0003,Candy,2025-09-14,601.75,250,136,20.434128487098757,0.03395783712023059,0,1,None,,,,642.6324999999997,-0.06361723068783438,,,,,,,265.0,258.25,0.29999999999999993,646.79,642.6324999999997,2.4868268760787293,0.0,8.0,37,0,0
S0003,Candy,2025-09-21,614.08,244,144,9.292509113295782,0.015132408014095529,0,1,None,,,,636.8074999999998,-0.03568974925703567,,,,,,,250.0,258.75,-7.299999999999974,601.75,636.8074999999998,2.458486150272278,0.0,8.0,38,0,0
S0003,Candy,2025-09-28,551.55,231,133,34.82604901772307,0.06314214308353382,1,1,Coupon,20.0,,,609.9574999999998,-0.09575667157137968,,,,,,,244.0,248.75,0.900000000000048,614.08,609.9574999999998,2.452560844338313,0.0,8.0,39,0,0
S0003,Candy,2025-10-05,585.54,244,144,25.149438292628304,0.0429508458732594,0,1,None,,,,603.5424999999998,-0.02982805684769479,,,,,,,231.0,247.5,-10.799999999999986,551.55,603.5424999999998,2.438025157567457,1.0,8.0,40,0,0
S0003,Candy,2025-10-12,656.73,292,159,3.238777454420267,0.004931672764180511,1,1,BOGO,100.0,,,588.2299999999998,0.11645104805943296,,,,,,,244.0,242.25,-3.0999999999999734,585.54,588.2299999999998,2.427784436874602,1.0,8.0,41,0,0
S0003,Candy,2025-10-19,595.97,237,130,10.48100582715113,0.01758646547166993,0,1,None,,,,601.9749999999998,-0.009975497321316949,,,,,,,292.0,252.75,15.700000000000003,656.73,601.9749999999998,2.3883032724910405,2.0,8.0,42,0,0
S0003,Candy,2025-10-26,699.13,274,153,9.567735615993495,0.013685202488798214,0,1,None,,,,597.4474999999998,0.1701948706790141,,,,,,,237.0,251.0,6.600000000000016,595.97,597.4474999999998,2.3877832821749307,2.0,8.0,43,0,0
S0003,Condiments/Sauces/Spices,2024-12-29,299.18,106,60,13.709077184929118,0.04582217121775893,1,1,Coupon,25.0,,,612.7466666666663,-0.5117394899469054,,,,,,,,257.6666666666667,,,612.7466666666663,2.3878235970124617,2.0,7.0,52,0,1
S0003,Condiments/Sauces/Spices,2025-01-05,908.15,245,135,24.16287137489534,0.026606696443203588,0,1,None,,,,517.293333333333,0.7555803283759066,,,,,,,106.0,211.66666666666666,,299.18,517.293333333333,2.5287231742884697,3.0,7.0,1,1,0
S0003,Condiments/Sauces/Spices,2025-01-12,1106.15,309,160,21.337674671639277,0.01929003722066562,0,1,None,,,,601.0999999999998,0.8402096157045424,,,,,,,245.0,196.0,,908.15,601.0999999999998,3.014609624759069,3.0,7.0,2,1,0
S0003,Condiments/Sauces/Spices,2025-01-19,949.13,249,144,4.131781358238029,0.00435323017736035,0,1,None,,,,771.1599999999999,0.23078219824679727,,,,,,,309.0,220.0,,1106.15,771.1599999999999,3.369653662283136,3.0,7.0,3,0,0
S0003,Condiments/Sauces/Spices,2025-01-26,838.07,227,127,2.3927204334897896,0.002855036492762883,0,1,None,,,,815.6524999999998,0.027484130803252918,,,,,,,249.0,227.25,49.300000000000004,949.13,815.6524999999998,3.4801820137806248,2.0,7.0,4,0,0
S0003,Condiments/Sauces/Spices,2025-02-02,800.98,212,123,23.13700140003309,0.028885866563501072,0,1,None,,,,950.3749999999999,-0.15719584374588966,,,,,,,227.0,257.5,-11.399999999999956,838.07,950.3749999999999,3.6975533877312525,2.0,7.0,5,0,0
S0003,Condiments/Sauces/Spices,2025-02-09,1066.08,293,165,16.120440207029976,0.015121229370244238,0,1,None,,,,923.5824999999999,0.1542877869600172,,,,,,,212.0,249.25,-31.3,800.98,923.5824999999999,3.7154216010543175,1.0,7.0,6,0,0
S0003,Condiments/Sauces/Spices,2025-02-16,982.76,273,150,45.79232969247283,0.046595638500216564,0,1,None,,,,913.5649999999998,0.07574173704115217,,,,,,,293.0,245.25,11.70000000000002,1066.08,913.5649999999998,3.7301028087373638,1.0,7.0,7,0,0
S0003,Condiments/Sauces/Spices,2025-02-23,939.66,263,143,15.709716027853478,0.016718510980411508,1,1,Manager_Special,25.0,,,921.9724999999999,0.01918441168256116,,,,,,,273.0,251.25,21.900000000000013,982.76,921.9724999999999,3.677124411632461,1.0,8.0,8,0,0
S0003,Condiments/Sauces/Spices,2025-03-02,878.54,243,131,9.869433822790553,0.011233903775343813,0,1,None,,,,947.3699999999999,-0.07265376779927582,,,,,,,263.0,260.25,13.29999999999999,939.66,947.3699999999999,3.6473527578913174,1.0,8.0,9,0,0
S0003,Condiments/Sauces/Spices,2025-03-09,809.23,217,128,5.912229676699909,0.007305994187931626,0,1,None,,,,966.7599999999998,-0.16294633621581342,,,,,,,243.0,268.0,-15.99999999999999,878.54,966.7599999999998,3.606648607724379,1.0,8.0,10,0,0
S0003,Condiments/Sauces/Spices,2025-03-16,802.33,230,136,24.419937839597242,0.030436276643771566,1,1,Manager_Special,25.0,,,902.5474999999998,-0.11103847719926073,,,,,,,217.0,249.0,-18.80000000000002,809.23,902.5474999999998,3.6293166610736503,1.0,8.0,11,0,0
S0003,Condiments/Sauces/Spices,2025-03-23,818.1,230,134,30.168378902596313,0.03687615071824509,0,1,None,,,,857.4399999999998,-0.04588076133606994,,,,,,,230.0,238.25,-12.499999999999984,802.33,857.4399999999998,3.6014511171972368,2.0,8.0,12,0,0
S0003,Condiments/Sauces/Spices,2025-03-30,952.13,247,134,74.3901612403824,0.07813025662502221,0,1,None,,,,827.0499999999998,0.15123632186687647,,,,,,,230.0,230.0,-2.599999999999994,818.1,827.0499999999998,3.597477319875366,2.0,8.0,13,0,0
S0003,Condiments/Sauces/Spices,2025-04-06,830.68,232,135,2.2727320092815853,0.0027359898026696025,0,1,None,,,,845.4474999999999,-0.017467081042879574,,,,,,,247.0,231.0,9.000000000000004,952.13,845.4474999999999,3.657323915233657,2.0,8.0,14,0,0
S0003,Condiments/Sauces/Spices,2025-04-13,860.18,228,124,11.61818151984766,0.013506686414294288,0,1,None,,,,850.8099999999998,0.0110130346375808,,,,,,,232.0,234.75,2.3000000000000136,830.68,850.8099999999998,3.6201605988503736,2.0,8.0,15,0,0
S0003,Condiments/Sauces/Spices,2025-04-20,981.76,260,134,15.64401284573545,0.015934661063534316,1,1,Bundle,15.0,,,865.2724999999998,0.13462521922284623,,,,,,,228.0,234.25,-2.099999999999979,860.18,865.2724999999998,3.6912425973248206,2.0,8.0,16,0,0
S0003,Condiments/Sauces/Spices,2025-04-27,953.86,251,139,44.39130910087861,0.04653860010995178,0,1,None,,,,906.1874999999998,0.05260776605283151,,,,,,,260.0,241.75,3.5000000000000036,981.76,906.1874999999998,3.7460034668900377,2.0,8.0,17,0,0
S0003,Condiments/Sauces/Spices,2025-05-04,728.21,279,149,19.05107112148499,0.02616150714970268,1,1,Coupon,30.0,,,906.6199999999998,-0.19678586397829276,,,,,,,251.0,242.75,8.899999999999995,953.86,906.6199999999998,3.7323688958624075,2.0,8.0,18,0,0
S0003,Condiments/Sauces/Spices,2025-05-11,861.04,235,127,20.874991095344015,0.024243927222131395,0,1,None,,,,881.0024999999998,-0.02265884603051622,,,,,,,279.0,254.5,14.400000000000015,728.21,881.0024999999998,3.4897575066645334,3.0,8.0,19,0,0
S0003,Condiments/Sauces/Spices,2025-05-18,973.25,253,143,13.52474126460888,0.013896471887602239,0,1,None,,,,881.2174999999999,0.10443789416347288,,,,,,,235.0,256.25,-4.69999999999998,861.04,881.2174999999999,3.46257768210313,2.0,8.0,20,0,0
S0003,Condiments/Sauces/Spices,2025-05-25,864.52,239,133,33.66437591619034,0.038939961962927795,0,1,None,,,,879.0899999999999,-0.016573957160245182,,,,,,,253.0,254.5,-3.800000000000001,973.25,879.0899999999999,3.480287168269138,2.0,8.0,21,0,0
S0003,Condiments/Sauces/Spices,2025-06-01,868.57,249,134,10.006378091760567,0.011520520040711245,0,1,None,,,,856.7549999999999,0.01379040682575552,,,,,,,239.0,251.5,-10.199999999999985,864.52,856.7549999999999,3.434537030743925,2.0,8.0,22,0,0
S0003,Condiments/Sauces/Spices,2025-06-08,660.18,237,130,13.876551630815394,0.02101934567968644,1,1,BOGO,100.0,,,891.8449999999998,-0.2597592631006508,,,,,,,249.0,244.0,2.8000000000000274,868.57,891.8449999999998,3.6540773425286983,2.0,8.0,23,0,0
S0003,Condiments/Sauces/Spices,2025-06-15,881.95,245,135,5.756461425282993,0.0065269702650751086,0,1,None,,,,841.6299999999999,0.047907037534308625,,,,,,,237.0,244.5,-3.8000000000000256,660.18,841.6299999999999,3.4344697475919896,3.0,8.0,24,0,0
S0003,Condiments/Sauces/Spices,2025-06-22,824.64,211,118,18.094554880946422,0.021942368646859747,0,1,None,,,,818.8049999999998,0.007126238848077566,,,,,,,245.0,242.5,0.5999999999999773,881.95,818.8049999999998,3.3727092410178185,2.0,8.0,25,0,0
S0003,Condiments/Sauces/Spices,2025-06-29,716.88,184,112,16.178370612163565,0.022567752778935895,0,1,None,,,,808.8349999999998,-0.11368820587635282,,,,,,,211.0,235.5,-10.600000000000007,824.64,808.8349999999998,3.4454612289612636,2.0,8.0,26,0,0
S0003,Condiments/Sauces/Spices,2025-07-06,730.19,193,118,13.294690542463398,0.018207166001264596,0,1,None,,,,770.9124999999998,-0.05282376404585443,,,,,,,184.0,219.25,-19.300000000000022,716.88,770.9124999999998,3.5474247351599715,1.0,8.0,27,0,0
S0003,Condiments/Sauces/Spices,2025-07-13,902.87,259,149,26.496615405378304,0.029347099145367886,1,1,Coupon,10.0,,,788.4149999999998,0.14517100765459837,,,,,,,193.0,208.25,-18.300000000000015,730.19,788.4149999999998,3.7968742990085973,1.0,8.0,28,0,0
S0003,Condiments/Sauces/Spices,2025-07-20,634.51,234,144,10.482023009146836,0.016519870465629912,1,1,Coupon,25.0,,,793.6449999999998,-0.20051156373441503,,,,,,,259.0,211.75,15.300000000000008,902.87,793.6449999999998,3.7684214584128997,2.0,8.0,29,0,0
S0003,Condiments/Sauces/Spices,2025-07-27,714.24,183,105,16.784476786489158,0.023499771486459955,0,1,None,,,,746.1124999999998,-0.04271808876007283,,,,,,,234.0,217.5,21.599999999999987,634.51,746.1124999999998,3.4692551461837913,3.0,8.0,30,0,0
S0003,Condiments/Sauces/Spices,2025-08-03,802.32,235,137,10.993897170115524,0.0137026338245532,1,1,Coupon,10.0,,,745.4524999999999,0.07628588005271991,,,,,,,183.0,217.25,-5.500000000000001,714.24,745.4524999999999,3.4709711119713895,3.0,8.0,31,0,0
S0003,Condiments/Sauces/Spices,2025-08-10,961.23,269,141,7.546712462664404,0.00785109959392071,0,1,None,,,,763.4849999999998,0.2590031238334745,,,,,,,235.0,227.75,-12.29999999999998,802.32,763.4849999999998,3.3786610579530896,3.0,8.0,32,0,0
S0003,Condiments/Sauces/Spices,2025-08-17,836.54,232,127,15.232856377266698,0.018209358042970688,1,1,Manager_Special,15.0,,,778.0749999999998,0.07514057128168898,,,,,,,269.0,230.25,15.699999999999994,961.23,778.0749999999998,3.4005013501837165,3.0,8.0,33,0,0
S0003,Condiments/Sauces/Spices,2025-08-24,883.13,245,136,18.100249274742144,0.020495566082844138,0,1,None,,,,828.5824999999998,0.06583230999930635,,,,,,,232.0,229.75,18.10000000000001,836.54,828.5824999999998,3.6240500165556586,4.0,8.0,34,0,0
S0003,Condiments/Sauces/Spices,2025-08-31,809.41,213,126,17.749204971665467,0.021928571393565025,0,1,None,,,,870.8049999999998,-0.07050372930793906,,,,,,,245.0,245.25,-0.6999999999999975,883.13,870.8049999999998,3.5494653728621155,4.0,8.0,35,0,0
S0003,Condiments/Sauces/Spices,2025-09-07,823.29,241,137,4.142006823838307,0.005031042310532506,1,1,Manager_Special,25.0,,,872.5774999999998,-0.0564849540585218,,,,,,,213.0,239.75,-15.49999999999997,809.41,872.5774999999998,3.6459451950577,4.0,8.0,36,0,0
S0003,Condiments/Sauces/Spices,2025-09-14,717.51,250,148,24.36508771213665,0.03395783712023059,1,1,Manager_Special,25.0,,,838.0924999999997,-0.1438773166446422,,,,,,,241.0,232.75,-0.5000000000000021,823.29,838.0924999999997,3.6066440335404777,4.0,8.0,37,0,0
S0003,Condiments/Sauces/Spices,2025-09-21,1017.3,273,153,15.394198672739378,0.015132408014095527,0,1,None,,,,808.3349999999998,0.2585128690456311,,,,,,,250.0,237.25,4.299999999999989,717.51,808.3349999999998,3.4227100680232363,4.0,8.0,38,0,0
S0003,Condiments/Sauces/Spices,2025-09-28,957.16,255,136,60.43713367383522,0.06314214308353382,0,1,None,,,,841.8774999999997,0.13693500538973935,,,,,,,273.0,244.25,18.899999999999995,1017.3,841.8774999999997,3.4531504133921533,4.0,8.0,39,0,0
S0003,Condiments/Sauces/Spices,2025-10-05,583.26,213,126,25.05151036403727,0.04295084587325939,1,1,Manager_Special,25.0,,,878.8149999999998,-0.3363108276485949,,,,,,,255.0,254.75,6.500000000000004,957.16,878.8149999999998,3.441530833165696,3.0,8.0,40,0,0
S0003,Condiments/Sauces/Spices,2025-10-12,1025.51,270,157,5.057479736394755,0.00493167276418051,0,1,None,,,,818.8074999999998,0.25244333985704853,,,,,,,213.0,247.75,-12.900000000000004,583.26,818.8074999999998,3.2720730282448853,4.0,8.0,41,0,0
S0003,Condiments/Sauces/Spices,2025-10-19,791.9,229,135,13.926722007015417,0.01758646547166993,1,1,Coupon,30.0,,,895.8074999999999,-0.11599311235951912,,,,,,,270.0,252.75,-5.099999999999992,1025.51,895.8074999999999,3.5041093245411816,3.0,8.0,42,0,0
S0003,Condiments/Sauces/Spices,2025-10-26,903.51,243,133,12.364717300654076,0.013685202488798216,0,1,None,,,,839.4574999999998,0.07630225472998961,,,,,,,229.0,241.75,-2.1000000000000165,791.9,839.4574999999998,3.4370355686027967,4.0,8.0,43,0,0
S0003,Dairy & Eggs,2024-12-29,475.17,135,75,21.773321097542514,0.04582217121775894,0,1,None,,,,800.223333333333,-0.40620326825427877,,,,,,,,237.33333333333334,,,800.223333333333,3.3315245489867356,4.0,7.0,52,0,1
S0003,Dairy & Eggs,2025-01-05,541.8100000000001,185,109,14.415774199892137,0.026606696443203588,1,1,Manager_Special,20.0,,,764.1933333333332,-0.2910040216699088,,,,,,,135.0,211.33333333333334,,475.17,764.1933333333332,3.592013855194352,3.0,7.0,1,1,0
S0003,Dairy & Eggs,2025-01-12,1004.14,273,157,19.369897974759176,0.01929003722066562,0,1,None,,,,602.9599999999998,0.6653509353854323,,,,,,,185.0,183.0,,541.8100000000001,602.9599999999998,3.302186361033525,3.0,7.0,2,1,0
S0003,Dairy & Eggs,2025-01-19,923.0,271,143,4.018031453703602,0.004353230177360349,1,1,Coupon,25.0,,,673.7066666666665,0.37003245725142536,,,,,,,273.0,197.66666666666666,,1004.14,673.7066666666665,3.375549659549662,3.0,7.0,3,0,0
S0003,Dairy & Eggs,2025-01-26,812.04,238,132,2.318403833583172,0.0028550364927628835,0,1,None,,,,736.0299999999999,0.10327024713666579,,,,,,,271.0,216.0,49.60000000000001,923.0,736.0299999999999,3.3831382594223935,4.0,7.0,4,0,0
S0003,Dairy & Eggs,2025-02-02,957.71,257,139,27.664283266530607,0.028885866563501065,0,1,None,,,,820.2474999999998,0.16758661257730165,,,,,,,238.0,241.75,15.700000000000005,812.04,820.2474999999998,3.35617700825526,3.0,7.0,5,0,0
S0003,Dairy & Eggs,2025-02-09,957.8199999999999,295,161,14.483415915407333,0.015121229370244236,1,1,Manager_Special,25.0,,,924.2224999999999,0.03635217710021135,,,,,,,257.0,259.75,-8.099999999999996,957.71,924.2224999999999,3.5556258461982613,3.0,7.0,6,0,0
S0003,Dairy & Eggs,2025-02-16,904.98,252,139,42.16812092992599,0.04659563850021657,0,1,None,,,,912.6424999999999,-0.008395949125752866,,,,,,,295.0,265.25,9.10000000000001,957.8199999999999,912.6424999999999,3.447795586062916,3.0,7.0,7,0,0
S0003,Dairy & Eggs,2025-02-23,962.93,273,153,16.098755778367654,0.016718510980411508,0,1,None,,,,908.1374999999998,0.060335026358894046,,,,,,,252.0,260.5,7.999999999999986,904.98,908.1374999999998,3.494117190350388,3.0,8.0,8,0,0
S0003,Dairy & Eggs,2025-03-02,670.86,190,110,7.5363766867271496,0.011233903775343812,1,1,Coupon,10.0,,,945.8599999999999,-0.2907407015837438,,,,,,,273.0,269.25,0.49999999999998423,962.93,945.8599999999999,3.522938026377106,3.0,8.0,9,0,0
S0003,Dairy & Eggs,2025-03-09,776.34,214,117,5.671935527858838,0.007305994187931625,0,1,None,,,,874.1474999999998,-0.11188901186584621,,,,,,,190.0,252.5,-29.4,670.86,874.1474999999998,3.4740240390742185,3.0,8.0,10,0,0
S0003,Dairy & Eggs,2025-03-16,793.5,223,128,24.151185516832737,0.030436276643771566,0,1,None,,,,828.7774999999998,-0.04256570671863053,,,,,,,214.0,232.25,-19.700000000000003,776.34,828.7774999999998,3.5692514270038878,3.0,8.0,11,0,0
S0003,Dairy & Eggs,2025-03-23,810.36,242,150,29.882957496037097,0.0368761507182451,0,1,None,,,,800.9074999999998,0.011802236837587632,,,,,,,223.0,225.0,-12.599999999999998,793.5,800.9074999999998,3.561027798987659,2.0,8.0,12,0,0
S0003,Dairy & Eggs,2025-03-30,799.75,218,136,62.48467273586151,0.07813025662502221,0,1,None,,,,762.7649999999999,0.04848806644248246,,,,,,,242.0,217.25,16.5,810.36,762.7649999999999,3.516372530014208,2.0,8.0,13,0,0
S0003,Dairy & Eggs,2025-04-06,925.45,266,149,2.532021762880584,0.0027359898026696025,0,1,None,,,,794.9874999999998,0.16410635387348887,,,,,,,218.0,224.25,3.10000000000001,799.75,794.9874999999998,3.5508064991112627,2.0,8.0,14,0,0
S0003,Dairy & Eggs,2025-04-13,976.24,275,154,13.185767545090657,0.01350668641429429,0,1,None,,,,832.2649999999999,0.17299177545613495,,,,,,,266.0,237.25,10.499999999999988,925.45,832.2649999999999,3.5136510813612802,1.0,8.0,15,0,0
S0003,Dairy & Eggs,2025-04-20,806.44,258,146,12.850348068076613,0.015934661063534312,1,1,Coupon,30.0,,,877.9499999999999,-0.08145110769405989,,,,,,,275.0,250.25,14.70000000000002,976.24,877.9499999999999,3.5115679994207993,1.0,8.0,16,0,0
S0003,Dairy & Eggs,2025-04-27,848.15,258,143,39.47171368325561,0.04653860010995179,1,1,Bundle,25.0,,,876.9699999999999,-0.03286315381369937,,,,,,,258.0,254.25,12.899999999999999,806.44,876.9699999999999,3.4558533476173525,2.0,8.0,17,0,0
S0003,Dairy & Eggs,2025-05-04,905.73,248,130,23.69526187070021,0.02616150714970268,0,1,None,,,,889.0699999999999,0.01873868199354391,,,,,,,258.0,264.25,-4.099999999999979,848.15,889.0699999999999,3.360559627398307,2.0,8.0,18,0,0
S0003,Dairy & Eggs,2025-05-11,616.22,214,118,14.939592832821807,0.02424392722213139,1,1,Manager_Special,25.0,,,884.1399999999999,-0.3030289320695816,,,,,,,248.0,259.75,-8.099999999999996,905.73,884.1399999999999,3.4038100670053892,2.0,8.0,19,0,0
S0003,Dairy & Eggs,2025-05-18,1106.8,304,169,15.380615085198157,0.013896471887602239,0,1,None,,,,794.1349999999999,0.39371769283560115,,,,,,,214.0,244.5,-14.200000000000005,616.22,794.1349999999999,3.2362023354845735,3.0,8.0,20,0,0
S0003,Dairy & Eggs,2025-05-25,884.33,235,127,34.43577656267594,0.038939961962927795,0,1,None,,,,869.2249999999999,0.017377548966033114,,,,,,,304.0,256.0,10.400000000000013,1106.8,869.2249999999999,3.3649655953784943,3.0,8.0,21,0,0
S0003,Dairy & Eggs,2025-06-01,884.86,252,136,10.194047363223753,0.011520520040711245,0,1,None,,,,878.2699999999999,0.0075033873410228595,,,,,,,235.0,250.25,5.100000000000011,884.33,878.2699999999999,3.4838914159293766,3.0,8.0,22,0,0
S0003,Dairy & Eggs,2025-06-08,695.43,209,122,14.617483566024344,0.021019345679686444,0,1,None,,,,873.0524999999999,-0.20344996434922294,,,,,,,252.0,251.25,4.500000000000031,884.86,873.0524999999999,3.44869444332313,3.0,8.0,23,0,0
S0003,Dairy & Eggs,2025-06-15,748.78,247,138,4.88726479508294,0.006526970265075109,1,1,Coupon,10.0,,,892.8549999999999,-0.1613643872745294,,,,,,,209.0,250.0,-26.800000000000008,695.43,892.8549999999999,3.560665332738682,3.0,8.0,24,0,0
S0003,Dairy & Eggs,2025-06-22,810.0600000000001,229,137,17.77463514607521,0.021942368646859747,0,1,None,,,,803.3499999999999,0.008352523806560217,,,,,,,247.0,235.75,-0.6999999999999658,748.78,803.3499999999999,3.4083424582447552,3.0,8.0,25,0,0
S0003,Dairy & Eggs,2025-06-29,806.96,221,127,18.21127378249011,0.022567752778935895,0,1,None,,,,784.7824999999999,0.02825942219659603,,,,,,,229.0,234.25,-3.099999999999999,810.0600000000001,784.7824999999999,3.3519108406660134,2.0,8.0,26,0,0
S0003,Dairy & Eggs,2025-07-06,837.67,230,136,15.251596744279317,0.0182071660012646,0,1,None,,,,765.3074999999999,0.09455349647037312,,,,,,,221.0,226.5,1.7999999999999943,806.96,765.3074999999999,3.3869242178117434,2.0,8.0,27,0,0
S0003,Dairy & Eggs,2025-07-13,842.54,229,136,24.726104913938258,0.029347099145367886,0,1,None,,,,800.8675,0.05203420041392617,,,,,,,230.0,231.75,-5.900000000000016,837.67,800.8675,3.4655810203913147,1.0,8.0,28,0,0
S0003,Dairy & Eggs,2025-07-20,752.22,207,127,12.426576961656133,0.016519870465629912,0,1,None,,,,824.3074999999999,-0.08745219472102325,,,,,,,229.0,227.25,0.9000000000000102,842.54,824.3074999999999,3.627510019913971,1.0,8.0,29,0,0
S0003,Dairy & Eggs,2025-07-27,717.11,198,112,16.8519211306553,0.023499771486459955,1,1,Coupon,25.0,,,809.8474999999999,-0.11451230015527597,,,,,,,207.0,221.75,-4.300000000000006,752.22,809.8474999999999,3.651643302617597,1.0,8.0,30,0,0
S0003,Dairy & Eggs,2025-08-03,677.64,198,110,9.285452784870229,0.013702633824553197,0,1,None,,,,787.3849999999999,-0.1393790839297166,,,,,,,198.0,216.0,-11.799999999999999,717.11,787.3849999999999,3.6442345430764846,2.0,8.0,31,0,0
S0003,Dairy & Eggs,2025-08-10,805.4,222,127,6.323275612943739,0.00785109959392071,0,1,None,,,,747.3774999999998,0.0776347963378616,,,,,,,198.0,208.0,-10.200000000000001,677.64,747.3774999999998,3.589329734117328,2.0,8.0,32,0,0
S0003,Dairy & Eggs,2025-08-17,773.46,225,122,14.08421007191611,0.018209358042970688,0,1,None,,,,738.0924999999999,0.047917435822746046,,,,,,,222.0,206.25,4.500000000000007,805.4,738.0924999999999,3.576508222649528,1.0,8.0,33,0,0
S0003,Dairy & Eggs,2025-08-24,804.51,231,138,16.488887869308936,0.020495566082844138,0,1,None,,,,743.4024999999999,0.08219975047164904,,,,,,,225.0,210.75,10.500000000000016,773.46,743.4024999999999,3.527429961779963,1.0,8.0,34,0,0
S0003,Dairy & Eggs,2025-08-31,672.82,264,142,14.75398140501842,0.02192857139356502,1,1,Coupon,30.0,,,765.2524999999998,-0.12078692980421468,,,,,,,231.0,219.0,10.200000000000019,804.51,765.2524999999998,3.4926698607698623,1.0,8.0,35,0,0
S0003,Dairy & Eggs,2025-09-07,784.47,223,126,3.9467017613434354,0.005031042310532506,0,1,None,,,,764.0474999999999,0.02672935910398258,,,,,,,264.0,235.5,13.199999999999992,672.82,764.0474999999999,3.2742039516789534,2.0,8.0,36,0,0
S0003,Dairy & Eggs,2025-09-14,861.78,228,130,29.264184873472317,0.03395783712023059,0,1,None,,,,758.8149999999999,0.13569183529582315,,,,,,,223.0,235.75,2.7000000000000073,784.47,758.8149999999999,3.2466726423427112,2.0,8.0,37,0,0
S0003,Dairy & Eggs,2025-09-21,947.5600000000001,254,142,14.338864537836358,0.015132408014095527,0,1,None,,,,780.8949999999999,0.21342818176579464,,,,,,,228.0,236.5,-5.000000000000018,861.78,780.8949999999999,3.3322068528690267,2.0,8.0,38,0,0
S0003,Dairy & Eggs,2025-09-28,722.63,212,119,45.62840685645404,0.06314214308353382,0,1,None,,,,816.6575,-0.11513700663987048,,,,,,,254.0,242.25,-2.4999999999999796,947.5600000000001,816.6575,3.394162829962799,1.0,8.0,39,0,0
S0003,Dairy & Eggs,2025-10-05,806.83,208,122,34.65403097592188,0.04295084587325939,0,1,None,,,,829.1099999999999,-0.026872188250051093,,,,,,,212.0,229.25,-0.7000000000000038,722.63,829.1099999999999,3.6091806973155722,1.0,8.0,40,0,0
S0003,Dairy & Eggs,2025-10-12,836.54,242,143,4.1255415341475645,0.004931672764180511,0,1,None,,,,834.6999999999998,0.002204384808913557,,,,,,,208.0,225.5,-10.200000000000019,806.83,834.6999999999998,3.6994776208236786,1.0,8.0,41,0,0
S0003,Dairy & Eggs,2025-10-19,906.95,253,133,15.950044859531046,0.01758646547166993,0,1,None,,,,828.3899999999999,0.09483455860162507,,,,,,,242.0,229.0,-4.000000000000005,836.54,828.3899999999999,3.6187376251733956,1.0,8.0,42,0,0
S0003,Dairy & Eggs,2025-10-26,927.97,267,145,12.699457353530082,0.013685202488798218,0,1,None,,,,818.2374999999998,0.13410837318015884,,,,,,,253.0,228.75,15.700000000000003,906.95,818.2374999999998,3.5822954820717183,1.0,8.0,43,0,0
S0003,Deli,2024-12-29,642.16,117,73,29.425165469196077,0.04582217121775894,1,1,Manager_Special,10.0,,,850.1066666666666,-0.24461244079174374,,,,,,,,234.33333333333334,,,850.1066666666666,3.6401832842717248,0.0,7.0,52,0,1
S0003,Deli,2025-01-05,1590.06,269,153,42.3062437464803,0.02660669644320359,0,1,None,,,,795.2166666666666,0.9995305262716662,,,,,,,117.0,204.0,,642.16,795.2166666666666,4.176702158915599,1.0,7.0,1,1,0
S0003,Deli,2025-01-12,1810.0,290,162,34.91496736940478,0.019290037220665624,1,1,Bundle,10.0,,,1046.3899999999999,0.7297565917105479,,,,,,,269.0,213.0,,1590.06,1046.3899999999999,4.994777778238261,1.0,7.0,2,1,0
S0003,Deli,2025-01-19,2032.52,317,171,8.848027400088457,0.004353230177360349,0,1,None,,,,1347.4066666666665,0.5084681190039139,,,,,,,290.0,225.33333333333334,,1810.0,1347.4066666666665,5.88031001212132,2.0,7.0,3,0,0
S0003,Deli,2025-01-26,1520.08,242,140,4.339883871919003,0.002855036492762883,0,1,None,,,,1518.685,0.0009185578312816561,,,,,,,317.0,248.25,62.10000000000002,2032.52,1518.685,6.013166263034208,2.0,7.0,4,0,0
S0003,Deli,2025-02-02,1392.38,238,138,40.22010288568762,0.028885866563501072,1,1,Bundle,20.0,,,1738.165,-0.19893680979653822,,,,,,,242.0,279.5,-5.399999999999976,1520.08,1738.165,6.211360089409852,2.0,7.0,5,0,0
S0003,Deli,2025-02-09,1971.19,324,180,29.80681612233174,0.015121229370244238,0,1,None,,,,1688.745,0.16725142043351732,,,,,,,238.0,271.75,-23.100000000000012,1392.38,1688.745,6.196193193655268,3.0,7.0,6,0,0
S0003,Deli,2025-02-16,1959.99,317,172,91.32698550403947,0.046595638500216564,0,1,None,,,,1729.0425,0.13356959126221593,,,,,,,324.0,280.25,1.6999999999999824,1971.19,1729.0425,6.1568283043406655,3.0,7.0,7,0,0
S0003,Deli,2025-02-23,1768.5,273,150,29.56668666885775,0.016718510980411504,0,1,None,,,,1710.9099999999999,0.033660449702205344,,,,,,,317.0,280.25,31.099999999999998,1959.99,1710.9099999999999,6.0996279888832525,3.0,8.0,8,0,0
S0003,Deli,2025-03-02,1713.64,280,154,19.25086686558017,0.011233903775343812,0,1,None,,,,1773.0149999999999,-0.03348815435853604,,,,,,,273.0,288.0,9.799999999999985,1768.5,1773.0149999999999,6.148802904876351,2.0,8.0,9,0,0
S0003,Deli,2025-03-09,1604.36,251,136,11.72144483534998,0.007305994187931624,0,1,None,,,,1853.33,-0.13433657254779238,,,,,,,280.0,298.5,-17.599999999999998,1713.64,1853.33,6.2162545855486195,2.0,8.0,10,0,0
S0003,Deli,2025-03-16,1827.86,285,153,55.63325262608429,0.030436276643771566,0,1,None,,,,1761.6224999999997,0.03760028042330306,,,,,,,251.0,280.25,-19.10000000000001,1604.36,1761.6224999999997,6.293242774767054,1.0,8.0,11,0,0
S0003,Deli,2025-03-23,1589.8,286,151,58.62570441186606,0.0368761507182451,1,1,Bundle,20.0,,,1728.5899999999997,-0.08029087290797689,,,,,,,285.0,272.25,0.7000000000000229,1827.86,1728.5899999999997,6.35089530119353,1.0,8.0,12,0,0
S0003,Deli,2025-03-30,1810.05,293,158,141.41967100412143,0.0781302566250222,0,1,None,,,,1683.9149999999997,0.07490579987707233,,,,,,,286.0,275.5,5.199999999999997,1589.8,1683.9149999999997,6.121075121373351,2.0,8.0,13,0,0
S0003,Deli,2025-04-06,1758.51,286,152,4.811265427892523,0.0027359898026696025,0,1,None,,,,1708.0174999999997,0.029562050740112616,,,,,,,293.0,278.75,12.700000000000003,1810.05,1708.0174999999997,6.135450669886271,1.0,8.0,14,0,0
S0003,Deli,2025-04-13,1787.55,291,158,24.143877299871754,0.013506686414294288,0,1,None,,,,1746.5549999999998,0.023471920437661636,,,,,,,286.0,287.5,1.0000000000000047,1758.51,1746.5549999999998,6.074641633305323,1.0,8.0,15,0,0
S0003,Deli,2025-04-20,1653.05,255,140,26.3407914710754,0.015934661063534316,0,1,None,,,,1736.4775,-0.04804410077297288,,,,,,,291.0,289.0,0.8000000000000167,1787.55,1736.4775,6.0069515446817014,1.0,8.0,16,0,0
S0003,Deli,2025-04-27,1692.07,286,147,78.7465690880461,0.046538600109951776,1,1,Manager_Special,20.0,,,1752.2899999999997,-0.03436645760690286,,,,,,,255.0,281.25,-10.900000000000007,1653.05,1752.2899999999997,6.2379034848983475,1.0,8.0,17,0,0
S0003,Deli,2025-05-04,1765.54,285,161,46.189187333086075,0.026161507149702685,0,1,None,,,,1722.7949999999996,0.02481142561941517,,,,,,,286.0,279.5,-3.5999999999999934,1692.07,1722.7949999999996,6.17257438993188,2.0,8.0,18,0,0
S0003,Deli,2025-05-11,1278.57,209,123,30.99755802840053,0.02424392722213139,0,1,None,,,,1724.5524999999998,-0.25860766778628075,,,,,,,285.0,279.25,1.299999999999972,1765.54,1724.5524999999998,6.184134597268403,2.0,8.0,19,0,0
S0003,Deli,2025-05-18,1828.73,284,152,25.41289503501484,0.013896471887602239,0,1,None,,,,1597.3075,0.14488287321007393,,,,,,,209.0,258.75,-13.899999999999983,1278.57,1597.3075,6.177828673132854,2.0,8.0,20,0,0
S0003,Deli,2025-05-25,1580.93,248,133,61.56135406605145,0.0389399619629278,1,1,BOGO,50.0,,,1641.2274999999997,-0.03673926984528329,,,,,,,284.0,266.0,-8.200000000000033,1828.73,1641.2274999999997,6.166988953442161,1.0,8.0,21,0,0
S0003,Deli,2025-06-01,1655.25,264,145,19.06934079738729,0.011520520040711246,0,1,None,,,,1613.4424999999999,0.02591198632737152,,,,,,,248.0,256.5,-3.5999999999999885,1580.93,1613.4424999999999,6.281586221093864,2.0,8.0,22,0,0
S0003,Deli,2025-06-08,1402.71,229,125,29.48404637835297,0.021019345679686444,0,1,None,,,,1585.87,-0.11549496490885121,,,,,,,264.0,251.25,12.900000000000011,1655.25,1585.87,6.3003385137573416,2.0,8.0,23,0,0
S0003,Deli,2025-06-15,1781.19,281,148,11.625774166449135,0.006526970265075109,0,1,None,,,,1616.905,0.10160460880509374,,,,,,,229.0,256.25,-14.900000000000016,1402.71,1616.905,6.302291356364057,2.0,8.0,24,0,0
S0003,Deli,2025-06-22,1366.23,252,132,29.978322316399193,0.021942368646859747,1,1,Manager_Special,10.0,,,1605.02,-0.14877696228084383,,,,,,,281.0,255.5,6.399999999999998,1781.19,1605.02,6.277182433252433,2.0,8.0,25,0,0
S0003,Deli,2025-06-29,1140.12,191,108,25.72994629832039,0.022567752778935895,0,1,None,,,,1551.3449999999998,-0.26507643367529465,,,,,,,252.0,256.5,1.600000000000015,1366.23,1551.3449999999998,6.0388899025304665,2.0,8.0,26,0,0
S0003,Deli,2025-07-06,1756.19,280,151,31.97524285976088,0.0182071660012646,0,1,None,,,,1422.5624999999998,0.2345257238258427,,,,,,,191.0,238.25,-14.299999999999988,1140.12,1422.5624999999998,5.963721976542842,2.0,8.0,27,0,0
S0003,Deli,2025-07-13,1793.81,292,159,52.64311991795236,0.029347099145367882,0,1,None,,,,1510.9325,0.18722047477302928,,,,,,,280.0,251.0,-6.399999999999975,1756.19,1510.9325,6.000405967497302,2.0,8.0,28,0,0
S0003,Deli,2025-07-20,1586.53,249,132,26.209270089835826,0.016519870465629912,0,1,None,,,,1514.0874999999999,0.047845649607436896,,,,,,,292.0,253.75,20.899999999999974,1793.81,1514.0874999999999,5.95151358827437,2.0,8.0,29,0,0
S0003,Deli,2025-07-27,1728.67,271,144,40.62334997549873,0.023499771486459955,0,1,None,,,,1569.1624999999997,0.10165135860690044,,,,,,,249.0,253.0,18.60000000000001,1586.53,1569.1624999999997,6.189028289938168,1.0,8.0,30,0,0
S0003,Deli,2025-08-03,1487.07,231,131,20.376775681478325,0.013702633824553199,0,1,None,,,,1716.2999999999997,-0.1335605663345568,,,,,,,271.0,273.0,-7.00000000000002,1728.67,1716.2999999999997,6.291438647156924,1.0,8.0,31,0,0
S0003,Deli,2025-08-10,1555.43,245,139,12.211835841372089,0.00785109959392071,0,1,None,,,,1649.02,-0.05675492110465605,,,,,,,231.0,260.75,-16.100000000000005,1487.07,1649.02,6.332794978325754,1.0,8.0,32,0,0
S0003,Deli,2025-08-17,1396.44,219,126,25.42827594552599,0.018209358042970688,0,1,None,,,,1589.425,-0.12141812290608232,,,,,,,245.0,249.0,-5.199999999999975,1555.43,1589.425,6.384172214836798,1.0,8.0,33,0,0
S0003,Deli,2025-08-24,1717.78,294,152,35.206873505787996,0.020495566082844134,1,1,Coupon,25.0,,,1541.9025,0.11406525380171578,,,,,,,219.0,241.5,-14.200000000000015,1396.44,1541.9025,6.385380197452191,0.0,8.0,34,0,0
S0003,Deli,2025-08-31,1930.6399999999999,304,160,42.336177075272374,0.021928571393565025,0,1,None,,,,1539.1799999999998,0.2543302277836251,,,,,,,294.0,247.25,16.300000000000008,1717.78,1539.1799999999998,6.251363454223533,1.0,8.0,35,0,0
S0003,Deli,2025-09-07,1915.15,299,160,9.635200681016329,0.005031042310532505,0,1,None,,,,1650.0724999999998,0.1606459716163989,,,,,,,304.0,265.5,25.2,1930.6399999999999,1650.0724999999998,6.22967770576147,1.0,8.0,36,0,0
S0003,Deli,2025-09-14,1716.87,282,159,58.30119181661029,0.033957837120230594,0,1,None,,,,1740.0024999999998,-0.01329452112856156,,,,,,,299.0,279.0,25.00000000000001,1915.15,1740.0024999999998,6.243800222995787,1.0,8.0,37,0,0
S0003,Deli,2025-09-21,1595.91,262,144,24.149961273775194,0.015132408014095527,0,1,None,,,,1820.11,-0.12317936827993903,,,,,,,282.0,294.75,-4.100000000000002,1716.87,1820.11,6.171738506295117,1.0,8.0,38,0,0
S0003,Deli,2025-09-28,1731.44,276,152,109.32683222055378,0.06314214308353382,0,1,None,,,,1789.6425,-0.03252185841585673,,,,,,,262.0,286.75,-14.29999999999997,1595.91,1789.6425,6.233856112879736,1.0,8.0,39,0,0
S0003,Deli,2025-10-05,1592.47,252,138,68.39793352778939,0.0429508458732594,0,1,None,,,,1739.8425,-0.0847045062987023,,,,,,,276.0,279.75,-8.900000000000023,1731.44,1739.8425,6.214492077792017,1.0,8.0,40,0,0
S0003,Deli,2025-10-12,1876.95,311,161,9.256503194728609,0.00493167276418051,1,1,BOGO,50.0,,,1659.1724999999997,0.13125669573236082,,,,,,,252.0,268.0,-7.59999999999998,1592.47,1659.1724999999997,6.193027440376293,1.0,8.0,41,0,0
S0003,Deli,2025-10-19,1330.24,225,118,23.39421982903421,0.01758646547166993,1,1,Bundle,20.0,,,1699.1925,-0.21713402101292237,,,,,,,311.0,275.25,12.299999999999997,1876.95,1699.1925,6.179781818839725,2.0,8.0,42,0,0
S0003,Deli,2025-10-26,1508.92,243,126,20.64987573939741,0.013685202488798218,0,1,None,,,,1632.7749999999999,-0.07585552204069747,,,,,,,225.0,266.0,-9.399999999999975,1330.24,1632.7749999999999,6.135011377787986,2.0,8.0,43,0,0
S0003,Frozen Foods,2024-12-29,939.23,142,76,43.03755787285572,0.04582217121775893,0,1,None,,,,1599.8866666666665,-0.4129396665597146,,,,,,,,262.6666666666667,,,1599.8866666666665,6.0889040592728705,2.0,7.0,52,0,1
S0003,Frozen Foods,2025-01-05,1215.31,201,123,32.33538425438975,0.026606696443203588,1,1,Coupon,10.0,,,1382.14,-0.12070412548656442,,,,,,,142.0,226.0,,939.23,1382.14,6.187227518547036,2.0,7.0,1,1,0
S0003,Frozen Foods,2025-01-12,1852.47,267,142,35.73421525016644,0.01929003722066562,0,1,None,,,,1161.5933333333332,0.5947663841045921,,,,,,,201.0,189.33333333333334,,1215.31,1161.5933333333332,6.190930653461957,3.0,7.0,2,1,0
S0003,Frozen Foods,2025-01-19,1933.96,293,155,8.41897303380782,0.004353230177360348,0,1,None,,,,1335.6699999999998,0.44793249829673515,,,,,,,267.0,203.33333333333334,,1852.47,1335.6699999999998,6.532901356749513,3.0,7.0,3,0,0
S0003,Frozen Foods,2025-01-26,1492.6,220,125,4.261427469097879,0.002855036492762883,0,1,None,,,,1485.2424999999998,0.004953736511041176,,,,,,,293.0,225.75,51.90000000000001,1933.96,1485.2424999999998,6.549812536333466,3.0,7.0,4,0,0
S0003,Frozen Foods,2025-02-02,1684.15,281,146,48.64813217292033,0.02888586656350107,1,1,Manager_Special,10.0,,,1623.585,0.03730325175460481,,,,,,,220.0,245.25,8.30000000000003,1492.6,1623.585,6.592374956307858,3.0,7.0,5,0,0
S0003,Frozen Foods,2025-02-09,1827.67,270,155,27.636617283114283,0.015121229370244236,0,1,None,,,,1740.7949999999998,0.04990535933294859,,,,,,,281.0,265.25,-3.099999999999978,1684.15,1740.7949999999998,6.579149446844498,3.0,7.0,6,0,0
S0003,Frozen Foods,2025-02-16,1211.06,184,111,56.43011396207227,0.046595638500216564,0,1,None,,,,1734.5949999999998,-0.3018197331365534,,,,,,,270.0,266.0,-0.8000000000000458,1827.67,1734.5949999999998,6.536914011971423,2.0,7.0,7,0,0
S0003,Frozen Foods,2025-02-23,1189.04,225,121,19.8789782961485,0.016718510980411508,1,1,Coupon,20.0,,,1553.87,-0.23478798097652953,,,,,,,184.0,238.75,-11.899999999999958,1211.06,1553.87,6.532239449721832,2.0,8.0,8,0,0
S0003,Frozen Foods,2025-03-02,1468.05,213,118,16.491932437393483,0.011233903775343812,0,1,None,,,,1477.98,-0.006718629480777861,,,,,,,225.0,240.0,-25.399999999999984,1189.04,1477.98,6.1572586416410235,3.0,8.0,9,0,0
S0003,Frozen Foods,2025-03-09,1682.48,249,135,12.2921891013112,0.007305994187931625,0,1,None,,,,1423.955,0.1815541923726523,,,,,,,213.0,223.0,-13.00000000000003,1468.05,1423.955,6.381967929396023,2.0,8.0,10,0,0
S0003,Frozen Foods,2025-03-16,1592.75,231,129,48.47737962436717,0.03043627664377157,0,1,None,,,,1387.6574999999998,0.147797637385306,,,,,,,249.0,217.75,18.300000000000008,1682.48,1387.6574999999998,6.378917840150151,2.0,8.0,11,0,0
S0003,Frozen Foods,2025-03-23,1603.29,237,123,59.123163685055175,0.03687615071824509,0,1,None,,,,1483.08,0.08105429241848049,,,,,,,231.0,229.5,5.400000000000024,1592.75,1483.08,6.457211294883823,2.0,8.0,12,0,0
S0003,Frozen Foods,2025-03-30,1452.21,219,122,113.4615399734235,0.07813025662502221,0,1,None,,,,1586.6425,-0.08472765604097955,,,,,,,237.0,232.5,5.4000000000000234,1603.29,1586.6425,6.827289916543457,2.0,8.0,13,0,0
S0003,Frozen Foods,2025-04-06,1764.72,259,143,4.8282559245671015,0.002735989802669603,0,1,None,,,,1582.6825,0.11501833121930656,,,,,,,219.0,234.0,-8.40000000000001,1452.21,1582.6825,6.7620005088645065,1.0,8.0,14,0,0
S0003,Frozen Foods,2025-04-13,1965.5,284,153,26.547392147295426,0.01350668641429429,0,1,None,,,,1603.2425,0.22595302956352512,,,,,,,259.0,236.5,6.600000000000005,1764.72,1603.2425,6.776161244471026,1.0,8.0,15,0,0
S0003,Frozen Foods,2025-04-20,1734.75,271,149,27.64265327996615,0.015934661063534312,0,1,None,,,,1696.4299999999998,0.022588612556957946,,,,,,,284.0,249.75,18.100000000000016,1965.5,1696.4299999999998,6.782599495187445,1.0,8.0,16,0,0
S0003,Frozen Foods,2025-04-27,1569.01,229,134,73.01952895851545,0.04653860010995178,0,1,None,,,,1729.295,-0.0926880607415161,,,,,,,271.0,258.25,18.10000000000003,1734.75,1729.295,6.691688196201038,0.0,8.0,17,0,0
S0003,Frozen Foods,2025-05-04,1564.29,231,131,40.924184019208404,0.02616150714970268,1,1,Coupon,10.0,,,1758.495,-0.11043818719984984,,,,,,,229.0,260.75,-10.299999999999994,1569.01,1758.495,6.746807236698736,0.0,8.0,18,0,0
S0003,Frozen Foods,2025-05-11,1453.03,213,116,35.227153571573574,0.02424392722213139,0,1,None,,,,1708.3874999999998,-0.1494728215934616,,,,,,,231.0,253.75,-20.09999999999999,1564.29,1708.3874999999998,6.736364098755597,1.0,8.0,19,0,0
S0003,Frozen Foods,2025-05-18,1582.15,237,134,21.986302996969883,0.013896471887602239,0,1,None,,,,1580.27,0.0011896701196631647,,,,,,,213.0,236.0,-17.199999999999985,1453.03,1580.27,6.711604709084235,1.0,8.0,20,0,0
S0003,Frozen Foods,2025-05-25,1193.64,181,113,46.48029619742914,0.038939961962927795,0,1,None,,,,1542.12,-0.22597463232433262,,,,,,,237.0,227.5,0.5999999999999928,1582.15,1542.12,6.780216430011571,1.0,8.0,21,0,0
S0003,Frozen Foods,2025-06-01,1192.29,199,121,13.73580083933961,0.011520520040711246,1,1,Coupon,15.0,,,1448.2775,-0.176753073910214,,,,,,,181.0,215.5,-12.59999999999999,1193.64,1448.2775,6.715997450060305,1.0,8.0,22,0,0
S0003,Frozen Foods,2025-06-08,1639.1299999999999,248,145,34.453440083944436,0.02101934567968644,0,1,None,,,,1355.2775,0.20944234667807882,,,,,,,199.0,207.5,-9.799999999999983,1192.29,1355.2775,6.52089466339973,2.0,8.0,23,0,0
S0003,Frozen Foods,2025-06-15,1525.76,237,131,9.958590151641,0.006526970265075109,0,1,None,,,,1401.8025,0.08842722138104332,,,,,,,248.0,216.25,5.100000000000002,1639.1299999999999,1401.8025,6.467809181421841,2.0,8.0,24,0,0
S0003,Frozen Foods,2025-06-22,1347.51,209,111,29.567561175329978,0.021942368646859747,0,1,None,,,,1387.705,-0.02896508984258177,,,,,,,237.0,216.25,21.700000000000003,1525.76,1387.705,6.408326059058972,2.0,8.0,25,0,0
S0003,Frozen Foods,2025-06-29,1183.43,207,109,26.707355671176106,0.022567752778935895,1,1,Coupon,15.0,,,1426.1725,-0.17020556769955938,,,,,,,209.0,223.25,1.9000000000000035,1347.51,1426.1725,6.371506092895446,2.0,8.0,26,0,0
S0003,Frozen Foods,2025-07-06,1486.53,222,117,27.06549847585986,0.018207166001264596,0,1,None,,,,1423.9575,0.04394267385086984,,,,,,,207.0,225.25,-15.1,1183.43,1423.9575,6.3029176191256315,2.0,8.0,27,0,0
S0003,Frozen Foods,2025-07-13,1652.86,237,136,48.50664629341276,0.029347099145367882,0,1,None,,,,1385.8075,0.1927053360585796,,,,,,,222.0,218.75,-4.700000000000013,1486.53,1385.8075,6.324589099073321,2.0,8.0,28,0,0
S0003,Frozen Foods,2025-07-20,1356.78,205,122,22.413829850357356,0.016519870465629916,0,1,None,,,,1417.5825,-0.042891683552809104,,,,,,,237.0,218.75,9.899999999999988,1652.86,1417.5825,6.4586608290311265,2.0,8.0,29,0,0
S0003,Frozen Foods,2025-07-27,1172.67,178,108,27.557477029026998,0.023499771486459955,1,1,Bundle,10.0,,,1419.8999999999999,-0.17411789562645244,,,,,,,205.0,217.75,0.9000000000000083,1356.78,1419.8999999999999,6.501416518143041,2.0,8.0,30,0,0
S0003,Frozen Foods,2025-08-03,1714.49,257,142,23.493028665858215,0.0137026338245532,0,1,None,,,,1417.21,0.2097642551209771,,,,,,,178.0,210.5,-16.39999999999998,1172.67,1417.21,6.719161660085179,2.0,8.0,31,0,0
S0003,Frozen Foods,2025-08-10,1663.75,242,122,13.062266949385583,0.007851099593920711,0,1,None,,,,1474.1999999999998,0.1285782119115454,,,,,,,257.0,219.25,3.2999999999999963,1714.49,1474.1999999999998,6.712933218608683,2.0,8.0,32,0,0
S0003,Frozen Foods,2025-08-17,1232.42,233,129,22.441577039317934,0.018209358042970684,1,1,Coupon,20.0,,,1476.9225,-0.16554863237576775,,,,,,,242.0,220.5,19.000000000000014,1663.75,1476.9225,6.6881600118576285,2.0,8.0,33,0,0
S0003,Frozen Foods,2025-08-24,1456.42,215,120,29.850152354375858,0.020495566082844138,0,1,None,,,,1445.8325,0.007322770791222421,,,,,,,233.0,227.5,15.00000000000003,1232.42,1445.8325,6.355889311554059,3.0,8.0,34,0,0
S0003,Frozen Foods,2025-08-31,1721.0,261,137,37.739071368325405,0.02192857139356502,0,1,None,,,,1516.77,0.13464796903947204,,,,,,,215.0,236.75,-13.499999999999966,1456.42,1516.77,6.402392512494744,2.0,8.0,35,0,0
S0003,Frozen Foods,2025-09-07,1724.78,263,149,8.677441156360256,0.005031042310532506,0,1,None,,,,1518.3975,0.13592125909058725,,,,,,,261.0,237.75,3.899999999999994,1721.0,1518.3975,6.383068116651161,2.0,8.0,36,0,0
S0003,Frozen Foods,2025-09-14,1882.6,280,159,63.929024162546106,0.03395783712023059,0,1,None,,,,1533.655,0.22752509527892514,,,,,,,263.0,243.0,13.599999999999996,1724.78,1533.655,6.3038428314800585,2.0,8.0,37,0,0
S0003,Frozen Foods,2025-09-21,1671.76,286,156,25.29775442164434,0.015132408014095527,1,1,Bundle,20.0,,,1696.1999999999998,-0.014408678221907693,,,,,,,280.0,254.75,19.700000000000024,1882.6,1696.1999999999998,6.662396632828925,2.0,8.0,38,0,0
S0003,Frozen Foods,2025-09-28,1760.79,274,142,111.1800541200555,0.06314214308353382,0,1,None,,,,1750.0349999999999,0.006145591373886871,,,,,,,286.0,272.5,9.200000000000022,1671.76,1750.0349999999999,6.430213676250618,2.0,8.0,39,0,0
S0003,Frozen Foods,2025-10-05,1741.8600000000001,249,143,74.8143603927956,0.04295084587325939,0,1,None,,,,1759.9824999999996,-0.010296977384718027,,,,,,,274.0,275.75,3.8999999999999804,1760.79,1759.9824999999996,6.388306462278529,2.0,8.0,40,0,0
S0003,Frozen Foods,2025-10-12,1654.72,240,129,8.160537556344774,0.00493167276418051,0,1,None,,,,1764.2524999999998,-0.06208436717533335,,,,,,,249.0,272.25,-10.49999999999999,1741.8600000000001,1764.2524999999998,6.497637169136379,2.0,8.0,41,0,0
S0003,Frozen Foods,2025-10-19,1673.75,247,132,29.435346583207547,0.01758646547166993,0,1,None,,,,1707.2825,-0.019640862013170068,,,,,,,240.0,262.25,-16.300000000000004,1654.72,1707.2825,6.540410978660189,1.0,8.0,42,0,0
S0003,Frozen Foods,2025-10-26,1609.35,238,130,22.02428062534741,0.013685202488798216,0,1,None,,,,1707.78,-0.057636229490918074,,,,,,,247.0,252.5,-9.000000000000007,1673.75,1707.78,6.773161254699938,1.0,8.0,43,0,0
S0003,Grains and Pasta,2024-12-29,265.3,149,87,12.156622024071446,0.04582217121775893,1,1,Manager_Special,30.0,,,1690.11,-0.8430279685937602,,,,,,,,245.33333333333334,,,1690.11,6.888801380962448,1.0,7.0,52,0,1
S0003,Grains and Pasta,2025-01-05,814.29,312,167,21.66556684673625,0.02660669644320359,0,1,None,,,,1197.9233333333332,-0.32024865252923806,,,,,,,149.0,212.0,,265.3,1197.9233333333332,5.150506456297345,2.0,7.0,1,1,0
S0003,Grains and Pasta,2025-01-12,787.11,316,177,15.183381196758118,0.01929003722066562,1,1,Coupon,15.0,,,917.7799999999997,-0.14237616858070537,,,,,,,312.0,236.0,,814.29,917.7799999999997,3.7222521827930706,2.0,7.0,2,1,0
S0003,Grains and Pasta,2025-01-19,853.09,330,184,3.7136971320043406,0.004353230177360349,0,1,None,,,,622.2333333333331,0.3710130176246858,,,,,,,316.0,259.0,,787.11,622.2333333333331,2.2937650630950923,2.0,7.0,3,0,0
S0003,Grains and Pasta,2025-01-26,779.05,298,169,2.224216179686924,0.0028550364927628835,0,1,None,,,,679.9474999999999,0.1457502233628333,,,,,,,330.0,276.75,54.70000000000001,853.09,679.9474999999999,2.3666041003516223,2.0,7.0,4,0,0
S0003,Grains and Pasta,2025-02-02,731.83,294,153,21.139543727166984,0.02888586656350106,1,1,Manager_Special,30.0,,,808.3849999999998,-0.0947011634307907,,,,,,,298.0,314.0,-2.7999999999999723,779.05,808.3849999999998,2.5750353084053135,2.0,7.0,5,0,0
S0003,Grains and Pasta,2025-02-09,678.51,292,167,10.259905340004417,0.015121229370244238,1,1,Manager_Special,10.0,,,787.7699999999999,-0.13869530446703973,,,,,,,294.0,309.5,-9.800000000000013,731.83,787.7699999999999,2.544863768635559,3.0,7.0,6,0,0
S0003,Grains and Pasta,2025-02-16,789.39,311,170,36.78213107568596,0.04659563850021657,1,1,BOGO,50.0,,,760.6199999999999,0.03782440640530107,,,,,,,292.0,303.5,-11.800000000000013,678.51,760.6199999999999,2.5030662569310334,4.0,7.0,7,0,0
S0003,Grains and Pasta,2025-02-23,939.29,353,191,15.703530178790725,0.016718510980411508,0,1,None,,,,744.6949999999999,0.2613083208561895,,,,,,,311.0,298.75,3.7000000000000086,789.39,744.6949999999999,2.4913438317142353,5.0,8.0,8,0,0
S0003,Grains and Pasta,2025-03-02,900.62,345,179,10.117478418150144,0.011233903775343812,0,1,None,,,,784.7549999999999,0.14764480634083266,,,,,,,353.0,312.5,19.600000000000005,939.29,784.7549999999999,2.5029979422148343,4.0,8.0,9,0,0
S0003,Grains and Pasta,2025-03-09,578.68,273,149,4.227832716672272,0.007305994187931624,1,1,Coupon,20.0,,,826.9524999999999,-0.30022582917398516,,,,,,,345.0,325.25,20.099999999999994,900.62,826.9524999999999,2.533316708851924,4.0,8.0,10,0,0
S0003,Grains and Pasta,2025-03-16,725.6,271,152,22.08456233272065,0.03043627664377157,0,1,None,,,,801.9949999999999,-0.09525620483918214,,,,,,,273.0,320.5,-12.200000000000019,578.68,801.9949999999999,2.4823273528882526,4.0,8.0,11,0,0
S0003,Grains and Pasta,2025-03-23,800.82,311,161,29.53115901818504,0.0368761507182451,0,1,None,,,,786.0474999999998,0.018793393529017353,,,,,,,271.0,310.5,-31.799999999999983,725.6,786.0474999999998,2.5171421688016853,4.0,8.0,12,0,0
S0003,Grains and Pasta,2025-03-30,715.43,277,168,55.896729497239626,0.0781302566250222,0,1,None,,,,751.43,-0.04790865416605672,,,,,,,311.0,300.0,-10.399999999999991,800.82,751.43,2.4956686027668713,4.0,8.0,13,0,0
S0003,Grains and Pasta,2025-04-06,860.84,335,173,2.355249461730101,0.002735989802669603,0,1,None,,,,705.1324999999998,0.22082020045877937,,,,,,,277.0,283.0,5.199999999999971,715.43,705.1324999999998,2.4887403602094498,3.0,8.0,14,0,0
S0003,Grains and Pasta,2025-04-13,665.99,300,166,8.995318085055853,0.013506686414294288,1,1,Manager_Special,15.0,,,775.6724999999999,-0.14140310504755538,,,,,,,335.0,298.5,15.799999999999986,860.84,775.6724999999999,2.6012315307304705,2.0,8.0,15,0,0
S0003,Grains and Pasta,2025-04-20,632.06,256,147,10.071661871817499,0.015934661063534316,0,1,None,,,,760.77,-0.16918385320136184,,,,,,,300.0,305.75,2.4999999999999862,665.99,760.77,2.4868505036702,2.0,8.0,16,0,0
S0003,Grains and Pasta,2025-04-27,853.77,322,184,39.73326061587354,0.04653860010995179,0,1,None,,,,718.5799999999999,0.18813493278410207,,,,,,,256.0,292.0,-9.799999999999988,632.06,718.5799999999999,2.4603506167128044,2.0,8.0,17,0,0
S0003,Grains and Pasta,2025-05-04,829.17,322,175,21.692336883318973,0.026161507149702685,1,1,Manager_Special,15.0,,,753.165,0.10091414231941208,,,,,,,322.0,303.25,-8.299999999999995,853.77,753.165,2.477520577696727,2.0,8.0,18,0,0
S0003,Grains and Pasta,2025-05-11,703.63,272,143,17.05875451130831,0.02424392722213139,0,1,None,,,,745.2474999999998,-0.05584386395123747,,,,,,,322.0,300.0,13.200000000000003,829.17,745.2474999999998,2.4788681951992766,2.0,8.0,19,0,0
S0003,Grains and Pasta,2025-05-18,842.5,343,184,11.707777565304886,0.013896471887602239,1,1,BOGO,50.0,,,754.6574999999998,0.11640048631332786,,,,,,,272.0,293.0,4.799999999999998,703.63,754.6574999999998,2.5705952785326103,2.0,8.0,20,0,0
S0003,Grains and Pasta,2025-05-25,779.91,297,165,30.36966573450702,0.0389399619629278,0,1,None,,,,807.2674999999999,-0.033889014484046444,,,,,,,343.0,314.75,1.300000000000012,842.5,807.2674999999999,2.567416240176196,3.0,8.0,21,0,0
S0003,Grains and Pasta,2025-06-01,649.47,247,143,7.482232150840733,0.011520520040711245,0,1,None,,,,788.8024999999998,-0.1766380050773163,,,,,,,297.0,308.5,-0.3999999999999917,779.91,788.8024999999998,2.561041232333797,3.0,8.0,22,0,0
S0003,Grains and Pasta,2025-06-08,834.01,315,169,17.53034449031529,0.021019345679686444,0,1,None,,,,743.8774999999999,0.12116578334470401,,,,,,,247.0,289.75,-12.099999999999957,649.47,743.8774999999999,2.5746340039786277,3.0,8.0,23,0,0
S0003,Grains and Pasta,2025-06-15,745.78,278,153,4.867683884287715,0.0065269702650751086,0,1,None,,,,776.4724999999999,-0.03952812237394098,,,,,,,315.0,300.5,-13.399999999999958,834.01,776.4724999999999,2.5898279523913263,2.0,8.0,24,0,0
S0003,Grains and Pasta,2025-06-22,619.46,313,166,13.59241968198374,0.021942368646859747,1,1,Coupon,25.0,,,752.2924999999999,-0.1765702835001012,,,,,,,278.0,284.25,1.1000000000000247,745.78,752.2924999999999,2.6464263646236397,2.0,8.0,25,0,0
S0003,Grains and Pasta,2025-06-29,676.98,250,137,15.277917276284024,0.022567752778935895,0,1,None,,,,712.18,-0.0494257069841893,,,,,,,313.0,288.25,16.09999999999999,619.46,712.18,2.4847128234612166,3.0,8.0,26,0,0
S0003,Grains and Pasta,2025-07-06,802.65,296,160,14.613981790915028,0.018207166001264596,0,1,None,,,,719.0574999999999,0.11625287268403445,,,,,,,250.0,289.0,-15.999999999999988,676.98,719.0574999999999,2.504334523866075,2.0,8.0,27,0,0
S0003,Grains and Pasta,2025-07-13,887.2,344,187,26.036746361770387,0.029347099145367882,0,1,None,,,,711.2175,0.24743837152488526,,,,,,,296.0,284.25,-0.8999999999999988,802.65,711.2175,2.520335676804728,2.0,8.0,28,0,0
S0003,Grains and Pasta,2025-07-20,850.12,327,168,14.0438722802413,0.016519870465629912,0,1,None,,,,746.5724999999999,0.13869717944338983,,,,,,,344.0,300.75,13.900000000000011,887.2,746.5724999999999,2.494437651039294,1.0,8.0,29,0,0
S0003,Grains and Pasta,2025-07-27,713.34,266,144,16.763326992151345,0.023499771486459955,0,1,None,,,,804.2374999999998,-0.11302320520990358,,,,,,,327.0,304.25,27.9,850.12,804.2374999999998,2.649600131132307,1.0,8.0,30,0,0
S0003,Grains and Pasta,2025-08-03,718.66,274,146,9.847534824353401,0.013702633824553199,0,1,None,,,,813.3274999999999,-0.11639530201548567,,,,,,,266.0,308.25,-10.70000000000001,713.34,813.3274999999999,2.6430524619593747,1.0,8.0,31,0,0
S0003,Grains and Pasta,2025-08-10,703.99,278,154,5.52709560312424,0.00785109959392071,0,1,None,,,,792.3299999999999,-0.11149394822864202,,,,,,,274.0,302.75,-27.099999999999987,718.66,792.3299999999999,2.62085028944014,1.0,8.0,32,0,0
S0003,Grains and Pasta,2025-08-17,812.8,304,164,14.800566217326574,0.018209358042970688,0,1,None,,,,746.5274999999999,0.0887743586137149,,,,,,,278.0,286.25,-13.899999999999988,703.99,746.5274999999999,2.609167379953776,1.0,8.0,33,0,0
S0003,Grains and Pasta,2025-08-24,803.72,299,166,16.47269637210349,0.020495566082844134,0,1,None,,,,737.1974999999999,0.09023701246952162,,,,,,,304.0,280.5,11.800000000000006,812.8,737.1974999999999,2.6276495946648653,0.0,8.0,34,0,0
S0003,Grains and Pasta,2025-08-31,741.17,284,168,16.25279925976859,0.02192857139356503,0,1,None,,,,759.7924999999999,-0.02450998134359045,,,,,,,299.0,288.75,10.100000000000012,803.72,759.7924999999999,2.6292239528010084,0.0,8.0,35,0,0
S0003,Grains and Pasta,2025-09-07,736.43,280,160,3.705010488745453,0.005031042310532506,0,1,None,,,,765.4199999999998,-0.037874630921585405,,,,,,,284.0,291.25,1.3000000000000065,741.17,765.4199999999998,2.6259506542505817,0.0,8.0,36,0,0
S0003,Grains and Pasta,2025-09-14,879.46,337,176,29.864559433757993,0.03395783712023059,1,1,Bundle,20.0,,,773.5299999999999,0.1369436220961051,,,,,,,280.0,291.75,-8.70000000000002,736.43,773.5299999999999,2.6503929075907666,0.0,8.0,37,0,0
S0003,Grains and Pasta,2025-09-21,848.45,328,176,12.83909157955935,0.015132408014095525,0,1,None,,,,790.1949999999999,0.07372230905029785,,,,,,,337.0,300.0,10.99999999999997,879.46,790.1949999999999,2.6343902525853005,1.0,8.0,38,0,0
S0003,Grains and Pasta,2025-09-28,428.25,240,132,27.040622775523357,0.06314214308353382,1,1,BOGO,100.0,,,801.3774999999998,-0.46560765681592,,,,,,,328.0,307.25,18.900000000000006,848.45,801.3774999999998,2.6090680148416023,1.0,8.0,39,0,0
S0003,Grains and Pasta,2025-10-05,715.6,283,154,30.73562530690442,0.04295084587325939,0,1,None,,,,723.1474999999998,-0.010437013195786183,,,,,,,240.0,296.25,-12.899999999999983,428.25,723.1474999999998,2.402723384559912,2.0,8.0,40,0,0
S0003,Grains and Pasta,2025-10-12,824.73,313,177,4.067298478802593,0.004931672764180511,0,1,None,,,,717.9399999999998,0.14874502047524893,,,,,,,283.0,297.0,-24.999999999999968,715.6,717.9399999999998,2.377352075877429,2.0,8.0,41,0,0
S0003,Grains and Pasta,2025-10-19,726.23,276,149,12.771818819490854,0.01758646547166993,0,1,None,,,,704.2574999999999,0.03119952574165001,,,,,,,313.0,291.0,-0.20000000000001453,824.73,704.2574999999999,2.3836637102001976,2.0,8.0,42,0,0
S0003,Grains and Pasta,2025-10-26,721.22,276,163,9.870041738971048,0.013685202488798214,1,1,Bundle,20.0,,,673.7024999999999,0.07053187423232089,,,,,,,276.0,278.0,13.800000000000022,726.23,673.7024999999999,2.3947962879661926,2.0,8.0,43,0,0
S0003,Meat and Seafood,2024-12-29,1530.96,161,90,70.15191124754021,0.04582217121775893,0,1,None,,,,755.5199999999999,1.026365946632783,,,,,,,,290.6666666666667,,,755.5199999999999,2.5982700506215903,2.0,7.0,52,0,1
S0003,Meat and Seafood,2025-01-05,2463.4,278,148,65.54293601818772,0.026606696443203588,1,1,Coupon,25.0,,,1027.3066666666666,1.3979207766587065,,,,,,,161.0,250.0,,1530.96,1027.3066666666666,4.925085522239643,2.0,7.0,1,1,0
S0003,Meat and Seafood,2025-01-12,2704.74,283,154,52.17453527222313,0.019290037220665624,1,1,Bundle,10.0,,,1573.53,0.7188995443366188,,,,,,,278.0,238.33333333333334,,2463.4,1573.53,7.000495839353365,2.0,7.0,2,1,0
S0003,Meat and Seafood,2025-01-19,2401.73,258,141,10.45528351387167,0.004353230177360348,0,1,None,,,,2233.0333333333333,0.07554596886148889,,,,,,,283.0,240.66666666666666,,2704.74,2233.0333333333333,9.30920152037622,3.0,7.0,3,0,0
S0003,Meat and Seafood,2025-01-26,2184.92,223,124,6.238026333767479,0.002855036492762883,0,1,None,,,,2275.2075,-0.039683193730681667,,,,,,,258.0,245.0,29.599999999999994,2401.73,2275.2075,9.30915889222015,2.0,7.0,4,0,0
S0003,Meat and Seafood,2025-02-02,2404.77,248,133,69.46386533591047,0.028885866563501072,0,1,None,,,,2438.6974999999998,-0.013912139574506386,,,,,,,223.0,260.5,-18.999999999999986,2184.92,2438.6974999999998,9.38135369488288,2.0,7.0,5,0,0
S0003,Meat and Seafood,2025-02-09,2652.73,292,150,40.11253878732799,0.015121229370244236,0,1,None,,,,2424.04,0.09434250259896704,,,,,,,248.0,253.0,-14.000000000000016,2404.77,2424.04,9.590229231550321,2.0,7.0,6,0,0
S0003,Meat and Seafood,2025-02-16,2822.75,304,168,131.5278385764863,0.04659563850021656,1,1,Bundle,20.0,,,2411.0375,0.1707615497477746,,,,,,,292.0,255.25,12.69999999999997,2652.73,2411.0375,9.472055887003151,2.0,7.0,7,0,0
S0003,Meat and Seafood,2025-02-23,2183.83,226,122,36.510385834352064,0.016718510980411508,0,1,None,,,,2516.2925,-0.1321239482293891,,,,,,,304.0,266.75,28.70000000000001,2822.75,2516.2925,9.466138595591481,3.0,8.0,8,0,0
S0003,Meat and Seafood,2025-03-02,2209.86,236,132,24.825354596981278,0.011233903775343812,0,1,None,,,,2516.02,-0.12168424734302584,,,,,,,226.0,267.5,-5.399999999999988,2183.83,2516.02,9.432417862625888,3.0,8.0,9,0,0
S0003,Meat and Seafood,2025-03-09,2063.93,222,125,15.079060584297718,0.007305994187931625,0,1,None,,,,2467.2924999999996,-0.1634838593316357,,,,,,,236.0,264.5,-24.600000000000016,2209.86,2467.2924999999996,9.349207946004784,2.0,8.0,10,0,0
S0003,Meat and Seafood,2025-03-16,2040.33,219,139,62.10004832458644,0.030436276643771566,0,1,None,,,,2320.0924999999997,-0.12058247677624916,,,,,,,222.0,247.0,-23.600000000000026,2063.93,2320.0924999999997,9.402280496294798,1.0,8.0,11,0,0
S0003,Meat and Seafood,2025-03-23,1806.47,226,122,66.61565998798822,0.0368761507182451,1,1,Coupon,15.0,,,2124.4874999999997,-0.1496913961602503,,,,,,,219.0,225.75,-3.4999999999999925,2040.33,2124.4874999999997,9.410083871384922,1.0,8.0,12,0,0
S0003,Meat and Seafood,2025-03-30,2259.59,236,135,176.54234656733394,0.07813025662502221,0,1,None,,,,2030.1474999999998,0.11301765019536776,,,,,,,226.0,225.75,-3.2999999999999905,1806.47,2030.1474999999998,8.992650243066338,2.0,8.0,13,0,0
S0003,Meat and Seafood,2025-04-06,2528.92,265,149,6.919099331767212,0.002735989802669603,0,1,None,,,,2042.58,0.23810083325989687,,,,,,,236.0,225.75,4.900000000000002,2259.59,2042.58,9.045330327812101,2.0,8.0,14,0,0
S0003,Meat and Seafood,2025-04-13,2284.92,237,142,30.861697921749307,0.013506686414294288,1,1,Bundle,15.0,,,2158.8275,0.058407862601342724,,,,,,,265.0,236.5,14.800000000000026,2528.92,2158.8275,9.106858417222266,2.0,8.0,15,0,0
S0003,Meat and Seafood,2025-04-20,2174.5,253,138,34.64992048265537,0.015934661063534316,1,1,Manager_Special,25.0,,,2219.975,-0.0204844649151454,,,,,,,237.0,241.0,6.200000000000008,2284.92,2219.975,9.187967746162789,2.0,8.0,16,0,0
S0003,Meat and Seafood,2025-04-27,1927.24,279,151,89.69105167590348,0.04653860010995178,1,1,Coupon,25.0,,,2311.9825,-0.16641237552619886,,,,,,,253.0,247.75,2.299999999999994,2174.5,2311.9825,9.338375639058658,3.0,8.0,17,0,0
S0003,Meat and Seafood,2025-05-04,2863.99,308,167,74.926294861677,0.026161507149702688,0,1,None,,,,2228.895,0.2849371549579499,,,,,,,279.0,258.5,5.799999999999995,1927.24,2228.895,8.671659727206402,4.0,8.0,18,0,0
S0003,Meat and Seafood,2025-05-11,2279.9,247,135,55.273729673737364,0.02424392722213139,0,1,None,,,,2312.6624999999995,-0.01416657207871852,,,,,,,308.0,269.25,23.899999999999988,2863.99,2312.6624999999995,8.61055335009295,4.0,8.0,19,0,0
S0003,Meat and Seafood,2025-05-18,2450.84,271,151,34.05802916101107,0.013896471887602237,0,1,None,,,,2311.4075,0.06032363397626786,,,,,,,247.0,271.75,1.0999999999999754,2279.9,2311.4075,8.507891278653394,4.0,8.0,20,0,0
S0003,Meat and Seafood,2025-05-25,2041.1299999999999,270,144,79.48152456139081,0.0389399619629278,1,1,Coupon,20.0,,,2380.4925,-0.14255978542255435,,,,,,,271.0,276.25,-8.500000000000039,2450.84,2380.4925,8.620098372858726,3.0,8.0,21,0,0
S0003,Meat and Seafood,2025-06-01,2258.83,243,132,26.02289628355978,0.011520520040711245,0,1,None,,,,2408.9649999999997,-0.062323445961232224,,,,,,,270.0,274.0,-8.999999999999975,2041.1299999999999,2408.9649999999997,8.783115995319895,4.0,8.0,22,0,0
S0003,Meat and Seafood,2025-06-08,2524.75,270,141,53.06859300478835,0.021019345679686444,0,1,None,,,,2257.6749999999997,0.11829647757095255,,,,,,,243.0,257.75,-1.299999999999995,2258.83,2257.6749999999997,8.78234796448242,4.0,8.0,23,0,0
S0003,Meat and Seafood,2025-06-15,2300.44,233,126,15.014903476589383,0.0065269702650751086,0,1,None,,,,2318.8875,-0.007955323404002896,,,,,,,270.0,263.5,-2.9999999999999853,2524.75,2318.8875,8.812488352846493,3.0,8.0,24,0,0
S0003,Meat and Seafood,2025-06-22,2195.56,234,134,48.175786906299386,0.021942368646859747,0,1,None,,,,2281.2875,-0.037578560352432545,,,,,,,233.0,254.0,-8.400000000000016,2300.44,2281.2875,9.019849105423976,2.0,8.0,25,0,0
S0003,Meat and Seafood,2025-06-29,1701.92,180,107,38.40850980952658,0.022567752778935895,0,1,None,,,,2319.8949999999995,-0.266380590500863,,,,,,,234.0,245.0,-6.399999999999995,2195.56,2319.8949999999995,9.47559768092255,1.0,8.0,26,0,0
S0003,Meat and Seafood,2025-07-06,2369.27,245,138,43.13769219181618,0.0182071660012646,0,1,None,,,,2180.6674999999996,0.08648842613557567,,,,,,,180.0,229.25,-26.9,1701.92,2180.6674999999996,9.515476281745597,1.0,8.0,27,0,0
S0003,Meat and Seafood,2025-07-13,2645.64,287,161,77.64185938295108,0.029347099145367882,0,1,None,,,,2141.7974999999997,0.23524282757823756,,,,,,,245.0,223.0,-1.8000000000000018,2369.27,2141.7974999999997,9.595367249243708,1.0,8.0,28,0,0
S0003,Meat and Seafood,2025-07-20,1851.02,216,126,30.57861062929028,0.016519870465629912,1,1,Coupon,15.0,,,2228.0975,-0.16923743238345715,,,,,,,287.0,236.5,22.399999999999988,2645.64,2228.0975,9.431648447371446,1.0,8.0,29,0,0
S0003,Meat and Seafood,2025-07-27,2320.58,239,130,54.53309971604924,0.023499771486459955,0,1,None,,,,2141.9624999999996,0.08338964851158708,,,,,,,216.0,232.0,14.999999999999996,1851.02,2141.9624999999996,9.228348945946944,1.0,8.0,30,0,0
S0003,Meat and Seafood,2025-08-03,2207.19,235,132,30.244316351215573,0.013702633824553197,0,1,None,,,,2296.6274999999996,-0.03894297181410549,,,,,,,239.0,246.75,-8.900000000000007,2320.58,2296.6274999999996,9.29195610540766,1.0,8.0,31,0,0
S0003,Meat and Seafood,2025-08-10,2370.11,250,132,18.607969658547415,0.00785109959392071,0,1,None,,,,2256.1074999999996,0.0505306152299926,,,,,,,235.0,244.25,-13.300000000000015,2207.19,2256.1074999999996,9.222408124513175,1.0,8.0,32,0,0
S0003,Meat and Seafood,2025-08-17,2380.95,251,139,43.355571032411056,0.018209358042970688,0,1,None,,,,2187.225,0.08857113465692826,,,,,,,250.0,235.0,9.799999999999981,2370.11,2187.225,9.287953664582862,1.0,8.0,33,0,0
S0003,Meat and Seafood,2025-08-24,2173.26,231,137,44.54219394520185,0.020495566082844138,0,1,None,,,,2319.7074999999995,-0.06313188192907913,,,,,,,251.0,243.75,5.099999999999997,2380.95,2319.7074999999995,9.517033548749897,1.0,8.0,34,0,0
S0003,Meat and Seafood,2025-08-31,2065.8,228,130,45.30004278482663,0.021928571393565025,0,1,None,,,,2282.8774999999996,-0.09508942113626309,,,,,,,231.0,241.75,-1.0999999999999828,2173.26,2282.8774999999996,9.44166159852439,1.0,8.0,35,0,0
S0003,Meat and Seafood,2025-09-07,2851.55,305,168,14.34626870059897,0.005031042310532506,1,1,Coupon,10.0,,,2247.5299999999997,0.2687483593099983,,,,,,,228.0,240.0,-8.600000000000005,2065.8,2247.5299999999997,9.358718709386652,1.0,8.0,36,0,0
S0003,Meat and Seafood,2025-09-14,2671.29,293,160,90.71123072090076,0.03395783712023059,1,1,Manager_Special,25.0,,,2367.89,0.12813095202902167,,,,,,,305.0,253.75,15.899999999999988,2851.55,2367.89,9.325944774960423,2.0,8.0,37,0,0
S0003,Meat and Seafood,2025-09-21,2743.91,291,159,41.521965673956856,0.015132408014095527,0,1,None,,,,2440.475,0.12433440211434248,,,,,,,293.0,264.25,26.299999999999972,2671.29,2440.475,9.233738310715015,2.0,8.0,38,0,0
S0003,Meat and Seafood,2025-09-28,2315.68,239,125,146.21699789567757,0.06314214308353382,0,1,None,,,,2583.1375,-0.10353978446753222,,,,,,,291.0,279.25,17.700000000000045,2743.91,2583.1375,9.239036320265603,2.0,8.0,39,0,0
S0003,Meat and Seafood,2025-10-05,2015.35,216,125,86.5609872306733,0.04295084587325939,0,1,None,,,,2645.6074999999996,-0.23822789283746731,,,,,,,239.0,282.0,-20.000000000000014,2315.68,2645.6074999999996,9.396164155544176,2.0,8.0,40,0,0
S0003,Meat and Seafood,2025-10-12,2663.75,286,159,13.136743325585835,0.00493167276418051,0,1,None,,,,2436.5575,0.0932432335374807,,,,,,,216.0,259.75,-28.3,2015.35,2436.5575,9.391409108488922,2.0,8.0,41,0,0
S0003,Meat and Seafood,2025-10-19,2002.97,213,125,35.225162745790726,0.01758646547166993,0,1,None,,,,2434.6724999999997,-0.17731440265579856,,,,,,,286.0,258.0,-3.8000000000000136,2663.75,2434.6724999999997,9.440604226510832,2.0,8.0,42,0,0
S0003,Meat and Seafood,2025-10-26,2045.33,220,135,27.990755206413652,0.013685202488798216,1,1,Manager_Special,15.0,,,2249.4374999999995,-0.09073712872662595,,,,,,,213.0,238.5,-0.7999999999999761,2002.97,2249.4374999999995,9.434196985815802,2.0,8.0,43,0,0
S0003,Pet Food,2024-12-29,992.4399999999999,133,74,45.475755603352674,0.04582217121775893,0,1,None,,,,2227.356666666666,-0.554431486051478,,,,,,,,238.33333333333334,,,2227.356666666666,9.349250095453149,2.0,7.0,52,0,1
S0003,Pet Food,2025-01-05,1578.17,219,128,41.989890125770614,0.02660669644320359,0,1,None,,,,1886.3866666666665,-0.1633899730702082,,,,,,,133.0,210.66666666666666,,992.4399999999999,1886.3866666666665,8.72646036650114,1.0,7.0,1,1,0
S0003,Pet Food,2025-01-12,1868.59,252,146,36.04517065016357,0.01929003722066562,0,1,None,,,,1524.5266666666664,0.22568534933247056,,,,,,,219.0,188.33333333333334,,1578.17,1524.5266666666664,8.023941872818263,0.0,7.0,2,1,0
S0003,Pet Food,2025-01-19,1942.31,253,139,8.455322505788779,0.004353230177360349,0,1,None,,,,1479.733333333333,0.3126081275905572,,,,,,,252.0,201.33333333333334,,1868.59,1479.733333333333,7.361083425840097,0.0,7.0,3,0,0
S0003,Pet Food,2025-01-26,1560.07,208,116,4.454056781264591,0.0028550364927628835,0,1,None,,,,1595.3774999999996,-0.02213112570535793,,,,,,,253.0,214.25,39.29999999999998,1942.31,1595.3774999999996,7.4400912255065546,0.0,7.0,4,0,0
S0003,Pet Food,2025-02-02,1579.58,215,122,45.627537106375016,0.02888586656350107,0,1,None,,,,1737.2849999999999,-0.09077670042623975,,,,,,,208.0,233.0,-3.199999999999997,1560.07,1737.2849999999999,7.449686638317428,0.0,7.0,5,0,0
S0003,Pet Food,2025-02-09,2018.89,267,149,30.528098763292387,0.015121229370244236,0,1,None,,,,1737.6374999999998,0.16185913344987105,,,,,,,215.0,232.0,-15.600000000000017,1579.58,1737.6374999999998,7.484843641609348,0.0,7.0,6,0,0
S0003,Pet Food,2025-02-16,1534.95,236,127,71.52197531590743,0.04659563850021657,1,1,Manager_Special,10.0,,,1775.2124999999996,-0.13534295190012444,,,,,,,267.0,235.75,4.900000000000015,2018.89,1775.2124999999996,7.521430162921993,0.0,7.0,7,0,0
S0003,Pet Food,2025-02-23,1487.6299999999999,196,107,24.87095848978957,0.016718510980411508,0,1,None,,,,1673.3725,-0.1109988959421767,,,,,,,236.0,231.5,13.60000000000002,1534.95,1673.3725,7.228157862727714,1.0,8.0,8,0,0
S0003,Pet Food,2025-03-02,1814.35,238,126,20.382233314795045,0.011233903775343812,0,1,None,,,,1655.2624999999998,0.09611013358908337,,,,,,,196.0,228.5,-8.800000000000006,1487.6299999999999,1655.2624999999998,7.250560973010288,1.0,8.0,9,0,0
S0003,Pet Food,2025-03-09,1644.04,209,109,12.011346684727107,0.007305994187931624,0,1,None,,,,1713.955,-0.04079161938323933,,,,,,,238.0,234.25,-12.699999999999964,1814.35,1713.955,7.3196698747105025,1.0,8.0,10,0,0
S0003,Pet Food,2025-03-16,1146.19,207,120,34.885755926324535,0.03043627664377157,1,1,Coupon,25.0,,,1620.2424999999998,-0.292581203122372,,,,,,,209.0,219.75,-3.9000000000000057,1644.04,1620.2424999999998,7.395878456686382,1.0,8.0,11,0,0
S0003,Pet Food,2025-03-23,1750.94,242,144,64.56792733860408,0.0368761507182451,1,1,Manager_Special,10.0,,,1523.0524999999996,0.14962550535848276,,,,,,,207.0,212.5,0.3999999999999847,1146.19,1523.0524999999996,7.154159540367705,2.0,8.0,12,0,0
S0003,Pet Food,2025-03-30,1299.25,248,125,101.51073592006009,0.0781302566250222,1,1,Coupon,30.0,,,1588.8799999999999,-0.18228563516439247,,,,,,,242.0,224.0,1.0000000000000042,1750.94,1588.8799999999999,7.065494609519334,3.0,8.0,13,0,0
S0003,Pet Food,2025-04-06,1536.72,200,108,4.204450249558432,0.002735989802669603,0,1,None,,,,1460.1049999999998,0.05247225370778146,,,,,,,248.0,226.5,15.200000000000003,1299.25,1460.1049999999998,6.469392600167206,4.0,8.0,14,0,0
S0003,Pet Food,2025-04-13,1743.55,233,134,23.549583097642806,0.013506686414294288,0,1,None,,,,1433.2749999999996,0.21647974045455365,,,,,,,200.0,224.25,-1.5000000000000222,1536.72,1433.2749999999996,6.423737576243761,4.0,8.0,15,0,0
S0003,Pet Food,2025-04-20,1686.28,217,130,26.870300258216645,0.015934661063534316,0,1,None,,,,1582.6149999999998,0.06550234896042323,,,,,,,233.0,230.75,-7.499999999999992,1743.55,1582.6149999999998,6.910211939205341,3.0,8.0,16,0,0
S0003,Pet Food,2025-04-27,1820.66,247,129,84.73096767618482,0.04653860010995178,0,1,None,,,,1566.4499999999998,0.16228414567972185,,,,,,,217.0,224.5,-6.000000000000023,1686.28,1566.4499999999998,7.04410851916497,3.0,8.0,17,0,0
S0003,Pet Food,2025-05-04,1461.94,193,118,38.24655376243634,0.026161507149702685,0,1,None,,,,1696.8024999999998,-0.13841475363219924,,,,,,,247.0,224.25,12.499999999999998,1820.66,1696.8024999999998,7.577153975936552,3.0,8.0,18,0,0
S0003,Pet Food,2025-05-11,1515.07,203,114,36.731246816434606,0.02424392722213139,0,1,None,,,,1678.1074999999998,-0.09715557555162582,,,,,,,193.0,222.5,-8.999999999999979,1461.94,1678.1074999999998,7.549958639148988,3.0,8.0,19,0,0
S0003,Pet Food,2025-05-18,1877.01,252,145,26.083816697748276,0.013896471887602237,0,1,None,,,,1620.9874999999997,0.1579423036883383,,,,,,,203.0,215.0,-9.59999999999998,1515.07,1620.9874999999997,7.545046590268462,2.0,8.0,20,0,0
S0003,Pet Food,2025-05-25,1585.2,208,118,61.72762770363315,0.0389399619629278,0,1,None,,,,1668.6699999999996,-0.05002187370780298,,,,,,,252.0,223.75,2.5000000000000093,1877.01,1668.6699999999996,7.46444079149734,1.0,8.0,21,0,0
S0003,Pet Food,2025-06-01,1461.73,194,109,16.839889759108846,0.011520520040711243,0,1,None,,,,1609.8049999999998,-0.0919831905106518,,,,,,,208.0,214.0,9.4,1585.2,1609.8049999999998,7.526955973683576,0.0,8.0,22,0,0
S0003,Pet Food,2025-06-08,1748.53,233,126,36.75295650130214,0.021019345679686444,0,1,None,,,,1609.7524999999998,0.08621045781882629,,,,,,,194.0,214.25,-7.100000000000009,1461.73,1609.7524999999998,7.516923990883511,0.0,8.0,23,0,0
S0003,Pet Food,2025-06-15,1968.11,263,147,12.845795448396972,0.0065269702650751086,0,1,None,,,,1668.1174999999996,0.17983895019385646,,,,,,,233.0,221.75,-7.1000000000000085,1748.53,1668.1174999999996,7.527179387403522,0.0,8.0,24,0,0
S0003,Pet Food,2025-06-22,1605.05,209,121,35.21859879664224,0.02194236864685975,0,1,None,,,,1690.8925,-0.05076756801511626,,,,,,,263.0,224.5,20.4,1968.11,1690.8925,7.535893288363145,0.0,8.0,25,0,0
S0003,Pet Food,2025-06-29,1521.19,200,113,34.329839849789494,0.022567752778935895,0,1,None,,,,1695.8549999999996,-0.10299524428680491,,,,,,,209.0,224.75,7.500000000000012,1605.05,1695.8549999999996,7.550521094767268,0.0,8.0,26,0,0
S0003,Pet Food,2025-07-06,1717.17,229,123,31.264799242391533,0.0182071660012646,0,1,None,,,,1710.7199999999998,0.0037703423120091385,,,,,,,200.0,226.25,-15.29999999999996,1521.19,1710.7199999999998,7.568335914354897,0.0,8.0,27,0,0
S0003,Pet Food,2025-07-13,1479.49,208,120,43.41873971458033,0.029347099145367886,0,1,None,,,,1702.8799999999999,-0.13118364183031095,,,,,,,229.0,225.25,-11.100000000000023,1717.17,1702.8799999999999,7.566870502131571,0.0,8.0,28,0,0
S0003,Pet Food,2025-07-20,1505.23,201,120,24.866204620980117,0.016519870465629916,0,1,None,,,,1580.725,-0.047759730503408176,,,,,,,208.0,211.5,2.599999999999998,1479.49,1580.725,7.474276679010775,0.0,8.0,29,0,0
S0003,Pet Food,2025-07-27,1457.75,195,111,34.256791884387,0.023499771486459955,0,1,None,,,,1555.77,-0.06300417156777671,,,,,,,201.0,209.5,-1.799999999999983,1505.23,1555.77,7.426537027983614,0.0,8.0,30,0,0
S0003,Pet Food,2025-08-03,1916.43,251,138,26.26013854038849,0.013702633824553199,0,1,None,,,,1539.9099999999999,0.24450779591015076,,,,,,,195.0,208.25,-10.899999999999999,1457.75,1539.9099999999999,7.3939597843938705,0.0,8.0,31,0,0
S0003,Pet Food,2025-08-10,1413.32,214,120,11.096116078080016,0.007851099593920708,1,1,Manager_Special,10.0,,,1589.7249999999997,-0.11096573306703976,,,,,,,251.0,213.75,12.299999999999992,1916.43,1589.7249999999997,7.428114867119735,0.0,8.0,32,0,0
S0003,Pet Food,2025-08-17,1799.33,240,131,32.764644207458446,0.018209358042970688,0,1,None,,,,1573.1825,0.14375159906749538,,,,,,,214.0,215.25,9.500000000000007,1413.32,1573.1825,7.300956460397953,1.0,8.0,33,0,0
S0003,Pet Food,2025-08-24,1515.93,210,124,31.069843491965912,0.020495566082844134,0,1,None,,,,1646.7075,-0.07941756505025933,,,,,,,240.0,225.0,9.800000000000018,1799.33,1646.7075,7.303081926815863,1.0,8.0,34,0,0
S0003,Pet Food,2025-08-31,1473.0,192,110,32.30078566272128,0.021928571393565025,0,1,None,,,,1661.2524999999998,-0.11331961878161198,,,,,,,210.0,228.75,-9.700000000000012,1515.93,1661.2524999999998,7.238850241834179,1.0,8.0,35,0,0
S0003,Pet Food,2025-09-07,1510.56,201,122,7.5996912725979815,0.005031042310532505,0,1,None,,,,1550.3949999999998,-0.025693452313765082,,,,,,,192.0,214.0,-9.600000000000012,1473.0,1550.3949999999998,7.248024171117047,1.0,8.0,36,0,0
S0003,Pet Food,2025-09-14,1543.01,221,127,52.397282254886996,0.03395783712023059,1,1,Coupon,10.0,,,1574.7049999999997,-0.020127579451389127,,,,,,,201.0,210.75,-13.500000000000014,1510.56,1574.7049999999997,7.47575537491116,1.0,8.0,37,0,0
S0003,Pet Food,2025-09-21,1912.23,269,136,28.936644576793892,0.015132408014095529,1,1,Manager_Special,25.0,,,1510.625,0.2658535374431113,,,,,,,221.0,206.0,4.200000000000009,1543.01,1510.625,7.346939716917193,2.0,8.0,38,0,0
S0003,Pet Food,2025-09-28,1644.79,223,115,103.85556552236558,0.06314214308353382,0,1,None,,,,1609.6999999999998,0.0217990929986955,,,,,,,269.0,220.75,25.099999999999998,1912.23,1609.6999999999998,7.319426572997916,3.0,8.0,39,0,0
S0003,Pet Food,2025-10-05,1203.25,226,124,51.68060529699937,0.0429508458732594,1,1,Coupon,30.0,,,1652.6474999999998,-0.27192580389950055,,,,,,,223.0,228.5,11.399999999999999,1644.79,1652.6474999999998,7.245392800576392,3.0,8.0,40,0,0
S0003,Pet Food,2025-10-12,1656.99,226,126,8.171732453519464,0.00493167276418051,0,1,None,,,,1575.8199999999997,0.05150969019304255,,,,,,,226.0,234.75,-3.0999999999999877,1203.25,1575.8199999999997,6.697615591489084,3.0,8.0,41,0,0
S0003,Pet Food,2025-10-19,1657.96,218,122,29.157656293409882,0.01758646547166993,0,1,None,,,,1604.3149999999996,0.03343794703658599,,,,,,,226.0,236.0,-12.599999999999975,1656.99,1604.3149999999996,6.785082705972726,3.0,8.0,42,0,0
S0003,Pet Food,2025-10-26,1446.85,199,116,19.8004352209177,0.013685202488798216,0,1,None,,,,1540.7474999999997,-0.06094282158497731,,,,,,,218.0,223.25,-1.500000000000006,1657.96,1540.7474999999997,6.909247553692791,3.0,8.0,43,0,0
S0003,Prepared Meals,2024-12-29,1297.73,162,93,59.46480625442231,0.04582217121775894,0,1,None,,,,1506.0666666666664,-0.13833163649240832,,,,,,,,223.33333333333334,,,1506.0666666666664,6.753750101485754,3.0,7.0,52,0,1
S0003,Prepared Meals,2025-01-05,2332.09,315,172,62.04921070823066,0.026606696443203588,1,1,Manager_Special,15.0,,,1537.5599999999997,0.516747313925961,,,,,,,162.0,202.0,,1297.73,1537.5599999999997,7.649271424185051,3.0,7.0,1,1,0
S0003,Prepared Meals,2025-01-12,2662.03,345,195,51.35065778252851,0.01929003722066562,1,1,Manager_Special,20.0,,,1762.5933333333332,0.5102916535861932,,,,,,,315.0,231.66666666666666,,2332.09,1762.5933333333332,7.673153476907813,3.0,7.0,2,1,0
S0003,Prepared Meals,2025-01-19,3105.15,383,206,13.517432685230487,0.004353230177360348,0,1,None,,,,2097.2833333333333,0.48055818241057885,,,,,,,345.0,274.0,,2662.03,2097.2833333333333,7.710056105104417,3.0,7.0,3,0,0
S0003,Prepared Meals,2025-01-26,2257.62,279,154,6.44558748679134,0.0028550364927628835,0,1,None,,,,2349.25,-0.0390039374268384,,,,,,,383.0,301.25,69.30000000000003,3105.15,2349.25,7.80940239214424,3.0,7.0,4,0,0
S0003,Prepared Meals,2025-02-02,2439.19,306,165,70.45811686302618,0.028885866563501072,0,1,None,,,,2589.2225,-0.057945000864158956,,,,,,,279.0,330.5,-7.00000000000002,2257.62,2589.2225,7.8296896283051325,2.0,7.0,5,0,0
S0003,Prepared Meals,2025-02-09,2530.41,309,171,38.26291001075972,0.015121229370244238,0,1,None,,,,2615.9975,-0.03271696551697779,,,,,,,306.0,328.25,-22.09999999999998,2439.19,2615.9975,7.971626836521752,2.0,7.0,6,0,0
S0003,Prepared Meals,2025-02-16,1651.18,272,171,76.93778637878759,0.046595638500216564,1,1,Manager_Special,25.0,,,2583.0924999999997,-0.3607739560236421,,,,,,,309.0,319.25,-19.499999999999993,2530.41,2583.0924999999997,8.089876871698337,2.0,7.0,7,0,0
S0003,Prepared Meals,2025-02-23,2564.47,311,174,42.8741198539359,0.01671851098041151,0,1,None,,,,2219.6,0.1553748423139304,,,,,,,272.0,291.5,-1.7999999999999874,1651.18,2219.6,7.580645234852999,3.0,8.0,8,0,0
S0003,Prepared Meals,2025-03-02,2181.42,285,166,24.505862373610498,0.011233903775343812,0,1,None,,,,2296.3125,-0.050033477586347644,,,,,,,311.0,299.5,-2.200000000000011,2564.47,2296.3125,7.6191593066989345,3.0,8.0,9,0,0
S0003,Prepared Meals,2025-03-09,2542.89,322,171,18.57833956054945,0.007305994187931625,0,1,None,,,,2231.87,0.13935399463230386,,,,,,,285.0,294.25,-3.3000000000000176,2181.42,2231.87,7.539883334906708,2.0,8.0,10,0,0
S0003,Prepared Meals,2025-03-16,2093.04,266,156,63.70434446647964,0.030436276643771566,0,1,None,,,,2234.99,-0.06351258842321435,,,,,,,322.0,297.5,12.40000000000002,2542.89,2234.99,7.466919531614181,1.0,8.0,11,0,0
S0003,Prepared Meals,2025-03-23,2355.0,292,168,86.8433349414672,0.0368761507182451,0,1,None,,,,2345.455,0.004069572854733974,,,,,,,266.0,296.0,-9.8,2093.04,2345.455,7.91643371228645,1.0,8.0,12,0,0
S0003,Prepared Meals,2025-03-30,2059.3,370,190,160.89363746790823,0.0781302566250222,1,1,BOGO,100.0,,,2293.0874999999996,-0.10195315268170076,,,,,,,292.0,291.25,-3.4999999999999845,2355.0,2293.0874999999996,7.871229774480874,1.0,8.0,13,0,0
S0003,Prepared Meals,2025-04-06,2684.62,333,181,7.345092944042869,0.002735989802669603,0,1,None,,,,2262.5575,0.18654222047395483,,,,,,,370.0,312.5,16.999999999999968,2059.3,2262.5575,7.349122377610319,2.0,8.0,14,0,0
S0003,Prepared Meals,2025-04-13,2034.89,257,140,27.48462111758331,0.01350668641429429,0,1,None,,,,2297.99,-0.11449135984055618,,,,,,,333.0,315.25,27.90000000000002,2684.62,2297.99,7.3903093798299295,2.0,8.0,15,0,0
S0003,Prepared Meals,2025-04-20,2779.45,350,186,44.28959369304045,0.015934661063534316,1,1,Bundle,15.0,,,2283.4525,0.2172138461386869,,,,,,,257.0,313.0,-14.199999999999983,2034.89,2283.4525,7.402631503231819,1.0,8.0,16,0,0
S0003,Prepared Meals,2025-04-27,2752.1,338,188,128.0788813625983,0.04653860010995179,0,1,None,,,,2389.5649999999996,0.1517158980818686,,,,,,,350.0,327.5,-13.600000000000001,2779.45,2389.5649999999996,7.371685808515577,2.0,8.0,17,0,0
S0003,Prepared Meals,2025-05-04,2628.38,332,183,68.76238216213554,0.02616150714970268,0,1,None,,,,2562.765,0.02560320591236428,,,,,,,338.0,319.5,10.799999999999997,2752.1,2562.765,8.01584381267358,2.0,8.0,18,0,0
S0003,Prepared Meals,2025-05-11,1967.07,260,140,47.689501920838,0.02424392722213139,1,1,BOGO,100.0,,,2548.7049999999995,-0.2282080507551873,,,,,,,332.0,319.25,21.300000000000022,2628.38,2548.7049999999995,7.979565139422016,2.0,8.0,19,0,0
S0003,Prepared Meals,2025-05-18,2211.95,301,174,30.738300991781767,0.013896471887602237,1,1,Manager_Special,10.0,,,2531.7499999999995,-0.12631578947368413,,,,,,,260.0,320.0,-27.59999999999998,1967.07,2531.7499999999995,7.891513620415731,3.0,8.0,20,0,0
S0003,Prepared Meals,2025-05-25,2198.75,284,145,85.61924136598749,0.038939961962927795,1,1,Manager_Special,20.0,,,2389.875,-0.07997280192478685,,,,,,,301.0,307.75,-18.300000000000043,2211.95,2389.875,7.743359965930681,4.0,8.0,21,0,0
S0003,Prepared Meals,2025-06-01,2451.04,301,164,28.23725544058489,0.011520520040711245,0,1,None,,,,2251.5374999999995,0.08860722950428343,,,,,,,284.0,294.25,-10.299999999999988,2198.75,2251.5374999999995,7.64330240905094,4.0,8.0,22,0,0
S0003,Prepared Meals,2025-06-08,2487.82,312,173,52.292348568837525,0.02101934567968644,0,1,None,,,,2207.2025,0.12713717930276008,,,,,,,301.0,286.5,10.600000000000035,2451.04,2207.2025,7.699848110127673,4.0,8.0,23,0,0
S0003,Prepared Meals,2025-06-15,2485.32,306,159,16.22160973919647,0.0065269702650751086,0,1,None,,,,2337.39,0.06328853978155134,,,,,,,312.0,299.5,5.0000000000000115,2487.82,2337.39,7.8018801614097235,4.0,8.0,24,0,0
S0003,Prepared Meals,2025-06-22,2077.62,261,145,45.587903948088744,0.021942368646859747,0,1,None,,,,2405.7325,-0.1363877737861546,,,,,,,306.0,300.75,7.700000000000016,2485.32,2405.7325,7.9952025834017775,3.0,8.0,25,0,0
S0003,Prepared Meals,2025-06-29,2039.99,255,137,46.03798999150143,0.022567752778935895,0,1,None,,,,2375.45,-0.1412195583994611,,,,,,,261.0,295.0,-12.599999999999959,2077.62,2375.45,8.049740688468962,3.0,8.0,26,0,0
S0003,Prepared Meals,2025-07-06,2525.68,314,165,45.98547502607397,0.0182071660012646,0,1,None,,,,2272.6875,0.11131864807634126,,,,,,,255.0,283.5,-21.600000000000026,2039.99,2272.6875,8.013983376241745,3.0,8.0,27,0,0
S0003,Prepared Meals,2025-07-13,1876.0,300,166,55.05515799671014,0.02934709914536788,1,1,Coupon,20.0,,,2282.1525,-0.17796904457524207,,,,,,,314.0,284.0,1.7999999999999914,2525.68,2282.1525,8.031429583166457,2.0,8.0,28,0,0
S0003,Prepared Meals,2025-07-20,2464.4,321,172,40.71156877549836,0.016519870465629912,0,1,None,,,,2129.8224999999998,0.15709172947510902,,,,,,,300.0,282.5,17.599999999999994,1876.0,2129.8224999999998,7.564272720421357,2.0,8.0,29,0,0
S0003,Prepared Meals,2025-07-27,1974.28,251,144,46.39512885028816,0.023499771486459955,0,1,None,,,,2226.5175,-0.11328790364324555,,,,,,,321.0,297.5,18.40000000000001,2464.4,2226.5175,7.493529890901537,1.0,8.0,30,0,0
S0003,Prepared Meals,2025-08-03,2561.54,318,173,35.099844646945996,0.013702633824553197,0,1,None,,,,2210.0899999999997,0.15902067336624315,,,,,,,251.0,296.5,-16.799999999999994,1974.28,2210.0899999999997,7.459954037452588,1.0,8.0,31,0,0
S0003,Prepared Meals,2025-08-10,2138.14,273,152,16.786750085745627,0.00785109959392071,0,1,None,,,,2219.055,-0.036463719916811424,,,,,,,318.0,297.5,-1.6000000000000356,2561.54,2219.055,7.4628516258834665,1.0,8.0,32,0,0
S0003,Prepared Meals,2025-08-17,2154.91,266,151,39.239527740377966,0.018209358042970688,0,1,None,,,,2284.5899999999997,-0.05676292026140351,,,,,,,273.0,290.75,-7.7,2138.14,2284.5899999999997,7.857521955553795,1.0,8.0,33,0,0
S0003,Prepared Meals,2025-08-24,2290.9,294,171,46.95329233918763,0.020495566082844134,0,1,None,,,,2207.2174999999997,0.03791311911943447,,,,,,,266.0,277.0,4.919559283351271e-15,2154.91,2207.2174999999997,7.963498667192706,1.0,8.0,34,0,0
S0003,Prepared Meals,2025-08-31,2775.34,361,195,60.85924133141676,0.021928571393565025,1,1,Manager_Special,15.0,,,2286.3724999999995,0.21386169576479808,,,,,,,294.0,287.75,-7.899999999999992,2290.9,2286.3724999999995,7.945128542250298,1.0,8.0,35,0,0
S0003,Prepared Meals,2025-09-07,2369.67,302,160,11.921910031999563,0.005031042310532505,0,1,None,,,,2339.8224999999998,0.01275630950638363,,,,,,,361.0,298.5,29.19999999999999,2775.34,2339.8224999999998,7.85331984349248,2.0,8.0,36,0,0
S0003,Prepared Meals,2025-09-14,2954.55,380,193,100.33012766357727,0.03395783712023058,0,1,None,,,,2397.705,0.23224083029396872,,,,,,,302.0,305.75,17.5,2369.67,2397.705,7.8569635314821955,1.0,8.0,37,0,0
S0003,Prepared Meals,2025-09-21,2784.84,349,179,42.14133513397379,0.015132408014095527,0,1,None,,,,2597.615,0.07207573100709704,,,,,,,380.0,334.25,19.900000000000002,2954.55,2597.615,7.775455072835579,1.0,8.0,38,0,0
S0003,Prepared Meals,2025-09-28,1952.5,249,142,123.28503437059976,0.0631421430835338,0,1,None,,,,2721.1,-0.2824592995479769,,,,,,,349.0,348.0,4.199999999999981,2784.84,2721.1,7.822281915320424,1.0,8.0,39,0,0
S0003,Prepared Meals,2025-10-05,2427.36,309,162,104.25716523891492,0.04295084587325939,1,1,Bundle,10.0,,,2515.39,-0.034996561169440825,,,,,,,249.0,320.0,-18.999999999999996,1952.5,2515.39,7.860642671363989,1.0,8.0,40,0,0
S0003,Prepared Meals,2025-10-12,2923.22,363,190,14.41636445770775,0.00493167276418051,0,1,None,,,,2529.8125,0.15550856041702688,,,,,,,309.0,321.75,-31.299999999999976,2427.36,2529.8125,7.862878815516243,2.0,8.0,41,0,0
S0003,Prepared Meals,2025-10-19,2525.22,339,176,44.40969433837034,0.01758646547166993,1,1,Bundle,20.0,,,2521.9799999999996,0.0012847048747413688,,,,,,,363.0,317.5,10.200000000000003,2923.22,2521.9799999999996,7.932332835379951,2.0,8.0,42,0,0
S0003,Prepared Meals,2025-10-26,2349.58,294,170,32.15447806363051,0.013685202488798218,0,1,None,,,,2457.075,-0.04374917330565811,,,,,,,339.0,315.0,32.40000000000002,2525.22,2457.075,7.799718412376173,3.0,8.0,43,0,0
S0003,Snacks/Cookies/Chips,2024-12-29,487.88,159,81,22.35572089372023,0.04582217121775893,0,1,None,,,,2625.2666666666664,-0.8141598313822087,,,,,,,,337.0,,,2625.2666666666664,7.785836062552434,2.0,7.0,52,0,1
S0003,Snacks/Cookies/Chips,2025-01-05,788.88,271,143,20.989490690114447,0.026606696443203588,1,1,Coupon,30.0,,,1978.7733333333326,-0.6013287693385799,,,,,,,159.0,287.0,,487.88,1978.7733333333326,6.19013396001025,2.0,7.0,1,1,0
S0003,Snacks/Cookies/Chips,2025-01-12,822.23,261,145,15.860847303947894,0.01929003722066562,0,1,None,,,,1267.3266666666661,-0.35120910683380735,,,,,,,271.0,256.3333333333333,,788.88,1267.3266666666661,4.476150177197216,3.0,7.0,2,1,0
S0003,Snacks/Cookies/Chips,2025-01-19,928.17,292,157,4.040537653720555,0.004353230177360348,0,1,None,,,,699.663333333333,0.3265951719636594,,,,,,,261.0,230.33333333333334,,822.23,699.663333333333,3.0432434987763473,3.0,7.0,3,0,0
S0003,Snacks/Cookies/Chips,2025-01-26,656.54,224,129,1.8744456589585432,0.002855036492762883,1,1,BOGO,100.0,,,756.7899999999997,-0.13246739518228282,,,,,,,292.0,245.75,38.90000000000003,928.17,756.7899999999997,3.0770987199726716,3.0,7.0,4,0,0
S0003,Snacks/Cookies/Chips,2025-02-02,853.84,264,137,24.663908306579753,0.02888586656350107,0,1,None,,,,798.9549999999997,0.0686959841292693,,,,,,,224.0,262.0,-10.999999999999993,656.54,798.9549999999997,3.0427373374479636,3.0,7.0,5,0,0
S0003,Snacks/Cookies/Chips,2025-02-09,943.72,304,160,14.27020658128689,0.015121229370244236,0,1,None,,,,815.1949999999997,0.15766166377369875,,,,,,,264.0,260.25,-5.899999999999993,853.84,815.1949999999997,3.123548866017795,3.0,7.0,6,0,0
S0003,Snacks/Cookies/Chips,2025-02-16,688.27,262,149,32.07038011054406,0.04659563850021657,1,1,Coupon,20.0,,,845.5674999999999,-0.1860259529842383,,,,,,,304.0,271.0,7.600000000000025,943.72,845.5674999999999,3.1120577639810936,2.0,7.0,7,0,0
S0003,Snacks/Cookies/Chips,2025-02-23,941.71,287,154,15.743988975363322,0.016718510980411508,0,1,None,,,,785.5924999999997,0.19872580249938784,,,,,,,262.0,263.5,15.400000000000002,688.27,785.5924999999997,2.97413785129679,3.0,8.0,8,0,0
S0003,Snacks/Cookies/Chips,2025-03-02,625.28,254,146,7.024335352646978,0.011233903775343812,1,1,Coupon,25.0,,,856.8849999999998,-0.2702871447160352,,,,,,,287.0,279.25,2.7000000000000415,941.71,856.8849999999998,3.061697193631285,3.0,8.0,9,0,0
S0003,Snacks/Cookies/Chips,2025-03-09,690.18,220,124,5.042451068626648,0.007305994187931625,0,1,None,,,,799.7449999999998,-0.13699991872409312,,,,,,,254.0,276.75,-12.500000000000007,625.28,799.7449999999998,2.8685696584368205,3.0,8.0,10,0,0
S0003,Snacks/Cookies/Chips,2025-03-16,827.58,259,142,25.188453824852477,0.03043627664377157,0,1,None,,,,736.3599999999998,0.1238796240969095,,,,,,,220.0,255.75,-15.899999999999967,690.18,736.3599999999998,2.8767795866664856,3.0,8.0,11,0,0
S0003,Snacks/Cookies/Chips,2025-03-23,742.99,242,137,27.39861122214893,0.036876150718245106,0,1,None,,,,771.1874999999998,-0.03656374098387198,,,,,,,259.0,255.0,-11.799999999999988,827.58,771.1874999999998,3.018855797282772,3.0,8.0,12,0,0
S0003,Snacks/Cookies/Chips,2025-03-30,834.2,253,144,65.17626007659352,0.0781302566250222,0,1,None,,,,721.5074999999998,0.15619033759177867,,,,,,,242.0,243.75,0.3000000000000272,742.99,721.5074999999998,2.9661025721265535,2.0,8.0,13,0,0
S0003,Snacks/Cookies/Chips,2025-04-06,783.39,250,139,2.1433470515133397,0.002735989802669602,0,1,None,,,,773.7374999999997,0.012475161149615034,,,,,,,253.0,243.5,8.200000000000006,834.2,773.7374999999997,3.174977801655669,2.0,8.0,14,0,0
S0003,Snacks/Cookies/Chips,2025-04-13,746.99,240,132,10.089359684613692,0.01350668641429429,1,1,Bundle,25.0,,,797.0399999999998,-0.06279484091137189,,,,,,,250.0,251.0,-1.599999999999986,783.39,797.0399999999998,3.1740723471102146,2.0,8.0,15,0,0
S0003,Snacks/Cookies/Chips,2025-04-20,896.56,290,151,14.286379723122323,0.015934661063534312,0,1,None,,,,776.8924999999997,0.15403353745852907,,,,,,,240.0,246.25,-0.9000000000000048,746.99,776.8924999999997,3.1533645366211545,2.0,8.0,16,0,0
S0003,Snacks/Cookies/Chips,2025-04-27,712.71,247,146,33.168525684363736,0.04653860010995178,1,1,Manager_Special,10.0,,,815.2849999999997,-0.12581489908436894,,,,,,,290.0,258.25,10.099999999999996,896.56,815.2849999999997,3.15870943545273,2.0,8.0,17,0,0
S0003,Snacks/Cookies/Chips,2025-05-04,798.01,250,143,20.877144320534235,0.026161507149702678,0,1,None,,,,784.9124999999997,0.016686573344162965,,,,,,,247.0,256.75,4.100000000000006,712.71,784.9124999999997,3.055767531818607,2.0,8.0,18,0,0
S0003,Snacks/Cookies/Chips,2025-05-11,714.04,226,129,17.3111337936907,0.024243927222131395,0,1,None,,,,788.5674999999998,-0.09450998170733618,,,,,,,250.0,256.75,-1.2999999999999774,798.01,788.5674999999998,3.0703875318186067,2.0,8.0,19,0,0
S0003,Snacks/Cookies/Chips,2025-05-18,820.48,260,142,11.401777254339883,0.013896471887602237,0,1,None,,,,780.3299999999998,0.05145259057065628,,,,,,,226.0,253.25,-18.9,714.04,780.3299999999998,3.082140205122441,2.0,8.0,20,0,0
S0003,Snacks/Cookies/Chips,2025-05-25,695.9,222,120,27.098319530001454,0.0389399619629278,0,1,None,,,,761.3099999999998,-0.0859176945002691,,,,,,,260.0,245.75,1.5000000000000169,820.48,761.3099999999998,3.0981667303213802,2.0,8.0,21,0,0
S0003,Snacks/Cookies/Chips,2025-06-01,811.72,259,146,9.351436527446133,0.011520520040711246,0,1,None,,,,757.1074999999998,0.07213308546012316,,,,,,,222.0,239.5,-5.0,695.9,757.1074999999998,3.160471504731418,2.0,8.0,22,0,0
S0003,Snacks/Cookies/Chips,2025-06-08,837.5,275,160,17.603702006737397,0.021019345679686444,0,1,None,,,,760.5349999999997,0.10119849842545088,,,,,,,259.0,241.75,6.10000000000002,811.72,760.5349999999997,3.1459750182449313,2.0,8.0,23,0,0
S0003,Snacks/Cookies/Chips,2025-06-15,767.7,238,131,5.010755072498162,0.006526970265075109,0,1,None,,,,791.3999999999997,-0.02994692949203906,,,,,,,275.0,254.0,8.200000000000042,837.5,791.3999999999997,3.1174713979714,1.0,8.0,24,0,0
S0003,Snacks/Cookies/Chips,2025-06-22,809.61,257,137,17.76476108018412,0.021942368646859747,0,1,None,,,,778.2049999999997,0.040355690338664395,,,,,,,238.0,248.5,6.400000000000008,767.7,778.2049999999997,3.134955884073533,1.0,8.0,25,0,0
S0003,Snacks/Cookies/Chips,2025-06-29,624.52,217,117,14.094012965501044,0.022567752778935895,1,1,BOGO,100.0,,,806.6324999999998,-0.22576886004469182,,,,,,,257.0,257.25,-4.300000000000004,809.61,806.6324999999998,3.1388430786611163,0.0,8.0,26,0,0
S0003,Snacks/Cookies/Chips,2025-07-06,724.46,275,143,13.190363481276151,0.018207166001264596,1,1,Coupon,20.0,,,759.8324999999998,-0.04655302319919157,,,,,,,217.0,246.75,-15.499999999999982,624.52,759.8324999999998,3.074822652705207,1.0,8.0,27,0,0
S0003,Snacks/Cookies/Chips,2025-07-13,946.66,302,160,27.78172487695396,0.029347099145367882,0,1,None,,,,731.5724999999998,0.29400708747253385,,,,,,,275.0,246.75,7.099999999999984,724.46,731.5724999999998,2.9720590163415705,2.0,8.0,28,0,0
S0003,Snacks/Cookies/Chips,2025-07-20,868.77,268,136,14.351967864425298,0.016519870465629912,0,1,None,,,,776.3124999999998,0.11909830126398871,,,,,,,302.0,262.75,19.299999999999983,946.66,776.3124999999998,2.949310393713711,2.0,8.0,29,0,0
S0003,Snacks/Cookies/Chips,2025-07-27,804.24,250,131,18.899456220270554,0.023499771486459955,0,1,None,,,,791.1024999999997,0.016606571209167306,,,,,,,268.0,265.5,18.00000000000004,868.77,791.1024999999997,2.9721718040743594,2.0,8.0,30,0,0
S0003,Snacks/Cookies/Chips,2025-08-03,820.66,259,147,11.245203474457828,0.013702633824553199,0,1,None,,,,836.0324999999998,-0.018387443071889952,,,,,,,250.0,273.75,-10.90000000000002,804.24,836.0324999999998,3.0569187165167557,2.0,8.0,31,0,0
S0003,Snacks/Cookies/Chips,2025-08-10,816.08,255,146,6.407125356606813,0.00785109959392071,0,1,None,,,,860.0824999999998,-0.05116078980795415,,,,,,,259.0,269.75,-14.699999999999983,820.66,860.0824999999998,3.190461573659613,2.0,8.0,32,0,0
S0003,Snacks/Cookies/Chips,2025-08-17,691.87,223,129,12.59850854919013,0.018209358042970688,0,1,None,,,,827.4374999999998,-0.16384016919706904,,,,,,,255.0,258.0,-3.0000000000000058,816.08,827.4374999999998,3.206881064634811,2.0,8.0,33,0,0
S0003,Snacks/Cookies/Chips,2025-08-24,813.95,264,156,16.682366013130984,0.020495566082844134,0,1,None,,,,783.2124999999997,0.03924541551622364,,,,,,,223.0,246.75,-8.499999999999996,691.87,783.2124999999997,3.1721003019683227,2.0,8.0,34,0,0
S0003,Snacks/Cookies/Chips,2025-08-31,656.55,208,125,14.397203548445116,0.021928571393565025,0,1,None,,,,785.6399999999998,-0.16431189857950187,,,,,,,264.0,250.25,-1.6999999999999886,813.95,785.6399999999998,3.1386462868168077,1.0,8.0,35,0,0
S0003,Snacks/Cookies/Chips,2025-09-07,867.53,274,143,4.364580135656265,0.005031042310532506,0,1,None,,,,744.6124999999998,0.16507579445684858,,,,,,,208.0,237.5,-10.000000000000027,656.55,744.6124999999998,3.1356260258277966,0.0,8.0,36,0,0
S0003,Snacks/Cookies/Chips,2025-09-14,821.04,256,146,27.88074258919412,0.03395783712023059,0,1,None,,,,757.4749999999997,0.08391696095580753,,,,,,,274.0,242.25,9.699999999999967,867.53,757.4749999999997,3.127089565258167,0.0,8.0,37,0,0
S0003,Snacks/Cookies/Chips,2025-09-21,894.01,285,161,13.528524088681541,0.015132408014095527,0,1,None,,,,789.7674999999997,0.13199137720911577,,,,,,,256.0,250.5,4.200000000000015,821.04,789.7674999999997,3.1532474268052524,0.0,8.0,38,0,0
S0003,Snacks/Cookies/Chips,2025-09-28,753.37,239,131,47.56939633484187,0.06314214308353382,0,1,None,,,,809.7824999999998,-0.06966376774010281,,,,,,,285.0,255.75,21.300000000000033,894.01,809.7824999999998,3.1666807402023815,0.0,8.0,39,0,0
S0003,Snacks/Cookies/Chips,2025-10-05,1009.4,314,165,43.35458382446803,0.04295084587325939,0,1,None,,,,833.9874999999997,0.21032989103553748,,,,,,,239.0,263.5,-7.599999999999973,753.37,833.9874999999997,3.1656020771029287,0.0,8.0,40,0,0
S0003,Snacks/Cookies/Chips,2025-10-12,927.11,289,156,4.572203136399393,0.00493167276418051,0,1,None,,,,869.4549999999998,0.06631165500227178,,,,,,,314.0,273.5,12.800000000000011,1009.4,869.4549999999998,3.177722526682175,0.0,8.0,41,0,0
S0003,Snacks/Cookies/Chips,2025-10-19,746.03,234,130,13.120030835829917,0.01758646547166993,0,1,None,,,,895.9724999999999,-0.16735167653025054,,,,,,,289.0,281.75,8.70000000000003,927.11,895.9724999999999,3.1779239215783686,0.0,8.0,42,0,0
S0003,Snacks/Cookies/Chips,2025-10-26,786.22,253,144,10.759579900742933,0.013685202488798216,0,1,None,,,,858.9774999999997,-0.08470245146118464,,,,,,,234.0,269.0,-3.999999999999983,746.03,858.9774999999997,3.1907452216233527,0.0,8.0,43,0,0
S0004,Alcohol,2024-12-29,2746.02,219,114,62.86113765544685,0.02289172608191013,1,1,Manager_Special,10.0,,,894.1799999999997,2.0709924176340344,,,,,,,,279.0,,,894.1799999999997,3.203601718091946,0.0,7.0,52,0,1
S0004,Alcohol,2025-01-05,3915.91,316,182,86.74837060327152,0.022152799886430364,0,1,None,,,,1473.053333333333,1.658362675259552,,,,,,,219.0,247.33333333333334,,2746.02,1473.053333333333,6.3116865274454055,1.0,7.0,1,1,0
S0004,Alcohol,2025-01-12,3867.8,317,171,30.27263923588848,0.007826836764023083,0,1,None,,,,2469.3199999999997,0.566342150875545,,,,,,,316.0,256.3333333333333,,3915.91,2469.3199999999997,9.373062251972,1.0,7.0,2,1,0
S0004,Alcohol,2025-01-19,3922.28,319,179,17.035863828849454,0.004343357391325824,0,1,None,,,,3509.91,0.11748734298030444,,,,,,,317.0,284.0,,3867.8,3509.91,12.377428730802201,1.0,7.0,3,0,0
S0004,Alcohol,2025-01-26,4077.05,331,182,12.449737594219622,0.0030536141558773185,0,1,None,,,,3613.0024999999996,0.12843818956671096,,,,,,,319.0,292.75,30.100000000000026,3922.28,3613.0024999999996,12.356958695437074,1.0,7.0,4,0,0
S0004,Alcohol,2025-02-02,3736.06,300,170,70.02701564763605,0.018743546850863223,0,1,None,,,,3945.7599999999998,-0.05314565508292441,,,,,,,331.0,320.75,4.6999999999999815,4077.05,3945.7599999999998,12.301575568341928,1.0,7.0,5,0,0
S0004,Alcohol,2025-02-09,4179.57,336,186,55.3773535315544,0.013249533691636796,0,1,None,,,,3900.7975,0.071465514423653,,,,,,,300.0,316.75,-3.8999999999999724,3736.06,3900.7975,12.316928838384122,1.0,7.0,6,0,0
S0004,Alcohol,2025-02-16,3675.54,310,171,35.39804118099294,0.009630704925260762,0,1,None,,,,3978.74,-0.07620502973303102,,,,,,,336.0,321.5,2.000000000000007,4179.57,3978.74,12.37641248811373,1.0,7.0,7,0,0
S0004,Alcohol,2025-02-23,3292.76,261,146,55.66145774162591,0.016904195186295358,0,1,None,,,,3917.0549999999994,-0.15937866585993796,,,,,,,310.0,319.25,-2.699999999999986,3675.54,3917.0549999999994,12.26667050206863,1.0,8.0,8,0,0
S0004,Alcohol,2025-03-02,4455.28,356,189,46.97018170082754,0.010542588053012952,0,1,None,,,,3720.9825,0.1973396811191667,,,,,,,261.0,301.75,-14.299999999999985,3292.76,3720.9825,12.341312276096017,0.0,8.0,9,0,0
S0004,Alcohol,2025-03-09,3988.41,312,168,26.964076033209338,0.0067606078696045135,0,1,None,,,,3900.7874999999995,0.022462771940281394,,,,,,,356.0,315.75,1.0999999999999683,4455.28,3900.7874999999995,12.356636807931224,0.0,8.0,10,0,0
S0004,Alcohol,2025-03-16,4105.8,331,178,137.34061365982464,0.033450390584009115,0,1,None,,,,3852.9974999999995,0.06561190345957939,,,,,,,312.0,309.75,10.100000000000005,3988.41,3852.9974999999995,12.44267904694221,0.0,8.0,11,0,0
S0004,Alcohol,2025-03-23,4647.07,373,193,52.835226527652104,0.01136957836392654,0,1,None,,,,3960.5625,0.17333585822720882,,,,,,,331.0,315.0,16.600000000000012,4105.8,3960.5625,12.579591287464577,0.0,8.0,12,0,0
S0004,Alcohol,2025-03-30,3864.55,309,171,270.50189470104914,0.06999570317399158,0,1,None,,,,4299.139999999999,-0.10108765939234342,,,,,,,373.0,343.0,6.999999999999993,4647.07,4299.139999999999,12.540264790078776,0.0,8.0,13,0,0
S0004,Alcohol,2025-04-06,3889.62,317,181,17.885920279894055,0.004598372149437234,0,1,None,,,,4151.4575,-0.0630712225766494,,,,,,,309.0,331.25,3.300000000000014,3864.55,4151.4575,12.538215500962016,0.0,8.0,14,0,0
S0004,Alcohol,2025-04-13,2822.1,235,131,24.66419515079105,0.008739660235566086,0,1,None,,,,4126.76,-0.31614632302338885,,,,,,,317.0,332.5,-10.600000000000009,3889.62,4126.76,12.409897814114164,0.0,8.0,15,0,0
S0004,Alcohol,2025-04-20,3874.73,313,182,12.834456055767118,0.0033123484877054963,1,1,BOGO,50.0,,,3805.8349999999996,0.01810246634444227,,,,,,,235.0,308.5,-40.599999999999994,2822.1,3805.8349999999996,12.311074454854667,0.0,8.0,16,0,0
S0004,Alcohol,2025-04-27,3488.09,288,162,0.0,0.0,0,0,None,,,,3612.75,-0.03450557054875091,,,,,,,313.0,293.5,-7.000000000000024,3874.73,3612.75,12.291248546281572,1.0,8.0,17,0,0
S0004,Alcohol,2025-05-04,4241.54,352,189,7.811190107750726,0.0018415929374120546,0,1,None,,3488.09,0.21600646772302315,3518.635,0.20545040903645864,3488.09,0.21600646772302315,3394.9733333333334,0.24935885603421526,,,288.0,288.25,-0.8999999999999903,3488.09,3518.635,12.192445873007571,1.0,7.0,18,0,0
S0004,Alcohol,2025-05-11,3750.08,301,170,81.51930689228868,0.021738018093557653,1,1,Bundle,10.0,3488.09,0.07510987388513478,3606.615,0.03977829626949374,3488.09,0.07510987388513478,3868.1200000000003,-0.0305161163562662,,,352.0,297.0,32.599999999999994,4241.54,3606.615,12.137379600065213,1.0,7.0,19,0,0
S0004,Alcohol,2025-05-18,4631.86,385,201,152.11231020957436,0.03284043779595548,0,1,None,,3488.09,0.32790725009962457,3838.6099999999997,0.2066503239453865,3488.09,0.32790725009962457,3826.5699999999997,0.21044695379935557,,,301.0,313.5,2.8000000000000087,3750.08,3838.6099999999997,12.249829942894081,2.0,7.0,20,0,0
S0004,Alcohol,2025-05-25,3825.59,329,191,37.42610050413683,0.009783092412970765,1,1,Bundle,20.0,3488.09,0.09675782448273984,4027.8925,-0.050225397028346656,3488.09,0.09675782448273984,,,,,385.0,331.5,24.000000000000032,4631.86,4027.8925,12.162698973224774,2.0,7.0,21,0,0
S0004,Alcohol,2025-06-01,4376.72,351,186,52.92840519643559,0.012093166845591126,0,1,None,,3488.09,0.2547612016891766,4112.2675,0.06430819493138526,3488.09,0.2547612016891766,,,,,329.0,341.75,1.5000000000000133,3825.59,4112.2675,12.041826353121769,3.0,7.0,22,0,0
S0004,Alcohol,2025-06-08,3512.04,291,164,84.39954389846932,0.024031487083993726,0,1,None,,3488.09,0.006866221915145486,4146.0625,-0.1529215972986418,3488.09,0.006866221915145486,,,,,351.0,341.5,9.399999999999993,4376.72,4146.0625,12.14669090408007,3.0,7.0,23,0,0
S0004,Alcohol,2025-06-15,3763.73,307,176,21.904009135442646,0.00581976101777828,0,1,None,,3488.09,0.07902319034199229,4086.5525,-0.07899629333038051,3488.09,0.07902319034199229,,,,,291.0,339.0,-26.000000000000004,3512.04,4086.5525,12.049223013543372,3.0,7.0,24,0,0
S0004,Alcohol,2025-06-22,4274.81,350,199,85.9733320511572,0.02011161479718565,0,1,None,,3488.09,0.225544639043144,3869.52,0.10473908908598493,3488.09,0.225544639043144,,,,,307.0,319.5,-12.6,3763.73,3869.52,12.106448424939792,2.0,7.0,25,0,0
S0004,Alcohol,2025-06-29,4002.33,344,191,148.6951047699142,0.03715213507379806,1,1,Bundle,20.0,3488.09,0.14742738862816032,3981.825,0.0051496487163549655,3488.09,0.14742738862816032,,,,,350.0,324.75,1.2999999999999985,4274.81,3981.825,12.252900856550735,2.0,8.0,26,0,0
S0004,Alcohol,2025-07-06,3940.2,314,173,65.71365947775337,0.016677747189927764,0,1,None,,3488.09,0.12961534822782658,3888.2274999999995,0.013366630424788754,3488.09,0.12961534822782658,,,,,344.0,323.0,20.200000000000014,4002.33,3888.2274999999995,12.044248977368333,3.0,8.0,27,0,0
S0004,Alcohol,2025-07-13,3435.52,273,153,93.64304420951053,0.02725731307327873,0,1,None,,3488.09,-0.015071285431281922,3995.2675,-0.14010263392876696,3488.09,-0.015071285431281922,,,,,314.0,328.75,1.5000000000000222,3940.2,3995.2675,12.164134393350997,2.0,8.0,28,0,0
S0004,Alcohol,2025-07-20,4392.03,354,191,74.70625056020589,0.01700950370562266,0,1,None,,3488.09,0.2591504232975639,3913.2149999999997,0.12235846995373371,3488.09,0.2591504232975639,,,,,273.0,320.25,-26.099999999999977,3435.52,3913.2149999999997,12.245288269333862,2.0,8.0,29,0,0
S0004,Alcohol,2025-07-27,3475.12,294,158,85.01398215037369,0.02446361050852163,0,1,None,,3488.09,-0.0037183673586404747,3942.5199999999995,-0.11855361545407499,3488.09,-0.0037183673586404747,,,,,354.0,321.25,-1.0999999999999925,4392.03,3942.5199999999995,12.293568656743062,1.0,8.0,30,0,0
S0004,Alcohol,2025-08-03,3718.79,305,172,52.33425960297014,0.014072926839904954,0,1,None,,3488.09,0.06613934846864611,3810.7174999999997,-0.02412340983030093,3488.09,0.06613934846864611,,,,,294.0,308.75,2.0999999999999934,3475.12,3810.7174999999997,12.339932612208969,1.0,8.0,31,0,0
S0004,Alcohol,2025-08-10,3864.83,315,176,30.718823464333546,0.007948298751648467,0,1,None,,3488.09,0.10800753420926633,3755.3649999999993,0.02914896421519629,3488.09,0.10800753420926633,,,,,305.0,306.5,3.600000000000003,3718.79,3755.3649999999993,12.25101922597111,1.0,8.0,32,0,0
S0004,Alcohol,2025-08-17,3260.96,266,153,80.62849292248997,0.02472538544554057,0,1,None,,3488.09,-0.06511586570300655,3862.6924999999997,-0.15578058569249292,3488.09,-0.06511586570300655,,,,,315.0,317.0,-10.599999999999978,3864.83,3862.6924999999997,12.17226403671592,1.0,8.0,33,0,0
S0004,Alcohol,2025-08-24,3705.13,335,191,76.36218213860862,0.020609852323294625,1,1,Coupon,10.0,3488.09,0.06222316511328548,3579.9249999999993,0.03497419638679605,3488.09,0.06222316511328548,,,,,266.0,295.0,-7.399999999999974,3260.96,3579.9249999999993,12.135359965096193,1.0,8.0,34,0,0
S0004,Alcohol,2025-08-31,3776.2,314,183,69.68222187966447,0.01845300086850921,0,1,None,,3488.09,0.08259821277547301,3637.4275,0.03815127586735407,3488.09,0.08259821277547301,,,,,335.0,305.25,4.100000000000016,3705.13,3637.4275,11.945348339550453,1.0,8.0,35,0,0
S0004,Alcohol,2025-09-07,4385.94,354,199,24.514154582194223,0.0055892589917313565,0,1,None,,3488.09,0.2574044821091197,3651.7799999999997,0.20104168378160786,3488.09,0.2574044821091197,,,,,314.0,307.5,6.600000000000009,3776.2,3651.7799999999997,11.903688477380669,1.0,8.0,36,0,0
S0004,Alcohol,2025-09-14,4315.17,350,188,30.954327498614056,0.007173373818091537,0,1,None,,3488.09,0.237115441402028,3782.0574999999994,0.14095832757698706,3488.09,0.237115441402028,,,,,354.0,317.25,24.299999999999986,4385.94,3782.0574999999994,11.933778334792562,1.0,8.0,37,0,0
S0004,Alcohol,2025-09-21,4135.95,332,180,67.50865919162312,0.016322406990322207,0,1,None,,3488.09,0.1857348864278157,4045.609999999999,0.02233037786637877,3488.09,0.1857348864278157,,,,,350.0,338.25,8.500000000000007,4315.17,4045.609999999999,11.95123059043166,1.0,8.0,38,0,0
S0004,Alcohol,2025-09-28,3061.14,338,190,199.29566181897368,0.0651050464268128,1,1,Coupon,30.0,3488.09,-0.12240223159379496,4153.315,-0.2629646439049289,3488.09,-0.12240223159379496,,,,,332.0,337.5,5.000000000000018,4135.95,4153.315,12.30062838309485,1.0,8.0,39,0,0
S0004,Alcohol,2025-10-05,3753.54,320,188,152.69738913315544,0.040680900998299054,1,1,Bundle,15.0,3488.09,0.07610182076723933,3974.5499999999993,-0.055606295052269904,3488.09,0.07610182076723933,,,,,338.0,343.5,-6.600000000000014,3061.14,3974.5499999999993,11.558256525408193,2.0,8.0,40,0,0
S0004,Alcohol,2025-10-12,3727.95,300,168,12.22497916722882,0.003279276590949133,0,1,None,,3488.09,0.06876542749757021,3816.4499999999994,-0.023189089336949145,3488.09,0.06876542749757021,,,,,320.0,335.0,-8.399999999999999,3753.54,3816.4499999999994,11.393294396170907,3.0,8.0,41,0,0
S0004,Alcohol,2025-10-19,2995.22,258,153,56.309247943354265,0.01879970350870863,1,1,Coupon,15.0,3488.09,-0.14130082652683856,3669.6449999999995,-0.18378480752225346,3488.09,-0.14130082652683856,,,,,300.0,322.5,-11.39999999999998,3727.95,3669.6449999999995,11.41765511045662,3.0,8.0,42,0,0
S0004,Alcohol,2025-10-26,3884.93,301,169,128.346865208148,0.03303711140436198,0,1,None,,3488.09,0.1137700002006828,3384.462499999999,0.1478720771762136,3488.09,0.1137700002006828,,,,,258.0,304.0,-25.99999999999996,2995.22,3384.462499999999,11.20557989097404,3.0,8.0,43,0,0
S0004,Bakery,2024-12-29,689.17,181,104,15.776290863870004,0.022891726081910133,0,1,None,,,,3492.2366666666658,-0.8026565591679067,,,,,,,,292.6666666666667,,,3492.2366666666658,11.921897448320415,3.0,7.0,52,0,1
S0004,Bakery,2025-01-05,1109.86,275,160,24.586506481953602,0.022152799886430364,0,1,None,,,,2470.7799999999993,-0.5508058184055237,,,,,,,181.0,246.33333333333334,,689.17,2470.7799999999993,9.281149635244908,3.0,7.0,1,1,0
S0004,Bakery,2025-01-12,1104.59,274,153,8.645445621172255,0.007826836764023081,0,1,None,,,,1598.0833333333328,-0.30880325389789837,,,,,,,275.0,238.0,,1109.86,1598.0833333333328,6.484267817063091,3.0,7.0,2,1,0
S0004,Bakery,2025-01-19,1214.77,314,179,5.2761802582608714,0.004343357391325824,0,1,None,,,,967.8733333333327,0.25509191974156487,,,,,,,274.0,243.33333333333334,,1104.59,967.8733333333327,3.958257990397179,3.0,7.0,3,0,0
S0004,Bakery,2025-01-26,1134.79,287,158,3.4652108079480217,0.003053614155877318,0,1,None,,,,1029.5974999999994,0.10216856587161549,,,,,,,314.0,261.0,39.79999999999998,1214.77,1029.5974999999994,3.9358670596768652,2.0,7.0,4,0,0
S0004,Bakery,2025-02-02,1224.77,293,165,22.956533876531747,0.01874354685086322,0,1,None,,,,1141.0024999999994,0.07341570241958335,,,,,,,287.0,287.5,7.599999999999968,1134.79,1141.0024999999994,3.97246782584238,1.0,7.0,5,0,0
S0004,Bakery,2025-02-09,1193.03,297,169,15.807091180133447,0.013249533691636797,0,1,None,,,,1169.7299999999996,0.01991912663606167,,,,,,,293.0,292.0,2.999999999999983,1224.77,1169.7299999999996,4.008529786748368,1.0,7.0,6,0,0
S0004,Bakery,2025-02-16,1203.18,311,176,11.587471551975247,0.009630704925260764,0,1,None,,,,1191.8399999999995,0.009514699959726645,,,,,,,297.0,297.75,-4.49999999999999,1193.03,1191.8399999999995,4.004926202241498,0.0,7.0,7,0,0
S0004,Bakery,2025-02-23,1244.32,309,171,21.03422815421104,0.016904195186295358,0,1,None,,,,1188.9424999999997,0.04657710528473858,,,,,,,311.0,297.0,7.599999999999997,1203.18,1188.9424999999997,4.004939130539366,0.0,8.0,8,0,0
S0004,Bakery,2025-03-02,1213.74,308,163,12.795960823463938,0.01054258805301295,0,1,None,,,,1216.3249999999996,-0.002125254352249261,,,,,,,309.0,302.5,6.200000000000014,1244.32,1216.3249999999996,4.023177490766242,0.0,8.0,9,0,0
S0004,Bakery,2025-03-09,1092.44,263,143,7.385558461070756,0.006760607869604514,0,1,None,,,,1213.5674999999994,-0.09981109415009831,,,,,,,308.0,306.25,3.099999999999978,1213.74,1213.5674999999994,3.9633304649251895,0.0,8.0,10,0,0
S0004,Bakery,2025-03-16,1166.3799999999999,293,157,39.01586656937655,0.033450390584009115,0,1,None,,,,1188.4199999999996,-0.01854563201561716,,,,,,,263.0,297.75,-14.499999999999972,1092.44,1188.4199999999996,3.997537522829966,0.0,8.0,11,0,0
S0004,Bakery,2025-03-23,1381.8,357,199,15.710483383273692,0.01136957836392654,0,1,None,,,,1179.2199999999993,0.17179152321025823,,,,,,,293.0,293.25,-9.30000000000002,1166.3799999999999,1179.2199999999993,4.0255558058101135,0.0,8.0,12,0,0
S0004,Bakery,2025-03-30,1062.18,268,147,74.34803599735038,0.06999570317399158,0,1,None,,,,1213.5899999999995,-0.12476206956220756,,,,,,,357.0,305.25,17.69999999999996,1381.8,1213.5899999999995,3.9864714730478825,0.0,8.0,13,0,0
S0004,Bakery,2025-04-06,1187.19,307,160,5.45914143209039,0.004598372149437234,1,1,BOGO,50.0,,,1175.6999999999996,0.009772901250319356,,,,,,,268.0,295.25,7.900000000000022,1062.18,1175.6999999999996,3.992132453858117,0.0,8.0,14,0,0
S0004,Bakery,2025-04-13,1077.09,273,151,9.413400643125874,0.008739660235566086,0,1,None,,,,1199.3874999999994,-0.10196662880011632,,,,,,,307.0,306.25,-4.700000000000012,1187.19,1199.3874999999994,3.9204584901965323,1.0,8.0,15,0,0
S0004,Bakery,2025-04-20,1032.44,269,152,3.419801072646663,0.0033123484877054963,0,1,None,,,,1177.0649999999996,-0.12286917035167946,,,,,,,273.0,301.25,-21.30000000000001,1077.09,1177.0649999999996,3.91159986588569,1.0,8.0,16,0,0
S0004,Bakery,2025-04-27,1149.47,283,158,0.0,0.0,0,0,None,,,,1089.7249999999995,0.054825758792356426,,,,,,,269.0,279.25,-3.100000000000015,1032.44,1089.7249999999995,3.9034695356866957,1.0,8.0,17,0,0
S0004,Bakery,2025-05-04,1293.24,314,173,2.381621650378766,0.0018415929374120548,1,1,Bundle,15.0,1149.47,0.12507503458115476,1111.5474999999997,0.1634590514575404,1149.47,0.12507503458115476,1086.3333333333333,0.19046333231052479,,,283.0,283.0,-7.599999999999974,1149.47,1111.5474999999997,3.9280628456387023,1.0,7.0,18,0,0
S0004,Bakery,2025-05-11,1176.47,296,172,25.574126146527774,0.021738018093557656,0,1,None,,1149.47,0.023489086274543918,1138.0599999999995,0.03375041737694019,1149.47,0.023489086274543918,1158.3833333333332,0.015613714515920306,,,314.0,284.75,13.700000000000028,1293.24,1138.0599999999995,3.9909454261901662,2.0,7.0,19,0,0
S0004,Bakery,2025-05-18,1354.03,346,178,44.4669379888576,0.03284043779595548,1,1,Bundle,15.0,1149.47,0.17796027734521122,1162.9049999999995,0.1643513442628594,1149.47,0.17796027734521122,1206.3933333333334,0.12237854983725584,,,296.0,290.5,11.200000000000015,1176.47,1162.9049999999995,3.9982394750467147,2.0,7.0,20,0,0
S0004,Bakery,2025-05-25,1401.33,352,193,13.709340891068322,0.009783092412970765,0,1,None,,1149.47,0.21910967663357886,1243.3024999999996,0.12710301797028514,1149.47,0.21910967663357886,,,,,346.0,309.75,17.10000000000004,1354.03,1243.3024999999996,4.017068122144723,3.0,7.0,21,0,0
S0004,Bakery,2025-06-01,1362.35,346,197,16.475125852091065,0.012093166845591122,0,1,None,,1149.47,0.18519839578240396,1306.2674999999995,0.04293339610761231,1149.47,0.18519839578240396,,,,,352.0,327.0,16.39999999999999,1401.33,1306.2674999999995,3.996898044044819,3.0,7.0,22,0,0
S0004,Bakery,2025-06-08,1222.95,311,170,29.389307129370124,0.024031487083993722,1,1,Bundle,10.0,1149.47,0.06392511331309214,1323.5449999999996,-0.07600421595034518,1149.47,0.06392511331309214,,,,,346.0,335.0,15.599999999999994,1362.35,1323.5449999999996,3.951605298932342,2.0,7.0,23,0,0
S0004,Bakery,2025-06-15,1227.36,311,153,7.142941882780348,0.005819761017778279,0,1,None,,1149.47,0.06776166407126752,1335.1649999999995,-0.08074282953792201,1149.47,0.06776166407126752,,,,,311.0,338.75,-11.100000000000003,1222.95,1335.1649999999995,3.9410438743646874,3.0,7.0,24,0,0
S0004,Bakery,2025-06-22,982.73,268,154,19.76428720963826,0.020111614797185654,1,1,Manager_Special,25.0,1149.47,-0.14505815723768345,1303.4974999999995,-0.24608217507129826,1149.47,-0.14505815723768345,,,,,311.0,330.0,-15.799999999999994,1227.36,1303.4974999999995,3.9493222928543625,3.0,7.0,25,0,0
S0004,Bakery,2025-06-29,1110.01,276,146,41.239241453266594,0.03715213507379807,0,1,None,,1149.47,-0.03432886460716681,1198.8474999999996,-0.07410241919843821,1149.47,-0.03432886460716681,,,,,268.0,309.0,-23.399999999999974,982.73,1198.8474999999996,3.8707852550321107,4.0,8.0,26,0,0
S0004,Bakery,2025-07-06,957.25,249,142,15.964773497558353,0.016677747189927764,1,1,Coupon,15.0,1149.47,-0.1672248949515864,1135.7624999999994,-0.15717414512276948,1149.47,-0.1672248949515864,,,,,276.0,291.5,-14.799999999999995,1110.01,1135.7624999999994,3.8918721591956356,3.0,8.0,27,0,0
S0004,Bakery,2025-07-13,1159.27,294,156,31.598585326459833,0.027257313073278732,0,1,None,,1149.47,0.008525668351501087,1069.3374999999996,0.08410113738646627,1149.47,0.008525668351501087,,,,,249.0,276.0,-17.799999999999986,957.25,1069.3374999999996,3.8698877585706275,4.0,8.0,28,0,0
S0004,Bakery,2025-07-20,1224.99,302,172,20.836471944350702,0.01700950370562266,0,1,None,,1149.47,0.06569984427605764,1052.3149999999996,0.16409060024802505,1149.47,0.06569984427605764,,,,,294.0,271.75,5.09999999999995,1159.27,1052.3149999999996,3.8690377738822184,3.0,8.0,29,0,0
S0004,Bakery,2025-07-27,1105.42,280,151,27.042564328329984,0.02446361050852163,0,1,None,,1149.47,-0.038322009273839205,1112.8799999999994,-0.006703328301343683,1149.47,-0.038322009273839205,,,,,302.0,280.25,12.299999999999997,1224.99,1112.8799999999994,3.9663765971499854,3.0,8.0,30,0,0
S0004,Bakery,2025-08-03,1184.52,294,159,16.669663300404217,0.014072926839904954,0,1,None,,1149.47,0.030492313848991235,1111.7324999999996,0.06547213470866453,1149.47,0.030492313848991235,,,,,280.0,281.25,10.100000000000003,1105.42,1111.7324999999996,3.9479148994274182,3.0,8.0,31,0,0
S0004,Bakery,2025-08-10,1348.47,334,189,10.71804241763541,0.007948298751648467,0,1,None,,1149.47,0.17312326550497184,1168.5499999999995,0.15396859355611708,1149.47,0.17312326550497184,,,,,294.0,292.5,-2.1999999999999695,1184.52,1168.5499999999995,3.994065419876562,2.0,8.0,32,0,0
S0004,Bakery,2025-08-17,1060.63,266,154,26.22448556510369,0.024725385445540565,0,1,None,,1149.47,-0.07728779350483259,1215.8499999999995,-0.12766377431426526,1149.47,-0.07728779350483259,,,,,334.0,302.5,11.000000000000039,1348.47,1215.8499999999995,4.017625442688082,2.0,8.0,33,0,0
S0004,Bakery,2025-08-24,1260.75,309,177,25.9838713165937,0.020609852323294625,0,1,None,,1149.47,0.09680983409745358,1174.7599999999998,0.07319792978991475,1149.47,0.09680983409745358,,,,,266.0,293.5,-0.199999999999994,1060.63,1174.7599999999998,4.000393579918575,1.0,8.0,34,0,0
S0004,Bakery,2025-08-31,1170.46,301,157,21.598499396555294,0.018453000868509213,0,1,None,,1149.47,0.018260589663062113,1213.5924999999997,-0.03554117218094189,1149.47,0.018260589663062113,,,,,309.0,300.75,-2.2999999999999834,1260.75,1213.5924999999997,4.033435708906093,1.0,8.0,35,0,0
S0004,Bakery,2025-09-07,1192.0,290,172,6.6623967181437775,0.005589258991731357,0,1,None,,1149.47,0.03699966071319823,1210.0774999999994,-0.01493912579979334,1149.47,0.03699966071319823,,,,,301.0,302.5,-5.600000000000012,1170.46,1210.0774999999994,3.998333668089766,0.0,8.0,36,0,0
S0004,Bakery,2025-09-14,1232.75,312,177,8.842976574252342,0.007173373818091537,0,1,None,,1149.47,0.07245078166459322,1170.9599999999996,0.052768668442987325,1149.47,0.07245078166459322,,,,,290.0,291.5,6.4000000000000234,1192.0,1170.9599999999996,4.016586042650989,0.0,8.0,37,0,0
S0004,Bakery,2025-09-21,1163.56,294,167,18.992099877659307,0.016322406990322207,0,1,None,,1149.47,0.012257823170678589,1213.9899999999996,-0.04154070461865388,1149.47,0.012257823170678589,,,,,312.0,303.0,-0.19999999999999518,1232.75,1213.9899999999996,4.007533784602019,0.0,8.0,38,0,0
S0004,Bakery,2025-09-28,1221.62,306,177,79.53362681592303,0.06510504642681278,0,1,None,,1149.47,0.06276805832253113,1189.6924999999997,0.02683676664348161,1149.47,0.06276805832253113,,,,,294.0,299.25,0.1000000000000104,1163.56,1189.6924999999997,3.9769312814648425,0.0,8.0,39,0,0
S0004,Bakery,2025-10-05,1270.05,312,177,51.66677831288971,0.040680900998299054,0,1,None,,1149.47,0.10490051936979645,1202.4824999999996,0.05619000692317797,1149.47,0.10490051936979645,,,,,306.0,300.5,3.00000000000001,1221.62,1202.4824999999996,4.00284397987754,0.0,8.0,40,0,0
S0004,Bakery,2025-10-12,1187.77,289,160,3.895026356431652,0.003279276590949133,0,1,None,,1149.47,0.03331970386351967,1221.9949999999994,-0.02800747957233824,1149.47,0.03331970386351967,,,,,312.0,306.0,1.2000000000000137,1270.05,1221.9949999999994,3.9929260422117583,0.0,8.0,41,0,0
S0004,Bakery,2025-10-19,1103.62,279,146,20.747728786281016,0.018799703508708628,0,1,None,,1149.47,-0.03988794835880896,1210.7499999999995,-0.0884823456535203,1149.47,-0.03988794835880896,,,,,289.0,300.25,-0.8999999999999969,1187.77,1210.7499999999995,4.0326282924557475,0.0,8.0,42,0,0
S0004,Bakery,2025-10-26,1394.85,367,205,46.08181484237431,0.03303711140436198,1,1,Coupon,25.0,1149.47,0.2134722959276883,1195.7649999999994,0.16649174377908751,1149.47,0.2134722959276883,,,,,279.0,296.5,-10.399999999999974,1103.62,1195.7649999999994,4.032113333784107,0.0,8.0,43,0,0
S0004,Baking,2024-12-29,612.9,164,87,14.030338915602718,0.02289172608191013,0,1,None,,,,1187.1466666666659,-0.4837200682869847,,,,,,,,293.3333333333333,,,1187.1466666666659,4.0454103709714015,0.0,7.0,52,0,1
S0004,Baking,2025-01-05,1199.92,323,172,26.581587639725523,0.022152799886430364,0,1,None,,,,968.0966666666659,0.23946300128430806,,,,,,,164.0,244.0,,612.9,968.0966666666659,3.934251052647449,0.0,7.0,1,1,0
S0004,Baking,2025-01-12,1153.5,302,165,9.028256207300625,0.007826836764023083,0,1,None,,,,972.146666666666,0.1865493546927084,,,,,,,323.0,255.33333333333334,,1199.92,972.146666666666,3.80258165423793,0.0,7.0,2,1,0
S0004,Baking,2025-01-19,1228.59,333,189,5.336205457408995,0.004343357391325825,0,1,None,,,,988.7733333333326,0.2425395776585137,,,,,,,302.0,263.0,,1153.5,988.7733333333326,3.757218048803827,0.0,7.0,3,0,0
S0004,Baking,2025-01-26,1175.02,316,185,3.5880577054389664,0.003053614155877318,0,1,None,,,,1048.7274999999995,0.12042451447110954,,,,,,,333.0,280.5,48.60000000000002,1228.59,1048.7274999999995,3.740278401467735,0.0,7.0,4,0,0
S0004,Baking,2025-02-02,1025.32,284,159,19.218133457127077,0.018743546850863223,1,1,Bundle,25.0,,,1189.2574999999995,-0.1378486156278179,,,,,,,316.0,318.5,1.0000000000000233,1175.02,1189.2574999999995,3.735584051359677,0.0,7.0,5,0,0
S0004,Baking,2025-02-09,1032.21,289,162,13.676301171844417,0.013249533691636796,0,1,None,,,,1145.6074999999994,-0.09898459987386554,,,,,,,284.0,308.75,-7.100000000000014,1025.32,1145.6074999999994,3.7094238237400896,1.0,7.0,6,0,0
S0004,Baking,2025-02-16,1083.1299999999999,301,164,10.43130542569769,0.009630704925260764,0,1,None,,,,1115.2849999999994,-0.028831195613676804,,,,,,,289.0,305.5,-16.400000000000013,1032.21,1115.2849999999994,3.647454942693319,1.0,7.0,7,0,0
S0004,Baking,2025-02-23,1018.4,266,155,17.215232377723193,0.016904195186295358,0,1,None,,,,1078.9199999999994,-0.05609313016720373,,,,,,,301.0,297.5,-3.9999999999999454,1083.1299999999999,1078.9199999999994,3.6246997123799494,1.0,8.0,8,0,0
S0004,Baking,2025-03-02,1193.32,330,183,12.580681175421413,0.01054258805301295,0,1,None,,,,1039.7649999999994,0.14768240900588173,,,,,,,266.0,285.0,-4.2,1018.4,1039.7649999999994,3.65223813914306,1.0,8.0,9,0,0
S0004,Baking,2025-03-09,1171.66,305,161,7.921133816500825,0.006760607869604514,0,1,None,,,,1081.7649999999994,0.08310030367039117,,,,,,,330.0,296.5,8.799999999999986,1193.32,1081.7649999999994,3.653698019638152,1.0,8.0,10,0,0
S0004,Baking,2025-03-16,1096.91,296,159,36.69206793550545,0.03345039058400912,0,1,None,,,,1116.6274999999994,-0.017658082037205158,,,,,,,305.0,300.5,7.599999999999977,1171.66,1116.6274999999994,3.7211598439049847,1.0,8.0,11,0,0
S0004,Baking,2025-03-23,1159.87,313,174,13.187232856967475,0.01136957836392654,0,1,None,,,,1120.0724999999993,0.03553118213329995,,,,,,,296.0,299.25,6.500000000000017,1096.91,1120.0724999999993,3.7479944661102462,1.0,8.0,12,0,0
S0004,Baking,2025-03-30,1041.58,294,163,72.90612451196614,0.06999570317399158,1,1,Manager_Special,25.0,,,1155.4399999999996,-0.09854254656234829,,,,,,,313.0,311.0,-6.000000000000013,1159.87,1155.4399999999996,3.717265346986559,1.0,8.0,13,0,0
S0004,Baking,2025-04-06,1109.51,326,170,5.101939883522105,0.004598372149437233,1,1,Manager_Special,30.0,,,1117.5049999999994,-0.007154330405680011,,,,,,,294.0,302.0,-1.5999999999999848,1041.58,1117.5049999999994,3.6989323228678206,1.0,8.0,14,0,0
S0004,Baking,2025-04-13,944.8,252,138,8.257230990562837,0.008739660235566086,0,1,None,,,,1101.9674999999995,-0.14262444219089912,,,,,,,326.0,307.25,7.100000000000018,1109.51,1101.9674999999995,3.5894065006813576,2.0,8.0,15,0,0
S0004,Baking,2025-04-20,1032.45,277,162,3.4198341961315397,0.0033123484877054963,0,1,None,,,,1063.9399999999994,-0.02959753369550853,,,,,,,252.0,296.25,-15.099999999999998,944.8,1063.9399999999994,3.6002638312261883,2.0,8.0,16,0,0
S0004,Baking,2025-04-27,977.06,262,136,0.0,0.0,0,0,None,,,,1032.0849999999994,-0.05331440724358889,,,,,,,277.0,287.25,-12.499999999999995,1032.45,1032.0849999999994,3.6056641726294014,2.0,8.0,17,0,0
S0004,Baking,2025-05-04,1301.77,345,200,2.3973304381348903,0.0018415929374120546,0,1,None,,977.06,0.33233373590158233,1015.9549999999995,0.28132643670241364,977.06,0.33233373590158233,984.77,0.32190257623607543,,,262.0,279.25,-16.699999999999985,977.06,1015.9549999999995,3.6522760540231802,2.0,7.0,18,0,0
S0004,Baking,2025-05-11,922.91,273,147,20.062234278725295,0.021738018093557656,1,1,Coupon,30.0,977.06,-0.055421366139234006,1064.0199999999993,-0.1326196875998566,977.06,-0.055421366139234006,1103.76,-0.16384902515039504,,,345.0,284.0,26.399999999999995,1301.77,1064.0199999999993,3.744736421232214,2.0,7.0,19,0,0
S0004,Baking,2025-05-18,999.0,273,155,32.807597358159526,0.03284043779595548,0,1,None,,977.06,0.022455120463431167,1058.5474999999994,-0.056253970653182286,977.06,0.022455120463431167,1067.2466666666667,-0.0639464791019883,,,273.0,289.25,7.099999999999996,922.91,1058.5474999999994,3.652590511586304,3.0,7.0,20,0,0
S0004,Baking,2025-05-25,1092.62,290,178,10.689202432260117,0.009783092412970765,0,1,None,,977.06,0.11827318690766171,1050.1849999999995,0.040407166356404275,977.06,0.11827318690766171,,,,,273.0,288.25,-3.899999999999938,999.0,1050.1849999999995,3.635611596999086,3.0,7.0,21,0,0
S0004,Baking,2025-06-01,1227.78,335,187,14.84774838967987,0.012093166845591124,0,1,None,,977.06,0.25660655435694846,1079.0749999999994,0.13780784468178828,977.06,0.25660655435694846,,,,,290.0,295.25,-16.500000000000018,1092.62,1079.0749999999994,3.645216229797191,2.0,7.0,22,0,0
S0004,Baking,2025-06-08,962.5600000000001,305,167,23.131748207569,0.024031487083993722,1,1,Manager_Special,15.0,977.06,-0.014840439686406042,1060.5774999999994,-0.09241898871133832,977.06,-0.014840439686406042,,,,,335.0,292.75,20.300000000000015,1227.78,1060.5774999999994,3.618158366937576,1.0,7.0,23,0,0
S0004,Baking,2025-06-15,1027.69,272,160,5.98091020036056,0.005819761017778279,0,1,None,,977.06,0.051818721470534165,1070.4899999999993,-0.03998169062765584,977.06,0.051818721470534165,,,,,305.0,300.75,14.100000000000021,962.5600000000001,1070.4899999999993,3.5619862958392754,2.0,7.0,24,0,0
S0004,Baking,2025-06-22,1165.76,316,166,23.44531606596715,0.020111614797185654,0,1,None,,977.06,0.1931304116430926,1077.6624999999995,0.0817486921925933,977.06,0.1931304116430926,,,,,272.0,300.5,-8.399999999999979,1027.69,1077.6624999999995,3.591719145709993,2.0,7.0,25,0,0
S0004,Baking,2025-06-29,1134.68,320,170,42.155784625537194,0.03715213507379807,0,1,None,,977.06,0.16132069678423036,1095.9474999999995,0.035341565175339644,977.06,0.16132069678423036,,,,,316.0,307.0,-8.99999999999998,1165.76,1095.9474999999995,3.572083833619203,2.0,8.0,26,0,0
S0004,Baking,2025-07-06,957.05,292,163,15.961437948120366,0.016677747189927764,1,1,Bundle,20.0,977.06,-0.02047980676724049,1072.6724999999997,-0.10778919008364599,977.06,-0.02047980676724049,,,,,320.0,303.25,8.900000000000027,1134.68,1072.6724999999997,3.54229885227592,2.0,8.0,27,0,0
S0004,Baking,2025-07-13,1096.86,300,167,29.897456417556505,0.02725731307327873,0,1,None,,977.06,0.1226127361676867,1071.2949999999994,0.02386364166732835,977.06,0.1226127361676867,,,,,292.0,300.0,6.399999999999987,957.05,1071.2949999999994,3.5727073690062134,2.0,8.0,28,0,0
S0004,Baking,2025-07-20,1238.52,338,183,21.06661052948778,0.017009503705622663,1,1,Manager_Special,15.0,977.06,0.26759871451087963,1088.5874999999994,0.13773123428295903,977.06,0.26759871451087963,,,,,300.0,307.0,-7.600000000000002,1096.86,1088.5874999999994,3.5421893543003313,2.0,8.0,29,0,0
S0004,Baking,2025-07-27,1089.01,285,163,26.641116479885145,0.024463610508521635,0,1,None,,977.06,0.11457842916504621,1106.7774999999992,-0.01605336212562982,977.06,0.11457842916504621,,,,,338.0,312.5,6.199999999999995,1238.52,1106.7774999999992,3.535975962045069,3.0,8.0,30,0,0
S0004,Baking,2025-08-03,998.6899999999999,336,187,14.054491305744676,0.014072926839904952,1,1,Coupon,20.0,977.06,0.022137842097721735,1095.3599999999994,-0.0882540899795497,977.06,0.022137842097721735,,,,,285.0,303.75,1.7000000000000244,1089.01,1095.3599999999994,3.604779141869631,3.0,8.0,31,0,0
S0004,Baking,2025-08-10,1350.4,357,194,10.733382634226091,0.007948298751648467,0,1,None,,977.06,0.38210550017399153,1105.7699999999993,0.2212304547962062,977.06,0.38210550017399153,,,,,336.0,314.75,5.500000000000054,998.6899999999999,1105.7699999999993,3.5284599352486263,3.0,8.0,32,0,0
S0004,Baking,2025-08-17,1128.1,308,170,27.892707321114305,0.024725385445540562,1,1,Coupon,10.0,977.06,0.154586207602399,1169.1549999999993,-0.035115104498547586,977.06,0.154586207602399,,,,,357.0,329.0,10.799999999999981,1350.4,1169.1549999999993,3.5600681985539486,3.0,8.0,33,0,0
S0004,Baking,2025-08-24,1270.31,339,182,26.180901504804396,0.020609852323294625,0,1,None,,977.06,0.30013509917507625,1141.5499999999993,0.11279400814681859,977.06,0.30013509917507625,,,,,308.0,321.5,9.0,1128.1,1141.5499999999993,3.559668694212136,4.0,8.0,34,0,0
S0004,Baking,2025-08-31,1102.63,306,174,20.346832347644312,0.01845300086850921,1,1,Manager_Special,10.0,977.06,0.1285182076842775,1186.8749999999993,-0.07098051606108416,977.06,0.1285182076842775,,,,,339.0,335.0,-3.9999999999999516,1270.31,1186.8749999999993,3.5412035490483422,4.0,8.0,35,0,0
S0004,Baking,2025-09-07,1243.95,338,186,6.952758722764222,0.005589258991731357,0,1,None,,977.06,0.27315620330378904,1212.8599999999994,0.025633626304767752,977.06,0.27315620330378904,,,,,306.0,327.5,-12.200000000000005,1102.63,1212.8599999999994,3.698972135649649,4.0,8.0,36,0,0
S0004,Baking,2025-09-14,939.2,259,151,6.737232689951571,0.007173373818091536,0,1,None,,977.06,-0.038748899760505905,1186.2474999999995,-0.20825965913521383,977.06,-0.038748899760505905,,,,,338.0,322.75,5.7000000000000055,1243.95,1186.2474999999995,3.6733952332910724,4.0,8.0,37,0,0
S0004,Baking,2025-09-21,1257.6,340,191,20.527059031029204,0.016322406990322204,0,1,None,,977.06,0.2871266861809919,1139.0224999999996,0.10410461601943805,977.06,0.2871266861809919,,,,,259.0,310.5,-20.79999999999998,939.2,1139.0224999999996,3.664293355439195,3.0,8.0,38,0,0
S0004,Baking,2025-09-28,1187.71,323,175,77.32591469158982,0.06510504642681278,0,1,None,,977.06,0.2155957668925144,1135.8449999999993,0.04566204015512743,977.06,0.2155957668925144,,,,,340.0,310.75,2.300000000000004,1257.6,1135.8449999999993,3.652192453131369,3.0,8.0,39,0,0
S0004,Baking,2025-10-05,1180.35,318,173,48.01770149334229,0.040680900998299054,0,1,None,,977.06,0.2080629644034143,1157.1149999999993,0.02008011303975888,977.06,0.2080629644034143,,,,,323.0,315.0,3.6000000000000103,1187.71,1157.1149999999993,3.6706311356219095,2.0,8.0,40,0,0
S0004,Baking,2025-10-12,1131.17,304,173,3.7094193013839316,0.0032792765909491336,0,1,None,,977.06,0.15772828690152102,1141.2149999999995,-0.008802022405944012,977.06,0.15772828690152102,,,,,318.0,310.0,16.000000000000032,1180.35,1141.2149999999995,3.6784978878827106,2.0,8.0,41,0,0
S0004,Baking,2025-10-19,1101.65,289,164,20.710693370368865,0.01879970350870863,1,1,Bundle,25.0,977.06,0.12751519865719624,1189.2074999999995,-0.07362676404243958,977.06,0.12751519865719624,,,,,304.0,321.25,-11.300000000000008,1131.17,1189.2074999999995,3.702172668161109,1.0,8.0,42,0,0
S0004,Baking,2025-10-26,1387.03,366,203,45.823464631192195,0.03303711140436198,0,1,None,,977.06,0.41959552125765054,1150.2199999999993,0.20588235294117713,977.06,0.41959552125765054,,,,,289.0,308.5,-11.600000000000012,1101.65,1150.2199999999993,3.7304512148739124,2.0,8.0,43,0,0
S0004,Beverages,2024-12-29,724.5600000000001,217,122,16.586429049908805,0.02289172608191013,0,1,None,,,,1137.7233333333324,-0.36314921319477145,,,,,,,,303.6666666666667,,,1137.7233333333324,3.7482280388205305,1.0,7.0,52,0,1
S0004,Beverages,2025-01-05,836.97,266,156,18.54122892094562,0.02215279988643036,0,1,None,,,,985.7933333333326,-0.15096808661720781,,,,,,,217.0,270.0,,724.5600000000001,985.7933333333326,3.6239592795822038,1.0,7.0,1,1,0
S0004,Beverages,2025-01-12,916.73,278,158,7.1750960666828805,0.007826836764023083,0,1,None,,,,887.726666666666,0.03267146794433801,,,,,,,266.0,257.3333333333333,,836.97,887.726666666666,3.432475883592229,1.0,7.0,2,1,0
S0004,Beverages,2025-01-19,1168.08,371,205,5.073388901659868,0.004343357391325824,1,1,Bundle,20.0,,,826.086666666666,0.4139920750849396,,,,,,,278.0,253.66666666666666,,916.73,826.086666666666,3.261026620857088,1.0,7.0,3,0,0
S0004,Beverages,2025-01-26,992.26,300,174,3.0299791823108277,0.003053614155877318,0,1,None,,,,911.5849999999995,0.08849970107011476,,,,,,,371.0,283.0,47.40000000000001,1168.08,911.5849999999995,3.2328858686077755,2.0,7.0,4,0,0
S0004,Beverages,2025-02-02,811.47,319,178,15.20982596306998,0.018743546850863223,1,1,Coupon,20.0,,,978.5099999999995,-0.17070852622865335,,,,,,,300.0,303.75,19.499999999999993,992.26,978.5099999999995,3.225022658162307,2.0,7.0,5,0,0
S0004,Beverages,2025-02-09,697.46,268,156,9.241019768569,0.013249533691636796,1,1,Coupon,20.0,,,972.1349999999994,-0.2825482057533157,,,,,,,319.0,317.0,5.2000000000000455,811.47,972.1349999999994,3.0743449941747523,3.0,7.0,6,0,0
S0004,Beverages,2025-02-16,978.25,296,167,9.421237093136343,0.009630704925260764,0,1,None,,,,917.3174999999994,0.06642465667557919,,,,,,,268.0,314.5,-28.99999999999997,697.46,917.3174999999994,2.900563183802155,3.0,7.0,7,0,0
S0004,Beverages,2025-02-23,1119.04,329,182,18.916470581271955,0.016904195186295358,0,1,None,,,,869.8599999999994,0.2864598900972578,,,,,,,296.0,295.75,-6.299999999999996,978.25,869.8599999999994,2.9396719429993574,3.0,8.0,8,0,0
S0004,Beverages,2025-03-02,1169.4,364,199,12.328502469193346,0.01054258805301295,0,1,None,,,,901.5549999999994,0.2970922461746659,,,,,,,329.0,303.0,5.799999999999996,1119.04,901.5549999999994,2.9631229561705834,3.0,8.0,9,0,0
S0004,Beverages,2025-03-09,967.21,307,171,6.538927537560182,0.006760607869604514,0,1,None,,,,991.0374999999995,-0.02404298525535051,,,,,,,364.0,314.25,32.09999999999997,1169.4,991.0374999999995,3.130334020967855,3.0,8.0,10,0,0
S0004,Beverages,2025-03-16,1058.22,323,181,35.39787232381013,0.033450390584009115,0,1,None,,,,1058.4749999999995,-0.00024091263374139885,,,,,,,307.0,324.0,6.800000000000003,967.21,1058.4749999999995,3.267348642485673,3.0,8.0,11,0,0
S0004,Beverages,2025-03-23,1116.37,338,189,12.692656198136671,0.01136957836392654,0,1,None,,,,1078.4674999999995,0.035144777195418864,,,,,,,323.0,330.75,-7.499999999999998,1058.22,1078.4674999999995,3.26017970787769,2.0,8.0,12,0,0
S0004,Beverages,2025-03-30,816.41,257,140,57.14519202827845,0.06999570317399156,1,1,Bundle,15.0,,,1077.7999999999995,-0.24252180367415072,,,,,,,338.0,333.0,-6.199999999999977,1116.37,1077.7999999999995,3.235562816994433,2.0,8.0,13,0,0
S0004,Beverages,2025-04-06,1062.2,322,178,4.88439089713223,0.004598372149437233,0,1,None,,,,989.5524999999994,0.07341449796751627,,,,,,,257.0,306.25,-13.50000000000002,816.41,989.5524999999994,3.226576628086065,2.0,8.0,14,0,0
S0004,Beverages,2025-04-13,759.89,239,131,6.641180416404312,0.008739660235566086,0,1,None,,,,1013.2999999999994,-0.25008388433830014,,,,,,,322.0,310.0,-8.400000000000034,1062.2,1013.2999999999994,3.263635775920245,1.0,8.0,15,0,0
S0004,Beverages,2025-04-20,908.24,279,159,3.00840739047364,0.0033123484877054963,0,1,None,,,,938.7174999999994,-0.032467169302798145,,,,,,,239.0,289.0,-23.200000000000017,759.89,938.7174999999994,3.2394440651024667,1.0,8.0,16,0,0
S0004,Beverages,2025-04-27,951.21,294,160,0.0,0.0,0,0,None,,,,886.6849999999994,0.07277105172637488,,,,,,,279.0,274.25,-1.6999999999999866,908.24,886.6849999999994,3.2275617349291936,1.0,8.0,17,0,0
S0004,Beverages,2025-05-04,980.04,303,175,1.8048347423813103,0.0018415929374120548,0,1,None,,951.21,0.030308764626107723,920.3849999999994,0.06481526752391725,951.21,0.030308764626107723,873.1133333333333,0.12246596470866701,,,294.0,283.5,-4.400000000000019,951.21,920.3849999999994,3.2422406239945474,1.0,7.0,18,0,0
S0004,Beverages,2025-05-11,894.7,291,163,19.449004788306034,0.021738018093557653,0,1,None,,951.21,-0.05940854280337674,899.8449999999995,-0.005717651373291418,951.21,-0.05940854280337674,946.4966666666666,-0.054724616040204246,,,303.0,278.75,20.700000000000035,980.04,899.8449999999995,3.226165044386897,1.0,7.0,19,0,0
S0004,Beverages,2025-05-18,1088.43,330,190,35.74451771025183,0.03284043779595548,0,1,None,,951.21,0.1442583656605797,933.5474999999994,0.16590746587613453,951.21,0.1442583656605797,941.9833333333332,0.1554663033670095,,,291.0,291.75,4.5000000000000275,894.7,933.5474999999994,3.1999436393343443,1.0,7.0,20,0,0
S0004,Beverages,2025-05-25,1157.38,351,192,11.322755496924104,0.009783092412970764,0,1,None,,951.21,0.2167449879627002,978.5949999999995,0.18269559930308324,951.21,0.2167449879627002,,,,,330.0,304.5,9.600000000000007,1088.43,978.5949999999995,3.210676695704498,1.0,7.0,21,0,0
S0004,Beverages,2025-06-01,985.07,312,174,11.91261586458645,0.012093166845591124,1,1,Manager_Special,15.0,951.21,0.03559676622407251,1030.1374999999994,-0.04374901408792452,951.21,0.03559676622407251,,,,,351.0,318.75,18.30000000000002,1157.38,1030.1374999999994,3.2261693842329002,0.0,7.0,22,0,0
S0004,Beverages,2025-06-08,1045.73,318,177,25.130446988344758,0.024031487083993726,0,1,None,,951.21,0.09936817316891115,1031.3949999999995,0.013898651825925564,951.21,0.09936817316891115,,,,,312.0,321.0,8.400000000000002,985.07,1031.3949999999995,3.206874433103172,1.0,7.0,23,0,0
S0004,Beverages,2025-06-15,882.62,273,153,5.136637469511465,0.005819761017778279,0,1,None,,951.21,-0.07210815697900572,1069.1524999999997,-0.17446762739646565,951.21,-0.07210815697900572,,,,,318.0,327.75,-7.500000000000001,1045.73,1069.1524999999997,3.2603466012935374,1.0,7.0,24,0,0
S0004,Beverages,2025-06-22,968.36,297,163,19.475283305002698,0.02011161479718565,0,1,None,,951.21,0.018029667476161918,1017.6999999999995,-0.04848187088532916,951.21,0.018029667476161918,,,,,273.0,313.5,-22.79999999999999,882.62,1017.6999999999995,3.244038492735429,1.0,7.0,25,0,0
S0004,Beverages,2025-06-29,1217.91,359,195,45.2479568277294,0.03715213507379807,0,1,None,,951.21,0.2803797268741919,970.4449999999995,0.255001571444029,951.21,0.2803797268741919,,,,,297.0,300.0,-8.99999999999997,968.36,970.4449999999995,3.2348116085085445,1.0,8.0,26,0,0
S0004,Beverages,2025-07-06,1017.86,319,173,16.975611754739873,0.016677747189927764,0,1,None,,951.21,0.07006864940444274,1028.6549999999995,-0.010494286228132376,951.21,0.07006864940444274,,,,,359.0,311.75,14.70000000000001,1217.91,1028.6549999999995,3.2936194391992095,1.0,8.0,27,0,0
S0004,Beverages,2025-07-13,685.73,253,150,18.691157293739423,0.02725731307327873,1,1,Coupon,15.0,951.21,-0.27909714994585844,1021.6874999999994,-0.3288260842968125,951.21,-0.27909714994585844,,,,,319.0,312.0,20.00000000000002,1017.86,1021.6874999999994,3.2692005840898855,1.0,8.0,28,0,0
S0004,Beverages,2025-07-20,1177.5,369,194,20.02869061337068,0.01700950370562266,0,1,None,,951.21,0.23789699435455888,972.4649999999995,0.21084049297404087,951.21,0.23789699435455888,,,,,253.0,307.0,-17.199999999999985,685.73,972.4649999999995,3.138539325059061,2.0,8.0,29,0,0
S0004,Beverages,2025-07-27,902.84,277,170,22.08672611151367,0.02446361050852163,0,1,None,,951.21,-0.05085102133072613,1024.7499999999995,-0.11896560136618645,951.21,-0.05085102133072613,,,,,369.0,325.0,-3.600000000000008,1177.5,1024.7499999999995,3.121185707583493,2.0,8.0,30,0,0
S0004,Beverages,2025-08-03,1018.62,320,169,14.334964737663984,0.014072926839904954,0,1,None,,951.21,0.07086763175324057,945.9824999999995,0.0767852470843811,951.21,0.07086763175324057,,,,,277.0,304.5,-0.9999999999999799,902.84,945.9824999999995,3.0878965117627715,1.0,8.0,31,0,0
S0004,Beverages,2025-08-10,1325.66,391,213,10.536741723110309,0.007948298751648469,0,1,None,,951.21,0.3936565006675708,946.1724999999994,0.4010764421920959,951.21,0.3936565006675708,,,,,320.0,304.75,10.900000000000002,1018.62,946.1724999999994,3.0859974619978807,1.0,8.0,32,0,0
S0004,Beverages,2025-08-17,984.53,303,166,24.342883732698052,0.024725385445540565,0,1,None,,951.21,0.035029068239400274,1106.1549999999995,-0.10995294511167024,951.21,0.035029068239400274,,,,,391.0,339.25,10.89999999999998,1325.66,1106.1549999999995,3.256007343420806,1.0,8.0,33,0,0
S0004,Beverages,2025-08-24,1051.5,330,183,21.6712597179443,0.020609852323294625,0,1,None,,951.21,0.10543413126438952,1057.9124999999995,-0.006061465385841889,951.21,0.10543413126438952,,,,,303.0,322.75,14.900000000000029,984.53,1057.9124999999995,3.2705615976267146,1.0,8.0,34,0,0
S0004,Beverages,2025-08-31,1076.53,329,193,19.86520902497622,0.01845300086850921,0,1,None,,951.21,0.13174798414650807,1095.0774999999994,-0.01693715741579884,951.21,0.13174798414650807,,,,,330.0,336.0,-5.7999999999999465,1051.5,1095.0774999999994,3.2523149615912694,1.0,8.0,35,0,0
S0004,Beverages,2025-09-07,1114.56,336,187,6.2295645018241,0.0055892589917313565,0,1,None,,951.21,0.1717286403633266,1109.5549999999994,0.004510817399768887,951.21,0.1717286403633266,,,,,329.0,338.25,-15.900000000000002,1076.53,1109.5549999999994,3.274550001484887,1.0,8.0,36,0,0
S0004,Beverages,2025-09-14,887.44,291,157,6.365938861127153,0.007173373818091536,0,1,None,,951.21,-0.06704092681952459,1056.7799999999995,-0.16024148829463042,951.21,-0.06704092681952459,,,,,336.0,324.5,9.800000000000015,1114.56,1056.7799999999995,3.256227020118427,0.0,8.0,37,0,0
S0004,Beverages,2025-09-21,1024.57,319,184,16.72344853007442,0.016322406990322207,0,1,None,,951.21,0.07712282251027627,1032.5074999999995,-0.007687595489620704,951.21,0.07712282251027627,,,,,291.0,321.5,-10.999999999999995,887.44,1032.5074999999995,3.206314036552029,0.0,8.0,38,0,0
S0004,Beverages,2025-09-28,951.3,300,165,61.934430665827,0.0651050464268128,0,1,None,,951.21,9.461633077860635e-05,1025.7749999999994,-0.07260364114937437,951.21,9.461633077860635e-05,,,,,319.0,318.75,-7.499999999999997,1024.57,1025.7749999999994,3.2126776729156656,0.0,8.0,39,0,0
S0004,Beverages,2025-10-05,1043.24,317,176,42.4399431574655,0.04068090099829905,0,1,None,,951.21,0.09675045468403398,994.4674999999995,0.04904383501723336,951.21,0.09675045468403398,,,,,300.0,311.5,-7.999999999999966,951.3,994.4674999999995,3.187395758022048,0.0,8.0,40,0,0
S0004,Beverages,2025-10-12,1199.09,382,197,3.9321477674411955,0.0032792765909491327,0,1,None,,951.21,0.2605944008158029,976.6374999999994,0.22777386696701765,951.21,0.2605944008158029,,,,,317.0,306.75,5.899999999999984,1043.24,976.6374999999994,3.180854523231602,0.0,8.0,41,0,0
S0004,Beverages,2025-10-19,1011.67,310,166,19.01909604865526,0.01879970350870863,0,1,None,,951.21,0.06356114843199706,1054.5499999999995,-0.04066189369873364,951.21,0.06356114843199706,,,,,382.0,329.5,20.600000000000016,1199.09,1054.5499999999995,3.203193789347721,0.0,8.0,42,0,0
S0004,Beverages,2025-10-26,1072.77,323,171,35.4412220012574,0.03303711140436198,0,1,None,,951.21,0.12779512410508714,1051.3249999999994,0.02039806910327504,951.21,0.12779512410508714,,,,,310.0,327.25,9.500000000000005,1011.67,1051.3249999999994,3.216102147118982,0.0,8.0,43,0,0
S0004,Breakfast & Cereal,2024-12-29,909.33,197,101,20.81613327806334,0.02289172608191013,0,1,None,,,,1084.6666666666658,-0.1616502765826668,,,,,,,,336.3333333333333,,,1084.6666666666658,3.231136196158643,0.0,7.0,52,0,1
S0004,Breakfast & Cereal,2025-01-05,1167.47,249,150,25.862729283410857,0.022152799886430364,0,1,None,,,,1040.029999999999,0.12253492687711035,,,,,,,197.0,296.3333333333333,,909.33,1040.029999999999,3.6727729984559843,0.0,7.0,1,1,0
S0004,Breakfast & Cereal,2025-01-12,1616.02,349,192,12.648324747396583,0.007826836764023083,0,1,None,,,,1029.489999999999,0.5697287006187544,,,,,,,249.0,252.0,,1167.47,1029.489999999999,4.1893248253096464,0.0,7.0,2,1,0
S0004,Breakfast & Cereal,2025-01-19,1285.37,277,165,5.582821290088474,0.004343357391325824,0,1,None,,,,1230.9399999999994,0.0442182397192394,,,,,,,349.0,265.0,,1616.02,1230.9399999999994,4.644984220817549,0.0,7.0,3,0,0
S0004,Breakfast & Cereal,2025-01-26,1465.82,307,174,4.47604870196809,0.003053614155877318,0,1,None,,,,1244.5474999999994,0.17779353540142148,,,,,,,277.0,268.0,33.999999999999964,1285.37,1244.5474999999994,4.643819393049985,0.0,7.0,4,0,0
S0004,Breakfast & Cereal,2025-02-02,1507.0,320,181,28.24652510425088,0.018743546850863223,0,1,None,,,,1383.6699999999994,0.08913252437358667,,,,,,,307.0,295.5,10.2,1465.82,1383.6699999999994,4.683511806945718,0.0,7.0,5,0,0
S0004,Breakfast & Cereal,2025-02-09,1551.99,330,194,20.56314379408339,0.013249533691636796,0,1,None,,,,1468.5524999999993,0.0568161505972723,,,,,,,320.0,313.25,-5.699999999999975,1507.0,1468.5524999999993,4.688696922407565,0.0,7.0,6,0,0
S0004,Breakfast & Cereal,2025-02-16,1607.53,340,185,15.481647088504436,0.009630704925260764,0,1,None,,,,1452.5449999999994,0.10669893187474443,,,,,,,330.0,308.5,17.19999999999999,1551.99,1452.5449999999994,4.706839472550831,0.0,7.0,7,0,0
S0004,Breakfast & Cereal,2025-02-23,1268.48,268,153,21.442633509911936,0.016904195186295358,0,1,None,,,,1533.0849999999996,-0.17259643137855998,,,,,,,340.0,324.25,10.900000000000013,1607.53,1533.0849999999996,4.728765598055185,0.0,8.0,8,0,0
S0004,Breakfast & Cereal,2025-03-02,1302.76,287,174,13.73446201194315,0.010542588053012949,0,1,None,,,,1483.7499999999995,-0.12198146588037041,,,,,,,268.0,314.5,-14.600000000000009,1268.48,1483.7499999999995,4.71838468503073,0.0,8.0,9,0,0
S0004,Breakfast & Cereal,2025-03-09,1456.58,306,170,9.847366210708543,0.006760607869604514,0,1,None,,,,1432.6899999999996,0.016674926187800806,,,,,,,287.0,306.25,-20.09999999999998,1302.76,1432.6899999999996,4.6758492974000685,0.0,8.0,10,0,0
S0004,Breakfast & Cereal,2025-03-16,1346.77,286,165,45.04998252682596,0.033450390584009115,0,1,None,,,,1408.8374999999994,-0.04405582616873802,,,,,,,306.0,300.25,-8.299999999999972,1456.58,1408.8374999999994,4.69011563726935,0.0,8.0,11,0,0
S0004,Breakfast & Cereal,2025-03-23,1479.95,308,175,16.826407499693083,0.01136957836392654,0,1,None,,,,1343.6474999999994,0.10144215651798612,,,,,,,286.0,286.75,7.300000000000023,1346.77,1343.6474999999994,4.685354787824676,0.0,8.0,12,0,0
S0004,Breakfast & Cereal,2025-03-30,1541.5,328,176,107.89837644270801,0.06999570317399158,1,1,Coupon,20.0,,,1396.5149999999994,0.10381914981221158,,,,,,,308.0,296.75,4.299999999999995,1479.95,1396.5149999999994,4.7033293226182415,0.0,8.0,13,0,0
S0004,Breakfast & Cereal,2025-04-06,1386.16,295,164,6.374079538663916,0.004598372149437233,0,1,None,,,,1456.1999999999994,-0.04809778876527902,,,,,,,328.0,307.0,8.799999999999997,1541.5,1456.1999999999994,4.743444740736708,1.0,8.0,14,0,0
S0004,Breakfast & Cereal,2025-04-13,1286.15,287,158,11.240514011973321,0.008739660235566086,1,1,Coupon,15.0,,,1438.5949999999996,-0.10596797569851106,,,,,,,295.0,304.25,4.700000000000039,1386.16,1438.5949999999996,4.728140265274206,1.0,8.0,15,0,0
S0004,Breakfast & Cereal,2025-04-20,1514.41,323,166,5.016253673266081,0.0033123484877054963,0,1,None,,,,1423.4399999999994,0.06390855954588937,,,,,,,287.0,304.5,-9.6,1286.15,1423.4399999999994,4.671233483032059,2.0,8.0,16,0,0
S0004,Breakfast & Cereal,2025-04-27,1422.37,302,177,0.0,0.0,0,0,None,,,,1432.0549999999994,-0.006763008404006477,,,,,,,323.0,308.25,-2.2999999999999994,1514.41,1432.0549999999994,4.642119328997239,2.0,8.0,17,0,0
S0004,Breakfast & Cereal,2025-05-04,1648.3,340,183,3.0354976387362895,0.0018415929374120546,0,1,None,,1422.37,0.15884052672651988,1402.2724999999996,0.17544913702579237,1422.37,0.15884052672651988,1407.6433333333334,0.1709642357320627,,,302.0,301.75,5.6999999999999735,1422.37,1402.2724999999996,4.644654157780957,2.0,7.0,18,0,0
S0004,Breakfast & Cereal,2025-05-11,1382.65,300,166,30.056070717057494,0.021738018093557656,0,1,None,,1422.37,-0.0279252233947565,1467.8074999999994,-0.05801680397463521,1422.37,-0.0279252233947565,1528.36,-0.09533748593263355,,,340.0,313.0,13.800000000000013,1648.3,1467.8074999999994,4.681927587491825,2.0,7.0,19,0,0
S0004,Breakfast & Cereal,2025-05-18,1570.83,344,189,51.586744903020744,0.03284043779595548,0,1,None,,1422.37,0.10437509227556828,1491.9324999999994,0.05288275441415782,1422.37,0.10437509227556828,1484.4399999999998,0.0581970305300316,,,300.0,316.25,-3.100000000000005,1382.65,1491.9324999999994,4.713796199570803,2.0,7.0,20,0,0
S0004,Breakfast & Cereal,2025-05-25,1478.83,314,176,14.467530553073557,0.009783092412970765,0,1,None,,1422.37,0.03969431301278854,1506.0374999999995,-0.01806561921598867,1422.37,0.03969431301278854,,,,,344.0,321.5,8.599999999999978,1570.83,1506.0374999999995,4.683243806489948,2.0,7.0,21,0,0
S0004,Breakfast & Cereal,2025-06-01,1755.4,382,201,21.22834508075066,0.012093166845591124,0,1,None,,1422.37,0.2341373904117777,1520.1524999999995,0.15475256594321998,1422.37,0.2341373904117777,,,,,314.0,324.5,-3.400000000000003,1478.83,1520.1524999999995,4.683197617600589,1.0,7.0,22,0,0
S0004,Breakfast & Cereal,2025-06-08,1696.27,363,199,40.76389059596604,0.024031487083993726,0,1,None,,1422.37,0.19256592869647146,1546.9274999999993,0.09654136990906213,1422.37,0.19256592869647146,,,,,382.0,335.0,21.60000000000003,1755.4,1546.9274999999993,4.620034313011739,1.0,7.0,23,0,0
S0004,Breakfast & Cereal,2025-06-15,1538.16,317,173,8.951723607105837,0.0058197610177782785,0,1,None,,1422.37,0.08140638511779649,1625.3324999999995,-0.05363364111650968,1422.37,0.08140638511779649,,,,,363.0,350.75,12.500000000000004,1696.27,1625.3324999999995,4.636056007226615,0.0,7.0,24,0,0
S0004,Breakfast & Cereal,2025-06-22,1494.03,321,177,30.047355855439278,0.02011161479718565,0,1,None,,1422.37,0.0503807026301174,1617.1649999999995,-0.07614250864939544,1422.37,0.0503807026301174,,,,,317.0,344.0,-0.9999999999999754,1538.16,1617.1649999999995,4.70752437436769,0.0,7.0,25,0,0
S0004,Breakfast & Cereal,2025-06-29,1639.04,349,208,60.89383547135799,0.03715213507379807,0,1,None,,1422.37,0.1523302656833314,1620.9649999999995,0.011150765130647796,1422.37,0.1523302656833314,,,,,321.0,345.75,-22.899999999999995,1494.03,1620.9649999999995,4.693686720340665,0.0,8.0,26,0,0
S0004,Breakfast & Cereal,2025-07-06,1428.08,314,174,23.817157206992036,0.01667774718992776,1,1,Coupon,20.0,1422.37,0.004014426625983419,1591.8749999999993,-0.10289438555162903,1422.37,0.004014426625983419,,,,,349.0,337.5,-3.8000000000000003,1639.04,1591.8749999999993,4.718962152015307,0.0,8.0,27,0,0
S0004,Breakfast & Cereal,2025-07-13,1502.19,322,189,40.94566312554858,0.027257313073278732,0,1,None,,1422.37,0.056117606529946615,1524.8274999999994,-0.01484594159011388,1422.37,0.056117606529946615,,,,,314.0,325.25,1.9000000000000337,1428.08,1524.8274999999994,4.68773849389385,1.0,8.0,28,0,0
S0004,Breakfast & Cereal,2025-07-20,1509.81,334,181,25.68111878978615,0.017009503705622663,0,1,None,,1422.37,0.061474862377581124,1515.8349999999996,-0.0039747070096677,1422.37,0.061474862377581124,,,,,322.0,326.5,-3.200000000000001,1502.19,1515.8349999999996,4.640975140836264,1.0,8.0,29,0,0
S0004,Breakfast & Cereal,2025-07-27,882.22,271,147,21.582286462827955,0.02446361050852163,1,1,Manager_Special,30.0,1422.37,-0.37975350998685287,1519.7799999999993,-0.41950808669675843,1422.37,-0.37975350998685287,,,,,334.0,329.75,-3.7000000000000206,1509.81,1519.7799999999993,4.607497679870345,1.0,8.0,30,0,0
S0004,Breakfast & Cereal,2025-08-03,1581.51,328,188,22.25647452657808,0.014072926839904952,0,1,None,,1422.37,0.11188368708563884,1330.5749999999994,0.1885913984555555,1422.37,0.11188368708563884,,,,,271.0,310.25,-11.700000000000038,882.22,1330.5749999999994,4.247256347227792,2.0,8.0,31,0,0
S0004,Breakfast & Cereal,2025-08-10,1436.49,307,176,11.417651673755508,0.007948298751648469,0,1,None,,1422.37,0.009927093512939755,1368.9324999999994,0.04935049755922998,1422.37,0.009927093512939755,,,,,328.0,313.75,-4.499999999999973,1581.51,1368.9324999999994,4.315669185118114,2.0,8.0,32,0,0
S0004,Breakfast & Cereal,2025-08-17,1231.47,265,153,30.44857041461984,0.024725385445540565,1,1,Bundle,15.0,1422.37,-0.13421261697026785,1352.5074999999995,-0.08949118581597477,1422.37,-0.13421261697026785,,,,,307.0,310.0,-2.400000000000012,1436.49,1352.5074999999995,4.319152731560342,2.0,8.0,33,0,0
S0004,Breakfast & Cereal,2025-08-24,1574.06,345,190,32.44114414800514,0.020609852323294625,0,1,None,,1422.37,0.10664595006925066,1282.9224999999994,0.22693303765426254,1422.37,0.10664595006925066,,,,,265.0,292.75,-3.9000000000000155,1231.47,1282.9224999999994,4.350819577114516,3.0,8.0,34,0,0
S0004,Breakfast & Cereal,2025-08-31,1587.42,334,189,29.292662638688892,0.01845300086850921,0,1,None,,1422.37,0.11603872410132399,1455.8824999999993,0.09034898077283084,1422.37,0.11603872410132399,,,,,345.0,311.25,0.9000000000000418,1574.06,1455.8824999999993,4.677586676959428,3.0,8.0,35,0,0
S0004,Breakfast & Cereal,2025-09-07,1495.09,310,171,8.356445225947633,0.0055892589917313565,0,1,None,,1422.37,0.05112593769553635,1457.3599999999994,0.025889279244661913,1422.37,0.05112593769553635,,,,,334.0,312.75,16.10000000000002,1587.42,1457.3599999999994,4.660356092396846,2.0,8.0,36,0,0
S0004,Breakfast & Cereal,2025-09-14,1613.66,358,199,11.575386395301589,0.007173373818091536,1,1,Bundle,20.0,1422.37,0.13448680723018638,1472.0099999999993,0.09622896583583049,1422.37,0.13448680723018638,,,,,310.0,313.5,12.40000000000003,1495.09,1472.0099999999993,4.69629370403917,2.0,8.0,37,0,0
S0004,Breakfast & Cereal,2025-09-21,1606.67,341,186,26.22472163914098,0.016322406990322207,0,1,None,,1422.37,0.12957247411011213,1567.5574999999994,0.024951237833381327,1422.37,0.12957247411011213,,,,,358.0,336.75,1.499999999999983,1613.66,1567.5574999999994,4.661387094995215,3.0,8.0,38,0,0
S0004,Breakfast & Cereal,2025-09-28,1785.71,375,199,116.25873245482387,0.0651050464268128,0,1,None,,1422.37,0.25544689497106954,1575.7099999999994,0.13327325459634118,1422.37,0.25544689497106954,,,,,341.0,335.75,6.900000000000038,1606.67,1575.7099999999994,4.698674463774169,2.0,8.0,39,0,0
S0004,Breakfast & Cereal,2025-10-05,1488.06,308,175,60.53562153952889,0.040680900998299054,0,1,None,,1422.37,0.046183482497521786,1625.2824999999993,-0.08442993756469995,1422.37,0.046183482497521786,,,,,375.0,346.0,17.800000000000036,1785.71,1625.2824999999993,4.700959174353011,2.0,8.0,40,0,0
S0004,Breakfast & Cereal,2025-10-12,1457.01,305,169,4.7779387857787965,0.003279276590949133,0,1,None,,1422.37,0.024353719496333658,1623.5249999999994,-0.10256386566267811,1422.37,0.024353719496333658,,,,,308.0,345.5,-11.600000000000003,1488.06,1623.5249999999994,4.703082341508436,2.0,8.0,41,0,0
S0004,Breakfast & Cereal,2025-10-19,1256.8,269,148,23.62746736974501,0.01879970350870863,0,1,None,,1422.37,-0.11640431111454821,1584.3624999999993,-0.20674719327174146,1422.37,-0.11640431111454821,,,,,305.0,332.25,-17.500000000000018,1457.01,1584.3624999999993,4.770495291412273,1.0,8.0,42,0,0
S0004,Breakfast & Cereal,2025-10-26,1409.24,339,179,46.55721887548308,0.03303711140436198,1,1,Coupon,15.0,1422.37,-0.009231072083916199,1496.8949999999993,-0.05855788148133258,1422.37,-0.009231072083916199,,,,,269.0,314.25,-32.1,1256.8,1496.8949999999993,4.760614474004475,1.0,8.0,43,0,0
S0004,Candy,2024-12-29,490.38,201,107,11.22564463604709,0.02289172608191013,0,1,None,,,,1400.6233333333323,-0.6498844562064031,,,,,,,,294.0,,,1400.6233333333323,4.760188187561522,1.0,7.0,52,0,1
S0004,Candy,2025-01-05,666.2,275,140,14.758195284339907,0.02215279988643036,0,1,None,,,,1068.0633333333326,-0.37625421713443913,,,,,,,201.0,258.3333333333333,,490.38,1068.0633333333326,3.9629674729527475,1.0,7.0,1,1,0
S0004,Candy,2025-01-12,701.93,283,157,5.493891529770722,0.007826836764023083,0,1,None,,,,804.4599999999992,-0.12745195534892895,,,,,,,275.0,248.33333333333334,,666.2,804.4599999999992,3.178121968730194,0.0,7.0,2,1,0
S0004,Candy,2025-01-19,855.21,339,188,3.714482674635758,0.004343357391325824,0,1,None,,,,619.5033333333325,0.38047683359250334,,,,,,,283.0,253.0,,701.93,619.5033333333325,2.4475216560947293,0.0,7.0,3,0,0
S0004,Candy,2025-01-26,754.18,293,175,2.3029747240795557,0.003053614155877318,0,1,None,,,,678.4299999999994,0.11165485016877295,,,,,,,339.0,274.5,42.20000000000001,855.21,678.4299999999994,2.466327082779012,0.0,7.0,4,0,0
S0004,Candy,2025-02-02,731.11,292,158,13.703594538134611,0.018743546850863223,0,1,None,,,,744.3799999999994,-0.01782691635992292,,,,,,,293.0,297.5,10.999999999999995,754.18,744.3799999999994,2.499900003160042,0.0,7.0,5,0,0
S0004,Candy,2025-02-09,781.11,318,178,10.349343261874418,0.013249533691636797,0,1,None,,,,760.6074999999994,0.026955427076383865,,,,,,,292.0,301.75,-1.9000000000000183,731.11,760.6074999999994,2.520213981989431,0.0,7.0,6,0,0
S0004,Candy,2025-02-16,785.19,303,161,7.561933200265499,0.009630704925260762,0,1,None,,,,780.4024999999993,0.006134654873607797,,,,,,,318.0,310.5,-6.399999999999994,781.11,780.4024999999993,2.5142146653683235,0.0,7.0,7,0,0
S0004,Candy,2025-02-23,728.96,288,155,12.322482123001864,0.016904195186295358,0,1,None,,,,762.8974999999995,-0.044485006177106955,,,,,,,303.0,301.5,5.599999999999992,785.19,762.8974999999995,2.531375359313824,0.0,8.0,8,0,0
S0004,Candy,2025-03-02,815.94,324,179,8.602119295975386,0.01054258805301295,0,1,None,,,,756.5924999999994,0.07844050793525008,,,,,,,288.0,300.25,-2.6999999999999704,728.96,756.5924999999994,2.5206548435762435,0.0,8.0,9,0,0
S0004,Candy,2025-03-09,787.06,323,165,5.321004029850928,0.0067606078696045135,0,1,None,,,,777.7999999999994,0.01190537413216838,,,,,,,324.0,308.25,0.29999999999997523,815.94,777.7999999999994,2.5242878344438235,0.0,8.0,10,0,0
S0004,Candy,2025-03-16,456.43,264,148,15.26776177425928,0.033450390584009115,1,1,Coupon,30.0,,,779.2874999999995,-0.4142983173732412,,,,,,,323.0,309.5,9.600000000000012,787.06,779.2874999999995,2.519387212328046,0.0,8.0,11,0,0
S0004,Candy,2025-03-23,712.86,309,170,8.104917632508673,0.01136957836392654,1,1,Manager_Special,30.0,,,697.0974999999995,0.022611614587630155,,,,,,,264.0,299.75,-7.300000000000009,456.43,697.0974999999995,2.303766056462459,1.0,8.0,12,0,0
S0004,Candy,2025-03-30,674.1,262,150,47.18410350958772,0.06999570317399158,0,1,None,,,,693.0724999999995,-0.02737448102471174,,,,,,,309.0,305.0,-10.400000000000013,712.86,693.0724999999995,2.2477358515002157,2.0,8.0,13,0,0
S0004,Candy,2025-04-06,807.85,322,189,3.714794940922869,0.004598372149437233,0,1,None,,,,657.6124999999995,0.22845900891482543,,,,,,,262.0,289.5,-13.799999999999976,674.1,657.6124999999995,2.2613777090065765,2.0,8.0,14,0,0
S0004,Candy,2025-04-13,655.0,272,148,5.724477454295786,0.008739660235566086,1,1,Bundle,15.0,,,662.8099999999995,-0.01178316561307086,,,,,,,322.0,289.25,12.699999999999957,807.85,662.8099999999995,2.279410875362364,2.0,8.0,15,0,0
S0004,Candy,2025-04-20,768.05,299,171,2.5440492559822063,0.0033123484877054963,0,1,None,,,,712.4524999999994,0.07803678139946253,,,,,,,272.0,291.25,-5.0999999999999845,655.0,712.4524999999994,2.4492075553980146,3.0,8.0,16,0,0
S0004,Candy,2025-04-27,806.12,333,181,0.0,0.0,0,0,None,,,,726.2499999999995,0.10997590361445854,,,,,,,299.0,288.75,6.100000000000001,768.05,726.2499999999995,2.5146422568299722,3.0,8.0,17,0,0
S0004,Candy,2025-05-04,711.51,289,160,1.310311790898051,0.0018415929374120548,0,1,None,,806.12,-0.11736466034833525,759.2549999999994,-0.0628840113005505,806.12,-0.11736466034833525,743.0566666666667,-0.04245526361829748,,,333.0,306.5,6.000000000000029,806.12,759.2549999999994,2.4766122611854726,3.0,7.0,18,0,0
S0004,Candy,2025-05-11,711.03,287,162,15.4563830050623,0.021738018093557656,0,1,None,,806.12,-0.11796010519525633,735.1699999999994,-0.032835942707128196,806.12,-0.11796010519525633,761.8933333333334,-0.06675912638689596,,,289.0,298.25,8.499999999999973,711.51,735.1699999999994,2.4648926078509934,3.0,7.0,19,0,0
S0004,Candy,2025-05-18,737.95,337,184,24.23460107152535,0.03284043779595548,1,1,Bundle,20.0,806.12,-0.08456557336376713,749.1774999999994,-0.014986435123851696,806.12,-0.08456557336376713,742.8866666666667,-0.006645248714474093,,,287.0,302.0,-7.999999999999975,711.03,749.1774999999994,2.4822346605257213,2.0,7.0,20,0,0
S0004,Candy,2025-05-25,799.49,323,174,7.821484553245997,0.009783092412970765,0,1,None,,806.12,-0.008224581948097052,741.6524999999995,0.07798463566158084,806.12,-0.008224581948097052,,,,,337.0,311.5,0.9999999999999887,737.95,741.6524999999995,2.3874930390972207,2.0,7.0,21,0,0
S0004,Candy,2025-06-01,833.3199999999999,343,180,10.077477795767994,0.012093166845591122,0,1,None,,806.12,0.03374187465885964,739.9949999999994,0.1261157169980886,806.12,0.03374187465885964,,,,,323.0,309.0,15.200000000000006,799.49,739.9949999999994,2.401098153499549,2.0,7.0,22,0,0
S0004,Candy,2025-06-08,779.4399999999999,345,179,18.731102292748066,0.024031487083993722,1,1,Manager_Special,30.0,806.12,-0.03309680940802866,770.4474999999994,0.011671788149095851,806.12,-0.03309680940802866,,,,,343.0,322.5,15.400000000000006,833.3199999999999,770.4474999999994,2.3929811672092347,2.0,7.0,23,0,0
S0004,Candy,2025-06-15,566.26,247,136,3.2954978739271286,0.005819761017778279,1,1,Coupon,30.0,806.12,-0.29754875204684167,787.5499999999994,-0.28098533426449057,806.12,-0.29754875204684167,,,,,345.0,337.0,4.399999999999981,779.4399999999999,787.5499999999994,2.338428649913875,2.0,7.0,24,0,0
S0004,Candy,2025-06-22,785.52,315,174,15.798075655485272,0.02011161479718565,0,1,None,,806.12,-0.02555450801369526,744.6274999999994,0.054916720105019814,806.12,-0.02555450801369526,,,,,247.0,314.5,-22.600000000000005,566.26,744.6274999999994,2.3641256489167466,3.0,7.0,25,0,0
S0004,Candy,2025-06-29,690.49,289,163,25.653177747106827,0.03715213507379807,0,1,None,,806.12,-0.14344018260308639,741.1349999999993,-0.06833437902676212,806.12,-0.14344018260308639,,,,,315.0,312.5,-18.200000000000003,785.52,741.1349999999993,2.368753910747795,3.0,8.0,26,0,0
S0004,Candy,2025-07-06,868.91,346,192,14.491461310800133,0.016677747189927764,0,1,None,,806.12,0.07789162903786032,705.4274999999994,0.2317495419444247,806.12,0.07789162903786032,,,,,289.0,299.0,-10.000000000000037,690.49,705.4274999999994,2.358687506034649,3.0,8.0,27,0,0
S0004,Candy,2025-07-13,797.66,317,172,21.742068346031513,0.027257313073278732,0,1,None,,806.12,-0.01049471542698362,727.7949999999994,0.09599543827588901,806.12,-0.01049471542698362,,,,,346.0,299.25,27.100000000000048,868.91,727.7949999999994,2.421701056340421,3.0,8.0,28,0,0
S0004,Candy,2025-07-20,751.7,297,159,12.786043935516556,0.017009503705622663,0,1,None,,806.12,-0.06750855951967444,785.6449999999993,-0.043206537303743145,806.12,-0.06750855951967444,,,,,317.0,316.75,6.299999999999963,797.66,785.6449999999993,2.477632805149473,2.0,8.0,29,0,0
S0004,Candy,2025-07-27,703.4399999999999,286,162,17.208682176114458,0.024463610508521635,0,1,None,,806.12,-0.12737557683719553,777.1899999999995,-0.09489314067345127,806.12,-0.12737557683719553,,,,,297.0,312.25,-0.499999999999989,751.7,777.1899999999995,2.48694834146501,2.0,8.0,30,0,0
S0004,Candy,2025-08-03,657.43,264,153,9.251964292358714,0.014072926839904956,0,1,None,,806.12,-0.18445144643477404,780.4274999999994,-0.15760272414798246,806.12,-0.18445144643477404,,,,,286.0,311.5,-19.99999999999997,703.4399999999999,780.4274999999994,2.5045337577788,2.0,8.0,31,0,0
S0004,Candy,2025-08-10,872.48,348,178,6.934731694838255,0.007948298751648467,0,1,None,,806.12,0.08232025008683572,727.5574999999994,0.19919044199255825,806.12,0.08232025008683572,,,,,264.0,291.0,-17.000000000000004,657.43,727.5574999999994,2.499274901148917,1.0,8.0,32,0,0
S0004,Candy,2025-08-17,749.93,300,164,18.542308307174235,0.024725385445540565,0,1,None,,806.12,-0.06970426239269595,746.2624999999995,0.00491449054454763,806.12,-0.06970426239269595,,,,,348.0,298.75,13.100000000000014,872.48,746.2624999999995,2.4969871097134044,0.0,8.0,33,0,0
S0004,Candy,2025-08-24,743.33,305,157,15.319921527474595,0.020609852323294625,0,1,None,,806.12,-0.07789162903786032,745.8199999999994,-0.003338607170630084,806.12,-0.07789162903786032,,,,,300.0,299.5,12.599999999999973,749.93,745.8199999999994,2.4891846686359633,0.0,8.0,34,0,0
S0004,Candy,2025-08-31,854.43,341,188,15.766797532080323,0.01845300086850921,0,1,None,,806.12,0.059929042822408504,755.7924999999993,0.13050870443938078,806.12,0.059929042822408504,,,,,305.0,304.25,7.500000000000026,743.33,755.7924999999993,2.48357644898676,0.0,8.0,35,0,0
S0004,Candy,2025-09-07,708.53,274,148,3.960157673411418,0.0055892589917313565,0,1,None,,806.12,-0.12106138043963682,805.0424999999994,-0.11988497501684636,806.12,-0.12106138043963682,,,,,341.0,323.5,-1.5999999999999925,854.43,805.0424999999994,2.4874251171197024,0.0,8.0,36,0,0
S0004,Candy,2025-09-14,840.92,333,176,6.032233511109535,0.007173373818091537,0,1,None,,806.12,0.043169751401776355,764.0549999999994,0.10060139649632636,806.12,0.043169751401776355,,,,,274.0,305.0,-4.199999999999998,708.53,764.0549999999994,2.50711248602649,0.0,8.0,37,0,0
S0004,Candy,2025-09-21,798.88,326,179,13.039644496428604,0.016322406990322207,0,1,None,,806.12,-0.008981293107725908,786.8024999999994,0.01535010374268074,806.12,-0.008981293107725908,,,,,333.0,313.25,1.7000000000000126,840.92,786.8024999999994,2.5134921406811443,0.0,8.0,38,0,0
S0004,Candy,2025-09-28,664.89,284,163,43.28769431872355,0.06510504642681278,1,1,Coupon,20.0,806.12,-0.17519724110554263,800.6899999999994,-0.1696037167942643,806.12,-0.17519724110554263,,,,,326.0,318.5,1.3999999999999753,798.88,800.6899999999994,2.516843292245059,0.0,8.0,39,0,0
S0004,Candy,2025-10-05,797.35,318,179,32.43691641099375,0.040680900998299054,0,1,None,,806.12,-0.010879273557286734,753.3049999999994,0.058469013215099695,806.12,-0.010879273557286734,,,,,284.0,304.25,2.300000000000005,664.89,753.3049999999994,2.475718829191075,1.0,8.0,40,0,0
S0004,Candy,2025-10-12,755.28,321,181,2.476772023612061,0.003279276590949133,1,1,BOGO,100.0,806.12,-0.06306753336972167,775.5099999999994,-0.026086059496330756,806.12,-0.06306753336972167,,,,,318.0,315.25,-8.699999999999987,797.35,775.5099999999994,2.456097335365615,1.0,8.0,41,0,0
S0004,Candy,2025-10-19,795.26,311,167,14.950652212335626,0.01879970350870863,0,1,None,,806.12,-0.013471939661588862,754.0999999999995,0.05458162047473885,806.12,-0.013471939661588862,,,,,321.0,312.25,1.9000000000000077,755.28,754.0999999999995,2.4130003131097144,2.0,8.0,42,0,0
S0004,Candy,2025-10-26,603.52,307,171,19.93855747476054,0.033037111404361975,1,1,Manager_Special,20.0,806.12,-0.25132734580459487,753.1949999999994,-0.19872011895989686,806.12,-0.25132734580459487,,,,,311.0,308.5,8.39999999999998,795.26,753.1949999999994,2.439638803631088,2.0,8.0,43,0,0
S0004,Condiments/Sauces/Spices,2024-12-29,627.7,166,99,14.369136461614989,0.02289172608191013,0,1,None,,,,782.6299999999992,-0.19796072218033978,,,,,,,,316.6666666666667,,,782.6299999999992,2.4724644142311223,2.0,7.0,52,0,1
S0004,Condiments/Sauces/Spices,2025-01-05,1084.34,289,153,24.021167028851895,0.02215279988643036,0,1,None,,,,726.0799999999994,0.49341670339356664,,,,,,,166.0,266.0,,627.7,726.0799999999994,2.8971095355970893,2.0,7.0,1,1,0
S0004,Condiments/Sauces/Spices,2025-01-12,1077.14,294,163,8.430598951999825,0.007826836764023083,0,1,None,,,,835.7666666666659,0.28880469030431277,,,,,,,289.0,255.33333333333334,,1084.34,835.7666666666659,3.3634909776736444,2.0,7.0,2,1,0
S0004,Condiments/Sauces/Spices,2025-01-19,1021.0,283,167,4.434567896543667,0.004343357391325825,0,1,None,,,,929.7266666666659,0.09817222266042441,,,,,,,294.0,249.66666666666666,,1077.14,929.7266666666659,3.7323694400982723,2.0,7.0,3,0,0
S0004,Condiments/Sauces/Spices,2025-01-26,1117.58,293,160,3.412658108325373,0.003053614155877318,0,1,None,,,,952.5449999999994,0.1732569064978564,,,,,,,283.0,258.0,35.60000000000001,1021.0,952.5449999999994,3.7012205429712304,1.0,7.0,4,0,0
S0004,Condiments/Sauces/Spices,2025-02-02,1214.89,319,177,22.771347633645224,0.018743546850863223,0,1,None,,,,1075.0149999999994,0.1301144635191144,,,,,,,293.0,289.75,0.1000000000000116,1117.58,1075.0149999999994,3.7094557705710494,1.0,7.0,5,0,0
S0004,Condiments/Sauces/Spices,2025-02-09,1152.23,308,173,15.266510205514665,0.013249533691636796,0,1,None,,,,1107.6524999999995,0.040245022694392486,,,,,,,319.0,297.25,8.50000000000001,1214.89,1107.6524999999995,3.7235535404184317,0.0,7.0,6,0,0
S0004,Condiments/Sauces/Spices,2025-02-16,1137.66,307,165,10.95646776527216,0.009630704925260762,0,1,None,,,,1126.4249999999993,0.009974032891671276,,,,,,,308.0,300.75,10.099999999999964,1152.23,1126.4249999999993,3.742869789645395,0.0,7.0,7,0,0
S0004,Condiments/Sauces/Spices,2025-02-23,787.29,233,135,13.30850382821847,0.016904195186295354,1,1,Manager_Special,25.0,,,1155.5899999999995,-0.3187116537872426,,,,,,,307.0,306.75,3.1000000000000245,1137.66,1155.5899999999995,3.767359551503569,0.0,8.0,8,0,0
S0004,Condiments/Sauces/Spices,2025-03-02,1208.33,324,175,12.738925422097136,0.010542588053012949,0,1,None,,,,1073.0174999999995,0.1261046534655777,,,,,,,233.0,291.75,-25.899999999999984,787.29,1073.0174999999995,3.6585247582591975,1.0,8.0,9,0,0
S0004,Condiments/Sauces/Spices,2025-03-09,1071.78,292,166,7.245884302484726,0.006760607869604514,0,1,None,,,,1071.3774999999994,0.00037568457429860204,,,,,,,324.0,293.0,-2.599999999999972,1208.33,1071.3774999999994,3.6387700028507064,1.0,8.0,10,0,0
S0004,Condiments/Sauces/Spices,2025-03-16,1085.04,305,167,36.295011799273254,0.03345039058400912,1,1,Manager_Special,25.0,,,1051.2649999999994,0.03212796012423182,,,,,,,292.0,289.0,4.599999999999996,1071.78,1051.2649999999994,3.6211382424877816,1.0,8.0,11,0,0
S0004,Condiments/Sauces/Spices,2025-03-23,1168.3700000000001,310,175,13.283874273060853,0.01136957836392654,0,1,None,,,,1038.1099999999994,0.1254780321931209,,,,,,,305.0,288.5,18.40000000000001,1085.04,1038.1099999999994,3.584082066912409,2.0,8.0,12,0,0
S0004,Condiments/Sauces/Spices,2025-03-30,1077.68,296,161,75.43296939654725,0.06999570317399158,0,1,None,,,,1133.3799999999994,-0.049145035204432225,,,,,,,310.0,307.75,-2.9000000000000106,1168.3700000000001,1133.3799999999994,3.681584178223499,2.0,8.0,13,0,0
S0004,Condiments/Sauces/Spices,2025-04-06,1134.57,310,167,5.217175089587002,0.004598372149437233,0,1,None,,,,1100.7174999999995,0.030754939391806194,,,,,,,296.0,300.75,1.699999999999994,1077.68,1100.7174999999995,3.659433485864473,2.0,8.0,14,0,0
S0004,Condiments/Sauces/Spices,2025-04-13,920.97,237,129,8.048964887149298,0.008739660235566086,0,1,None,,,,1116.4149999999995,-0.17506482804333476,,,,,,,310.0,305.25,0.09999999999999726,1134.57,1116.4149999999995,3.6567894293023873,2.0,8.0,15,0,0
S0004,Condiments/Sauces/Spices,2025-04-20,978.0,268,151,3.2394768209759754,0.0033123484877054963,1,1,Bundle,15.0,,,1075.3974999999996,-0.09056883617453046,,,,,,,237.0,288.25,-20.500000000000007,920.97,1075.3974999999996,3.738899721894211,2.0,8.0,16,0,0
S0004,Condiments/Sauces/Spices,2025-04-27,965.64,266,141,0.0,0.0,0,0,None,,,,1027.8049999999994,-0.0604832628757395,,,,,,,268.0,277.75,-15.69999999999997,978.0,1027.8049999999994,3.70897928376229,2.0,8.0,17,0,0
S0004,Condiments/Sauces/Spices,2025-05-04,1066.23,289,170,1.9635616376568552,0.0018415929374120548,0,1,None,,965.64,0.10416925562321365,999.7949999999994,0.066448621967504,965.64,0.10416925562321365,954.87,0.11662320525307111,,,266.0,270.25,-10.100000000000003,965.64,999.7949999999994,3.706332972037031,2.0,7.0,18,0,0
S0004,Condiments/Sauces/Spices,2025-05-11,960.31,260,148,20.87523615542435,0.021738018093557656,0,1,None,,965.64,-0.005519655358104512,982.7099999999995,-0.022794110164748027,965.64,-0.005519655358104512,1003.29,-0.04283905949426389,,,289.0,265.0,15.400000000000022,1066.23,982.7099999999995,3.7137014562428576,2.0,7.0,19,0,0
S0004,Condiments/Sauces/Spices,2025-05-18,1137.83,311,174,37.366835337372024,0.03284043779595548,0,1,None,,965.64,0.17831697112795653,992.5449999999994,0.14637623483066323,965.64,0.17831697112795653,997.3933333333333,0.14080369496487505,,,260.0,270.75,-0.10000000000000309,960.31,992.5449999999994,3.6655891144707056,1.0,7.0,20,0,0
S0004,Condiments/Sauces/Spices,2025-05-25,1278.6,342,186,12.50866195922442,0.009783092412970765,0,1,None,,965.64,0.32409593637380385,1032.5024999999994,0.23835051246849348,965.64,0.32409593637380385,,,,,311.0,281.5,10.600000000000035,1137.83,1032.5024999999994,3.6679300224708977,1.0,7.0,21,0,0
S0004,Condiments/Sauces/Spices,2025-06-01,1230.1,333,195,14.87580453676164,0.012093166845591124,0,1,None,,965.64,0.27387017936290947,1110.7424999999994,0.10745739899211616,965.64,0.27387017936290947,,,,,342.0,300.5,21.000000000000014,1278.6,1110.7424999999994,3.6950227543004717,1.0,7.0,22,0,0
S0004,Condiments/Sauces/Spices,2025-06-08,806.64,297,156,19.384758741432695,0.024031487083993722,1,1,BOGO,100.0,965.64,-0.1646576363862309,1151.7099999999994,-0.2996153545597412,965.64,-0.1646576363862309,,,,,333.0,311.5,25.00000000000002,1230.1,1151.7099999999994,3.6961769621415304,1.0,7.0,23,0,0
S0004,Condiments/Sauces/Spices,2025-06-15,1078.1,282,152,6.274284353266763,0.00581976101777828,0,1,None,,965.64,0.11646162130814788,1113.2924999999993,-0.03161118933254239,965.64,0.11646162130814788,,,,,297.0,320.75,-5.099999999999975,806.64,1113.2924999999993,3.4517918611314293,2.0,7.0,24,0,0
S0004,Condiments/Sauces/Spices,2025-06-22,1089.97,289,168,21.921056780488446,0.02011161479718565,0,1,None,,965.64,0.12875398699308235,1098.3599999999992,-0.007638661276811971,965.64,0.12875398699308235,,,,,282.0,313.5,-21.600000000000044,1078.1,1098.3599999999992,3.4928999316429343,1.0,7.0,25,0,0
S0004,Condiments/Sauces/Spices,2025-06-29,1260.95,340,178,46.846984721305674,0.03715213507379807,0,1,None,,965.64,0.30581790315231355,1051.2024999999994,0.19953101329192116,965.64,0.30581790315231355,,,,,289.0,300.25,-14.699999999999974,1089.97,1051.2024999999994,3.5011314316732873,1.0,8.0,26,0,0
S0004,Condiments/Sauces/Spices,2025-07-06,930.38,256,142,15.51664243056499,0.01667774718992776,0,1,None,,965.64,-0.03651464313822956,1058.9149999999995,-0.12138368046538162,965.64,-0.03651464313822956,,,,,340.0,302.0,13.600000000000009,1260.95,1058.9149999999995,3.504802050821848,1.0,8.0,27,0,0
S0004,Condiments/Sauces/Spices,2025-07-13,935.79,255,141,25.507121000843505,0.027257313073278732,1,1,Coupon,10.0,965.64,-0.030912141170622617,1089.8499999999995,-0.141358902601275,965.64,-0.030912141170622617,,,,,256.0,291.75,-2.6999999999999758,930.38,1089.8499999999995,3.734386370581949,1.0,8.0,28,0,0
S0004,Condiments/Sauces/Spices,2025-07-20,879.15,323,177,14.953905182798161,0.01700950370562266,1,1,Coupon,25.0,965.64,-0.08956754069839692,1054.2724999999994,-0.16610743427339658,965.64,-0.08956754069839692,,,,,255.0,285.0,-18.600000000000005,935.79,1054.2724999999994,3.696065135705019,2.0,8.0,29,0,0
S0004,Condiments/Sauces/Spices,2025-07-27,1122.36,298,163,27.45697789034434,0.024463610508521635,0,1,None,,965.64,0.16229650801540937,1001.5674999999994,0.12060345408572118,965.64,0.16229650801540937,,,,,323.0,293.5,-5.200000000000035,879.15,1001.5674999999994,3.4336411692143978,3.0,8.0,30,0,0
S0004,Condiments/Sauces/Spices,2025-08-03,916.77,272,152,12.901637139019666,0.014072926839904956,1,1,Coupon,10.0,965.64,-0.050608922579843424,966.9199999999994,-0.0518657179497781,965.64,-0.050608922579843424,,,,,298.0,283.0,19.40000000000003,1122.36,966.9199999999994,3.448049232775393,3.0,8.0,31,0,0
S0004,Condiments/Sauces/Spices,2025-08-10,1084.22,305,177,8.617704472512303,0.007948298751648469,0,1,None,,965.64,0.12279938693508972,963.5174999999994,0.12527276359796344,965.64,0.12279938693508972,,,,,272.0,287.0,2.600000000000045,916.77,963.5174999999994,3.38209449931951,3.0,8.0,32,0,0
S0004,Condiments/Sauces/Spices,2025-08-17,993.49,261,158,24.564423186290092,0.024725385445540562,1,1,Manager_Special,15.0,965.64,0.028840975933059964,1000.6249999999993,-0.007130543410367834,965.64,0.028840975933059964,,,,,305.0,299.5,-7.999999999999966,1084.22,1000.6249999999993,3.3533582408817093,3.0,8.0,33,0,0
S0004,Condiments/Sauces/Spices,2025-08-24,1111.11,295,159,22.89981301493589,0.020609852323294625,0,1,None,,965.64,0.15064620355411945,1029.2099999999996,0.07957559681697647,965.64,0.15064620355411945,,,,,261.0,284.0,-7.799999999999995,993.49,1029.2099999999996,3.6245203584813206,4.0,8.0,34,0,0
S0004,Condiments/Sauces/Spices,2025-08-31,1209.97,314,171,22.327577460870092,0.018453000868509213,0,1,None,,965.64,0.25302390124684154,1026.3974999999994,0.17885127350758434,965.64,0.25302390124684154,,,,,295.0,283.25,2.500000000000007,1111.11,1026.3974999999994,3.6245618213410635,4.0,8.0,35,0,0
S0004,Condiments/Sauces/Spices,2025-09-07,1135.75,313,169,6.348000899858889,0.0055892589917313565,1,1,Manager_Special,25.0,965.64,0.17616295928089146,1099.6974999999993,0.03278401560429183,965.64,0.17616295928089146,,,,,314.0,293.75,6.100000000000001,1209.97,1099.6974999999993,3.745294246874971,4.0,8.0,36,0,0
S0004,Condiments/Sauces/Spices,2025-09-14,1240.79,343,183,8.900650499749796,0.007173373818091536,0,1,None,,965.64,0.28494055755768194,1112.5799999999995,0.11523665713926239,965.64,0.28494055755768194,,,,,313.0,295.75,17.5,1135.75,1112.5799999999995,3.7637378911425037,4.0,8.0,37,0,0
S0004,Condiments/Sauces/Spices,2025-09-21,1360.55,359,190,22.207450830682873,0.016322406990322204,0,1,None,,965.64,0.40896193198293357,1174.4049999999993,0.15850153907723552,965.64,0.40896193198293357,,,,,343.0,316.25,14.299999999999992,1240.79,1174.4049999999993,3.7164850064089716,3.0,8.0,38,0,0
S0004,Condiments/Sauces/Spices,2025-09-28,1148.68,317,175,74.78486472955132,0.0651050464268128,0,1,None,,965.64,0.18955304254173405,1236.7649999999994,-0.07122209959046334,965.64,0.18955304254173405,,,,,359.0,332.25,16.5,1360.55,1236.7649999999994,3.72232457961137,3.0,8.0,39,0,0
S0004,Condiments/Sauces/Spices,2025-10-05,635.96,230,142,25.871425798878267,0.040680900998299054,1,1,Manager_Special,25.0,965.64,-0.34141087775982765,1221.4424999999994,-0.47933693153791496,965.64,-0.34141087775982765,,,,,317.0,333.0,2.8000000000000393,1148.68,1221.4424999999994,3.6648717224111045,2.0,8.0,40,0,0
S0004,Condiments/Sauces/Spices,2025-10-12,1091.17,296,181,3.578248237745966,0.003279276590949133,0,1,None,,965.64,0.12999668613562,1096.4949999999994,-0.00485638329404089,965.64,0.12999668613562,,,,,230.0,312.25,-38.09999999999999,635.96,1096.4949999999994,3.4489840296760024,3.0,8.0,41,0,0
S0004,Condiments/Sauces/Spices,2025-10-19,887.88,263,142,16.69188075131222,0.01879970350870863,1,1,Coupon,30.0,965.64,-0.08052690443643593,1059.0899999999995,-0.1616576494915442,965.64,-0.08052690443643593,,,,,296.0,300.5,-27.6,1091.17,1059.0899999999995,3.4662144242469584,2.0,8.0,42,0,0
S0004,Condiments/Sauces/Spices,2025-10-26,800.04,284,154,26.43101060794576,0.03303711140436198,1,1,Coupon,25.0,965.64,-0.17149248167018769,940.9224999999994,-0.14972805943103662,965.64,-0.17149248167018769,,,,,263.0,276.5,-9.599999999999957,887.88,940.9224999999994,3.362748602414026,3.0,8.0,43,0,0
S0004,Dairy & Eggs,2024-12-29,676.55,181,105,15.487397280716298,0.02289172608191013,0,1,None,,,,871.6699999999993,-0.22384618032053355,,,,,,,,263.0,,,871.6699999999993,3.2757993983816878,3.0,7.0,52,0,1
S0004,Dairy & Eggs,2025-01-05,749.76,263,154,16.609283242850026,0.02215279988643036,1,1,Manager_Special,20.0,,,885.1999999999992,-0.15300497062810595,,,,,,,181.0,246.66666666666666,,676.55,885.1999999999992,3.6000666735838647,2.0,7.0,1,1,0
S0004,Dairy & Eggs,2025-01-12,935.93,258,161,7.325371332552123,0.007826836764023083,0,1,None,,,,771.396666666666,0.21329277198501523,,,,,,,263.0,235.66666666666666,,749.76,771.396666666666,3.3215377882346373,3.0,7.0,2,1,0
S0004,Dairy & Eggs,2025-01-19,1039.86,317,175,4.516483616944071,0.004343357391325824,1,1,Coupon,25.0,,,787.4133333333325,0.3206024790029815,,,,,,,258.0,234.0,,935.93,787.4133333333325,3.405426480623197,3.0,7.0,3,0,0
S0004,Dairy & Eggs,2025-01-26,1008.84,280,152,3.0806081050152736,0.003053614155877318,0,1,None,,,,850.5249999999994,0.18613797360453924,,,,,,,317.0,254.75,40.3,1039.86,850.5249999999994,3.37414872482071,4.0,7.0,4,0,0
S0004,Dairy & Eggs,2025-02-02,983.67,281,161,18.437464730788623,0.01874354685086322,0,1,None,,,,933.5974999999994,0.053633926826068615,,,,,,,280.0,279.5,11.00000000000001,1008.84,933.5974999999994,3.3404373988538594,3.0,7.0,5,0,0
S0004,Dairy & Eggs,2025-02-09,1015.56,299,171,13.455696435878664,0.013249533691636797,1,1,Manager_Special,25.0,,,992.0749999999994,0.023672605397777987,,,,,,,281.0,284.0,3.2,983.67,992.0749999999994,3.5028890246335975,3.0,7.0,6,0,0
S0004,Dairy & Eggs,2025-02-16,1244.29,346,186,11.983389831452715,0.009630704925260764,0,1,None,,,,1011.9824999999994,0.22955683522195366,,,,,,,299.0,294.25,-5.3,1015.56,1011.9824999999994,3.445110544687524,3.0,7.0,7,0,0
S0004,Dairy & Eggs,2025-02-23,916.13,252,145,15.486440336020765,0.016904195186295358,0,1,None,,,,1063.0899999999995,-0.13823853107450879,,,,,,,346.0,301.5,21.600000000000023,1244.29,1063.0899999999995,3.524085148542304,3.0,8.0,8,0,0
S0004,Dairy & Eggs,2025-03-02,1043.08,300,171,10.996762746336746,0.010542588053012949,1,1,Coupon,10.0,,,1039.9124999999995,0.003045929345017465,,,,,,,252.0,294.5,-4.000000000000023,916.13,1039.9124999999995,3.5321942755264315,3.0,8.0,9,0,0
S0004,Dairy & Eggs,2025-03-09,1059.51,295,179,7.162931643924679,0.006760607869604514,0,1,None,,,,1054.7649999999994,0.004498632396790352,,,,,,,300.0,299.25,-9.099999999999957,1043.08,1054.7649999999994,3.5262763633081633,3.0,8.0,10,0,0
S0004,Dairy & Eggs,2025-03-16,1041.58,288,161,34.84125782449221,0.033450390584009115,0,1,None,,,,1065.7524999999994,-0.022681157210515068,,,,,,,295.0,298.25,-10.500000000000012,1059.51,1065.7524999999994,3.575035759034029,3.0,8.0,11,0,0
S0004,Dairy & Eggs,2025-03-23,1090.52,313,166,12.398752597429171,0.01136957836392654,0,1,None,,,,1015.0749999999994,0.07432455729872242,,,,,,,288.0,283.75,10.299999999999981,1041.58,1015.0749999999994,3.5801315963814924,2.0,8.0,12,0,0
S0004,Dairy & Eggs,2025-03-30,988.02,285,159,69.15715464996715,0.06999570317399158,0,1,None,,,,1058.6724999999994,-0.06673688038557675,,,,,,,313.0,299.0,3.2000000000000046,1090.52,1058.6724999999994,3.542294833614618,2.0,8.0,13,0,0
S0004,Dairy & Eggs,2025-04-06,897.12,259,146,4.125291622703131,0.004598372149437233,0,1,None,,,,1044.9074999999993,-0.1414359644274727,,,,,,,285.0,295.25,-0.4999999999999779,988.02,1044.9074999999993,3.5397457108076003,2.0,8.0,14,0,0
S0004,Dairy & Eggs,2025-04-13,900.42,246,139,7.869364869308415,0.008739660235566086,0,1,None,,,,1004.3099999999994,-0.10344415568897998,,,,,,,259.0,286.25,-11.499999999999991,897.12,1004.3099999999994,3.5078018262450716,1.0,8.0,15,0,0
S0004,Dairy & Eggs,2025-04-20,964.02,278,157,3.1931701891178528,0.0033123484877054968,0,1,None,,,,969.0199999999995,-0.0051598522218318996,,,,,,,246.0,275.75,-22.700000000000017,900.42,969.0199999999995,3.518713496299272,1.0,8.0,16,0,0
S0004,Dairy & Eggs,2025-04-27,1018.61,279,158,0.0,0.0,0,0,None,,,,937.3949999999993,0.08663903690546758,,,,,,,278.0,267.0,-3.400000000000032,964.02,937.3949999999993,3.514615592513674,1.0,8.0,17,0,0
S0004,Dairy & Eggs,2025-05-04,1116.53,304,152,2.0561937624086815,0.0018415929374120548,0,1,None,,1018.61,0.09613100205181567,945.0424999999994,0.1814600930645983,1018.61,0.09613100205181567,961.0166666666668,0.16182168189937723,,,279.0,265.5,9.199999999999966,1018.61,945.0424999999994,3.5606643568977527,0.0,7.0,18,0,0
S0004,Dairy & Eggs,2025-05-11,698.41,252,154,15.182049216721602,0.021738018093557656,1,1,Manager_Special,25.0,1018.61,-0.31434994747744477,999.8949999999994,-0.3015166592492208,1018.61,-0.31434994747744477,1033.0533333333333,-0.3239361633474877,,,304.0,276.75,17.499999999999982,1116.53,999.8949999999994,3.6129174241097015,0.0,7.0,19,0,0
S0004,Dairy & Eggs,2025-05-18,929.29,307,174,30.51829043940347,0.03284043779595548,1,1,Coupon,15.0,1018.61,-0.08768812401213423,949.3924999999995,-0.02117406657415086,1018.61,-0.08768812401213423,944.5166666666665,-0.016121120149635522,,,252.0,278.25,-5.299999999999971,698.41,949.3924999999995,3.390723511992009,1.0,7.0,20,0,0
S0004,Dairy & Eggs,2025-05-25,845.33,243,139,8.269941509456578,0.009783092412970765,0,1,None,,1018.61,-0.1701141751995366,940.7099999999994,-0.10139150216325901,1018.61,-0.1701141751995366,,,,,307.0,285.5,3.199999999999997,929.29,940.7099999999994,3.280549865892602,2.0,7.0,21,0,0
S0004,Dairy & Eggs,2025-06-01,1260.66,348,196,15.245371715562907,0.012093166845591124,0,1,None,,1018.61,0.2376277476168505,897.3899999999994,0.40480727442917896,1018.61,0.2376277476168505,,,,,243.0,276.5,-12.799999999999976,845.33,897.3899999999994,3.2374979609410555,2.0,7.0,22,0,0
S0004,Dairy & Eggs,2025-06-08,1054.7,289,174,25.346009427488184,0.024031487083993726,0,1,None,,1018.61,0.03543063586652402,933.4224999999994,0.12992776582951523,1018.61,0.03543063586652402,,,,,348.0,287.5,22.39999999999998,1260.66,933.4224999999994,3.2249454995072986,2.0,7.0,23,0,0
S0004,Dairy & Eggs,2025-06-15,851.01,284,142,4.9526748237394935,0.005819761017778279,1,1,Coupon,10.0,1018.61,-0.1645379487733284,1022.4949999999994,-0.1677123115516453,1018.61,-0.1645379487733284,,,,,289.0,296.75,5.099999999999987,1054.7,1022.4949999999994,3.444448678229768,2.0,7.0,24,0,0
S0004,Dairy & Eggs,2025-06-22,1036.68,288,155,20.849308827946423,0.02011161479718565,0,1,None,,1018.61,0.017739861183377396,1002.9249999999995,0.03365655457786034,1018.61,0.017739861183377396,,,,,284.0,291.0,6.400000000000009,851.01,1002.9249999999995,3.436826385024281,3.0,7.0,25,0,0
S0004,Dairy & Eggs,2025-06-29,682.24,252,148,25.346672632747993,0.03715213507379807,1,1,Coupon,25.0,1018.61,-0.33022452165205524,1050.7624999999996,-0.3507191206385836,1018.61,-0.33022452165205524,,,,,288.0,302.25,-18.499999999999996,1036.68,1050.7624999999996,3.467041148398766,3.0,8.0,26,0,0
S0004,Dairy & Eggs,2025-07-06,1158.8700000000001,318,173,19.32734088599159,0.016677747189927764,0,1,None,,1018.61,0.13769745044717813,906.1574999999995,0.2788836377782017,1018.61,0.13769745044717813,,,,,252.0,278.25,-10.699999999999992,682.24,906.1574999999995,3.2382199935000253,4.0,8.0,27,0,0
S0004,Dairy & Eggs,2025-07-13,946.52,266,157,25.79959197011978,0.02725731307327873,0,1,None,,1018.61,-0.07077291603263274,932.1999999999994,0.015361510405493058,1018.61,-0.07077291603263274,,,,,318.0,285.5,6.600000000000029,1158.8700000000001,932.1999999999994,3.2369110720402094,3.0,8.0,28,0,0
S0004,Dairy & Eggs,2025-07-20,933.58,264,153,15.879732469495204,0.01700950370562266,0,1,None,,1018.61,-0.08347650229233954,956.0774999999994,-0.023531042201076158,1018.61,-0.08347650229233954,,,,,266.0,281.0,-1.6925873209815138e-14,946.52,956.0774999999994,3.3773690170788626,2.0,8.0,29,0,0
S0004,Dairy & Eggs,2025-07-27,888.61,260,141,21.73860893397741,0.024463610508521635,1,1,Coupon,25.0,1018.61,-0.12762490059983703,930.3024999999994,-0.04481606789189479,1018.61,-0.12762490059983703,,,,,264.0,275.0,-1.599999999999993,933.58,930.3024999999994,3.3615451534424987,2.0,8.0,30,0,0
S0004,Dairy & Eggs,2025-08-03,1000.76,280,157,14.083622264303282,0.014072926839904954,0,1,None,,1018.61,-0.01752388058236226,981.8949999999995,0.019212848624344227,1018.61,-0.01752388058236226,,,,,260.0,277.0,-17.600000000000016,888.61,981.8949999999995,3.5391524489247947,3.0,8.0,31,0,0
S0004,Dairy & Eggs,2025-08-10,1210.12,332,190,9.618395285344842,0.007948298751648467,0,1,None,,1018.61,0.1880111131836521,942.3674999999995,0.28412747680708483,1018.61,0.1880111131836521,,,,,280.0,267.5,3.800000000000018,1000.76,942.3674999999995,3.5216268424557917,3.0,8.0,32,0,0
S0004,Dairy & Eggs,2025-08-17,995.4300000000001,285,151,24.612390434054447,0.024725385445540565,1,1,Manager_Special,15.0,1018.61,-0.022756501506955507,1008.2674999999995,-0.012732236236910756,1018.61,-0.022756501506955507,,,,,332.0,284.0,22.400000000000038,1210.12,1008.2674999999995,3.5432753160494146,2.0,8.0,33,0,0
S0004,Dairy & Eggs,2025-08-24,985.3,281,157,20.306887494142195,0.02060985232329463,0,1,None,,1018.61,-0.03270142645369676,1023.7299999999993,-0.03753919490490599,1018.61,-0.03270142645369676,,,,,285.0,289.25,12.700000000000019,995.4300000000001,1023.7299999999993,3.5323875568787604,3.0,8.0,34,0,0
S0004,Dairy & Eggs,2025-08-31,725.46,282,164,13.386914010068692,0.01845300086850921,1,1,Coupon,30.0,1018.61,-0.2877941508526325,1047.9024999999995,-0.3077027681487539,1018.61,-0.2877941508526325,,,,,281.0,294.5,-4.399999999999977,985.3,1047.9024999999995,3.5545562880586123,2.0,8.0,35,0,0
S0004,Dairy & Eggs,2025-09-07,983.84,276,167,5.4989365664249785,0.005589258991731357,0,1,None,,1018.61,-0.03413475226043332,979.0774999999994,0.004864272746540102,1018.61,-0.03413475226043332,,,,,282.0,295.0,-15.39999999999999,725.46,979.0774999999994,3.304158871645239,3.0,8.0,36,0,0
S0004,Dairy & Eggs,2025-09-14,1064.32,310,175,7.634765222071183,0.007173373818091536,0,1,None,,1018.61,0.044874878510911854,922.5074999999995,0.15372503746582064,1018.61,0.044874878510911854,,,,,276.0,281.0,-2.6000000000000068,983.84,922.5074999999995,3.2840833521760575,3.0,8.0,37,0,0
S0004,Dairy & Eggs,2025-09-21,968.04,273,154,15.800742862911509,0.016322406990322207,0,1,None,,1018.61,-0.049646086333336656,939.7299999999993,0.03012567439583779,1018.61,-0.049646086333336656,,,,,310.0,287.25,8.100000000000012,1064.32,939.7299999999993,3.269221722294903,3.0,8.0,38,0,0
S0004,Dairy & Eggs,2025-09-28,980.62,264,151,63.84331062706116,0.0651050464268128,0,1,None,,1018.61,-0.03729592287529085,935.4149999999994,0.048326144010947696,1018.61,-0.03729592287529085,,,,,273.0,285.25,0.6999999999999988,968.04,935.4149999999994,3.279103815290875,2.0,8.0,39,0,0
S0004,Dairy & Eggs,2025-10-05,1090.09,304,174,44.345843369235816,0.040680900998299054,0,1,None,,1018.61,0.070174060729818,999.2049999999994,0.09095731106229514,1018.61,0.070174060729818,,,,,264.0,280.75,-7.299999999999995,980.62,999.2049999999994,3.5645829416609587,2.0,8.0,40,0,0
S0004,Dairy & Eggs,2025-10-12,1116.23,319,164,3.660426909115151,0.003279276590949133,0,1,None,,1018.61,0.09583648305043148,1025.7674999999995,0.08819006256291079,1018.61,0.09583648305043148,,,,,304.0,287.75,-2.699999999999993,1090.09,1025.7674999999995,3.5698791134763663,2.0,8.0,41,0,0
S0004,Dairy & Eggs,2025-10-19,856.1700000000001,235,133,16.09574215305107,0.01879970350870863,0,1,None,,1018.61,-0.15947222194951938,1038.7449999999994,-0.17576498563169926,1018.61,-0.15947222194951938,,,,,319.0,290.0,17.80000000000003,1116.23,1038.7449999999994,3.586344934085124,1.0,8.0,42,0,0
S0004,Dairy & Eggs,2025-10-26,1030.25,288,170,34.036484024343935,0.03303711140436198,0,1,None,,1018.61,0.011427337253708472,1010.7774999999995,0.019264872833042433,1018.61,0.011427337253708472,,,,,235.0,280.5,-7.199999999999956,856.1700000000001,1010.7774999999995,3.610680566537778,1.0,8.0,43,0,0
S0004,Deli,2024-12-29,1070.16,187,114,24.497809583816945,0.02289172608191013,1,1,Manager_Special,10.0,,,1020.8299999999994,0.048323423096892484,,,,,,,,286.0,,,1020.8299999999994,3.5760841897271383,0.0,7.0,52,0,1
S0004,Deli,2025-01-05,1846.84,291,147,40.91267694225505,0.02215279988643036,0,1,None,,,,1014.1866666666659,0.821005994951621,,,,,,,187.0,247.0,,1070.16,1014.1866666666659,4.2884036498078215,1.0,7.0,1,1,0
S0004,Deli,2025-01-12,1971.47,315,175,15.430373875168586,0.007826836764023083,0,1,None,,,,1257.7233333333327,0.5674909956349709,,,,,,,291.0,237.66666666666666,,1846.84,1257.7233333333327,5.237528851343261,1.0,7.0,2,1,0
S0004,Deli,2025-01-19,2347.36,377,197,10.195423406102586,0.004343357391325824,0,1,None,,,,1629.489999999999,0.44054888339296433,,,,,,,315.0,264.3333333333333,,1971.47,1629.489999999999,6.109314959640007,1.0,7.0,3,0,0
S0004,Deli,2025-01-26,2054.46,325,175,6.273528138683715,0.003053614155877318,0,1,None,,,,1808.9574999999995,0.1357149076194441,,,,,,,377.0,292.5,59.39999999999998,2347.36,1808.9574999999995,6.138590994265815,1.0,7.0,4,0,0
S0004,Deli,2025-02-02,2062.69,328,183,38.662126653807064,0.018743546850863223,0,1,None,,,,2055.0324999999993,0.003726218441801145,,,,,,,325.0,327.0,16.399999999999984,2054.46,2055.0324999999993,6.288249653253885,1.0,7.0,5,0,0
S0004,Deli,2025-02-09,2336.68,376,206,30.959920386573863,0.013249533691636794,0,1,None,,,,2108.9949999999994,0.10795900417023296,,,,,,,328.0,336.25,-1.2999999999999445,2062.69,2108.9949999999994,6.2737896069459484,1.0,7.0,6,0,0
S0004,Deli,2025-02-16,2027.14,333,189,19.522787182193106,0.009630704925260764,0,1,None,,,,2200.2974999999997,-0.07869731252251098,,,,,,,376.0,351.5,2.4300816842100446e-14,2336.68,2200.2974999999997,6.262774493808494,1.0,7.0,7,0,0
S0004,Deli,2025-02-23,1876.77,298,169,31.725286399783542,0.01690419518629536,0,1,None,,,,2120.2424999999994,-0.11483238355989915,,,,,,,333.0,340.5,7.19999999999999,2027.14,2120.2424999999994,6.228046596149563,1.0,8.0,8,0,0
S0004,Deli,2025-03-02,1848.69,298,173,19.48997710772451,0.010542588053012949,0,1,None,,,,2075.8199999999997,-0.10941700147411611,,,,,,,298.0,333.75,-13.299999999999972,1876.77,2075.8199999999997,6.222164226505783,0.0,8.0,9,0,0
S0004,Deli,2025-03-09,1740.84,272,146,11.769136603722322,0.006760607869604514,0,1,None,,,,2022.3199999999995,-0.13918667668815995,,,,,,,298.0,326.25,-26.900000000000016,1848.69,2022.3199999999995,6.2009063999384235,0.0,8.0,10,0,0
S0004,Deli,2025-03-16,2300.93,356,183,76.96700720646409,0.033450390584009115,0,1,None,,,,1873.3599999999997,0.22823696459836884,,,,,,,272.0,300.25,-18.299999999999965,1740.84,1873.3599999999997,6.2472995476230295,0.0,8.0,11,0,0
S0004,Deli,2025-03-23,1674.42,308,171,19.037449404125876,0.01136957836392654,1,1,Bundle,20.0,,,1941.8074999999994,-0.13770031272409827,,,,,,,356.0,306.0,14.799999999999981,2300.93,1941.8074999999994,6.3412442999596355,0.0,8.0,12,0,0
S0004,Deli,2025-03-30,1849.38,294,177,129.44865353591655,0.06999570317399158,0,1,None,,,,1891.2199999999996,-0.022123285498249528,,,,,,,308.0,308.5,11.39999999999999,1674.42,1891.2199999999996,6.1258799663067105,1.0,8.0,13,0,0
S0004,Deli,2025-04-06,2198.09,347,190,10.10763583795649,0.004598372149437234,0,1,None,,,,1891.3924999999995,0.1621543386684682,,,,,,,294.0,307.5,1.7999999999999878,1849.38,1891.3924999999995,6.147567577592836,1.0,8.0,14,0,0
S0004,Deli,2025-04-13,1794.06,291,159,15.67947484221969,0.008739660235566086,0,1,None,,,,2005.7049999999995,-0.10552149992147379,,,,,,,347.0,326.25,-4.099999999999995,2198.09,2005.7049999999995,6.131169141417214,1.0,8.0,15,0,0
S0004,Deli,2025-04-20,1832.6,306,182,6.070209838569093,0.0033123484877054963,0,1,None,,,,1878.9874999999997,-0.024687497921087726,,,,,,,291.0,310.0,0.20000000000002172,1794.06,1878.9874999999997,6.056636171997544,1.0,8.0,16,0,0
S0004,Deli,2025-04-27,1937.21,315,165,0.0,0.0,0,0,None,,,,1918.5324999999996,0.009735305500428306,,,,,,,306.0,309.5,-1.9999999999999527,1832.6,1918.5324999999996,6.194751251362624,1.0,8.0,17,0,0
S0004,Deli,2025-05-04,1944.69,314,176,3.581327369455849,0.0018415929374120548,0,1,None,,1937.21,0.0038612230991993735,1940.4899999999996,0.0021644017748097136,1937.21,0.0038612230991993735,1854.6233333333332,0.04856332013508592,,,315.0,314.75,-8.09999999999999,1937.21,1940.4899999999996,6.159617464514552,1.0,7.0,18,0,0
S0004,Deli,2025-05-11,2055.2,324,169,44.67597478587969,0.021738018093557656,0,1,None,,1937.21,0.06090718094579306,1877.1399999999994,0.09485706979767117,1937.21,0.06090718094579306,1904.8333333333333,0.07893953976725868,,,314.0,306.5,7.800000000000003,1944.69,1877.1399999999994,6.1242991996785605,1.0,7.0,19,0,0
S0004,Deli,2025-05-18,1791.74,280,156,58.84152601652528,0.03284043779595548,0,1,None,,1937.21,-0.0750925299786807,1942.4249999999997,-0.07757571077390361,1937.21,-0.0750925299786807,1979.0333333333335,-0.09463879671893694,,,324.0,314.75,5.300000000000011,2055.2,1942.4249999999997,6.168813009020548,1.0,7.0,20,0,0
S0004,Deli,2025-05-25,2410.22,380,205,23.579404995590398,0.009783092412970765,0,1,None,,1937.21,0.24417074039469122,1932.2099999999996,0.24739029401566098,1937.21,0.24417074039469122,,,,,280.0,308.25,-9.500000000000007,1791.74,1932.2099999999996,6.271358643941182,0.0,7.0,21,0,0
S0004,Deli,2025-06-01,2255.8,362,207,27.27976577028446,0.012093166845591124,0,1,None,,1937.21,0.16445816406068528,2050.4624999999996,0.10014204112486845,1937.21,0.16445816406068528,,,,,380.0,324.5,15.399999999999965,2410.22,2050.4624999999996,6.319561442604508,0.0,7.0,22,0,0
S0004,Deli,2025-06-08,2150.3,348,193,51.674906676711714,0.024031487083993726,0,1,None,,1937.21,0.10999839976048036,2128.2399999999993,0.010365372326429756,1937.21,0.10999839976048036,,,,,362.0,336.5,21.399999999999974,2255.8,2128.2399999999993,6.3291143070870355,0.0,7.0,23,0,0
S0004,Deli,2025-06-15,1667.77,268,164,9.70602283262008,0.005819761017778279,0,1,None,,1937.21,-0.13908662457864662,2152.0149999999994,-0.22501934233729765,1937.21,-0.13908662457864662,,,,,348.0,342.5,18.599999999999987,2150.3,2152.0149999999994,6.28806758507767,0.0,7.0,24,0,0
S0004,Deli,2025-06-22,1603.11,290,158,32.241130797516284,0.02011161479718565,1,1,Manager_Special,10.0,1937.21,-0.17246452372226043,2121.0224999999996,-0.24418057799952608,1937.21,-0.17246452372226043,,,,,268.0,339.5,-35.0,1667.77,2121.0224999999996,6.244055324949738,0.0,7.0,25,0,0
S0004,Deli,2025-06-29,2009.39,322,180,74.6531286959391,0.03715213507379807,0,1,None,,1937.21,0.03725977049468052,1919.2449999999997,0.04696899041029178,1937.21,0.03725977049468052,,,,,290.0,317.0,-29.59999999999999,1603.11,1919.2449999999997,6.040375651628504,1.0,8.0,26,0,0
S0004,Deli,2025-07-06,1963.57,309,168,32.74792404972646,0.016677747189927764,0,1,None,,1937.21,0.013607197980600916,1857.6424999999995,0.05702254335804682,1937.21,0.013607197980600916,,,,,322.0,307.0,-5.599999999999999,2009.39,1857.6424999999995,6.0425881271784165,1.0,8.0,27,0,0
S0004,Deli,2025-07-13,1823.17,289,163,49.69471547580959,0.027257313073278732,0,1,None,,1937.21,-0.05886816607388975,1810.9599999999996,0.006742280337500825,1937.21,-0.05886816607388975,,,,,309.0,297.25,15.500000000000014,1963.57,1810.9599999999996,6.086481247365896,1.0,8.0,28,0,0
S0004,Deli,2025-07-20,2005.76,317,173,34.116982152589706,0.01700950370562266,0,1,None,,1937.21,0.03538594163771607,1849.8099999999995,0.08430595574680672,1937.21,0.03538594163771607,,,,,289.0,302.5,-1.5999999999999683,1823.17,1849.8099999999995,6.107862328551662,1.0,8.0,29,0,0
S0004,Deli,2025-07-27,1799.08,277,145,44.0119923936711,0.024463610508521635,0,1,None,,1937.21,-0.07130357576101719,1950.4724999999994,-0.07761837195858927,1937.21,-0.07130357576101719,,,,,317.0,309.25,-3.4999999999999982,2005.76,1950.4724999999994,6.307700602238164,1.0,8.0,30,0,0
S0004,Deli,2025-08-03,1965.6,313,177,27.661744996517175,0.014072926839904954,0,1,None,,1937.21,0.014655096762870247,1897.8949999999995,0.03567373326764674,1937.21,0.014655096762870247,,,,,277.0,298.0,-6.800000000000027,1799.08,1897.8949999999995,6.371333610063802,1.0,8.0,31,0,0
S0004,Deli,2025-08-10,2126.04,337,190,16.89840107795471,0.007948298751648469,0,1,None,,1937.21,0.09747523500291652,1898.4024999999995,0.11991002961700722,1937.21,0.09747523500291652,,,,,313.0,299.0,3.2000000000000046,1965.6,1898.4024999999995,6.352652793868097,1.0,8.0,32,0,0
S0004,Deli,2025-08-17,1698.98,281,156,42.007935364264505,0.024725385445540562,0,1,None,,1937.21,-0.12297582605912627,1974.1199999999994,-0.13937349299941215,1937.21,-0.12297582605912627,,,,,337.0,311.0,9.600000000000033,2126.04,1974.1199999999994,6.352697124569481,1.0,8.0,33,0,0
S0004,Deli,2025-08-24,1830.72,306,168,37.73086884530194,0.02060985232329463,1,1,Coupon,25.0,1937.21,-0.0549708085339225,1897.4249999999993,-0.035155539744653554,1937.21,-0.0549708085339225,,,,,281.0,302.0,3.600000000000008,1698.98,1897.4249999999993,6.282415514277262,0.0,8.0,34,0,0
S0004,Deli,2025-08-31,2232.69,353,194,41.19983050911183,0.01845300086850921,0,1,None,,1937.21,0.15252863654430857,1905.3349999999994,0.1718096817620003,1937.21,0.15252863654430857,,,,,306.0,309.25,-7.699999999999988,1830.72,1905.3349999999994,6.154383377234719,1.0,8.0,35,0,0
S0004,Deli,2025-09-07,2110.47,338,185,11.795963424279275,0.0055892589917313565,0,1,None,,1937.21,0.08943790296354022,1972.1074999999996,0.0701597149242626,1937.21,0.08943790296354022,,,,,353.0,319.25,7.299999999999998,2232.69,1972.1074999999996,6.165640538581098,1.0,8.0,36,0,0
S0004,Deli,2025-09-14,1776.83,283,168,12.745865801199583,0.007173373818091536,0,1,None,,1937.21,-0.08278916586224525,1968.2149999999997,-0.09723785257200042,1937.21,-0.08278916586224525,,,,,338.0,319.5,21.800000000000008,2110.47,1968.2149999999997,6.14945805038908,1.0,8.0,37,0,0
S0004,Deli,2025-09-21,1852.74,289,176,30.241176327249566,0.016322406990322207,0,1,None,,1937.21,-0.04360394588093187,1987.6774999999998,-0.06788701889516775,1937.21,-0.04360394588093187,,,,,283.0,320.0,-8.400000000000004,1776.83,1987.6774999999998,6.207547816871733,1.0,8.0,38,0,0
S0004,Deli,2025-09-28,2064.58,329,179,134.41457675186913,0.06510504642681278,0,1,None,,1937.21,0.06574919600869286,1993.1824999999997,0.035820854337222145,1937.21,0.06574919600869286,,,,,289.0,315.75,-24.700000000000014,1852.74,1993.1824999999997,6.3145778053377075,1.0,8.0,39,0,0
S0004,Deli,2025-10-05,1743.99,276,157,70.94708453202357,0.040680900998299054,0,1,None,,1937.21,-0.09974138064536113,1951.1549999999995,-0.10617557292987977,1937.21,-0.09974138064536113,,,,,329.0,309.75,-2.1000000000000094,2064.58,1951.1549999999995,6.302182380107161,1.0,8.0,40,0,0
S0004,Deli,2025-10-12,1938.82,315,179,6.357927040063998,0.0032792765909491327,1,1,BOGO,50.0,1937.21,0.0008310921376618436,1859.5349999999994,0.04263700333685602,1937.21,0.0008310921376618436,,,,,276.0,294.25,1.900000000000008,1743.99,1859.5349999999994,6.320884946353624,1.0,8.0,41,0,0
S0004,Deli,2025-10-19,1719.82,276,161,32.33210608834728,0.018799703508708635,1,1,Bundle,20.0,1937.21,-0.11221808683622328,1900.0324999999993,-0.09484706182657374,1937.21,-0.11221808683622328,,,,,315.0,302.25,2.5000000000000133,1938.82,1900.0324999999993,6.2899931689123765,2.0,8.0,42,0,0
S0004,Deli,2025-10-26,2389.86,370,194,78.95407106082853,0.03303711140436198,0,1,None,,1937.21,0.23366078019419684,1866.8024999999996,0.2801889862478761,1937.21,0.23366078019419684,,,,,276.0,299.0,-12.000000000000016,1719.82,1866.8024999999996,6.24508487695109,2.0,8.0,43,0,0
S0004,Frozen Foods,2024-12-29,1304.3799999999999,198,109,29.859509666721934,0.02289172608191013,0,1,None,,,,1800.876666666666,-0.2756972067307958,,,,,,,,289.0,,,1800.876666666666,6.2350067862893965,2.0,7.0,52,0,1
S0004,Frozen Foods,2025-01-05,1717.74,285,160,38.05275047691689,0.022152799886430364,1,1,Coupon,10.0,,,1654.3399999999995,0.03832344016344921,,,,,,,198.0,263.0,,1304.3799999999999,1654.3399999999995,6.324664596273294,2.0,7.0,1,1,0
S0004,Frozen Foods,2025-01-12,2004.49,280,164,15.68881602511663,0.007826836764023083,0,1,None,,,,1580.6466666666659,0.2681455269362335,,,,,,,285.0,253.0,,1717.74,1580.6466666666659,6.282055852190865,3.0,7.0,2,1,0
S0004,Frozen Foods,2025-01-19,1923.04,272,153,8.352449997815212,0.004343357391325823,0,1,None,,,,1675.5366666666662,0.1477158562132335,,,,,,,280.0,254.33333333333334,,2004.49,1675.5366666666662,6.591276176552494,3.0,7.0,3,0,0
S0004,Frozen Foods,2025-01-26,2454.29,348,174,7.494454686628143,0.003053614155877318,0,1,None,,,,1737.4124999999995,0.41261214593540724,,,,,,,272.0,258.75,21.700000000000024,1923.04,1737.4124999999995,6.710957132414371,3.0,7.0,4,0,0
S0004,Frozen Foods,2025-02-02,1987.75,318,169,37.25748525280337,0.018743546850863223,1,1,Manager_Special,10.0,,,2024.8899999999994,-0.01834173708201405,,,,,,,348.0,296.25,18.10000000000001,2454.29,2024.8899999999994,6.8271520557860175,3.0,7.0,5,0,0
S0004,Frozen Foods,2025-02-09,1943.42,282,168,25.749408767000784,0.013249533691636796,0,1,None,,,,2092.3924999999995,-0.07119720606912873,,,,,,,318.0,304.5,18.999999999999975,1987.75,2092.3924999999995,6.883059122982311,3.0,7.0,6,0,0
S0004,Frozen Foods,2025-02-16,2064.44,301,161,19.88201247590533,0.009630704925260762,0,1,None,,,,2077.1249999999995,-0.006106998856592402,,,,,,,282.0,305.0,2.61701904860814e-14,1943.42,2077.1249999999995,6.816225979618583,2.0,7.0,7,0,0
S0004,Frozen Foods,2025-02-23,1440.42,275,153,24.349140830243563,0.016904195186295358,1,1,Coupon,20.0,,,2112.4749999999995,-0.31813630930543535,,,,,,,301.0,312.25,-17.70000000000002,2064.44,2112.4749999999995,6.76337714240928,2.0,8.0,8,0,0
S0004,Frozen Foods,2025-03-02,1887.05,280,163,19.894390785438087,0.01054258805301295,0,1,None,,,,1859.0074999999997,0.015084662111368701,,,,,,,275.0,294.0,-11.00000000000001,1440.42,1859.0074999999997,6.309710501865915,3.0,8.0,9,0,0
S0004,Frozen Foods,2025-03-09,1798.68,270,152,12.160170162900249,0.006760607869604514,0,1,None,,,,1833.8324999999998,-0.019168871748101148,,,,,,,280.0,284.5,-3.1999999999999855,1887.05,1833.8324999999998,6.431880032413984,2.0,8.0,10,0,0
S0004,Frozen Foods,2025-03-16,1739.3,258,148,58.18026434276705,0.033450390584009115,0,1,None,,,,1797.6474999999996,-0.03245769818610136,,,,,,,270.0,281.5,-8.800000000000015,1798.68,1797.6474999999996,6.374434405936443,2.0,8.0,11,0,0
S0004,Frozen Foods,2025-03-23,1709.11,249,143,19.431860077570487,0.01136957836392654,0,1,None,,,,1716.3624999999995,-0.00422550597557311,,,,,,,258.0,270.75,-6.099999999999979,1739.3,1716.3624999999995,6.345151460200008,2.0,8.0,12,0,0
S0004,Frozen Foods,2025-03-30,1977.56,294,156,138.42070276875876,0.06999570317399156,0,1,None,,,,1783.5349999999994,0.10878676336601223,,,,,,,249.0,264.25,-10.499999999999979,1709.11,1783.5349999999994,6.75165262850961,2.0,8.0,13,0,0
S0004,Frozen Foods,2025-04-06,1937.76,290,165,8.910541616293495,0.004598372149437234,0,1,None,,,,1806.1624999999995,0.07286027696843478,,,,,,,294.0,267.75,6.300000000000005,1977.56,1806.1624999999995,6.748385196536821,1.0,8.0,14,0,0
S0004,Frozen Foods,2025-04-13,1451.94,216,130,12.689462282427822,0.008739660235566086,0,1,None,,,,1840.9324999999994,-0.21130188097608116,,,,,,,290.0,272.75,14.10000000000002,1937.76,1840.9324999999994,6.753423510713066,1.0,8.0,15,0,0
S0004,Frozen Foods,2025-04-20,1947.18,279,147,6.449738728290389,0.0033123484877054963,0,1,None,,,,1769.0924999999995,0.10066601944217196,,,,,,,216.0,262.25,-10.299999999999981,1451.94,1769.0924999999995,6.748541404769914,1.0,8.0,16,0,0
S0004,Frozen Foods,2025-04-27,1995.16,295,155,0.0,0.0,0,0,None,,,,1828.6099999999997,0.09108011002892932,,,,,,,279.0,269.75,-11.900000000000011,1947.18,1828.6099999999997,6.777352455424144,0.0,8.0,17,0,0
S0004,Frozen Foods,2025-05-04,1890.31,286,168,3.4811815455193815,0.001841592937412055,1,1,Coupon,10.0,1995.16,-0.05255217626656515,1833.0099999999995,0.03126005859215194,1995.16,-0.05255217626656515,1798.0933333333332,0.05128580644682888,,,295.0,270.0,7.799999999999978,1995.16,1833.0099999999995,6.786567375290396,0.0,7.0,18,0,0
S0004,Frozen Foods,2025-05-11,1688.97,246,147,36.714860419476075,0.021738018093557656,0,1,None,,1995.16,-0.15346638866055856,1821.1474999999996,-0.07257923918847846,1995.16,-0.15346638866055856,1944.2166666666665,-0.13128509339665492,,,286.0,269.0,22.60000000000001,1890.31,1821.1474999999996,6.768453497788586,1.0,7.0,19,0,0
S0004,Frozen Foods,2025-05-18,1974.98,295,163,64.85920783825615,0.03284043779595548,0,1,None,,1995.16,-0.010114477034423336,1880.4049999999997,0.05029501623320523,1995.16,-0.010114477034423336,1858.1466666666668,0.0628762709796858,,,246.0,276.5,-10.799999999999997,1688.97,1880.4049999999997,6.8044003135067435,1.0,7.0,20,0,0
S0004,Frozen Foods,2025-05-25,1988.3700000000001,291,167,19.452407461178684,0.009783092412970767,0,1,None,,1995.16,-0.0034032358307103006,1887.3549999999996,0.05352199241796089,1995.16,-0.0034032358307103006,,,,,295.0,280.5,-3.99999999999998,1974.98,1887.3549999999996,6.733327231676965,1.0,7.0,21,0,0
S0004,Frozen Foods,2025-06-01,1664.16,288,155,20.124964537758924,0.012093166845591122,1,1,Coupon,15.0,1995.16,-0.16590148158543674,1885.6574999999996,-0.11746433273274683,1995.16,-0.16590148158543674,,,,,291.0,279.5,6.399999999999986,1988.3700000000001,1885.6574999999996,6.750735321839467,1.0,7.0,22,0,0
S0004,Frozen Foods,2025-06-08,1936.99,283,170,46.548750166825,0.024031487083993722,0,1,None,,1995.16,-0.029155556446600808,1829.1199999999994,0.0589737141357596,1995.16,-0.029155556446600808,,,,,288.0,280.0,12.200000000000031,1664.16,1829.1199999999994,6.542949774053919,2.0,7.0,23,0,0
S0004,Frozen Foods,2025-06-15,1994.3700000000001,285,153,11.606756781026467,0.005819761017778279,0,1,None,,1995.16,-0.00039595821888969485,1891.1249999999998,0.05459448740828891,1995.16,-0.00039595821888969485,,,,,283.0,289.25,-3.900000000000006,1936.99,1891.1249999999998,6.53763875535186,2.0,7.0,24,0,0
S0004,Frozen Foods,2025-06-22,1683.1,247,132,33.84985886514317,0.02011161479718565,0,1,None,,1995.16,-0.15640850859078978,1895.9724999999996,-0.11227615379442464,1995.16,-0.15640850859078978,,,,,285.0,286.75,-2.3000000000000065,1994.3700000000001,1895.9724999999996,6.613374259366132,2.0,7.0,25,0,0
S0004,Frozen Foods,2025-06-29,1539.26,261,148,57.186795433694414,0.03715213507379807,1,1,Coupon,15.0,1995.16,-0.22850297720483573,1819.6549999999997,-0.15409239663562588,1995.16,-0.22850297720483573,,,,,247.0,275.75,-12.099999999999975,1683.1,1819.6549999999997,6.608695120003054,2.0,8.0,26,0,0
S0004,Frozen Foods,2025-07-06,1956.8,294,169,32.635015701250644,0.01667774718992776,0,1,None,,1995.16,-0.019226528198239803,1788.4299999999996,0.09414402576561587,1995.16,-0.019226528198239803,,,,,261.0,269.0,-10.399999999999993,1539.26,1788.4299999999996,6.6384987598497975,2.0,8.0,27,0,0
S0004,Frozen Foods,2025-07-13,2056.84,296,170,56.06393182164263,0.027257313073278732,0,1,None,,1995.16,0.03091481384951586,1793.3824999999995,0.14690535900735105,1995.16,0.03091481384951586,,,,,294.0,271.75,4.1,1956.8,1793.3824999999995,6.591322429953881,2.0,8.0,28,0,0
S0004,Frozen Foods,2025-07-20,2187.7,318,173,37.211691256790694,0.017009503705622663,0,1,None,,1995.16,0.09650353856332311,1808.9999999999995,0.20934217799889462,1995.16,0.09650353856332311,,,,,296.0,274.5,18.00000000000002,2056.84,1808.9999999999995,6.579071007478774,2.0,8.0,29,0,0
S0004,Frozen Foods,2025-07-27,1891.64,297,166,46.27634418233986,0.02446361050852163,1,1,Bundle,10.0,1995.16,-0.05188556306261151,1935.1499999999994,-0.022484045164457185,1995.16,-0.05188556306261151,,,,,318.0,292.25,17.299999999999983,2187.7,1935.1499999999994,6.595418434464235,2.0,8.0,30,0,0
S0004,Frozen Foods,2025-08-03,1952.65,279,160,27.47950059394041,0.014072926839904954,0,1,None,,1995.16,-0.021306561879748987,2023.2449999999997,-0.03489196810074884,1995.16,-0.021306561879748987,,,,,297.0,301.25,3.0999999999999823,1891.64,2023.2449999999997,6.71332102357372,2.0,8.0,31,0,0
S0004,Frozen Foods,2025-08-10,2253.05,331,186,17.90791450240158,0.007948298751648467,0,1,None,,1995.16,0.12925780388540273,2022.2074999999995,0.11415371567952384,1995.16,0.12925780388540273,,,,,279.0,297.5,-7.200000000000008,1952.65,2022.2074999999995,6.799061825270743,2.0,8.0,32,0,0
S0004,Frozen Foods,2025-08-17,1450.09,271,151,35.854034180723914,0.024725385445540565,1,1,Coupon,20.0,1995.16,-0.273196134645843,2071.2599999999993,-0.2998995780346261,1995.16,-0.273196134645843,,,,,331.0,306.25,2.099999999999988,2253.05,2071.2599999999993,6.76356527509519,2.0,8.0,33,0,0
S0004,Frozen Foods,2025-08-24,1766.89,256,148,36.415341971506045,0.020609852323294625,0,1,None,,1995.16,-0.11441187674171494,1886.8574999999996,-0.06358058305939879,1995.16,-0.11441187674171494,,,,,271.0,294.5,-2.599999999999969,1450.09,1886.8574999999996,6.381396740202295,3.0,8.0,34,0,0
S0004,Frozen Foods,2025-08-31,1934.01,295,160,35.6882882097055,0.01845300086850921,0,1,None,,1995.16,-0.030649170993805052,1855.6699999999996,0.04221655790092009,1995.16,-0.030649170993805052,,,,,256.0,284.25,-12.900000000000007,1766.89,1855.6699999999996,6.514585693537732,2.0,8.0,35,0,0
S0004,Frozen Foods,2025-09-07,1931.27,284,162,10.794368212961018,0.005589258991731357,0,1,None,,1995.16,-0.032022494436536465,1851.0099999999995,0.043360111506691196,1995.16,-0.032022494436536465,,,,,295.0,288.25,-12.299999999999997,1934.01,1851.0099999999995,6.403890839033146,2.0,8.0,36,0,0
S0004,Frozen Foods,2025-09-14,2105.02,312,167,15.100095354559045,0.007173373818091536,0,1,None,,1995.16,0.05506325307243524,1770.5649999999996,0.1888973293835586,1995.16,0.05506325307243524,,,,,284.0,276.5,7.800000000000001,1931.27,1770.5649999999996,6.402253062981062,2.0,8.0,37,0,0
S0004,Frozen Foods,2025-09-21,1869.94,309,176,30.521921727483104,0.016322406990322204,1,1,Bundle,20.0,1995.16,-0.06276188375869605,1934.2974999999994,-0.0332717692082006,1995.16,-0.06276188375869605,,,,,312.0,286.75,15.69999999999998,2105.02,1934.2974999999994,6.751246404356785,2.0,8.0,38,0,0
S0004,Frozen Foods,2025-09-28,1881.22,273,145,122.47691543904875,0.0651050464268128,0,1,None,,1995.16,-0.05710820184847333,1960.0599999999995,-0.04022325847167917,1995.16,-0.05710820184847333,,,,,309.0,300.0,7.000000000000003,1869.94,1960.0599999999995,6.538664328861234,2.0,8.0,39,0,0
S0004,Frozen Foods,2025-10-05,1943.44,281,151,79.06089023613431,0.040680900998299054,0,1,None,,1995.16,-0.025922733013893636,1946.8624999999995,-0.0017579567124023634,1995.16,-0.025922733013893636,,,,,273.0,294.5,-3.6000000000000196,1881.22,1946.8624999999995,6.622401741166443,2.0,8.0,40,0,0
S0004,Frozen Foods,2025-10-12,1690.95,240,142,5.545092751465437,0.003279276590949133,0,1,None,,1995.16,-0.15247398704865778,1949.9049999999995,-0.1328039058313095,1995.16,-0.15247398704865778,,,,,281.0,293.75,-12.899999999999974,1943.44,1949.9049999999995,6.6513792673556065,2.0,8.0,41,0,0
S0004,Frozen Foods,2025-10-19,1700.76,242,131,31.973783739471294,0.01879970350870863,0,1,None,,1995.16,-0.1475570881533311,1846.3874999999996,-0.0788715803156161,1995.16,-0.1475570881533311,,,,,240.0,275.75,-19.90000000000002,1690.95,1846.3874999999996,6.726070773765862,1.0,8.0,42,0,0
S0004,Frozen Foods,2025-10-26,1955.69,289,165,64.61034840239668,0.03303711140436198,0,1,None,,1995.16,-0.019782874556426563,1804.0924999999997,0.08402978228666232,1995.16,-0.019782874556426563,,,,,242.0,259.0,-13.399999999999991,1700.76,1804.0924999999997,6.970157804710793,1.0,8.0,43,0,0
S0004,Grains and Pasta,2024-12-29,372.17,206,117,8.519613695904493,0.02289172608191013,1,1,Manager_Special,30.0,,,1778.383333333333,-0.7907256590723784,,,,,,,,254.33333333333334,,,1778.383333333333,6.996571822642474,1.0,7.0,52,0,1
S0004,Grains and Pasta,2025-01-05,893.67,346,197,19.79729267450622,0.02215279988643036,0,1,None,,,,1254.6266666666659,-0.28770045803798167,,,,,,,206.0,229.33333333333334,,372.17,1254.6266666666659,5.293403123244807,2.0,7.0,1,1,0
S0004,Grains and Pasta,2025-01-12,872.98,342,185,6.832671958256871,0.007826836764023083,1,1,Coupon,15.0,,,988.866666666666,-0.11719139755949509,,,,,,,346.0,264.6666666666667,,893.67,988.866666666666,3.8058152138035735,2.0,7.0,2,1,0
S0004,Grains and Pasta,2025-01-19,1050.92,409,226,4.564521149692136,0.004343357391325825,0,1,None,,,,712.9399999999993,0.47406513872135264,,,,,,,342.0,298.0,,872.98,712.9399999999993,2.3140282855094685,2.0,7.0,3,0,0
S0004,Grains and Pasta,2025-01-26,826.34,309,171,2.523323521567663,0.0030536141558773176,0,1,None,,,,797.4349999999995,0.03624746844570474,,,,,,,409.0,325.75,60.50000000000002,1050.92,797.4349999999995,2.3778928522739102,2.0,7.0,4,0,0
S0004,Grains and Pasta,2025-02-02,939.28,365,195,17.605438686078806,0.01874354685086322,0,1,None,,,,910.9774999999995,0.031068275561142267,,,,,,,309.0,351.5,-4.399999999999989,826.34,910.9774999999995,2.5947901014648487,2.0,7.0,5,0,0
S0004,Grains and Pasta,2025-02-09,781.96,334,188,10.36060536551231,0.013249533691636797,1,1,Manager_Special,10.0,,,922.3799999999995,-0.15223660530367047,,,,,,,365.0,356.25,-3.0999999999999757,939.28,922.3799999999995,2.5924172492991984,2.0,7.0,6,0,0
S0004,Grains and Pasta,2025-02-16,923.54,355,189,8.894341226675325,0.009630704925260762,1,1,BOGO,50.0,,,899.6249999999995,0.026583298596637966,,,,,,,334.0,354.25,-16.899999999999974,781.96,899.6249999999995,2.5395733756430023,3.0,7.0,7,0,0
S0004,Grains and Pasta,2025-02-23,896.71,334,181,15.15816086550291,0.016904195186295358,0,1,None,,,,867.7799999999995,0.03333794279656196,,,,,,,355.0,340.75,10.7,923.54,867.7799999999995,2.5475820191913336,4.0,8.0,8,0,0
S0004,Grains and Pasta,2025-03-02,950.76,362,205,10.023471017282592,0.01054258805301295,0,1,None,,,,885.3724999999996,0.0738530957308934,,,,,,,334.0,347.0,-7.200000000000023,896.71,885.3724999999996,2.550212268401651,3.0,8.0,9,0,0
S0004,Grains and Pasta,2025-03-09,660.95,317,178,4.468423771415104,0.006760607869604514,1,1,Coupon,20.0,,,888.2424999999995,-0.25589014261308096,,,,,,,362.0,346.25,6.299999999999978,950.76,888.2424999999995,2.5634720125929773,3.0,8.0,10,0,0
S0004,Grains and Pasta,2025-03-16,924.11,353,191,30.91184044258867,0.03345039058400912,0,1,None,,,,857.9899999999996,0.07706383524283557,,,,,,,317.0,342.0,-8.600000000000028,660.95,857.9899999999996,2.4994265546130383,3.0,8.0,11,0,0
S0004,Grains and Pasta,2025-03-23,935.04,361,195,10.631010553405872,0.01136957836392654,0,1,None,,,,858.1324999999995,0.0896219406676714,,,,,,,353.0,341.5,1.199999999999975,924.11,858.1324999999995,2.50351511144981,3.0,8.0,12,0,0
S0004,Grains and Pasta,2025-03-30,790.43,331,185,55.32670365981816,0.06999570317399158,1,1,Manager_Special,30.0,,,867.7149999999995,-0.08906726286856809,,,,,,,361.0,348.25,3.2999999999999923,935.04,867.7149999999995,2.479859617728112,3.0,8.0,13,0,0
S0004,Grains and Pasta,2025-04-06,880.2,319,174,4.047487165934653,0.004598372149437233,0,1,None,,,,827.6324999999996,0.06351550960118225,,,,,,,331.0,340.5,5.0000000000000195,790.43,827.6324999999996,2.4202589183573786,4.0,8.0,14,0,0
S0004,Grains and Pasta,2025-04-13,654.16,296,175,5.71713613969791,0.008739660235566086,1,1,Manager_Special,15.0,,,882.4449999999995,-0.2586960093830206,,,,,,,319.0,341.0,-13.199999999999989,880.2,882.4449999999995,2.5888168873654185,3.0,8.0,15,0,0
S0004,Grains and Pasta,2025-04-20,907.6899999999999,348,192,3.006585598805402,0.0033123484877054968,0,1,None,,,,814.9574999999995,0.11378814232644091,,,,,,,296.0,326.75,-20.69999999999999,654.16,814.9574999999995,2.486848048838506,3.0,8.0,16,0,0
S0004,Grains and Pasta,2025-04-27,952.7,354,188,0.0,0.0,0,0,None,,,,808.1199999999995,0.17890907290996458,,,,,,,348.0,323.5,2.799999999999995,907.6899999999999,808.1199999999995,2.491389572225012,3.0,8.0,17,0,0
S0004,Grains and Pasta,2025-05-04,907.14,354,188,1.6705826172439715,0.0018415929374120548,0,1,None,,952.7,-0.04782197963682173,848.6874999999995,0.06887399661241679,952.7,-0.04782197963682173,838.1833333333334,0.08226919329502287,,,354.0,329.25,15.699999999999982,952.7,848.6874999999995,2.5671987961142713,3.0,7.0,18,0,0
S0004,Grains and Pasta,2025-05-11,860.56,335,185,18.706868850591974,0.021738018093557656,0,1,None,,952.7,-0.09671460060879615,855.4224999999996,0.006005804149412003,952.7,-0.09671460060879615,922.5099999999999,-0.06715374359085532,,,354.0,338.0,17.99999999999998,907.14,855.4224999999996,2.518022477108905,2.0,7.0,19,0,0
S0004,Grains and Pasta,2025-05-18,930.7,374,212,30.56459545669577,0.03284043779595548,1,1,BOGO,50.0,952.7,-0.023092264091529337,907.0224999999995,0.026104644592609985,952.7,-0.023092264091529337,906.8000000000001,0.026356418173797944,,,335.0,347.75,-3.8999999999999773,860.56,907.0224999999995,2.6077314323327854,2.0,7.0,20,0,0
S0004,Grains and Pasta,2025-05-25,1020.79,381,201,9.986482904236427,0.009783092412970765,0,1,None,,952.7,0.07147055736328321,912.7749999999996,0.11833693955246405,952.7,0.07147055736328321,,,,,374.0,354.25,4.100000000000002,930.7,912.7749999999996,2.577780951356696,3.0,7.0,21,0,0
S0004,Grains and Pasta,2025-06-01,1082.71,409,217,13.093392675389968,0.012093166845591126,0,1,None,,952.7,0.1364647842972604,929.7974999999994,0.16445785238183655,952.7,0.1364647842972604,,,,,381.0,361.0,11.99999999999999,1020.79,929.7974999999994,2.5747799281795083,2.0,7.0,22,0,0
S0004,Grains and Pasta,2025-06-08,1036.34,392,218,24.904791324626053,0.024031487083993722,0,1,None,,952.7,0.08779258948252322,973.6899999999996,0.06434286066407208,952.7,0.08779258948252322,,,,,409.0,374.75,22.89999999999999,1082.71,973.6899999999996,2.595947513443277,2.0,7.0,23,0,0
S0004,Grains and Pasta,2025-06-15,751.49,292,167,4.3734922072502,0.00581976101777828,0,1,None,,952.7,-0.21119974808439176,1017.6349999999995,-0.2615328678750236,952.7,-0.21119974808439176,,,,,392.0,389.0,8.200000000000045,1036.34,1017.6349999999995,2.614669680668376,1.0,7.0,24,0,0
S0004,Grains and Pasta,2025-06-22,725.29,367,202,14.586753096250781,0.020111614797185654,1,1,Coupon,25.0,952.7,-0.23870053532066765,972.8324999999995,-0.25445541755646495,952.7,-0.23870053532066765,,,,,292.0,368.5,-28.399999999999988,751.49,972.8324999999995,2.635942984821918,1.0,7.0,25,0,0
S0004,Grains and Pasta,2025-06-29,827.43,318,173,30.740791124112732,0.03715213507379807,0,1,None,,952.7,-0.13148945103390375,898.9574999999995,-0.07956716529980518,952.7,-0.13148945103390375,,,,,367.0,365.0,-22.600000000000037,725.29,898.9574999999995,2.4602000310290166,2.0,8.0,26,0,0
S0004,Grains and Pasta,2025-07-06,955.95,363,196,15.943092426211447,0.016677747189927764,0,1,None,,952.7,0.003411357195339561,835.1374999999996,0.14466180718743982,952.7,0.003411357195339561,,,,,318.0,342.25,-14.70000000000001,827.43,835.1374999999996,2.448892135563777,2.0,8.0,27,0,0
S0004,Grains and Pasta,2025-07-13,838.78,322,177,22.862889059604733,0.027257313073278732,0,1,None,,952.7,-0.11957594205941016,815.0399999999995,0.029127404789949546,952.7,-0.11957594205941016,,,,,363.0,335.0,16.400000000000016,955.95,815.0399999999995,2.4463287817098385,2.0,8.0,28,0,0
S0004,Grains and Pasta,2025-07-20,972.81,368,199,16.547015299866782,0.017009503705622663,0,1,None,,952.7,0.0211084286763933,836.8624999999996,0.16244902836487524,952.7,0.0211084286763933,,,,,322.0,342.5,-8.999999999999996,838.78,836.8624999999996,2.454156517181633,1.0,8.0,29,0,0
S0004,Grains and Pasta,2025-07-27,752.52,296,169,18.409356179872702,0.024463610508521638,0,1,None,,952.7,-0.21011861026556108,898.7424999999995,-0.1626967679841552,952.7,-0.21011861026556108,,,,,368.0,342.75,10.900000000000045,972.81,898.7424999999995,2.620966118384097,1.0,8.0,30,0,0
S0004,Grains and Pasta,2025-08-03,859.3199999999999,343,194,12.093147492067125,0.014072926839904954,0,1,None,,952.7,-0.09801616458486417,880.0149999999995,-0.023516644602648372,952.7,-0.09801616458486417,,,,,296.0,337.25,-15.5,752.52,880.0149999999995,2.606045159689553,1.0,8.0,31,0,0
S0004,Grains and Pasta,2025-08-10,1055.71,406,226,8.391098475102805,0.007948298751648469,0,1,None,,952.7,0.10812427836674712,855.8574999999995,0.23351141983332582,952.7,0.10812427836674712,,,,,343.0,332.25,-0.8999999999999735,859.3199999999999,855.8574999999995,2.574003921706757,1.0,8.0,32,0,0
S0004,Grains and Pasta,2025-08-17,766.66,299,167,18.955964005678126,0.024725385445540562,0,1,None,,952.7,-0.19527658234491452,910.0899999999995,-0.15759979782219294,952.7,-0.19527658234491452,,,,,406.0,353.25,16.099999999999955,1055.71,910.0899999999995,2.5728449476223707,1.0,8.0,33,0,0
S0004,Grains and Pasta,2025-08-24,961.25,362,204,19.811220545766957,0.020609852323294625,0,1,None,,952.7,0.00897449354466249,858.5524999999994,0.11961702982636545,952.7,0.00897449354466249,,,,,299.0,336.0,7.199999999999985,766.66,858.5524999999994,2.5529886558163506,0.0,8.0,34,0,0
S0004,Grains and Pasta,2025-08-31,1076.95,413,224,19.872959285340997,0.018453000868509213,0,1,None,,952.7,0.13041880969875091,910.7349999999994,0.18250643710849007,952.7,0.13041880969875091,,,,,362.0,352.5,-5.0000000000000115,961.25,910.7349999999994,2.5812610165748993,0.0,8.0,35,0,0
S0004,Grains and Pasta,2025-09-07,969.32,377,218,5.417780525865039,0.0055892589917313565,0,1,None,,952.7,0.01744515587278262,965.1424999999996,0.004328376379654264,952.7,0.01744515587278262,,,,,413.0,370.0,8.40000000000002,1076.95,965.1424999999996,2.6068412656236712,0.0,8.0,36,0,0
S0004,Grains and Pasta,2025-09-14,1001.87,387,211,7.186788027131367,0.007173373818091536,0,1,None,,952.7,0.05161121024456802,943.5449999999996,0.06181475181363942,952.7,0.05161121024456802,,,,,377.0,362.75,28.5,969.32,943.5449999999996,2.5995586775221176,0.0,8.0,37,0,0
S0004,Grains and Pasta,2025-09-21,883.44,345,194,14.419867231530251,0.016322406990322207,0,1,None,,952.7,-0.07269864595360553,1002.3474999999996,-0.11862901837935408,952.7,-0.07269864595360553,,,,,387.0,384.75,3.900000000000001,1001.87,1002.3474999999996,2.6057414530097462,0.0,8.0,38,0,0
S0004,Grains and Pasta,2025-09-28,724.67,406,215,47.17967399411842,0.06510504642681278,1,1,BOGO,100.0,952.7,-0.23935131730870166,982.8949999999996,-0.26271880516230095,952.7,-0.23935131730870166,,,,,345.0,380.5,-19.399999999999995,883.44,982.8949999999996,2.5820686809703517,0.0,8.0,39,0,0
S0004,Grains and Pasta,2025-10-05,920.25,355,187,37.4365991436847,0.040680900998299054,0,1,None,,952.7,-0.03406108953500582,894.8249999999996,0.0284133769172748,952.7,-0.03406108953500582,,,,,406.0,378.75,4.499999999999978,724.67,894.8249999999996,2.376387270767463,1.0,8.0,40,0,0
S0004,Grains and Pasta,2025-10-12,854.65,331,184,2.8026337384546767,0.003279276590949133,0,1,None,,952.7,-0.10291802246247514,882.5574999999995,-0.03162116915894952,952.7,-0.10291802246247514,,,,,355.0,373.25,-3.4999999999999813,920.25,882.5574999999995,2.381665505160559,1.0,8.0,41,0,0
S0004,Grains and Pasta,2025-10-19,867.42,331,190,16.307238817524038,0.018799703508708628,0,1,None,,952.7,-0.08951401280571017,845.7524999999996,0.02561919710553663,952.7,-0.08951401280571017,,,,,331.0,359.25,-9.299999999999972,854.65,845.7524999999996,2.3799687050793707,1.0,8.0,42,0,0
S0004,Grains and Pasta,2025-10-26,954.63,367,193,31.538217659946078,0.03303711140436198,1,1,Bundle,20.0,952.7,0.0020258213498477486,841.7474999999995,0.134104942396622,952.7,0.0020258213498477486,,,,,331.0,355.75,-24.89999999999999,867.42,841.7474999999995,2.394945849437705,1.0,8.0,43,0,0
S0004,Meat and Seafood,2024-12-29,1579.62,172,97,36.160228353506874,0.02289172608191013,0,1,None,,,,880.7733333333326,0.7934466680795678,,,,,,,,339.0,,,880.7733333333326,2.5982939733061023,1.0,7.0,52,0,1
S0004,Meat and Seafood,2025-01-05,2666.77,284,162,59.0764221531359,0.022152799886430364,0,1,None,,,,1100.5633333333326,1.4230954450599558,,,,,,,172.0,278.0,,1579.62,1100.5633333333326,4.79548853603129,1.0,7.0,1,1,0
S0004,Meat and Seafood,2025-01-12,3222.86,352,195,25.224799133299435,0.007826836764023083,1,1,Bundle,10.0,,,1704.6033333333326,0.8906803342322075,,,,,,,284.0,262.3333333333333,,2666.77,1704.6033333333326,7.064825550059062,1.0,7.0,2,1,0
S0004,Meat and Seafood,2025-01-19,2980.54,325,171,12.945550439142272,0.004343357391325824,0,1,None,,,,2489.7499999999995,0.19712420925795782,,,,,,,352.0,269.3333333333333,,3222.86,2489.7499999999995,9.243241564432404,2.0,7.0,3,0,0
S0004,Meat and Seafood,2025-01-26,2965.97,313,180,9.05692797790745,0.0030536141558773185,0,1,None,,,,2612.4474999999993,0.13532233662111892,,,,,,,325.0,283.25,52.699999999999996,2980.54,2612.4474999999993,9.22515425024738,1.0,7.0,4,0,0
S0004,Meat and Seafood,2025-02-02,2914.71,308,165,54.632003441679544,0.018743546850863223,0,1,None,,,,2959.035,-0.01497954569648545,,,,,,,313.0,318.5,6.000000000000004,2965.97,2959.035,9.298180570924993,1.0,7.0,5,0,0
S0004,Meat and Seafood,2025-02-09,2739.32,300,174,36.29471263217451,0.013249533691636796,0,1,None,,,,3021.0199999999995,-0.09324665179310279,,,,,,,308.0,324.5,-14.399999999999986,2914.71,3021.0199999999995,9.316507807069131,1.0,7.0,6,0,0
S0004,Meat and Seafood,2025-02-16,2547.0099999999998,286,160,24.529501751688418,0.009630704925260764,1,1,Bundle,20.0,,,2900.1349999999993,-0.1217615731681455,,,,,,,300.0,311.5,-7.9999999999999964,2739.32,2900.1349999999993,9.310311405553978,1.0,7.0,7,0,0
S0004,Meat and Seafood,2025-02-23,2729.5,290,160,46.14000076099318,0.016904195186295358,0,1,None,,,,2791.752499999999,-0.022298717382718977,,,,,,,286.0,301.75,-8.900000000000034,2547.0099999999998,2791.752499999999,9.243995671288246,2.0,8.0,8,0,0
S0004,Meat and Seafood,2025-03-02,2671.24,290,164,28.161782910730313,0.01054258805301295,0,1,None,,,,2732.6349999999993,-0.022467325493525314,,,,,,,290.0,296.0,-6.800000000000006,2729.5,2732.6349999999993,9.228027289664361,2.0,8.0,9,0,0
S0004,Meat and Seafood,2025-03-09,2987.08,316,175,20.19447655513825,0.006760607869604514,0,1,None,,,,2671.7674999999995,0.11801644417038552,,,,,,,290.0,291.5,-2.599999999999999,2671.24,2671.7674999999995,9.164984354151597,2.0,8.0,10,0,0
S0004,Meat and Seafood,2025-03-16,2980.38,321,175,99.6948750887691,0.033450390584009115,0,1,None,,,,2733.7074999999995,0.09023368447429019,,,,,,,316.0,295.5,8.999999999999991,2987.08,2733.7074999999995,9.245413890016575,1.0,8.0,11,0,0
S0004,Meat and Seafood,2025-03-23,2652.78,281,161,30.160990092257048,0.01136957836392654,0,1,None,,,,2842.0499999999993,-0.06659629492795663,,,,,,,321.0,304.25,11.900000000000007,2980.38,2842.0499999999993,9.3401747716583,1.0,8.0,12,0,0
S0004,Meat and Seafood,2025-03-30,2329.95,240,142,163.08648861024164,0.06999570317399156,0,1,None,,,,2822.8699999999994,-0.17461661358829833,,,,,,,281.0,302.0,-2.200000000000016,2652.78,2822.8699999999994,9.347282085439131,1.0,8.0,13,0,0
S0004,Meat and Seafood,2025-04-06,3013.0,312,176,13.854895286254386,0.004598372149437234,0,1,None,,,,2737.5474999999997,0.10062017188742857,,,,,,,240.0,289.5,-26.799999999999972,2329.95,2737.5474999999997,9.471520231990855,1.0,8.0,14,0,0
S0004,Meat and Seafood,2025-04-13,2721.86,283,156,23.788131608777906,0.008739660235566086,0,1,None,,,,2744.0274999999992,-0.008078454024239595,,,,,,,312.0,288.5,-6.800000000000011,3013.0,2744.0274999999992,9.522586849972031,1.0,8.0,15,0,0
S0004,Meat and Seafood,2025-04-20,2760.22,273,161,9.142810542734464,0.0033123484877054963,0,1,None,,,,2679.3974999999996,0.030164430622929308,,,,,,,283.0,279.0,7.79999999999996,2721.86,2679.3974999999996,9.605888590337276,0.0,8.0,16,0,0
S0004,Meat and Seafood,2025-04-27,2965.98,318,165,0.0,0.0,0,0,None,,,,2706.2574999999997,0.09597109661589864,,,,,,,273.0,277.0,7.000000000000017,2760.22,2706.2574999999997,9.773438027851125,0.0,8.0,17,0,0
S0004,Meat and Seafood,2025-05-04,2540.9900000000002,270,162,4.679469238034657,0.0018415929374120546,0,1,None,,2965.98,-0.14328822176818448,2865.2649999999994,-0.11317452312438789,2965.98,-0.14328822176818448,2816.02,-0.09766620975703288,,,318.0,296.5,0.7999999999999915,2965.98,2865.2649999999994,9.678152060869994,0.0,7.0,18,0,0
S0004,Meat and Seafood,2025-05-11,3225.85,347,185,70.12358566710296,0.021738018093557656,0,1,None,,2965.98,0.08761690908232689,2747.2624999999994,0.17420523157142817,2965.98,0.08761690908232689,2755.73,0.17059726460865174,,,270.0,286.0,0.6000000000000129,2540.9900000000002,2747.2624999999994,9.616657758875693,0.0,7.0,19,0,0
S0004,Meat and Seafood,2025-05-18,3298.65,355,191,108.32911013562855,0.03284043779595548,0,1,None,,2965.98,0.11216191612890176,2873.2599999999998,0.1480513423776478,2965.98,0.11216191612890176,2910.94,0.13319065319106543,,,347.0,302.0,17.400000000000027,3225.85,2873.2599999999998,9.536287217842505,0.0,7.0,20,0,0
S0004,Meat and Seafood,2025-05-25,2517.77,279,153,24.631576584605405,0.009783092412970765,0,1,None,,2965.98,-0.15111700011463328,3007.8675,-0.16293852704615475,2965.98,-0.15111700011463328,,,,,355.0,322.5,18.80000000000002,3298.65,3007.8675,9.33160618291499,0.0,7.0,21,0,0
S0004,Meat and Seafood,2025-06-01,3485.8,366,195,42.15436099036154,0.012093166845591124,0,1,None,,2965.98,0.1752607906998699,2895.8149999999996,0.203737117184627,2965.98,0.1752607906998699,,,,,279.0,312.75,3.49999999999997,2517.77,2895.8149999999996,9.25592720813985,0.0,7.0,22,0,0
S0004,Meat and Seafood,2025-06-08,2783.37,285,159,66.8885202049756,0.024031487083993722,0,1,None,,2965.98,-0.06156818319745923,3132.0174999999995,-0.11131722603721073,2965.98,-0.06156818319745923,,,,,366.0,336.75,-1.8999999999999646,3485.8,3132.0174999999995,9.28416961858308,0.0,7.0,23,0,0
S0004,Meat and Seafood,2025-06-15,2500.25,263,146,14.550857484700142,0.0058197610177782785,0,1,None,,2965.98,-0.15702398532694084,3021.3974999999996,-0.17248557993445074,2965.98,-0.15702398532694084,,,,,285.0,321.25,-12.300000000000004,2783.37,3021.3974999999996,9.401622826530904,0.0,7.0,24,0,0
S0004,Meat and Seafood,2025-06-22,2659.31,286,156,53.48301834630378,0.020111614797185654,0,1,None,,2965.98,-0.10339584218369648,2821.7974999999997,-0.05758297680822233,2965.98,-0.10339584218369648,,,,,263.0,298.25,-12.899999999999974,2500.25,2821.7974999999997,9.455293366883286,0.0,7.0,25,0,0
S0004,Meat and Seafood,2025-06-29,2956.6,313,177,109.84400255919135,0.03715213507379806,0,1,None,,2965.98,-0.003162529754077947,2857.1824999999994,0.0347956422104645,2965.98,-0.003162529754077947,,,,,286.0,300.0,-26.2,2659.31,2857.1824999999994,9.523798736961234,0.0,8.0,26,0,0
S0004,Meat and Seafood,2025-07-06,2818.3,300,176,47.00289490537342,0.016677747189927764,0,1,None,,2965.98,-0.04979130000876602,2724.8824999999997,0.034283129639535094,2965.98,-0.04979130000876602,,,,,313.0,286.75,10.700000000000012,2956.6,2724.8824999999997,9.504289405443576,0.0,8.0,27,0,0
S0004,Meat and Seafood,2025-07-13,3421.51,365,203,93.26116925335391,0.02725731307327873,0,1,None,,2965.98,0.15358498708689883,2733.6149999999993,0.25164297093775134,2965.98,0.15358498708689883,,,,,300.0,290.5,13.800000000000006,2818.3,2733.6149999999993,9.411320107197962,0.0,8.0,28,0,0
S0004,Meat and Seafood,2025-07-20,2552.96,283,162,43.42458258030643,0.01700950370562266,1,1,Coupon,15.0,2965.98,-0.1392524561864881,2963.9299999999994,-0.13865712078220452,2965.98,-0.1392524561864881,,,,,365.0,316.0,22.400000000000006,3421.51,2963.9299999999994,9.378156609099102,0.0,8.0,29,0,0
S0004,Meat and Seafood,2025-07-27,2634.1,277,152,64.43959644049683,0.02446361050852163,0,1,None,,2965.98,-0.11189556234364362,2937.3424999999997,-0.10323702462344785,2965.98,-0.11189556234364362,,,,,283.0,315.25,-2.499999999999967,2552.96,2937.3424999999997,9.30884994844527,1.0,8.0,30,0,0
S0004,Meat and Seafood,2025-08-03,3065.4700000000003,319,165,43.14013503992344,0.014072926839904954,0,1,None,,2965.98,0.03354371910801834,2856.7174999999997,0.07307425392955395,2965.98,0.03354371910801834,,,,,277.0,306.25,-15.099999999999984,2634.1,2856.7174999999997,9.324694921398292,1.0,8.0,31,0,0
S0004,Meat and Seafood,2025-08-10,3349.58,359,196,26.62346253254667,0.007948298751648467,0,1,None,,2965.98,0.1293333063607981,2918.5099999999998,0.14770208085632744,2965.98,0.1293333063607981,,,,,319.0,311.0,-14.399999999999977,3065.4700000000003,2918.5099999999998,9.37851754417781,1.0,8.0,32,0,0
S0004,Meat and Seafood,2025-08-17,2569.1,278,150,63.52198774813826,0.024725385445540562,0,1,None,,2965.98,-0.13381074720665687,2900.5274999999997,-0.11426456049804727,2965.98,-0.13381074720665687,,,,,359.0,309.5,27.00000000000003,3349.58,2900.5274999999997,9.36759414584912,1.0,8.0,33,0,0
S0004,Meat and Seafood,2025-08-24,2921.03,317,176,60.20199693191331,0.020609852323294625,0,1,None,,2965.98,-0.015155193224499092,2904.5624999999995,0.005669528543455566,2965.98,-0.015155193224499092,,,,,278.0,308.25,4.300000000000009,2569.1,2904.5624999999995,9.422670854799982,1.0,8.0,34,0,0
S0004,Meat and Seafood,2025-08-31,3238.47,349,177,59.759489722641014,0.01845300086850921,0,1,None,,2965.98,0.09187182651265341,2976.294999999999,0.08808770635975288,2965.98,0.09187182651265341,,,,,317.0,318.25,-8.700000000000014,2921.03,2976.294999999999,9.34897570396123,1.0,8.0,35,0,0
S0004,Meat and Seafood,2025-09-07,2802.86,299,162,15.66591045756415,0.0055892589917313565,1,1,Coupon,10.0,2965.98,-0.05499699930545718,3019.5449999999996,-0.07176081164546298,2965.98,-0.05499699930545718,,,,,349.0,325.75,0.899999999999986,3238.47,3019.5449999999996,9.266390664753821,1.0,8.0,36,0,0
S0004,Meat and Seafood,2025-09-14,2571.84,289,167,18.448769720320538,0.007173373818091537,1,1,Manager_Special,25.0,2965.98,-0.13288693787550823,2882.865,-0.10788746611443813,2965.98,-0.13288693787550823,,,,,299.0,310.75,9.499999999999995,2802.86,2882.865,9.277342491176157,2.0,8.0,37,0,0
S0004,Meat and Seafood,2025-09-21,2982.04,322,164,48.67407054142043,0.016322406990322204,0,1,None,,2965.98,0.0054147364446152525,2883.5499999999993,0.03415581488096295,2965.98,0.0054147364446152525,,,,,289.0,313.5,-13.399999999999988,2571.84,2883.5499999999993,9.19177585106264,2.0,8.0,38,0,0
S0004,Meat and Seafood,2025-09-28,3276.47,353,186,213.31473146605927,0.06510504642681278,0,1,None,,2965.98,0.10468378074026115,2898.8025,0.13028397070859435,2965.98,0.10468378074026115,,,,,322.0,314.75,-9.100000000000001,2982.04,2898.8025,9.203372878709251,2.0,8.0,39,0,0
S0004,Meat and Seafood,2025-10-05,2740.31,292,173,111.47827981464887,0.040680900998299054,0,1,None,,2965.98,-0.07608615027747997,2908.3024999999993,-0.05776307657129869,2965.98,-0.07608615027747997,,,,,353.0,315.75,19.500000000000014,3276.47,2908.3024999999993,9.2039981374412,2.0,8.0,40,0,0
S0004,Meat and Seafood,2025-10-12,3014.45,326,176,9.885215319586614,0.003279276590949133,0,1,None,,2965.98,0.016341984774003802,2892.665,0.04210131487745724,2965.98,0.016341984774003802,,,,,292.0,314.0,3.999999999999997,2740.31,2892.665,9.206625531265363,2.0,8.0,41,0,0
S0004,Meat and Seafood,2025-10-19,2228.77,237,133,41.900215189104536,0.01879970350870863,0,1,None,,2965.98,-0.24855528358249213,3003.3174999999997,-0.25789730855961773,2965.98,-0.24855528358249213,,,,,326.0,323.25,-4.899999999999963,3014.45,3003.3174999999997,9.293545230036246,2.0,8.0,42,0,0
S0004,Meat and Seafood,2025-10-26,3275.87,358,178,108.22528213620728,0.03303711140436198,1,1,Manager_Special,15.0,2965.98,0.10448148672614106,2814.9999999999995,0.16371936056838382,2965.98,0.10448148672614106,,,,,237.0,302.0,-31.4,2228.77,2814.9999999999995,9.329319989582332,2.0,8.0,43,0,0
S0004,Pet Food,2024-12-29,1162.2,158,84,26.604764052395954,0.02289172608191013,0,1,None,,,,2661.1766666666663,-0.5632758942472815,,,,,,,,285.0,,,2661.1766666666663,9.345165085259918,2.0,7.0,52,0,1
S0004,Pet Food,2025-01-05,2159.83,280,151,47.84628177870889,0.022152799886430364,0,1,None,,,,2135.1399999999994,0.011563644538531672,,,,,,,158.0,240.33333333333334,,1162.2,2135.1399999999994,8.668856056880056,1.0,7.0,1,1,0
S0004,Pet Food,2025-01-12,2184.64,285,162,17.098820668155387,0.007826836764023083,0,1,None,,,,1850.2666666666662,0.180716293146934,,,,,,,280.0,225.0,,2159.83,1850.2666666666662,8.157822533654814,0.0,7.0,2,1,0
S0004,Pet Food,2025-01-19,2053.55,268,145,8.919301570957147,0.004343357391325824,0,1,None,,,,1835.5566666666662,0.11876142932116909,,,,,,,285.0,241.0,,2184.64,1835.5566666666662,7.578259427577383,0.0,7.0,3,0,0
S0004,Pet Food,2025-01-26,2218.53,288,163,6.774534613238507,0.003053614155877318,0,1,None,,,,1890.0549999999996,0.1737912388792922,,,,,,,268.0,247.75,33.5,2053.55,1890.0549999999996,7.599319570683038,0.0,7.0,4,0,0
S0004,Pet Food,2025-02-02,1842.65,248,145,34.537796604743114,0.01874354685086322,0,1,None,,,,2154.1375,-0.1445996367455651,,,,,,,288.0,280.25,0.699999999999973,2218.53,2154.1375,7.686202811716793,0.0,7.0,5,0,0
S0004,Pet Food,2025-02-09,1755.13,243,135,23.25465406820249,0.013249533691636796,0,1,None,,,,2074.8424999999997,-0.1540900092416652,,,,,,,248.0,272.25,-9.099999999999975,1842.65,2074.8424999999997,7.615293249504813,0.0,7.0,6,0,0
S0004,Pet Food,2025-02-16,1952.89,259,150,18.807707341492495,0.009630704925260764,0,1,None,,,,1967.465,-0.0074080097994118415,,,,,,,243.0,261.75,-11.499999999999998,1755.13,1967.465,7.504631672723352,0.0,7.0,7,0,0
S0004,Pet Food,2025-02-23,1960.27,264,147,33.1367866978392,0.016904195186295358,0,1,None,,,,1942.3,0.009251917829377556,,,,,,,259.0,259.5,-9.199999999999992,1952.89,1942.3,7.4740356302523105,0.0,8.0,8,0,0
S0004,Pet Food,2025-03-02,1826.13,244,135,19.25213632124854,0.01054258805301295,0,1,None,,,,1877.7349999999997,-0.027482578745136866,,,,,,,264.0,253.5,6.399999999999997,1960.27,1877.7349999999997,7.404544626464431,0.0,8.0,9,0,0
S0004,Pet Food,2025-03-09,1837.65,239,138,12.423631051578734,0.0067606078696045135,0,1,None,,,,1873.6049999999998,-0.019190277566509324,,,,,,,244.0,252.5,0.7999999999999943,1826.13,1873.6049999999998,7.418069381884844,0.0,8.0,10,0,0
S0004,Pet Food,2025-03-16,1687.6399999999999,294,154,56.45221716519715,0.03345039058400912,1,1,Coupon,25.0,,,1894.235,-0.10906513711339937,,,,,,,239.0,251.5,-7.999999999999987,1837.65,1894.235,7.534608114946124,0.0,8.0,11,0,0
S0004,Pet Food,2025-03-23,2390.39,318,179,27.17772642534636,0.01136957836392654,0,1,None,,,,1827.9224999999997,0.3077086145610661,,,,,,,294.0,260.25,8.500000000000012,1687.6399999999999,1827.9224999999997,7.084647184628051,1.0,8.0,12,0,0
S0004,Pet Food,2025-03-30,1355.63,267,139,94.88827509375821,0.06999570317399158,1,1,Coupon,30.0,,,1935.4524999999996,-0.29957981402281875,,,,,,,318.0,273.75,27.699999999999996,2390.39,1935.4524999999996,7.107568318132911,1.0,8.0,13,0,0
S0004,Pet Food,2025-04-06,1808.05,234,135,8.314086764789991,0.004598372149437234,0,1,None,,,,1817.8274999999996,-0.005378673168933627,,,,,,,267.0,279.5,10.800000000000024,1355.63,1817.8274999999996,6.505849961468086,2.0,8.0,14,0,0
S0004,Pet Food,2025-04-13,1903.72,249,139,16.63786598365187,0.008739660235566087,0,1,None,,,,1810.4274999999998,0.05153064676713111,,,,,,,234.0,278.25,-23.09999999999999,1808.05,1810.4274999999998,6.515299278422634,2.0,8.0,15,0,0
S0004,Pet Food,2025-04-20,1708.63,217,129,5.659577996548243,0.0033123484877054963,0,1,None,,,,1864.4474999999998,-0.08357301559845459,,,,,,,249.0,267.0,-23.99999999999997,1903.72,1864.4474999999998,6.991596713059139,2.0,8.0,16,0,0
S0004,Pet Food,2025-04-27,1864.04,255,137,0.0,0.0,0,0,None,,,,1694.0074999999997,0.10037293223318096,,,,,,,217.0,241.75,-13.500000000000012,1708.63,1694.0074999999997,7.080827033610975,2.0,8.0,17,0,0
S0004,Pet Food,2025-05-04,2272.77,301,167,4.185517180361996,0.001841592937412055,0,1,None,,1864.04,0.2192710456857149,1821.1099999999997,0.24801357413884959,1864.04,0.2192710456857149,1825.4633333333334,0.24503733298760677,,,255.0,238.75,3.0999999999999766,1864.04,1821.1099999999997,7.639000750288657,2.0,7.0,18,0,0
S0004,Pet Food,2025-05-11,2127.64,280,154,46.250676816577005,0.021738018093557656,0,1,None,,1864.04,0.14141327439325332,1937.2899999999997,0.098255810952413,1864.04,0.14141327439325332,1948.4800000000002,0.09194859582854308,,,301.0,255.5,19.400000000000006,2272.77,1937.2899999999997,7.595006124113798,2.0,7.0,19,0,0
S0004,Pet Food,2025-05-18,1937.8899999999999,272,152,63.641156000404166,0.03284043779595548,0,1,None,,1864.04,0.039618248535439105,1993.2699999999995,-0.027783491448724794,1864.04,0.039618248535439105,2088.1499999999996,-0.0719584321049732,,,280.0,263.25,23.500000000000004,2127.64,1993.2699999999995,7.583319233694979,1.0,7.0,20,0,0
S0004,Pet Food,2025-05-25,2225.21,302,171,21.769435068266677,0.009783092412970765,0,1,None,,1864.04,0.19375657174738745,2050.585,0.08515862546541597,1864.04,0.19375657174738745,,,,,272.0,277.0,2.9999999999999987,1937.8899999999999,2050.585,7.396000388818319,1.0,7.0,21,0,0
S0004,Pet Food,2025-06-01,1945.65,265,148,23.529070073124373,0.012093166845591126,0,1,None,,1864.04,0.0437812493294136,2140.8774999999996,-0.09119041140840592,1864.04,0.0437812493294136,,,,,302.0,288.75,-0.4999999999999766,2225.21,2140.8774999999996,7.410571451018034,0.0,7.0,22,0,0
S0004,Pet Food,2025-06-08,2419.07,321,175,58.13384946027671,0.024031487083993726,0,1,None,,1864.04,0.29775648591231957,2059.0975,0.17482052209766674,1864.04,0.29775648591231957,,,,,265.0,279.75,-1.5000000000000187,1945.65,2059.0975,7.358407594690071,0.0,7.0,23,0,0
S0004,Pet Food,2025-06-15,1761.83,229,135,10.253429553952307,0.00581976101777828,0,1,None,,1864.04,-0.05483251432372698,2131.955,-0.17360826096235615,1864.04,-0.05483251432372698,,,,,321.0,290.0,10.999999999999998,2419.07,2131.955,7.3427399266882905,0.0,7.0,24,0,0
S0004,Pet Food,2025-06-22,1962.07,269,148,39.46039604511405,0.020111614797185654,0,1,None,,1864.04,0.05259007317439539,2087.9399999999996,-0.060284299357261074,1864.04,0.05259007317439539,,,,,229.0,279.25,-16.3,1761.83,2087.9399999999996,7.484986226136018,0.0,7.0,25,0,0
S0004,Pet Food,2025-06-29,1798.49,247,143,66.81774340887509,0.03715213507379807,1,1,Bundle,10.0,1864.04,-0.035165554387244884,2022.1549999999997,-0.11060724820797603,1864.04,-0.035165554387244884,,,,,269.0,271.0,-7.999999999999982,1962.07,2022.1549999999997,7.466410097969396,0.0,8.0,26,0,0
S0004,Pet Food,2025-07-06,1870.53,250,139,31.196226451175576,0.01667774718992776,0,1,None,,1864.04,0.003481684942383216,1985.3649999999998,-0.05784074968582594,1864.04,0.003481684942383216,,,,,247.0,266.5,-18.2,1798.49,1985.3649999999998,7.451225238142033,1.0,8.0,27,0,0
S0004,Pet Food,2025-07-13,1826.0,240,137,49.771853671806966,0.027257313073278732,0,1,None,,1864.04,-0.020407287397266133,1848.2299999999998,-0.012027723822251448,1864.04,-0.020407287397266133,,,,,250.0,248.75,4.100000000000013,1870.53,1848.2299999999998,7.437744334715242,1.0,8.0,28,0,0
S0004,Pet Food,2025-07-20,1731.82,236,141,29.457398707471437,0.017009503705622663,0,1,None,,1864.04,-0.07093195424990882,1864.2724999999998,-0.07104782160333314,1864.04,-0.07093195424990882,,,,,240.0,251.5,-8.399999999999984,1826.0,1864.2724999999998,7.416432471542025,1.0,8.0,29,0,0
S0004,Pet Food,2025-07-27,1611.1399999999999,216,117,39.41430143469954,0.02446361050852163,0,1,None,,1864.04,-0.1356730542263042,1806.7099999999998,-0.10824648117296078,1864.04,-0.1356730542263042,,,,,236.0,243.25,-4.300000000000013,1731.82,1806.7099999999998,7.427502426176264,1.0,8.0,30,0,0
S0004,Pet Food,2025-08-03,2018.86,268,160,28.411269080010516,0.014072926839904956,0,1,None,,1864.04,0.08305615759318466,1759.8724999999995,0.14716264956694333,1864.04,0.08305615759318466,,,,,216.0,235.5,-10.599999999999977,1611.1399999999999,1759.8724999999995,7.471913788449468,1.0,8.0,31,0,0
S0004,Pet Food,2025-08-10,1946.34,290,168,15.470091792283478,0.007948298751648467,1,1,Manager_Special,10.0,1864.04,0.04415141305980556,1796.9549999999997,0.0831322988054794,1864.04,0.04415141305980556,,,,,268.0,240.0,6.400000000000005,2018.86,1796.9549999999997,7.484648713822602,1.0,8.0,32,0,0
S0004,Pet Food,2025-08-17,1679.66,223,129,41.530240917456666,0.024725385445540565,0,1,None,,1864.04,-0.09891418639084992,1827.0399999999995,-0.08066599527103921,1864.04,-0.09891418639084992,,,,,290.0,252.5,21.400000000000006,1946.34,1827.0399999999995,7.260444690834096,2.0,8.0,33,0,0
S0004,Pet Food,2025-08-24,1904.69,252,150,39.25537962165604,0.020609852323294625,0,1,None,,1864.04,0.021807471942662224,1813.9999999999998,0.04999448732083809,1864.04,0.021807471942662224,,,,,223.0,249.25,4.300000000000009,1679.66,1813.9999999999998,7.30891651191793,2.0,8.0,34,0,0
S0004,Pet Food,2025-08-31,2176.94,296,157,40.17107571069244,0.01845300086850921,0,1,None,,1864.04,0.16786120469517826,1887.3874999999996,0.15341444192037965,1864.04,0.16786120469517826,,,,,252.0,258.25,-11.500000000000002,1904.69,1887.3874999999996,7.333744554245973,1.0,8.0,35,0,0
S0004,Pet Food,2025-09-07,2069.58,283,165,11.56741862410738,0.0055892589917313565,0,1,None,,1864.04,0.11026587412287288,1926.9074999999998,0.07404221531132145,1864.04,0.11026587412287288,,,,,296.0,265.25,4.699999999999989,2176.94,1926.9074999999998,7.289111385629596,1.0,8.0,36,0,0
S0004,Pet Food,2025-09-14,2103.88,278,157,15.091917708406422,0.007173373818091537,0,1,None,,1864.04,0.12866676680757932,1957.7174999999997,0.07465964828939843,1864.04,0.12866676680757932,,,,,283.0,263.5,22.400000000000002,2069.58,1957.7174999999997,7.439482958676994,1.0,8.0,37,0,0
S0004,Pet Food,2025-09-21,1960.14,289,157,31.994202838010168,0.016322406990322204,1,1,Manager_Special,25.0,1864.04,0.05155468766764669,2063.7725,-0.05021507942372521,1864.04,0.05155468766764669,,,,,278.0,277.25,6.500000000000014,2103.88,2063.7725,7.448434470113584,1.0,8.0,38,0,0
S0004,Pet Food,2025-09-28,2423.41,321,185,157.77622056120236,0.0651050464268128,0,1,None,,1864.04,0.300084762129568,2077.6349999999998,0.1664272117094678,1864.04,0.300084762129568,,,,,289.0,286.5,-2.6000000000000365,1960.14,2077.6349999999998,7.254483894785414,2.0,8.0,39,0,0
S0004,Pet Food,2025-10-05,1457.82,279,163,59.305431093340324,0.040680900998299054,1,1,Coupon,30.0,1864.04,-0.21792450805776703,2139.2524999999996,-0.31853766677846573,1864.04,-0.21792450805776703,,,,,321.0,292.75,12.500000000000032,2423.41,2139.2524999999996,7.303243103760745,2.0,8.0,40,0,0
S0004,Pet Food,2025-10-12,2069.34,279,149,6.785938220714679,0.0032792765909491327,0,1,None,,1864.04,0.1101371215209975,1986.3124999999998,0.041799817501022817,1864.04,0.1101371215209975,,,,,279.0,291.75,3.499999999999977,1457.82,1986.3124999999998,6.781282542949163,2.0,8.0,41,0,0
S0004,Pet Food,2025-10-19,1736.84,239,139,32.6520770420655,0.01879970350870863,0,1,None,,1864.04,-0.06823887899401303,1977.6774999999998,-0.12177794407834437,1864.04,-0.06823887899401303,,,,,279.0,292.0,-7.200000000000007,2069.34,1977.6774999999998,6.743551437510933,2.0,8.0,42,0,0
S0004,Pet Food,2025-10-26,2037.76,274,149,67.32170413535268,0.03303711140436198,0,1,None,,1864.04,0.09319542499088004,1921.8524999999997,0.06031029956773492,1864.04,0.09319542499088004,,,,,239.0,279.5,-24.600000000000005,1736.84,1921.8524999999997,6.864706842818515,2.0,8.0,43,0,0
S0004,Prepared Meals,2024-12-29,1523.45,190,119,34.87440009948599,0.02289172608191013,0,1,None,,,,1754.6666666666663,-0.13177241641337364,,,,,,,,265.6666666666667,,,1754.6666666666663,6.636421169448571,2.0,7.0,52,0,1
S0004,Prepared Meals,2025-01-05,2915.85,380,198,64.59424154884798,0.022152799886430364,1,1,Manager_Special,15.0,,,1776.543333333333,0.6413053063721124,,,,,,,190.0,236.0,,1523.45,1776.543333333333,7.5674200375866585,2.0,7.0,1,1,0
S0004,Prepared Meals,2025-01-12,2751.44,366,193,21.53507174600367,0.007826836764023083,1,1,Manager_Special,20.0,,,2058.713333333333,0.3364852480675634,,,,,,,380.0,269.6666666666667,,2915.85,2058.713333333333,7.652853446377453,3.0,7.0,2,1,0
S0004,Prepared Meals,2025-01-19,3131.09,393,213,13.599442894406376,0.004343357391325824,0,1,None,,,,2396.913333333333,0.306300881411371,,,,,,,366.0,312.0,,2751.44,2396.913333333333,7.7363476656121195,3.0,7.0,3,0,0
S0004,Prepared Meals,2025-01-26,3201.18,395,212,9.775168563511352,0.003053614155877318,0,1,None,,,,2580.4574999999995,0.24054746106068417,,,,,,,393.0,332.25,59.49999999999998,3131.09,2580.4574999999995,7.794048281015706,3.0,7.0,4,0,0
S0004,Prepared Meals,2025-02-02,3028.18,383,213,56.75883370284699,0.018743546850863223,0,1,None,,,,2999.8899999999994,0.009430345779345385,,,,,,,395.0,383.5,7.200000000000025,3201.18,2999.8899999999994,7.815572098470736,2.0,7.0,5,0,0
S0004,Prepared Meals,2025-02-09,2768.53,348,201,36.68173151130722,0.013249533691636796,0,1,None,,,,3027.9725,-0.08568192082325704,,,,,,,383.0,384.25,5.300000000000043,3028.18,3027.9725,7.873868529005296,2.0,7.0,6,0,0
S0004,Prepared Meals,2025-02-16,3163.72,394,206,30.468853786145985,0.009630704925260764,0,1,None,,,,3032.245,0.04335896340829976,,,,,,,348.0,379.75,-14.699999999999996,2768.53,3032.245,7.983356116154345,2.0,7.0,7,0,0
S0004,Prepared Meals,2025-02-23,3311.81,416,215,55.983482659924825,0.016904195186295358,0,1,None,,,,3040.4024999999997,0.08926696383126914,,,,,,,394.0,380.0,-3.799999999999987,3163.72,3040.4024999999997,7.99900513257108,2.0,8.0,8,0,0
S0004,Prepared Meals,2025-03-02,3209.22,382,203,33.83348443149021,0.010542588053012949,0,1,None,,,,3068.0599999999995,0.046009530452468445,,,,,,,416.0,385.25,14.500000000000027,3311.81,3068.0599999999995,7.963212274124147,2.0,8.0,9,0,0
S0004,Prepared Meals,2025-03-09,2804.9,356,190,18.962829013453703,0.006760607869604514,0,1,None,,,,3113.3199999999997,-0.09906466408849705,,,,,,,382.0,385.0,12.400000000000016,3209.22,3113.3199999999997,8.08686834427848,1.0,8.0,10,0,0
S0004,Prepared Meals,2025-03-16,2690.54,326,185,89.99961388189989,0.033450390584009115,0,1,None,,,,3122.4125,-0.13831372376327597,,,,,,,356.0,387.0,-14.799999999999986,2804.9,3122.4125,8.067714996093024,0.0,8.0,11,0,0
S0004,Prepared Meals,2025-03-23,3273.37,415,212,37.216836729126214,0.01136957836392654,0,1,None,,,,3004.1175,0.08962781915154786,,,,,,,326.0,370.0,-29.60000000000002,2690.54,3004.1175,8.123575993881943,0.0,8.0,12,0,0
S0004,Prepared Meals,2025-03-30,1759.71,319,181,123.17213883230471,0.06999570317399158,1,1,BOGO,100.0,,,2994.5074999999997,-0.4123541183316454,,,,,,,415.0,369.75,6.900000000000009,3273.37,2994.5074999999997,8.105215199743853,0.0,8.0,13,0,0
S0004,Prepared Meals,2025-04-06,2960.0099999999998,373,215,13.611227546055705,0.004598372149437233,0,1,None,,,,2632.1299999999997,0.1245683153947564,,,,,,,319.0,354.0,-2.1999999999999975,1759.71,2632.1299999999997,7.384023402734218,1.0,8.0,14,0,0
S0004,Prepared Meals,2025-04-13,2365.24,290,161,20.67139397557033,0.008739660235566087,0,1,None,,,,2670.9075,-0.11444331187059081,,,,,,,373.0,358.25,4.500000000000019,2960.0099999999998,2670.9075,7.398211168194953,1.0,8.0,15,0,0
S0004,Prepared Meals,2025-04-20,2416.7,314,177,8.004952590237872,0.0033123484877054963,1,1,Bundle,15.0,,,2589.5824999999995,-0.06676076162856358,,,,,,,290.0,349.25,-32.1,2365.24,2589.5824999999995,7.373913622182682,1.0,8.0,16,0,0
S0004,Prepared Meals,2025-04-27,2878.65,361,193,0.0,0.0,0,0,None,,,,2375.415,0.21185140280750947,,,,,,,314.0,324.0,-9.799999999999969,2416.7,2375.415,7.326128187450121,2.0,8.0,17,0,0
S0004,Prepared Meals,2025-05-04,3037.7599999999998,383,214,5.594317361552843,0.0018415929374120548,0,1,None,,2878.65,0.055272436732496016,2655.1499999999996,0.14410108656761395,2878.65,0.055272436732496016,2553.53,0.1896316080093046,,,361.0,334.5,-1.2000000000000064,2878.65,2655.1499999999996,7.940570046097729,2.0,7.0,18,0,0
S0004,Prepared Meals,2025-05-11,2820.91,382,204,61.320992620297716,0.021738018093557653,1,1,BOGO,100.0,2878.65,-0.02005801330484784,2674.5874999999996,0.05470843634766118,2878.65,-0.02005801330484784,2777.7033333333334,0.015554816869092023,,,383.0,337.0,32.60000000000002,3037.7599999999998,2674.5874999999996,7.939521197232764,2.0,7.0,19,0,0
S0004,Prepared Meals,2025-05-18,2952.46,412,219,96.96007897504673,0.03284043779595548,1,1,Manager_Special,10.0,2878.65,0.025640491202473362,2788.5049999999997,0.05879673875427887,2878.65,0.025640491202473362,2912.44,0.013741055609729293,,,382.0,360.0,22.599999999999987,2820.91,2788.5049999999997,7.746666485190881,3.0,7.0,20,0,0
S0004,Prepared Meals,2025-05-25,2733.41,347,193,26.741202632538418,0.009783092412970765,1,1,Manager_Special,20.0,2878.65,-0.050454205964601546,2922.4449999999997,-0.0646838520485415,2878.65,-0.050454205964601546,,,,,412.0,384.5,15.200000000000019,2952.46,2922.4449999999997,7.6140835435051475,4.0,7.0,21,0,0
S0004,Prepared Meals,2025-06-01,2979.36,378,200,36.029897573080376,0.012093166845591126,0,1,None,,2878.65,0.0349851492887291,2886.1349999999993,0.032300983841712476,2878.65,0.0349851492887291,,,,,347.0,381.0,-7.800000000000001,2733.41,2886.1349999999993,7.589874174716879,4.0,7.0,22,0,0
S0004,Prepared Meals,2025-06-08,2958.7,373,214,71.10196083541223,0.024031487083993726,0,1,None,,2878.65,0.027808173970437437,2871.535,0.030354845056737936,2878.65,0.027808173970437437,,,,,378.0,379.75,-7.699999999999968,2979.36,2871.535,7.577478302529884,4.0,7.0,23,0,0
S0004,Prepared Meals,2025-06-15,2785.1,355,191,16.208616410614287,0.00581976101777828,0,1,None,,2878.65,-0.03249787226651388,2905.9825,-0.041597807282046664,2878.65,-0.03249787226651388,,,,,373.0,377.5,-8.600000000000017,2958.7,2905.9825,7.7143759100141285,4.0,7.0,24,0,0
S0004,Prepared Meals,2025-06-22,3039.38,377,204,61.12683978227013,0.020111614797185654,0,1,None,,2878.65,0.05583520052802529,2864.1425,0.06118323372527735,2878.65,0.05583520052802529,,,,,355.0,363.25,1.9000000000000243,2785.1,2864.1425,7.8841726760472195,3.0,7.0,25,0,0
S0004,Prepared Meals,2025-06-29,3042.42,388,219,113.03239879122471,0.03715213507379806,1,1,BOGO,50.0,2878.65,0.05689125110728987,2940.6349999999998,0.03461327230343117,2878.65,0.05689125110728987,,,,,377.0,370.75,-2.0999999999999583,3039.38,2940.6349999999998,7.930361092867406,3.0,8.0,26,0,0
S0004,Prepared Meals,2025-07-06,2993.31,382,219,49.92166744108267,0.01667774718992776,0,1,None,,2878.65,0.0398311708613412,2956.3999999999996,0.0124847787850089,2878.65,0.0398311708613412,,,,,388.0,373.25,6.7,3042.42,2956.3999999999996,7.920207067339669,4.0,8.0,27,0,0
S0004,Prepared Meals,2025-07-13,1962.19,310,182,53.48402713925679,0.02725731307327873,1,1,Coupon,20.0,2878.65,-0.3183645111423758,2965.0525,-0.33822756932634407,2878.65,-0.3183645111423758,,,,,382.0,375.5,9.200000000000024,2993.31,2965.0525,7.896136684986315,3.0,8.0,28,0,0
S0004,Prepared Meals,2025-07-20,3468.52,433,220,58.997803793026314,0.017009503705622663,0,1,None,,2878.65,0.20491202473381614,2759.325,0.2570175677022461,2878.65,0.20491202473381614,,,,,310.0,364.25,-20.699999999999996,1962.19,2759.325,7.517209947139882,3.0,8.0,29,0,0
S0004,Prepared Meals,2025-07-27,2559.57,314,178,62.61632354929672,0.024463610508521635,0,1,None,,2878.65,-0.11084362461570525,2866.6099999999997,-0.10710909401697459,2878.65,-0.11084362461570525,,,,,433.0,378.25,6.299999999999986,3468.52,2866.6099999999997,7.5043156681290935,2.0,8.0,30,0,0
S0004,Prepared Meals,2025-08-03,3060.75,394,206,43.07371082523908,0.014072926839904952,0,1,None,,2878.65,0.06325881923818454,2745.8975,0.11466287434254191,2878.65,0.06325881923818454,,,,,314.0,359.75,-8.099999999999998,2559.57,2745.8975,7.5818677070022975,2.0,8.0,31,0,0
S0004,Prepared Meals,2025-08-10,2819.4,345,201,22.40943350039769,0.007948298751648467,0,1,None,,2878.65,-0.020582564743890364,2762.7574999999997,0.020502161336997688,2878.65,-0.020582564743890364,,,,,394.0,362.75,13.300000000000024,3060.75,2762.7574999999997,7.564995447720398,2.0,8.0,32,0,0
S0004,Prepared Meals,2025-08-17,2941.79,378,207,72.73689164983678,0.024725385445540565,0,1,None,,2878.65,0.021933892623278228,2977.06,-0.011847258704896772,2878.65,0.021933892623278228,,,,,345.0,371.5,-18.39999999999999,2819.4,2977.06,8.025627635658687,2.0,8.0,33,0,0
S0004,Prepared Meals,2025-08-24,3001.81,385,211,61.86686080258904,0.020609852323294625,0,1,None,,2878.65,0.04278394386257442,2845.3774999999996,0.054977766570516694,2878.65,0.04278394386257442,,,,,378.0,357.75,14.300000000000045,2941.79,2845.3774999999996,7.9686462427679405,2.0,8.0,34,0,0
S0004,Prepared Meals,2025-08-31,3385.06,449,242,62.464515119955784,0.01845300086850921,1,1,Manager_Special,15.0,2878.65,0.17591926771229563,2955.9375,0.14517306269161642,2878.65,0.17591926771229563,,,,,385.0,375.5,0.6000000000000213,3001.81,2955.9375,7.879999311673558,1.0,8.0,35,0,0
S0004,Prepared Meals,2025-09-07,3037.34,372,212,16.97647990594532,0.005589258991731357,0,1,None,,2878.65,0.055126535007729335,3037.015,0.00010701297161860342,2878.65,0.055126535007729335,,,,,449.0,389.25,31.900000000000016,3385.06,3037.015,7.822676340717231,2.0,8.0,36,0,0
S0004,Prepared Meals,2025-09-14,3233.74,411,219,23.196825850515324,0.007173373818091537,0,1,None,,2878.65,0.12335296058916495,3091.5,0.04601002749474358,2878.65,0.12335296058916495,,,,,372.0,396.0,4.600000000000011,3037.34,3091.5,7.820855980735931,1.0,8.0,37,0,0
S0004,Prepared Meals,2025-09-21,2937.45,365,201,47.94625441372196,0.016322406990322204,0,1,None,,2878.65,0.020426241467354393,3164.4874999999997,-0.0717454248120746,2878.65,0.020426241467354393,,,,,411.0,404.25,0.10000000000000003,3233.74,3164.4874999999997,7.842222807677575,1.0,8.0,38,0,0
S0004,Prepared Meals,2025-09-28,3048.0,378,204,198.44018150892538,0.0651050464268128,0,1,None,,2878.65,0.05882965973633471,3148.3974999999996,-0.03188844483582508,2878.65,0.05882965973633471,,,,,365.0,399.25,-21.299999999999994,2937.45,3148.3974999999996,7.904947589744823,1.0,8.0,39,0,0
S0004,Prepared Meals,2025-10-05,3401.81,424,219,138.3886958250237,0.04068090099829905,1,1,Bundle,10.0,2878.65,0.1817379674500199,3064.1324999999997,0.11020329571257126,2878.65,0.1817379674500199,,,,,378.0,381.5,-2.7999999999999896,3048.0,3064.1324999999997,8.036043322767059,1.0,8.0,40,0,0
S0004,Prepared Meals,2025-10-12,2893.81,364,207,9.48960339165451,0.003279276590949133,0,1,None,,2878.65,0.005266357493964134,3155.25,-0.08285872751762936,2878.65,0.005266357493964134,,,,,424.0,394.5,5.200000000000023,3401.81,3155.25,8.000604402600697,2.0,8.0,41,0,0
S0004,Prepared Meals,2025-10-19,2823.64,381,200,53.08359481533004,0.01879970350870863,1,1,Bundle,20.0,2878.65,-0.01910965209386352,3070.2675,-0.08032769131679897,2878.65,-0.01910965209386352,,,,,364.0,382.75,4.300000000000037,2893.81,3070.2675,8.021116136912614,2.0,8.0,42,0,0
S0004,Prepared Meals,2025-10-26,3326.54,412,216,109.89927257106632,0.03303711140436199,0,1,None,,2878.65,0.15559029406145236,3041.8149999999996,0.09360365439712816,2878.65,0.15559029406145236,,,,,381.0,386.75,-5.100000000000019,2823.64,3041.8149999999996,7.861946234349064,3.0,8.0,43,0,0
S0004,Snacks/Cookies/Chips,2024-12-29,588.91,189,109,13.481166406897694,0.02289172608191013,0,1,None,,,,3039.7533333333326,-0.8062638854468455,,,,,,,,389.6666666666667,,,3039.7533333333326,7.794764291301398,2.0,7.0,52,0,1
S0004,Snacks/Cookies/Chips,2025-01-05,878.05,274,152,19.451265940280177,0.02215279988643036,0,1,None,,,,2102.1199999999994,-0.5823026278233402,,,,,,,189.0,311.3333333333333,,588.91,2102.1199999999994,6.15902733579243,2.0,7.0,1,1,0
S0004,Snacks/Cookies/Chips,2025-01-12,946.72,298,162,7.409822901235932,0.007826836764023081,0,1,None,,,,1430.1999999999996,-0.3380506222905885,,,,,,,274.0,281.3333333333333,,878.05,1430.1999999999996,4.577205526215145,2.0,7.0,2,1,0
S0004,Snacks/Cookies/Chips,2025-01-19,1096.69,338,191,4.7633166174931185,0.004343357391325824,0,1,None,,,,804.5599999999996,0.3630928706373677,,,,,,,298.0,253.66666666666666,,946.72,804.5599999999996,3.1658002404664685,2.0,7.0,3,0,0
S0004,Snacks/Cookies/Chips,2025-01-26,987.94,338,181,3.016787569157438,0.003053614155877318,1,1,BOGO,100.0,,,877.5924999999997,0.1257388822260905,,,,,,,338.0,274.75,47.1,1096.69,877.5924999999997,3.1855114229534016,2.0,7.0,4,0,0
S0004,Snacks/Cookies/Chips,2025-02-02,978.25,306,176,18.33587470685695,0.018743546850863223,0,1,None,,,,977.3499999999998,0.0009208574205762571,,,,,,,338.0,312.0,23.20000000000003,987.94,977.3499999999998,3.1372547935429265,2.0,7.0,5,0,0
S0004,Snacks/Cookies/Chips,2025-02-09,851.54,272,160,11.282507919776396,0.013249533691636796,0,1,None,,,,1002.3999999999997,-0.15049880287310438,,,,,,,306.0,320.0,2.3999999999999986,978.25,1002.3999999999997,3.1353381388031716,2.0,7.0,6,0,0
S0004,Snacks/Cookies/Chips,2025-02-16,736.53,297,167,7.09330309860231,0.009630704925260764,1,1,Coupon,20.0,,,978.6049999999998,-0.24736742608100293,,,,,,,272.0,313.5,-22.999999999999993,851.54,978.6049999999998,3.123775392060179,1.0,7.0,7,0,0
S0004,Snacks/Cookies/Chips,2025-02-23,1062.44,341,185,17.95969313372764,0.016904195186295358,0,1,None,,,,888.5649999999998,0.19568067614637114,,,,,,,297.0,303.25,-15.699999999999985,736.53,888.5649999999998,2.9325888969313763,2.0,8.0,8,0,0
S0004,Snacks/Cookies/Chips,2025-03-02,737.69,299,171,7.777161780827123,0.01054258805301295,1,1,Coupon,25.0,,,907.1899999999998,-0.1868406838699719,,,,,,,341.0,304.0,12.999999999999986,1062.44,907.1899999999998,2.9807790008721002,2.0,8.0,9,0,0
S0004,Snacks/Cookies/Chips,2025-03-09,1015.36,319,177,6.86445080648164,0.006760607869604515,0,1,None,,,,847.0499999999997,0.1987013753615493,,,,,,,299.0,302.25,12.499999999999998,737.69,847.0499999999997,2.7983528035258263,3.0,8.0,10,0,0
S0004,Snacks/Cookies/Chips,2025-03-16,906.23,281,156,30.313747458946583,0.033450390584009115,0,1,None,,,,888.0049999999998,0.02052353308821488,,,,,,,319.0,314.0,2.400000000000012,1015.36,888.0049999999998,2.811424039465343,3.0,8.0,11,0,0
S0004,Snacks/Cookies/Chips,2025-03-23,999.56,309,170,11.364575749446413,0.011369578363926542,0,1,None,,,,930.4299999999997,0.07429898004148645,,,,,,,281.0,310.0,-15.99999999999998,906.23,930.4299999999997,2.997703740389172,3.0,8.0,12,0,0
S0004,Snacks/Cookies/Chips,2025-03-30,957.39,300,171,67.01318626174779,0.06999570317399158,0,1,None,,,,914.7099999999997,0.04665959703075325,,,,,,,309.0,302.0,-0.8000000000000183,999.56,914.7099999999997,3.027494285995565,2.0,8.0,13,0,0
S0004,Snacks/Cookies/Chips,2025-04-06,1081.12,344,184,4.971392098199582,0.004598372149437233,0,1,None,,,,969.6349999999998,0.11497625395122923,,,,,,,300.0,302.25,-2.900000000000001,957.39,969.6349999999998,3.2085216271326886,2.0,8.0,14,0,0
S0004,Snacks/Cookies/Chips,2025-04-13,817.79,261,151,7.147206744043589,0.008739660235566086,0,1,None,,,,986.0749999999998,-0.1706614608422279,,,,,,,344.0,308.5,17.999999999999993,1081.12,986.0749999999998,3.198482624435306,2.0,8.0,15,0,0
S0004,Snacks/Cookies/Chips,2025-04-20,954.21,307,170,3.160676050453462,0.0033123484877054963,0,1,None,,,,963.9649999999997,-0.010119662020923641,,,,,,,261.0,303.5,-9.999999999999996,817.79,963.9649999999997,3.175551930826001,1.0,8.0,16,0,0
S0004,Snacks/Cookies/Chips,2025-04-27,901.48,284,162,0.0,0.0,0,0,None,,,,952.6274999999998,-0.05369097574865288,,,,,,,307.0,303.0,-6.199999999999987,954.21,952.6274999999998,3.1438904031492467,1.0,8.0,17,0,0
S0004,Snacks/Cookies/Chips,2025-05-04,986.6800000000001,309,173,1.8170629194857264,0.0018415929374120548,0,1,None,,901.48,0.09451124816967658,938.6499999999996,0.05116923240824636,901.48,0.09451124816967658,891.16,0.10718613941379786,,,284.0,299.0,-13.400000000000004,901.48,938.6499999999996,3.1396217411774154,0.0,7.0,18,0,0
S0004,Snacks/Cookies/Chips,2025-05-11,958.35,304,161,20.83262963996098,0.021738018093557656,0,1,None,,901.48,0.06308514886630874,915.0399999999997,0.04733126420702953,901.48,0.06308514886630874,947.4566666666666,0.011497447552570669,,,309.0,290.25,12.10000000000001,986.6800000000001,915.0399999999997,3.1522088564028237,0.0,7.0,19,0,0
S0004,Snacks/Cookies/Chips,2025-05-18,791.6,312,176,25.99649055927836,0.03284043779595548,1,1,Coupon,20.0,901.48,-0.12188845010427296,950.1799999999997,-0.16689469363699483,901.48,-0.12188845010427296,948.8366666666667,-0.16571520915085491,,,304.0,301.0,1.6000000000000132,958.35,950.1799999999997,3.1570018779293414,0.0,7.0,20,0,0
S0004,Snacks/Cookies/Chips,2025-05-25,1089.07,344,185,10.654472454194073,0.009783092412970767,0,1,None,,901.48,0.20809113901584053,909.5274999999999,0.1974019477146101,901.48,0.20809113901584053,,,,,312.0,302.25,7.899999999999974,791.6,909.5274999999999,3.014252775782845,1.0,7.0,21,0,0
S0004,Snacks/Cookies/Chips,2025-06-01,829.2,260,153,10.027653948364161,0.012093166845591126,0,1,None,,901.48,-0.08017926077117625,956.4249999999997,-0.13302140784692967,901.48,-0.08017926077117625,,,,,344.0,317.25,11.299999999999967,1089.07,956.4249999999997,3.0121717284523504,1.0,7.0,22,0,0
S0004,Snacks/Cookies/Chips,2025-06-08,960.84,304,173,23.090414049784535,0.02403148708399373,0,1,None,,901.48,0.06584727337267605,917.0549999999998,0.04774522793071321,901.48,0.06584727337267605,,,,,260.0,305.0,-9.999999999999954,829.2,917.0549999999998,3.01119463111603,1.0,7.0,23,0,0
S0004,Snacks/Cookies/Chips,2025-06-15,990.1,307,163,5.762145383702275,0.005819761017778279,0,1,None,,901.48,0.09830500953986777,917.6774999999998,0.07891933713096405,901.48,0.09830500953986777,,,,,304.0,305.0,-10.799999999999981,960.84,917.6774999999998,3.013242328484451,1.0,7.0,24,0,0
S0004,Snacks/Cookies/Chips,2025-06-22,967.5,308,163,19.45798731627712,0.020111614797185654,0,1,None,,901.48,0.0732351244619958,967.3024999999998,0.0002041760462732375,901.48,0.0732351244619958,,,,,307.0,303.75,-6.699999999999999,990.1,967.3024999999998,3.185217814995768,1.0,7.0,25,0,0
S0004,Snacks/Cookies/Chips,2025-06-29,940.36,317,181,34.936381737996754,0.03715213507379807,1,1,BOGO,100.0,901.48,0.043129076629542525,936.9099999999999,0.003682317405087105,901.48,0.043129076629542525,,,,,308.0,294.75,14.700000000000017,967.5,936.9099999999999,3.179050965856535,1.0,8.0,26,0,0
S0004,Snacks/Cookies/Chips,2025-07-06,760.6,291,172,12.685094512659056,0.01667774718992776,1,1,Coupon,20.0,901.48,-0.15627634556507075,964.6999999999998,-0.21156836322172679,901.48,-0.15627634556507075,,,,,317.0,309.0,3.9999999999999725,940.36,964.6999999999998,3.123352106356414,2.0,8.0,27,0,0
S0004,Snacks/Cookies/Chips,2025-07-13,890.65,288,164,24.2767258887157,0.02725731307327873,0,1,None,,901.48,-0.012013577672272308,914.6399999999999,-0.026228898801714223,901.48,-0.012013577672272308,,,,,291.0,305.75,-3.9000000000000092,760.6,914.6399999999999,2.9866240587890416,3.0,8.0,28,0,0
S0004,Snacks/Cookies/Chips,2025-07-20,990.37,312,177,16.845702184937515,0.01700950370562266,0,1,None,,901.48,0.0986045170164618,889.7774999999997,0.11305354428494803,901.48,0.0986045170164618,,,,,288.0,301.0,-8.600000000000003,890.65,889.7774999999997,2.9534873810384084,2.0,8.0,29,0,0
S0004,Snacks/Cookies/Chips,2025-07-27,843.34,260,143,20.631141286256636,0.024463610508521635,0,1,None,,901.48,-0.06449394329325109,895.4949999999997,-0.05824153122016276,901.48,-0.06449394329325109,,,,,312.0,302.0,-1.7999999999999607,990.37,895.4949999999997,2.961744644608172,2.0,8.0,30,0,0
S0004,Snacks/Cookies/Chips,2025-08-03,994.35,316,174,13.993414803259492,0.014072926839904954,0,1,None,,901.48,0.10301947907884812,871.2399999999998,0.14130434782608728,901.48,0.10301947907884812,,,,,260.0,287.75,-6.8999999999999675,843.34,871.2399999999998,3.031039657954447,2.0,8.0,31,0,0
S0004,Snacks/Cookies/Chips,2025-08-10,1164.29,372,204,9.254124753556795,0.007948298751648469,0,1,None,,901.48,0.2915317034210409,929.6774999999998,0.2523590169709391,901.48,0.2915317034210409,,,,,316.0,294.0,3.200000000000035,994.35,929.6774999999998,3.164272535635077,2.0,8.0,32,0,0
S0004,Snacks/Cookies/Chips,2025-08-17,820.48,274,154,20.286684250357123,0.024725385445540565,1,1,Manager_Special,10.0,901.48,-0.0898522429782136,998.0874999999999,-0.17794782521572494,901.48,-0.0898522429782136,,,,,372.0,315.0,23.599999999999998,1164.29,998.0874999999999,3.1735918120687687,2.0,8.0,33,0,0
S0004,Snacks/Cookies/Chips,2025-08-24,878.82,279,172,18.11235041875778,0.02060985232329462,0,1,None,,901.48,-0.025136442294892807,955.6149999999998,-0.08036186120979658,901.48,-0.025136442294892807,,,,,274.0,305.5,9.800000000000033,820.48,955.6149999999998,3.1286392456266947,3.0,8.0,34,0,0
S0004,Snacks/Cookies/Chips,2025-08-31,1050.08,329,178,19.377127152004153,0.018453000868509213,0,1,None,,901.48,0.16484004082175968,964.4849999999998,0.0887468441707234,901.48,0.16484004082175968,,,,,279.0,310.25,-20.899999999999956,878.82,964.4849999999998,3.1052085177524185,2.0,8.0,35,0,0
S0004,Snacks/Cookies/Chips,2025-09-07,1068.06,343,189,5.969663958708592,0.0055892589917313565,0,1,None,,901.48,0.1847850201890224,978.4174999999998,0.09161988619377738,901.48,0.1847850201890224,,,,,329.0,313.5,-12.400000000000025,1050.08,978.4174999999998,3.1164723446540386,1.0,8.0,36,0,0
S0004,Snacks/Cookies/Chips,2025-09-14,1011.55,330,191,7.256226285690493,0.007173373818091537,0,1,None,,901.48,0.12209921462483908,954.3599999999998,0.05992497590007982,901.48,0.12209921462483908,,,,,343.0,306.25,25.70000000000001,1068.06,954.3599999999998,3.112488775419893,1.0,8.0,37,0,0
S0004,Snacks/Cookies/Chips,2025-09-21,1052.46,330,185,17.17868046103451,0.016322406990322207,0,1,None,,901.48,0.16748014376358877,1002.1274999999998,0.05022564494038954,901.48,0.16748014376358877,,,,,330.0,320.25,16.700000000000006,1011.55,1002.1274999999998,3.1302013943095197,1.0,8.0,38,0,0
S0004,Snacks/Cookies/Chips,2025-09-28,1066.33,337,180,69.42346415630328,0.0651050464268128,0,1,None,,901.48,0.1828659537649198,1045.5374999999997,0.019886900278565094,901.48,0.1828659537649198,,,,,330.0,333.0,-1.0000000000000229,1052.46,1045.5374999999997,3.1400464578481313,1.0,8.0,39,0,0
S0004,Snacks/Cookies/Chips,2025-10-05,1008.37,318,176,41.021400139654816,0.040680900998299054,0,1,None,,901.48,0.11857168212273149,1049.5999999999997,-0.03928163109756068,901.48,0.11857168212273149,,,,,337.0,335.0,-1.7999999999999805,1066.33,1049.5999999999997,3.1331593212143254,1.0,8.0,40,0,0
S0004,Snacks/Cookies/Chips,2025-10-12,1072.99,338,185,3.5186309893225105,0.003279276590949133,0,1,None,,901.48,0.19025380485423968,1034.6774999999998,0.03702844606169578,901.48,0.19025380485423968,,,,,318.0,328.75,-2.9000000000000044,1008.37,1034.6774999999998,3.147433644151047,1.0,8.0,41,0,0
S0004,Snacks/Cookies/Chips,2025-10-19,810.57,262,138,15.238475673053957,0.01879970350870863,0,1,None,,901.48,-0.10084527665616538,1050.0374999999997,-0.22805614085211215,901.48,-0.10084527665616538,,,,,338.0,330.75,0.5000000000000018,1072.99,1050.0374999999997,3.1747395433800234,0.0,8.0,42,0,0
S0004,Snacks/Cookies/Chips,2025-10-26,992.05,302,168,32.7744663686973,0.033037111404361975,0,1,None,,901.48,0.10046811909304691,989.5649999999997,0.002511204418103148,901.48,0.10046811909304691,,,,,262.0,313.75,-20.49999999999999,810.57,989.5649999999997,3.150866018050391,0.0,8.0,43,0,0
S0005,Alcohol,2024-12-29,2227.81,188,103,52.64218290996093,0.0236295657663629,1,1,Manager_Special,10.0,,,963.9766666666665,1.311062162638792,,,,,,,,306.0,,,963.9766666666665,3.146426698646812,0.0,7.0,52,0,1
S0005,Alcohol,2025-01-05,4756.51,381,209,106.15571478045872,0.022317984148137755,0,1,None,,,,1370.4566666666663,2.4707481934245776,,,,,,,188.0,262.6666666666667,,2227.81,1370.4566666666663,6.039452814887501,1.0,7.0,1,1,0
S0005,Alcohol,2025-01-12,4832.25,398,220,47.22667428121983,0.00977322660897508,0,1,None,,,,2598.2966666666666,0.8597760840755931,,,,,,,381.0,277.0,,4756.51,2598.2966666666666,9.142703344222221,1.0,7.0,2,1,0
S0005,Alcohol,2025-01-19,4031.34,332,186,133.0438284342438,0.03300238343435279,0,1,None,,,,3938.8566666666666,0.023479740736948262,,,,,,,398.0,322.3333333333333,,4832.25,3938.8566666666666,12.158554355001309,1.0,7.0,3,0,0
S0005,Alcohol,2025-01-26,4880.31,395,207,16.32596974814185,0.0033452730970249533,0,1,None,,,,3961.9775,0.23178639959464697,,,,,,,332.0,324.75,44.90000000000003,4031.34,3961.9775,12.154563356612428,1.0,7.0,4,0,0
S0005,Alcohol,2025-02-02,4481.44,369,202,80.97345405917979,0.018068623937658384,0,1,None,,,,4625.1025,-0.031061473772743493,,,,,,,395.0,376.5,-2.39999999999999,4880.31,4625.1025,12.280853856208441,1.0,7.0,5,0,0
S0005,Alcohol,2025-02-09,4051.68,325,175,61.22399707150738,0.015110768143463299,0,1,None,,,,4556.335,-0.11075897623857776,,,,,,,369.0,373.5,-2.39999999999999,4481.44,4556.335,12.195990264462289,1.0,7.0,6,0,0
S0005,Alcohol,2025-02-16,4943.77,396,211,45.07792162520107,0.009118126778794537,0,1,None,,,,4361.1925,0.13358215671516455,,,,,,,325.0,355.25,-4.700000000000014,4051.68,4361.1925,12.277334272966346,1.0,7.0,7,0,0
S0005,Alcohol,2025-02-23,4369.3,370,200,228.16567933133916,0.05222019072422108,1,1,Coupon,15.0,,,4589.3,-0.047937593968579086,,,,,,,396.0,371.25,-4.099999999999992,4943.77,4589.3,12.362753601796818,1.0,8.0,8,0,0
S0005,Alcohol,2025-03-02,3571.57,293,166,161.1019623994379,0.04510676324401815,0,1,None,,,,4461.5475,-0.1994773114037225,,,,,,,370.0,365.0,7.400000000000015,4369.3,4461.5475,12.226179534058193,1.0,8.0,9,0,0
S0005,Alcohol,2025-03-09,4311.74,352,190,114.99573936133626,0.026670378863599443,0,1,None,,,,4234.08,0.018341646827646114,,,,,,,293.0,346.0,-12.19999999999998,3571.57,4234.08,12.237388247766493,1.0,8.0,10,0,0
S0005,Alcohol,2025-03-16,5633.1,460,243,192.67673600696662,0.034204387638594486,0,1,None,,,,4299.095,0.31029902805125265,,,,,,,352.0,352.75,-20.89999999999998,4311.74,4299.095,12.18302666559866,1.0,8.0,11,0,0
S0005,Alcohol,2025-03-23,3397.74,278,164,42.69618947891594,0.012566055518937866,0,1,None,,,,4471.4275,-0.24012186264900864,,,,,,,460.0,368.75,32.89999999999999,5633.1,4471.4275,12.12342713771109,1.0,8.0,12,0,0
S0005,Alcohol,2025-03-30,3917.24,323,174,247.67677291270732,0.06322736746094376,0,1,None,,,,4228.5375,-0.07361824271394082,,,,,,,278.0,345.75,6.300000000000042,3397.74,4228.5375,12.226718990715172,1.0,8.0,13,0,0
S0005,Alcohol,2025-04-06,3565.91,288,164,11.835546823078799,0.003319081755590803,0,1,None,,,,4314.955,-0.17359277211465707,,,,,,,323.0,353.25,-26.899999999999988,3917.24,4314.955,12.211223819591217,1.0,8.0,14,0,0
S0005,Alcohol,2025-04-13,4384.29,347,187,34.31758283113226,0.007827398012251074,0,1,None,,,,4128.4974999999995,0.06195777035107821,,,,,,,288.0,337.25,-47.100000000000016,3565.91,4128.4974999999995,12.244316464793236,1.0,8.0,15,0,0
S0005,Alcohol,2025-04-20,4805.6,393,216,16.65926056790335,0.003466634877622638,1,1,BOGO,50.0,,,3816.295,0.2592317941878184,,,,,,,347.0,309.0,17.200000000000014,4384.29,3816.295,12.34155944812866,1.0,8.0,16,0,0
S0005,Alcohol,2025-04-27,4597.19,367,205,0.0,0.0,0,0,None,,,,4168.26,0.10290384956792507,,,,,,,393.0,337.75,26.900000000000013,4805.6,4168.26,12.343035320865583,1.0,8.0,17,0,0
S0005,Alcohol,2025-05-04,5202.89,410,233,7.704030397544434,0.0014807213678444929,0,1,None,,4597.19,0.13175439779517506,4338.2474999999995,0.19930686296713154,4597.19,0.13175439779517506,4595.693333333333,0.13212297310235402,,,367.0,348.75,28.300000000000033,4597.19,4338.2474999999995,12.442716633660313,1.0,7.0,18,0,0
S0005,Alcohol,2025-05-11,4884.42,403,218,266.59442674699625,0.05458056980091725,1,1,Bundle,10.0,4597.19,0.06247947115520579,4747.4925,0.02884206768099155,4597.19,0.06247947115520579,4868.56,0.0032576367550157894,,,410.0,379.25,16.300000000000008,5202.89,4747.4925,12.519802549988226,1.0,7.0,19,0,0
S0005,Alcohol,2025-05-18,4325.64,353,207,60.31058848485571,0.01394258155668426,0,1,None,,4597.19,-0.059068691961828707,4872.525,-0.11223852109532519,4597.19,-0.059068691961828707,4894.833333333333,-0.11628451768871928,,,403.0,393.25,7.299999999999961,4884.42,4872.525,12.39112939619213,2.0,7.0,20,0,0
S0005,Alcohol,2025-05-25,4761.84,399,208,50.83874380674976,0.010676281396844447,1,1,Bundle,20.0,4597.19,0.03581535677228928,4752.535,0.001957902466788838,4597.19,0.03581535677228928,,,,,353.0,383.25,-4.899999999999979,4325.64,4752.535,12.397616359984848,2.0,7.0,21,0,0
S0005,Alcohol,2025-06-01,4395.37,359,201,90.1485033941942,0.020509878211434806,0,1,None,,4597.19,-0.04390073066373148,4793.6975,-0.0830939999864406,4597.19,-0.04390073066373148,,,,,399.0,391.25,-8.3,4761.84,4793.6975,12.249624565102547,3.0,7.0,22,0,0
S0005,Alcohol,2025-06-08,4256.81,345,195,235.21362342555483,0.05525584262054327,0,1,None,,4597.19,-0.07404088149500004,4591.8175,-0.0729574944997269,4597.19,-0.07404088149500004,,,,,359.0,378.5,-8.600000000000005,4395.37,4591.8175,12.137973281047923,3.0,7.0,23,0,0
S0005,Alcohol,2025-06-15,4761.07,385,197,178.8468071788671,0.03756441454943261,0,1,None,,4597.19,0.03564786315118586,4434.915,0.0735425594402598,4597.19,0.03564786315118586,,,,,345.0,364.0,-6.399999999999957,4256.81,4434.915,12.192580987740483,3.0,7.0,24,0,0
S0005,Alcohol,2025-06-22,4360.62,362,194,95.10696704993906,0.021810423070558558,0,1,None,,4597.19,-0.05145969603170627,4543.7725,-0.04030846614789806,4597.19,-0.05145969603170627,,,,,385.0,372.0,-5.600000000000015,4761.07,4543.7725,12.220700464580922,2.0,7.0,25,0,0
S0005,Alcohol,2025-06-29,4786.44,414,225,121.02519019894916,0.025285011448790577,1,1,Bundle,20.0,4597.19,0.04116645168026556,4443.4675,0.07718577889902421,4597.19,0.04116645168026556,,,,,362.0,362.75,4.899999999999967,4360.62,4443.4675,12.248569342577017,2.0,8.0,26,0,0
S0005,Alcohol,2025-07-06,4051.68,379,213,146.11047455050848,0.03606170145483071,1,1,Manager_Special,10.0,4597.19,-0.11866161720529275,4541.235000000001,-0.10780217275697045,4597.19,-0.11866161720529275,,,,,414.0,376.5,18.39999999999999,4786.44,4541.235000000001,12.078089043033195,3.0,8.0,27,0,0
S0005,Alcohol,2025-07-13,4602.93,376,199,145.93950089916365,0.0317057832509214,0,1,None,,4597.19,0.0012485888118613092,4489.952499999999,0.02516229291958008,4597.19,0.0012485888118613092,,,,,379.0,385.0,3.399999999999992,4051.68,4489.952499999999,11.66605625270013,3.0,8.0,28,0,0
S0005,Alcohol,2025-07-20,4981.56,401,207,74.40556485797191,0.014936197668596163,0,1,None,,4597.19,0.08360977031621508,4450.4175,0.11934666803732479,4597.19,0.08360977031621508,,,,,376.0,382.75,0.7000000000000054,4602.93,4450.4175,11.634911133191977,3.0,8.0,29,0,0
S0005,Alcohol,2025-07-27,5018.09,397,218,124.82658658706362,0.024875318415385858,0,1,None,,4597.19,0.09155592873037673,4605.6525,0.08955028630579488,4597.19,0.09155592873037673,,,,,401.0,392.5,-4.200000000000025,4981.56,4605.6525,11.729143955831514,2.0,8.0,30,0,0
S0005,Alcohol,2025-08-03,3880.55,317,169,54.756352622206805,0.014110461821702286,0,1,None,,4597.19,-0.1558865306850488,4663.5650000000005,-0.1679005224543885,4597.19,-0.1558865306850488,,,,,397.0,388.25,7.900000000000022,5018.09,4663.5650000000005,11.998787934220152,2.0,8.0,31,0,0
S0005,Alcohol,2025-08-10,4534.4400000000005,367,215,262.3924299835256,0.057866556836902804,0,1,None,,4597.19,-0.013649642499004631,4620.7825,-0.018685687976008336,4597.19,-0.013649642499004631,,,,,317.0,372.75,-18.099999999999977,3880.55,4620.7825,12.386546459477554,2.0,8.0,32,0,0
S0005,Alcohol,2025-08-17,4781.46,385,207,96.18220079996419,0.02011565521827312,0,1,None,,4597.19,0.040083181247675306,4603.66,0.0386214446766269,4597.19,0.040083181247675306,,,,,367.0,370.5,-18.19999999999997,4534.4400000000005,4603.66,12.414943268712873,2.0,8.0,33,0,0
S0005,Alcohol,2025-08-24,4059.66,371,189,84.58062679183183,0.02083441145116385,1,1,Coupon,10.0,4597.19,-0.1169257742229492,4553.635,-0.10847926985803656,4597.19,-0.1169257742229492,,,,,385.0,366.5,1.399999999999955,4781.46,4553.635,12.414076701365008,2.0,8.0,34,0,0
S0005,Alcohol,2025-08-31,5441.98,443,240,101.94839922508925,0.018733696049064726,0,1,None,,4597.19,0.18376225476867392,4314.0275,0.261461592444647,4597.19,0.18376225476867392,,,,,371.0,360.0,18.000000000000025,4059.66,4314.0275,11.989690350227432,2.0,8.0,35,0,0
S0005,Alcohol,2025-09-07,5035.25,404,215,109.3998522457804,0.021726796533594238,0,1,None,,4597.19,0.09528864371496511,4704.385,0.07033119100583812,4597.19,0.09528864371496511,,,,,443.0,391.5,21.39999999999999,5441.98,4704.385,12.000414495893276,1.0,8.0,36,0,0
S0005,Alcohol,2025-09-14,4696.69,392,218,34.59962766784177,0.007366811023900188,0,1,None,,4597.19,0.02164365623348176,4829.5875,-0.02751736043709738,4597.19,0.02164365623348176,,,,,404.0,400.75,12.900000000000002,5035.25,4829.5875,12.027431434814687,1.0,8.0,37,0,0
S0005,Alcohol,2025-09-21,4276.82,343,192,53.911683170007045,0.012605553464959257,0,1,None,,4597.19,-0.06968822258814622,4808.395,-0.11055144180126647,4597.19,-0.06968822258814622,,,,,392.0,402.5,2.4000000000000163,4696.69,4808.395,11.917925289174613,1.0,8.0,38,0,0
S0005,Alcohol,2025-09-28,2636.83,304,169,153.2507673652282,0.058119320307046037,1,1,Coupon,30.0,4597.19,-0.4264257078780733,4862.6849999999995,-0.45774196765778574,4597.19,-0.4264257078780733,,,,,343.0,395.5,-31.199999999999974,4276.82,4862.6849999999995,12.299521086523203,1.0,8.0,39,0,0
S0005,Alcohol,2025-10-05,4884.19,414,220,226.09272811962717,0.04629073154804117,1,1,Bundle,15.0,4597.19,0.06242944059305794,4161.3975,0.17368984818201086,4597.19,0.06242944059305794,,,,,304.0,360.75,-34.89999999999999,2636.83,4161.3975,11.396872002081002,2.0,8.0,40,0,0
S0005,Alcohol,2025-10-12,5090.17,407,220,14.890243322138922,0.0029252939139830145,0,1,None,,4597.19,0.10723507185911405,4123.6325,0.23438982499046665,4597.19,0.10723507185911405,,,,,414.0,363.25,2.700000000000002,4884.19,4123.6325,11.230389573946885,3.0,8.0,41,0,0
S0005,Alcohol,2025-10-19,4057.92,328,185,87.71340268245837,0.02161536025413472,1,1,Coupon,15.0,4597.19,-0.11730426630180601,4222.0025,-0.038863667181627565,4597.19,-0.11730426630180601,,,,,407.0,367.0,30.199999999999985,5090.17,4222.0025,11.361691612882852,3.0,8.0,42,0,0
S0005,Alcohol,2025-10-26,3887.83,307,175,55.84287948995387,0.014363508561319264,0,1,None,,4597.19,-0.15430295463098104,4167.2775,-0.06705756936033183,4597.19,-0.15430295463098104,,,,,328.0,363.25,6.499999999999999,4057.92,4167.2775,11.337402698710912,3.0,8.0,43,0,0
S0005,Bakery,2024-12-29,768.72,204,117,18.164519795918487,0.0236295657663629,0,1,None,,,,4677.426666666667,-0.8356532224271466,,,,,,,,383.0,,,4677.426666666667,12.225275966702268,3.0,7.0,52,0,1
S0005,Bakery,2025-01-05,1288.02,321,184,28.746009942484392,0.022317984148137755,0,1,None,,,,3305.603333333333,-0.6103525226358072,,,,,,,204.0,313.0,,768.72,3305.603333333333,9.54883426925034,3.0,7.0,1,1,0
S0005,Bakery,2025-01-12,1463.82,360,212,14.3062445747499,0.00977322660897508,0,1,None,,,,2038.22,-0.28181452443799004,,,,,,,321.0,284.3333333333333,,1288.02,2038.22,6.717488658558936,3.0,7.0,2,1,0
S0005,Bakery,2025-01-19,1486.73,378,200,49.06563352335534,0.0330023834343528,0,1,None,,,,1173.52,0.26689787988274594,,,,,,,360.0,295.0,,1463.82,1173.52,3.948975108423435,3.0,7.0,3,0,0
S0005,Bakery,2025-01-26,1474.22,375,209,4.931668505096126,0.003345273097024953,0,1,None,,,,1251.8225,0.17765897321704957,,,,,,,378.0,315.75,56.10000000000002,1486.73,1251.8225,3.945018368354613,2.0,7.0,4,0,0
S0005,Bakery,2025-02-02,1384.66,353,205,25.018900821518066,0.018068623937658387,0,1,None,,,,1428.1975,-0.03048422924700534,,,,,,,375.0,358.5,18.00000000000002,1474.22,1428.1975,3.985772878158535,1.0,7.0,5,0,0
S0005,Bakery,2025-02-09,1225.36,310,175,18.516130852274188,0.0151107681434633,0,1,None,,,,1452.3575,-0.15629588444993753,,,,,,,353.0,366.5,-2.3999999999999897,1384.66,1452.3575,3.9632794308047448,1.0,7.0,6,0,0
S0005,Bakery,2025-02-16,1533.08,375,211,13.97881780203433,0.009118126778794538,0,1,None,,,,1392.7425,0.10076342180984629,,,,,,,310.0,354.0,-22.599999999999973,1225.36,1392.7425,3.9349313125251744,0.0,7.0,7,0,0
S0005,Bakery,2025-02-23,1414.87,351,200,73.88478124997867,0.05222019072422108,0,1,None,,,,1404.33,0.007505358427150288,,,,,,,375.0,353.25,-4.300000000000015,1533.08,1404.33,3.973697608821471,0.0,8.0,8,0,0
S0005,Bakery,2025-03-02,1269.55,313,176,57.265291276443236,0.04510676324401815,0,1,None,,,,1389.4924999999998,-0.08632108485652128,,,,,,,351.0,347.25,5.89999999999998,1414.87,1389.4924999999998,3.9986264407303027,0.0,8.0,9,0,0
S0005,Bakery,2025-03-09,1374.05,355,198,36.646434077528816,0.026670378863599443,1,1,Bundle,25.0,,,1360.715,0.009799994855645772,,,,,,,313.0,337.25,-1.5000000000000187,1269.55,1360.715,4.032006618847581,0.0,8.0,10,0,0
S0005,Bakery,2025-03-16,1533.24,392,222,52.443535302998605,0.034204387638594486,0,1,None,,,,1397.8875,0.09682646135686881,,,,,,,355.0,348.5,-9.80000000000001,1374.05,1397.8875,4.0114539155309075,1.0,8.0,11,0,0
S0005,Bakery,2025-03-23,1290.47,318,168,16.216117665523747,0.012566055518937864,0,1,None,,,,1397.9275,-0.07686915093951581,,,,,,,392.0,352.75,16.499999999999996,1533.24,1397.9275,3.967232214850635,1.0,8.0,12,0,0
S0005,Bakery,2025-03-30,1360.4,345,193,86.01451069386789,0.06322736746094376,0,1,None,,,,1366.8275,-0.0047024953770684365,,,,,,,318.0,344.5,5.200000000000013,1290.47,1366.8275,3.974010489860042,1.0,8.0,13,0,0
S0005,Bakery,2025-04-06,1108.8,283,159,3.6801978505990816,0.0033190817555908024,1,1,BOGO,50.0,,,1389.54,-0.20203808454596486,,,,,,,345.0,352.5,-10.399999999999988,1360.4,1389.54,3.945790019424334,1.0,8.0,14,0,0
S0005,Bakery,2025-04-13,1473.6,382,208,11.534453710853182,0.007827398012251074,0,1,None,,,,1323.2275,0.11364070048423264,,,,,,,283.0,334.5,-29.999999999999982,1108.8,1323.2275,3.957654474707268,2.0,8.0,15,0,0
S0005,Bakery,2025-04-20,1404.69,347,192,4.869547346247742,0.003466634877622637,0,1,None,,,,1308.3175,0.07366140099784642,,,,,,,382.0,332.0,12.999999999999986,1473.6,1308.3175,3.944220747813369,2.0,8.0,16,0,0
S0005,Bakery,2025-04-27,1113.04,276,153,0.0,0.0,0,0,None,,,,1336.8725,-0.1674299531181919,,,,,,,347.0,339.25,10.500000000000007,1404.69,1336.8725,3.9417248032390306,2.0,8.0,17,0,0
S0005,Bakery,2025-05-04,1567.62,394,216,2.3212084306603837,0.0014807213678444929,1,1,Bundle,15.0,1113.04,0.40841299504060946,1275.0325,0.2294745428057715,1113.04,0.40841299504060946,1330.4433333333334,0.17826889783605954,,,276.0,322.0,-5.599999999999958,1113.04,1275.0325,3.9641161075868565,2.0,7.0,18,0,0
S0005,Bakery,2025-05-11,1370.37,349,198,74.79557543808296,0.054580569800917245,0,1,None,,1113.04,0.23119564436138856,1389.7375,-0.013936085052033254,1113.04,0.23119564436138856,1361.7833333333333,0.006305457304759632,,,394.0,349.75,-3.499999999999999,1567.62,1389.7375,3.9792935483502507,2.0,7.0,19,0,0
S0005,Bakery,2025-05-18,1450.08,373,202,20.217858663716708,0.013942581556684258,1,1,Bundle,15.0,1113.04,0.302810321282254,1363.9299999999998,0.06316306555321761,1113.04,0.302810321282254,1350.3433333333332,0.07386022813951021,,,349.0,341.5,12.400000000000025,1370.37,1363.9299999999998,3.99653604373722,2.0,7.0,20,0,0
S0005,Bakery,2025-05-25,1418.14,355,193,15.140461700120984,0.010676281396844445,0,1,None,,1113.04,0.27411413785668093,1375.2775,0.03116643731901393,1113.04,0.27411413785668093,,,,,373.0,348.0,24.600000000000023,1450.08,1375.2775,3.956415033314678,3.0,7.0,21,0,0
S0005,Bakery,2025-06-01,1266.05,303,186,25.966531309587033,0.020509878211434806,0,1,None,,1113.04,0.13747035146984835,1451.5525,-0.12779592884170574,1113.04,0.13747035146984835,,,,,355.0,367.75,-9.300000000000008,1418.14,1451.5525,3.946916768362647,3.0,7.0,22,0,0
S0005,Bakery,2025-06-08,1215.93,310,169,67.18723671759719,0.055255842620543276,1,1,Bundle,10.0,1113.04,0.09244052325163525,1376.1599999999999,-0.1164326822462503,1113.04,0.09244052325163525,,,,,303.0,345.0,-15.600000000000021,1266.05,1376.1599999999999,3.996829736816853,2.0,7.0,23,0,0
S0005,Bakery,2025-06-15,1438.34,363,203,54.03040002303089,0.03756441454943261,0,1,None,,1113.04,0.29226263207072517,1337.55,0.07535419236664047,1113.04,0.29226263207072517,,,,,310.0,335.25,-24.09999999999998,1215.93,1337.55,3.9957780453481404,3.0,7.0,24,0,0
S0005,Bakery,2025-06-22,1430.54,390,217,31.20068261935684,0.021810423070558558,1,1,Manager_Special,25.0,1113.04,0.28525479767124273,1334.615,0.07187466048261106,1113.04,0.28525479767124273,,,,,363.0,332.75,3.0999999999999805,1438.34,1334.615,4.014466846594827,3.0,7.0,25,0,0
S0005,Bakery,2025-06-29,1294.29,329,192,32.72613746805516,0.025285011448790577,0,1,None,,1113.04,0.16284230575720549,1337.715,-0.03246207151747566,1113.04,0.16284230575720549,,,,,390.0,341.5,31.400000000000002,1430.54,1337.715,3.9327895262625763,4.0,8.0,26,0,0
S0005,Bakery,2025-07-06,1340.25,341,194,48.33169537483686,0.03606170145483071,1,1,Coupon,15.0,1113.04,0.2041346222956947,1344.775,-0.0033648751649904933,1113.04,0.2041346222956947,,,,,329.0,348.0,8.399999999999979,1294.29,1344.775,3.8716968562052974,3.0,8.0,27,0,0
S0005,Bakery,2025-07-13,1559.19,388,213,49.435340187004144,0.0317057832509214,0,1,None,,1113.04,0.4008391432473227,1375.855,0.1332516871327284,1113.04,0.4008391432473227,,,,,341.0,355.75,-12.699999999999998,1340.25,1375.855,3.873696123067467,4.0,8.0,28,0,0
S0005,Bakery,2025-07-20,1386.58,341,188,20.71023296332207,0.014936197668596166,0,1,None,,1113.04,0.24575936174800544,1406.0675,-0.013859576442809595,1113.04,0.24575936174800544,,,,,388.0,362.0,0.6000000000000202,1559.19,1406.0675,3.8877365685248524,3.0,8.0,29,0,0
S0005,Bakery,2025-07-27,1460.08,362,202,36.319954911936584,0.024875318415385858,0,1,None,,1113.04,0.3117947243585136,1395.0774999999999,0.046594185627680224,1113.04,0.3117947243585136,,,,,341.0,349.75,8.300000000000024,1386.58,1395.0774999999999,3.987278000211446,3.0,8.0,30,0,0
S0005,Bakery,2025-08-03,1433.3799999999999,364,193,20.22565376599162,0.014110461821702286,0,1,None,,1113.04,0.2878063681449004,1436.525,-0.0021893110109467004,1113.04,0.2878063681449004,,,,,362.0,358.0,1.6000000000000016,1460.08,1436.525,4.012117502134232,3.0,8.0,31,0,0
S0005,Bakery,2025-08-10,1550.4,370,209,89.71630971993409,0.05786655683690279,0,1,None,,1113.04,0.3929418529432906,1459.8075,0.06205783981792134,1113.04,0.3929418529432906,,,,,364.0,363.75,-5.09999999999998,1433.3799999999999,1459.8075,4.013993811308929,2.0,8.0,32,0,0
S0005,Bakery,2025-08-17,1373.01,348,187,27.618995771241178,0.02011565521827312,0,1,None,,1113.04,0.2335675267735212,1457.61,-0.058040216518821845,1113.04,0.2335675267735212,,,,,370.0,359.25,8.900000000000013,1550.4,1457.61,4.056928646917733,2.0,8.0,33,0,0
S0005,Bakery,2025-08-24,1244.12,306,172,25.920507974621966,0.02083441145116385,0,1,None,,1113.04,0.11776755552361096,1454.2175000000002,-0.14447460575876736,1113.04,0.11776755552361096,,,,,348.0,361.0,-3.600000000000002,1373.01,1454.2175000000002,4.026732153339009,1.0,8.0,34,0,0
S0005,Bakery,2025-08-31,1524.81,377,211,28.565327072574387,0.01873369604906473,0,1,None,,1113.04,0.3699507654711421,1400.2275,0.08897304188069438,1113.04,0.3699507654711421,,,,,306.0,347.0,-19.59999999999997,1244.12,1400.2275,4.034827520399277,1.0,8.0,35,0,0
S0005,Bakery,2025-09-07,1364.6299999999999,341,194,29.649038353638705,0.02172679653359424,0,1,None,,1113.04,0.22603859699561554,1423.085,-0.0410762533509946,1113.04,0.22603859699561554,,,,,377.0,350.25,-2.1000000000000045,1524.81,1423.085,4.061510449539103,0.0,8.0,36,0,0
S0005,Bakery,2025-09-14,1546.76,402,217,11.394688619327855,0.007366811023900188,0,1,None,,1113.04,0.38967153022353196,1376.6425,0.12357420317911155,1113.04,0.38967153022353196,,,,,341.0,343.0,5.000000000000038,1364.6299999999999,1376.6425,4.01440475880438,0.0,8.0,37,0,0
S0005,Bakery,2025-09-21,1315.3799999999999,325,180,16.581092916738104,0.012605553464959255,0,1,None,,1113.04,0.18179041184503694,1420.08,-0.07372824066249792,1113.04,0.18179041184503694,,,,,402.0,356.5,25.20000000000001,1546.76,1420.08,3.989962423069262,0.0,8.0,38,0,0
S0005,Bakery,2025-09-28,1434.6,353,202,83.37797691248825,0.05811932030704604,0,1,None,,1113.04,0.2889024653202041,1437.895,-0.002291544236540271,1113.04,0.2889024653202041,,,,,325.0,361.25,-9.499999999999988,1315.3799999999999,1437.895,3.9853552838032993,0.0,8.0,39,0,0
S0005,Bakery,2025-10-05,1364.72,347,195,63.17388715824274,0.04629073154804117,0,1,None,,1113.04,0.22611945662330202,1415.3425,-0.03576696100060582,1113.04,0.22611945662330202,,,,,353.0,355.25,-4.1000000000000085,1434.6,1415.3425,3.990213734671567,0.0,8.0,40,0,0
S0005,Bakery,2025-10-12,1428.34,353,201,4.178314309098498,0.002925293913983014,0,1,None,,1113.04,0.2832782289944656,1415.3649999999998,0.009167246611298243,1113.04,0.2832782289944656,,,,,347.0,356.75,-13.69999999999999,1364.72,1415.3649999999998,3.972979523544775,0.0,8.0,41,0,0
S0005,Bakery,2025-10-19,1228.52,307,177,26.554902379409587,0.02161536025413472,0,1,None,,1113.04,0.10375188672464604,1385.7599999999998,-0.11346842166031622,1113.04,0.10375188672464604,,,,,353.0,344.5,7.800000000000023,1428.34,1385.7599999999998,4.0226363386195425,0.0,8.0,42,0,0
S0005,Bakery,2025-10-26,1350.92,340,178,19.40395098565742,0.014363508561319264,0,1,None,,1113.04,0.21372098037806378,1364.045,-0.00962211657240047,1113.04,0.21372098037806378,,,,,307.0,340.0,-13.199999999999973,1228.52,1364.045,4.011229022157503,0.0,8.0,43,0,0
S0005,Baking,2024-12-29,741.61,191,107,17.52392226799239,0.0236295657663629,0,1,None,,,,1340.5266666666666,-0.44677713734402896,,,,,,,,335.6666666666667,,,1340.5266666666666,3.993631141913498,0.0,7.0,52,0,1
S0005,Baking,2025-01-05,1311.57,351,201,29.271598469173036,0.022317984148137755,0,1,None,,,,1132.8233333333333,0.15778865195220204,,,,,,,191.0,283.6666666666667,,741.61,1132.8233333333333,3.9769192106754114,0.0,7.0,1,1,0
S0005,Baking,2025-01-12,1503.05,408,216,14.689648254619994,0.00977322660897508,0,1,None,,,,1093.8999999999999,0.3740287046347931,,,,,,,351.0,283.0,,1311.57,1093.8999999999999,3.873711782283847,0.0,7.0,2,1,0
S0005,Baking,2025-01-19,1394.94,379,219,46.0363447479161,0.0330023834343528,0,1,None,,,,1185.41,0.17675740882901272,,,,,,,408.0,316.6666666666667,,1503.05,1185.41,3.767795871402665,0.0,7.0,3,0,0
S0005,Baking,2025-01-26,1289.42,340,182,4.313462036765915,0.003345273097024953,0,1,None,,,,1237.7925,0.04170933334949117,,,,,,,379.0,332.25,62.10000000000001,1394.94,1237.7925,3.745992022285508,0.0,7.0,4,0,0
S0005,Baking,2025-02-02,1297.19,360,194,23.438438285691085,0.018068623937658387,1,1,Bundle,25.0,,,1374.7450000000001,-0.056414098614652214,,,,,,,340.0,369.5,-6.1999999999999655,1289.42,1374.7450000000001,3.7234012461844914,0.0,7.0,5,0,0
S0005,Baking,2025-02-09,1192.83,331,190,18.024577564567327,0.0151107681434633,0,1,None,,,,1371.15,-0.13005141669401607,,,,,,,360.0,371.75,-18.29999999999998,1297.19,1371.15,3.690060968406714,1.0,7.0,6,0,0
S0005,Baking,2025-02-16,1314.8799999999999,362,196,11.989242538901362,0.009118126778794538,0,1,None,,,,1293.5950000000003,0.016454145230925924,,,,,,,331.0,352.5,-12.400000000000002,1192.83,1293.5950000000003,3.670003451820019,1.0,7.0,7,0,0
S0005,Baking,2025-02-23,1441.52,388,223,75.27644933277917,0.05222019072422108,0,1,None,,,,1273.58,0.13186450792254908,,,,,,,362.0,348.25,3.6999999999999957,1314.8799999999999,1273.58,3.657924631429051,1.0,8.0,8,0,0
S0005,Baking,2025-03-02,1322.72,359,199,59.66361787812768,0.04510676324401815,0,1,None,,,,1311.605,0.008474350128277956,,,,,,,388.0,360.25,11.500000000000002,1441.52,1311.605,3.638636123242271,1.0,8.0,9,0,0
S0005,Baking,2025-03-09,961.48,311,168,25.643035869773595,0.026670378863599443,1,1,Manager_Special,15.0,,,1317.9875000000002,-0.27049384004021293,,,,,,,359.0,360.0,10.999999999999979,1322.72,1317.9875000000002,3.6589239404815164,1.0,8.0,10,0,0
S0005,Baking,2025-03-16,1287.54,346,185,44.03951726019594,0.034204387638594486,0,1,None,,,,1260.15,0.02173550767765732,,,,,,,311.0,355.0,-18.199999999999992,961.48,1260.15,3.530888828135609,2.0,8.0,11,0,0
S0005,Baking,2025-03-23,1213.31,326,184,15.2465208216825,0.012566055518937864,0,1,None,,,,1253.315,-0.03191934988410743,,,,,,,346.0,351.0,-17.40000000000002,1287.54,1253.315,3.5531259980011605,2.0,8.0,12,0,0
S0005,Baking,2025-03-30,1251.38,354,193,79.1214630932758,0.06322736746094376,1,1,Manager_Special,25.0,,,1196.2625,0.04607475365983642,,,,,,,326.0,335.5,-6.400000000000025,1213.31,1196.2625,3.5547640189991996,2.0,8.0,13,0,0
S0005,Baking,2025-04-06,1117.84,321,171,3.710202349669622,0.003319081755590802,1,1,Manager_Special,30.0,,,1178.4275,-0.05141385447980473,,,,,,,354.0,334.25,10.900000000000002,1251.38,1178.4275,3.517392750724173,2.0,8.0,14,0,0
S0005,Baking,2025-04-13,1502.18,395,214,11.758160746043318,0.007827398012251073,0,1,None,,,,1217.5175000000002,0.2338056742510887,,,,,,,321.0,336.75,-4.699999999999982,1117.84,1217.5175000000002,3.6150907603604585,3.0,8.0,15,0,0
S0005,Baking,2025-04-20,1385.82,379,211,4.8041319461070024,0.003466634877622637,0,1,None,,,,1271.1775000000002,0.09018606764200883,,,,,,,395.0,349.0,17.400000000000013,1502.18,1271.1775000000002,3.6355341275954043,3.0,8.0,16,0,0
S0005,Baking,2025-04-27,999.97,278,151,0.0,0.0,0,0,None,,,,1314.305,-0.2391644253046287,,,,,,,379.0,362.25,14.899999999999954,1385.82,1314.305,3.6192109612066186,3.0,8.0,17,0,0
S0005,Baking,2025-05-04,1397.03,373,203,2.0686121725197917,0.0014807213678444927,0,1,None,,999.97,0.39707191215736465,1251.4524999999999,0.11632682822560195,999.97,0.39707191215736465,1295.99,0.07796356453367694,,,278.0,343.25,-14.499999999999954,999.97,1251.4524999999999,3.6347216204758133,3.0,7.0,18,0,0
S0005,Baking,2025-05-11,1323.75,375,213,72.25102927396422,0.05458056980091726,1,1,Coupon,30.0,999.97,0.3237897136914107,1321.25,0.001892147587511826,999.97,0.3237897136914107,1260.9399999999998,0.049812044982314924,,,373.0,356.25,-16.69999999999999,1397.03,1321.25,3.7004769051508823,2.0,7.0,19,0,0
S0005,Baking,2025-05-18,1111.39,299,168,15.495645716283319,0.013942581556684258,0,1,None,,999.97,0.11142334270028108,1276.6425,-0.12944305081493043,999.97,0.11142334270028108,1240.25,-0.10389840757911703,,,375.0,351.25,8.300000000000004,1323.75,1276.6425,3.6322300697078442,3.0,7.0,20,0,0
S0005,Baking,2025-05-25,1389.44,372,201,14.834052424031547,0.010676281396844445,0,1,None,,999.97,0.38948168445053355,1208.035,0.15016535116946111,999.97,0.38948168445053355,,,,,299.0,331.25,6.500000000000005,1111.39,1208.035,3.6473566349517093,3.0,7.0,21,0,0
S0005,Baking,2025-06-01,1295.52,350,203,26.570957420478017,0.020509878211434802,0,1,None,,999.97,0.2955588667660029,1305.4025000000001,-0.0075704619839476045,999.97,0.2955588667660029,,,,,372.0,354.75,-7.899999999999954,1389.44,1305.4025000000001,3.681866478689622,2.0,7.0,22,0,0
S0005,Baking,2025-06-08,1137.09,362,204,62.830866085393545,0.05525584262054327,1,1,Manager_Special,15.0,999.97,0.1371241137234116,1280.025,-0.1116657877775826,999.97,0.1371241137234116,,,,,350.0,349.0,-0.20000000000000887,1295.52,1280.025,3.6708907222744553,1.0,7.0,23,0,0
S0005,Baking,2025-06-15,1188.33,321,183,44.63892074152725,0.03756441454943261,0,1,None,,999.97,0.18836565096952898,1233.3600000000001,-0.03651002140494276,999.97,0.18836565096952898,,,,,362.0,345.75,16.7,1137.09,1233.3600000000001,3.5736738714457257,2.0,7.0,24,0,0
S0005,Baking,2025-06-22,1308.81,345,197,28.54569981897775,0.02181042307055856,0,1,None,,999.97,0.30884926547796426,1252.595,0.04487883154571104,999.97,0.30884926547796426,,,,,321.0,351.25,-14.09999999999999,1188.33,1252.595,3.5699086728085243,2.0,7.0,25,0,0
S0005,Baking,2025-06-29,1475.23,383,205,37.301207439599324,0.025285011448790577,0,1,None,,999.97,0.4752742582277468,1232.4375,0.19700187636289873,999.97,0.4752742582277468,,,,,345.0,344.5,-5.599999999999979,1308.81,1232.4375,3.5845582754265695,2.0,8.0,26,0,0
S0005,Baking,2025-07-06,1159.61,356,202,41.81750962403624,0.036061701454830716,1,1,Bundle,20.0,999.97,0.15964478934368018,1277.365,-0.09218586699964389,999.97,0.15964478934368018,,,,,383.0,352.75,8.699999999999978,1475.23,1277.365,3.622130711084906,2.0,8.0,27,0,0
S0005,Baking,2025-07-13,1545.33,400,209,48.99589803114637,0.0317057832509214,0,1,None,,999.97,0.5453763612908387,1282.995,0.20447078905217875,999.97,0.5453763612908387,,,,,356.0,351.25,14.300000000000027,1159.61,1282.995,3.6511804270821746,2.0,8.0,28,0,0
S0005,Baking,2025-07-20,1235.96,342,188,18.46054287047812,0.014936197668596166,1,1,Manager_Special,15.0,999.97,0.23599707991239738,1372.245,-0.09931535549409899,999.97,0.23599707991239738,,,,,400.0,371.0,13.80000000000002,1545.33,1372.245,3.691521022876567,2.0,8.0,29,0,0
S0005,Baking,2025-07-27,1397.93,376,202,34.77395387242035,0.024875318415385855,0,1,None,,999.97,0.39797193915817475,1354.0325000000003,0.03241982744136481,999.97,0.39797193915817475,,,,,342.0,370.25,-7.899999999999991,1235.96,1354.0325000000003,3.6465875115620494,3.0,8.0,30,0,0
S0005,Baking,2025-08-03,1157.22,386,212,16.32890862931032,0.014110461821702286,1,1,Coupon,20.0,999.97,0.15725471764152923,1334.7075,-0.13297857395721532,999.97,0.15725471764152923,,,,,376.0,368.5,0.20000000000002396,1397.93,1334.7075,3.6131183813748375,3.0,8.0,31,0,0
S0005,Baking,2025-08-10,916.38,346,193,53.027755354200984,0.0578665568369028,1,1,Manager_Special,30.0,999.97,-0.08359250777523329,1334.1100000000001,-0.31311511044816404,999.97,-0.08359250777523329,,,,,386.0,376.0,-0.7999999999999758,1157.22,1334.1100000000001,3.5482803348591476,3.0,8.0,32,0,0
S0005,Baking,2025-08-17,1246.99,334,185,25.0840209006344,0.02011565521827312,1,1,Coupon,10.0,999.97,0.24702741082232466,1176.8725000000002,0.05957952114608832,999.97,0.24702741082232466,,,,,346.0,362.5,2.2000000000000366,916.38,1176.8725000000002,3.244573362315795,4.0,8.0,33,0,0
S0005,Baking,2025-08-24,1311.08,346,191,27.3155801653919,0.02083441145116385,0,1,None,,999.97,0.3111193335800073,1179.63,0.11143324601781898,999.97,0.3111193335800073,,,,,334.0,360.5,-16.59999999999998,1246.99,1179.63,3.2744695786550464,5.0,8.0,34,0,0
S0005,Baking,2025-08-31,1319.87,369,203,24.72604340427906,0.01873369604906473,1,1,Manager_Special,10.0,999.97,0.3199095972879185,1157.9175,0.13986531855680553,999.97,0.3199095972879185,,,,,346.0,353.0,-13.199999999999948,1311.08,1157.9175,3.2923069833408167,5.0,8.0,35,0,0
S0005,Baking,2025-09-07,1328.67,355,183,28.86774275029066,0.021726796533594238,0,1,None,,999.97,0.3287098612958389,1198.58,0.10853676850940291,999.97,0.3287098612958389,,,,,369.0,348.75,8.09999999999997,1319.87,1198.58,3.437033031896639,5.0,8.0,36,0,0
S0005,Baking,2025-09-14,1236.79,327,171,9.111198206249515,0.007366811023900189,0,1,None,,999.97,0.2368271048131443,1301.6525000000001,-0.04983088804423621,999.97,0.2368271048131443,,,,,355.0,351.0,8.600000000000007,1328.67,1301.6525000000001,3.7105918530315414,5.0,8.0,37,0,0
S0005,Baking,2025-09-21,1174.48,321,177,14.804970433525346,0.012605553464959255,0,1,None,,999.97,0.1745152354570637,1299.1025,-0.09592968992054125,999.97,0.1745152354570637,,,,,327.0,349.25,-7.099999999999989,1236.79,1299.1025,3.7227742085040827,4.0,8.0,38,0,0
S0005,Baking,2025-09-28,1365.91,366,193,79.38576080059727,0.05811932030704604,0,1,None,,999.97,0.36595097852935593,1264.9524999999999,0.07981129726215033,999.97,0.36595097852935593,,,,,321.0,343.0,-17.200000000000006,1174.48,1264.9524999999999,3.6901661196199957,4.0,8.0,39,0,0
S0005,Baking,2025-10-05,1392.43,366,206,64.45660332943896,0.04629073154804116,0,1,None,,999.97,0.3924717741532246,1276.4625,0.0908506908741933,999.97,0.3924717741532246,,,,,366.0,342.25,2.6999999999999953,1365.91,1276.4625,3.7289438862911046,3.0,8.0,40,0,0
S0005,Baking,2025-10-12,1270.36,346,202,3.716176376567462,0.0029252939139830145,0,1,None,,999.97,0.27039811194335817,1292.4025000000001,-0.017055445188321937,999.97,0.27039811194335817,,,,,366.0,345.0,16.2,1392.43,1292.4025000000001,3.744374175677698,2.0,8.0,41,0,0
S0005,Baking,2025-10-19,1371.28,356,194,29.640711209289858,0.02161536025413472,1,1,Bundle,25.0,999.97,0.37132113963418895,1300.795,0.05418609388873719,999.97,0.37132113963418895,,,,,346.0,349.75,7.500000000000016,1270.36,1300.795,3.7167062451125674,1.0,8.0,42,0,0
S0005,Baking,2025-10-26,986.06,272,146,14.163281251974475,0.014363508561319266,0,1,None,,999.97,-0.013910417312519458,1349.995,-0.26958247993511086,999.97,-0.013910417312519458,,,,,356.0,358.5,-5.000000000000001,1371.28,1349.995,3.764979723358218,2.0,8.0,43,0,0
S0005,Beverages,2024-12-29,690.61,210,122,16.318814413907884,0.023629565766362902,0,1,None,,,,1344.6899999999998,-0.4864169436821869,,,,,,,,356.0,,,1344.6899999999998,3.775974785971249,1.0,7.0,52,0,1
S0005,Beverages,2025-01-05,1117.44,339,189,24.939008206495053,0.022317984148137755,0,1,None,,,,1110.75,0.006022957461174931,,,,,,,210.0,304.0,,690.61,1110.75,3.604029951206742,1.0,7.0,1,1,0
S0005,Beverages,2025-01-12,1184.42,371,202,11.575605060202266,0.00977322660897508,0,1,None,,,,1059.7766666666669,0.11761283037621119,,,,,,,339.0,301.6666666666667,,1117.44,1059.7766666666669,3.478937448606438,1.0,7.0,2,1,0
S0005,Beverages,2025-01-19,1266.57,389,209,41.799828786448224,0.0330023834343528,1,1,Bundle,20.0,,,997.4900000000001,0.26975709029664435,,,,,,,371.0,306.6666666666667,,1184.42,997.4900000000001,3.2591363240014126,1.0,7.0,3,0,0
S0005,Beverages,2025-01-26,1235.53,388,209,4.133185269567241,0.0033452730970249533,0,1,None,,,,1064.76,0.16038356061459857,,,,,,,389.0,327.25,56.89999999999999,1266.57,1064.76,3.258343245571754,2.0,7.0,4,0,0
S0005,Beverages,2025-02-02,953.1,378,219,17.22120547498221,0.018068623937658387,1,1,Coupon,20.0,,,1200.99,-0.20640471610920988,,,,,,,388.0,371.75,16.50000000000005,1235.53,1200.99,3.232277401192765,2.0,7.0,5,0,0
S0005,Beverages,2025-02-09,865.02,337,182,13.071116659458625,0.0151107681434633,1,1,Coupon,20.0,,,1159.905,-0.2542320276229519,,,,,,,378.0,381.5,2.000000000000017,953.1,1159.905,3.038563747589731,3.0,7.0,6,0,0
S0005,Beverages,2025-02-16,1225.79,375,212,11.176908624178557,0.009118126778794538,0,1,None,,,,1080.055,0.13493294322974284,,,,,,,337.0,373.0,-16.600000000000026,865.02,1080.055,2.882143294407618,3.0,7.0,7,0,0
S0005,Beverages,2025-02-23,990.15,320,188,51.7058218455875,0.05222019072422108,1,1,Coupon,20.0,,,1069.8600000000001,-0.07450507543043028,,,,,,,375.0,369.5,-8.000000000000012,1225.79,1069.8600000000001,2.8853456251702574,3.0,8.0,8,0,0
S0005,Beverages,2025-03-02,897.22,291,171,40.47069011779796,0.04510676324401814,1,1,BOGO,50.0,,,1008.515,-0.11035532441262645,,,,,,,320.0,352.5,-13.599999999999989,990.15,1008.515,2.8628113951444845,4.0,8.0,9,0,0
S0005,Beverages,2025-03-09,1259.33,378,209,33.58680821429669,0.026670378863599447,0,1,None,,,,994.545,0.2662373246057242,,,,,,,291.0,330.75,-19.30000000000001,897.22,994.545,3.0032618124247987,5.0,8.0,10,0,0
S0005,Beverages,2025-03-16,1331.43,402,219,45.54074783365386,0.034204387638594486,0,1,None,,,,1093.1225,0.2180062161377157,,,,,,,378.0,341.0,-2.000000000000006,1259.33,1093.1225,3.1944457926110044,5.0,8.0,11,0,0
S0005,Beverages,2025-03-23,1145.89,345,201,14.399317358595713,0.012566055518937866,0,1,None,,,,1119.5325,0.023543309372439005,,,,,,,402.0,347.75,33.3,1331.43,1119.5325,3.2052561906209545,4.0,8.0,12,0,0
S0005,Beverages,2025-03-30,1139.3799999999999,353,183,72.03999793765009,0.06322736746094375,0,1,None,,,,1158.4675,-0.016476508836026985,,,,,,,345.0,354.0,18.600000000000026,1145.89,1158.4675,3.262056575584723,4.0,8.0,13,0,0
S0005,Beverages,2025-04-06,1221.68,369,199,4.054855799170172,0.0033190817555908024,0,1,None,,,,1219.0075,0.002192357307071636,,,,,,,353.0,369.5,-13.200000000000017,1139.3799999999999,1219.0075,3.2981753610563302,3.0,8.0,14,0,0
S0005,Beverages,2025-04-13,1189.33,358,207,9.30935927791057,0.007827398012251074,0,1,None,,,,1209.595,-0.016753541474625887,,,,,,,369.0,367.25,-9.100000000000056,1221.68,1209.595,3.2929816263808886,2.0,8.0,15,0,0
S0005,Beverages,2025-04-20,1285.01,388,214,4.454660484093865,0.0034666348776226374,0,1,None,,,,1174.07,0.09449181053940571,,,,,,,358.0,356.25,5.5000000000000195,1189.33,1174.07,3.2955156045348115,2.0,8.0,16,0,0
S0005,Beverages,2025-04-27,1148.09,353,202,0.0,0.0,0,0,None,,,,1208.85,-0.05026264631674732,,,,,,,388.0,367.0,9.399999999999993,1285.01,1208.85,3.293130892895786,1.0,8.0,17,0,0
S0005,Beverages,2025-05-04,1158.86,353,206,1.7159487643402687,0.0014807213678444927,0,1,None,,1148.09,0.009380797672656309,1211.0275,-0.043077056466512956,1148.09,0.009380797672656309,1207.4766666666667,-0.040263027856991124,,,353.0,367.0,-1.7999999999999767,1148.09,1211.0275,3.299299448136579,0.0,7.0,18,0,0
S0005,Beverages,2025-05-11,1255.95,385,218,68.55046664146202,0.05458056980091725,0,1,None,,1148.09,0.09394733862327878,1195.3225,0.0507206214222522,1148.09,0.09394733862327878,1197.32,0.04896769451775641,,,353.0,363.0,-4.999999999999996,1158.86,1195.3225,3.292325350775209,0.0,7.0,19,0,0
S0005,Beverages,2025-05-18,1254.01,385,214,17.48413669789763,0.01394258155668426,0,1,None,,1148.09,0.09225757562560434,1211.9775,0.03468092435709411,1148.09,0.09225757562560434,1187.6333333333332,0.055889864997614405,,,385.0,369.75,-0.9000000000000035,1255.95,1211.9775,3.2773395893299506,0.0,7.0,20,0,0
S0005,Beverages,2025-05-25,1187.73,361,196,12.680539703474054,0.010676281396844445,0,1,None,,1148.09,0.034526909911243985,1204.2275,-0.013699653927517803,1148.09,0.034526909911243985,,,,,385.0,369.0,12.80000000000003,1254.01,1204.2275,3.2636614362974155,0.0,7.0,21,0,0
S0005,Beverages,2025-06-01,925.34,298,169,18.978610704169082,0.020509878211434802,1,1,Manager_Special,15.0,1148.09,-0.19401789058349075,1214.1375,-0.2378622684827707,1148.09,-0.19401789058349075,,,,,361.0,371.0,2.399999999999996,1187.73,1214.1375,3.273094236278582,0.0,7.0,22,0,0
S0005,Beverages,2025-06-08,889.91,344,190,49.172726906447664,0.055255842620543276,1,1,Manager_Special,20.0,1148.09,-0.22487784058741037,1155.7575000000002,-0.23002013830756032,1148.09,-0.22487784058741037,,,,,298.0,357.25,-28.499999999999964,925.34,1155.7575000000002,3.228663802983908,1.0,7.0,23,0,0
S0005,Beverages,2025-06-15,1313.37,400,232,49.3359751367883,0.03756441454943261,0,1,None,,1148.09,0.14396083930702294,1064.2475,0.23408323721690674,1148.09,0.14396083930702294,,,,,344.0,347.0,-18.600000000000005,889.91,1064.2475,3.0598487735366104,2.0,7.0,24,0,0
S0005,Beverages,2025-06-22,1245.74,382,206,27.17011643591762,0.02181042307055856,0,1,None,,1148.09,0.08505430758912637,1079.0874999999999,0.15443835648174978,1148.09,0.08505430758912637,,,,,400.0,350.75,16.30000000000001,1313.37,1079.0874999999999,3.0664128157444033,2.0,7.0,25,0,0
S0005,Beverages,2025-06-29,1201.11,367,198,30.370080101256846,0.025285011448790577,0,1,None,,1148.09,0.0461810485240704,1093.5900000000001,0.09831838257482213,1148.09,0.0461810485240704,,,,,382.0,356.0,30.80000000000001,1245.74,1093.5900000000001,3.0591599840233257,2.0,8.0,26,0,0
S0005,Beverages,2025-07-06,1305.87,409,229,47.09189407881978,0.03606170145483071,0,1,None,,1148.09,0.1374282503984879,1162.5325,0.12329762823835021,1148.09,0.1374282503984879,,,,,367.0,373.25,5.1000000000000005,1201.11,1162.5325,3.101062860602884,2.0,8.0,27,0,0
S0005,Beverages,2025-07-13,1306.11,463,256,41.41124056186095,0.0317057832509214,1,1,Coupon,15.0,1148.09,0.13763729324356103,1266.5225,0.03125684699640145,1148.09,0.13763729324356103,,,,,409.0,389.5,1.1999999999999897,1305.87,1266.5225,3.252534988453001,2.0,8.0,28,0,0
S0005,Beverages,2025-07-20,1012.34,312,179,15.120510347826642,0.014936197668596165,0,1,None,,1148.09,-0.11823985924448423,1264.7075,-0.19954614011540214,1148.09,-0.11823985924448423,,,,,463.0,405.25,28.500000000000036,1306.11,1264.7075,3.1369217190145555,3.0,8.0,29,0,0
S0005,Beverages,2025-07-27,1355.78,423,226,33.725459201211834,0.024875318415385855,0,1,None,,1148.09,0.18090045205515254,1206.3574999999998,0.12386253660295571,1148.09,0.18090045205515254,,,,,312.0,387.75,-11.100000000000005,1012.34,1206.3574999999998,3.13281672169948,3.0,8.0,30,0,0
S0005,Beverages,2025-08-03,1392.1299999999999,439,243,19.6435972158464,0.014110461821702284,0,1,None,,1148.09,0.21256173296518563,1245.025,0.11815425393064379,1148.09,0.21256173296518563,,,,,423.0,401.75,-10.9,1355.78,1245.025,3.1159103148868468,2.0,8.0,31,0,0
S0005,Beverages,2025-08-10,1118.71,342,193,64.73589579901153,0.0578665568369028,0,1,None,,1148.09,-0.025590328284367848,1266.59,-0.11675443513686345,1148.09,-0.025590328284367848,,,,,439.0,409.25,3.8999999999999946,1392.1299999999999,1266.59,3.1104860064730815,1.0,8.0,32,0,0
S0005,Beverages,2025-08-17,1013.07,315,176,20.378566831975952,0.02011565521827312,0,1,None,,1148.09,-0.11760402059072013,1219.74,-0.16943774902848144,1148.09,-0.11760402059072013,,,,,342.0,379.0,10.600000000000001,1118.71,1219.74,3.223013493747784,1.0,8.0,33,0,0
S0005,Beverages,2025-08-24,1059.15,330,190,22.06676688850019,0.020834411451163846,0,1,None,,1148.09,-0.07746779433668077,1219.9225,-0.13178910955409037,1148.09,-0.07746779433668077,,,,,315.0,379.75,-42.10000000000002,1013.07,1219.9225,3.2158674314767213,1.0,8.0,34,0,0
S0005,Beverages,2025-08-31,1332.96,402,230,24.971267485561317,0.018733696049064726,0,1,None,,1148.09,0.16102396153611662,1145.7649999999999,0.16337992520281225,1148.09,0.16102396153611662,,,,,330.0,356.5,-35.399999999999984,1059.15,1145.7649999999999,3.2169653790374353,1.0,8.0,35,0,0
S0005,Beverages,2025-09-07,1029.22,318,178,22.361653528305865,0.02172679653359424,0,1,None,,1148.09,-0.10353717914100802,1130.9724999999999,-0.08996903107723649,1148.09,-0.10353717914100802,,,,,402.0,347.25,19.500000000000004,1332.96,1130.9724999999999,3.25313586487703,1.0,8.0,36,0,0
S0005,Beverages,2025-09-14,1089.21,336,185,8.024004235342325,0.007366811023900189,0,1,None,,1148.09,-0.051285177991272364,1108.6,-0.017490528594623737,1148.09,-0.051285177991272364,,,,,318.0,341.25,8.100000000000044,1029.22,1108.6,3.2445006171665587,0.0,8.0,37,0,0
S0005,Beverages,2025-09-21,1184.67,361,197,14.933421023333281,0.012605553464959255,0,1,None,,1148.09,0.03186161363656173,1127.635,0.05057930979439276,1148.09,0.03186161363656173,,,,,336.0,346.5,-6.599999999999999,1089.21,1127.635,3.2509009147856065,0.0,8.0,38,0,0
S0005,Beverages,2025-09-28,1081.58,325,195,62.860694457694855,0.05811932030704604,0,1,None,,1148.09,-0.057930998440888774,1159.015,-0.06681104213491643,1148.09,-0.057930998440888774,,,,,361.0,354.25,-10.499999999999991,1184.67,1159.015,3.26892313840686,0.0,8.0,39,0,0
S0005,Beverages,2025-10-05,1207.2,381,205,55.8821711247953,0.04629073154804117,0,1,None,,1148.09,0.051485510717800984,1096.17,0.10128903363529376,1148.09,0.051485510717800984,,,,,325.0,335.0,4.600000000000019,1081.58,1096.17,3.2719525299108785,0.0,8.0,40,0,0
S0005,Beverages,2025-10-12,1113.19,348,201,3.256407932106752,0.0029252939139830145,0,1,None,,1148.09,-0.030398313721049626,1140.665,-0.024086826544164948,1148.09,-0.030398313721049626,,,,,381.0,350.75,9.899999999999995,1207.2,1140.665,3.2549432940370613,0.0,8.0,41,0,0
S0005,Beverages,2025-10-19,920.28,344,198,19.8921837346751,0.02161536025413472,1,1,Coupon,15.0,1148.09,-0.1984252105671158,1146.6599999999999,-0.19742556642771172,1148.09,-0.1984252105671158,,,,,348.0,353.75,1.6999999999999735,1113.19,1146.6599999999999,3.244224646664319,0.0,8.0,42,0,0
S0005,Beverages,2025-10-26,969.15,305,167,13.920394322202565,0.014363508561319264,0,1,None,,1148.09,-0.15585886123910142,1080.5625,-0.10310602116952979,1148.09,-0.15585886123910142,,,,,344.0,349.5,2.4000000000000123,920.28,1080.5625,3.092624198941585,1.0,8.0,43,0,0
S0005,Breakfast & Cereal,2024-12-29,1110.95,227,122,26.251266088140866,0.023629565766362902,0,1,None,,,,1080.2233333333334,0.028444735193648246,,,,,,,,357.6666666666667,,,1080.2233333333334,3.0141861114092925,1.0,7.0,52,0,1
S0005,Breakfast & Cereal,2025-01-05,1589.91,335,192,35.4835861769657,0.022317984148137755,0,1,None,,,,1048.14,0.5168870570725285,,,,,,,227.0,306.3333333333333,,1110.95,1048.14,3.5893690868853754,1.0,7.0,1,1,0
S0005,Breakfast & Cereal,2025-01-12,1968.76,408,223,19.24113761868578,0.009773226608975082,0,1,None,,,,1207.0466666666669,0.6310554134885696,,,,,,,335.0,302.0,,1589.91,1207.0466666666669,4.105095140525223,1.0,7.0,2,1,0
S0005,Breakfast & Cereal,2025-01-19,1990.11,435,237,65.67837329653986,0.03300238343435281,1,1,Bundle,10.0,,,1556.5400000000002,0.2785472907859738,,,,,,,408.0,323.3333333333333,,1968.76,1556.5400000000002,4.821815006766292,1.0,7.0,3,0,0
S0005,Breakfast & Cereal,2025-01-26,1747.2,376,212,5.844861155121998,0.003345273097024953,0,1,None,,,,1664.9325000000001,0.049411913095575896,,,,,,,435.0,351.25,69.7,1990.11,1664.9325000000001,4.760102634385064,2.0,7.0,4,0,0
S0005,Breakfast & Cereal,2025-02-02,1855.8,383,195,33.53175230350644,0.018068623937658387,0,1,None,,,,1823.9950000000001,0.017436999553178508,,,,,,,376.0,388.5,15.000000000000018,1747.2,1823.9950000000001,4.698291546185608,2.0,7.0,5,0,0
S0005,Breakfast & Cereal,2025-02-09,1661.43,356,200,25.10548351659423,0.015110768143463299,0,1,None,,,,1890.4675,-0.12115389447319243,,,,,,,383.0,400.5,-13.399999999999986,1855.8,1890.4675,4.723149248535477,2.0,7.0,6,0,0
S0005,Breakfast & Cereal,2025-02-16,1631.43,353,203,14.875585570728774,0.009118126778794538,0,1,None,,,,1813.6350000000002,-0.10046398531126723,,,,,,,356.0,387.5,-22.999999999999993,1661.43,1813.6350000000002,4.683535759881589,1.0,7.0,7,0,0
S0005,Breakfast & Cereal,2025-02-23,1297.6,357,203,67.76091948374926,0.05222019072422107,1,1,Coupon,25.0,,,1723.965,-0.24731650584553633,,,,,,,353.0,367.0,-9.599999999999987,1631.43,1723.965,4.695198063290791,1.0,8.0,8,0,0
S0005,Breakfast & Cereal,2025-03-02,1529.3799999999999,329,186,68.98538157013647,0.04510676324401815,0,1,None,,,,1611.565,-0.0509970122210399,,,,,,,357.0,362.25,-8.099999999999955,1297.6,1611.565,4.4421794090205715,2.0,8.0,9,0,0
S0005,Breakfast & Cereal,2025-03-09,1599.33,340,196,42.654737027920504,0.026670378863599447,0,1,None,,,,1529.96,0.04534105466809583,,,,,,,329.0,348.75,-7.699999999999969,1529.3799999999999,1529.96,4.3929645638135595,2.0,8.0,10,0,0
S0005,Breakfast & Cereal,2025-03-16,1713.82,367,210,58.620163622776,0.034204387638594486,0,1,None,,,,1514.435,0.13165636029278246,,,,,,,340.0,344.75,-6.700000000000004,1599.33,1514.435,4.402207954428232,2.0,8.0,11,0,0
S0005,Breakfast & Cereal,2025-03-23,1437.08,301,166,18.05842706515523,0.012566055518937866,0,1,None,,,,1535.0325,-0.06381135252836673,,,,,,,367.0,348.25,4.1,1713.82,1535.0325,4.41425658778498,1.0,8.0,12,0,0
S0005,Breakfast & Cereal,2025-03-30,1581.46,353,192,99.99155254478411,0.06322736746094376,1,1,Coupon,20.0,,,1569.9025,0.0073619221575862955,,,,,,,301.0,334.25,-5.699999999999995,1437.08,1569.9025,4.699161154262733,1.0,8.0,13,0,0
S0005,Breakfast & Cereal,2025-04-06,1304.41,283,156,4.329443432810199,0.0033190817555908024,0,1,None,,,,1582.9225,-0.17594828552882397,,,,,,,353.0,340.25,-2.7000000000000406,1581.46,1582.9225,4.657032461425826,2.0,8.0,14,0,0
S0005,Breakfast & Cereal,2025-04-13,1724.68,375,195,13.499756803769182,0.007827398012251074,1,1,Coupon,15.0,,,1509.1925,0.14278330961756033,,,,,,,283.0,326.0,-19.999999999999993,1304.41,1509.1925,4.633360173959602,2.0,8.0,15,0,0
S0005,Breakfast & Cereal,2025-04-20,1718.33,358,206,5.956822709265307,0.003466634877622638,0,1,None,,,,1511.9075,0.13653117006166046,,,,,,,375.0,328.0,15.200000000000035,1724.68,1511.9075,4.615694524549975,3.0,8.0,16,0,0
S0005,Breakfast & Cereal,2025-04-27,1596.48,332,187,0.0,0.0,0,0,None,,,,1582.22,0.009012653107658853,,,,,,,358.0,342.25,10.699999999999994,1718.33,1582.22,4.622057602001301,2.0,8.0,17,0,0
S0005,Breakfast & Cereal,2025-05-04,1872.03,391,213,2.771954822245926,0.0014807213678444929,0,1,None,,1596.48,0.17259846662657843,1585.975,0.18036539037500596,1596.48,0.17259846662657843,1679.83,0.11441633974866508,,,332.0,337.0,13.000000000000007,1596.48,1585.975,4.704212112394147,2.0,7.0,18,0,0
S0005,Breakfast & Cereal,2025-05-11,1802.99,391,213,98.4082215453558,0.05458056980091725,0,1,None,,1596.48,0.1293533273201042,1727.88,0.043469453897261326,1596.48,0.1293533273201042,1728.9466666666667,0.042825689629909514,,,391.0,364.0,2.1999999999999944,1872.03,1727.88,4.748856586561137,2.0,7.0,19,0,0
S0005,Breakfast & Cereal,2025-05-18,1846.29,384,204,25.74204890229058,0.013942581556684258,0,1,None,,1596.48,0.15647549609140105,1747.4575,0.05655788481264922,1596.48,0.15647549609140105,1757.1666666666667,0.05071990894432318,,,391.0,368.0,15.800000000000024,1802.99,1747.4575,4.751876825265315,2.0,7.0,20,0,0
S0005,Breakfast & Cereal,2025-05-25,1743.33,363,200,18.612281647560827,0.010676281396844445,0,1,None,,1596.48,0.09198361395069146,1779.4475,-0.020297030398480465,1596.48,0.09198361395069146,,,,,384.0,374.5,15.600000000000023,1846.29,1779.4475,4.753937426696879,2.0,7.0,21,0,0
S0005,Breakfast & Cereal,2025-06-01,1850.2,398,221,37.94737666679668,0.020509878211434806,1,1,Bundle,10.0,1596.48,0.1589246341952295,1816.16,0.01874284204034885,1596.48,0.1589246341952295,,,,,363.0,382.25,-9.099999999999977,1743.33,1816.16,4.752409247865852,1.0,7.0,22,0,0
S0005,Breakfast & Cereal,2025-06-08,1716.1399999999999,372,204,94.82676175481913,0.055255842620543276,0,1,None,,1596.48,0.07495239526959302,1810.7025,-0.052224205798578296,1596.48,0.07495239526959302,,,,,398.0,384.0,-1.1903488403215465e-14,1850.2,1810.7025,4.7176450496368565,2.0,7.0,23,0,0
S0005,Breakfast & Cereal,2025-06-15,1562.75,338,193,58.703788837125806,0.03756441454943261,1,1,Bundle,10.0,1596.48,-0.02112773100821809,1788.9899999999998,-0.1264624173416284,1596.48,-0.02112773100821809,,,,,372.0,379.25,-0.09999999999997296,1716.1399999999999,1788.9899999999998,4.718158036739131,1.0,7.0,24,0,0
S0005,Breakfast & Cereal,2025-06-22,1870.0,386,213,40.785491141944505,0.021810423070558558,0,1,None,,1596.48,0.17132691922228901,1718.105,0.08840845000742095,1596.48,0.17132691922228901,,,,,338.0,367.75,-10.099999999999994,1562.75,1718.105,4.672026495503923,2.0,7.0,25,0,0
S0005,Breakfast & Cereal,2025-06-29,1911.27,416,231,48.32648383172996,0.025285011448790574,0,1,None,,1596.48,0.19717754058929643,1749.7725,0.09229628423123575,1596.48,0.19717754058929643,,,,,386.0,373.5,-6.999999999999995,1870.0,1749.7725,4.682525896009212,2.0,8.0,26,0,0
S0005,Breakfast & Cereal,2025-07-06,1600.98,361,202,57.73406279515487,0.03606170145483071,1,1,Coupon,20.0,1596.48,0.00281870114251353,1765.04,-0.09294973485020167,1596.48,0.00281870114251353,,,,,416.0,378.0,18.00000000000002,1911.27,1765.04,4.668939725976355,2.0,8.0,27,0,0
S0005,Breakfast & Cereal,2025-07-13,1929.82,410,218,61.18645463329314,0.0317057832509214,0,1,None,,1596.48,0.20879685307676885,1736.25,0.11148740100791933,1596.48,0.20879685307676885,,,,,361.0,375.25,9.900000000000006,1600.98,1736.25,4.624331744860577,3.0,8.0,28,0,0
S0005,Breakfast & Cereal,2025-07-20,1654.97,352,190,24.718959055596592,0.014936197668596163,0,1,None,,1596.48,0.03663685107235919,1828.0175000000002,-0.09466402810695199,1596.48,0.03663685107235919,,,,,410.0,393.25,1.7000000000000068,1929.82,1828.0175000000002,4.645171079540907,3.0,8.0,29,0,0
S0005,Breakfast & Cereal,2025-07-27,1252.79,393,230,31.163550157611247,0.024875318415385858,1,1,Manager_Special,30.0,1596.48,-0.21527986570455004,1774.2599999999998,-0.29390844633819163,1596.48,-0.21527986570455004,,,,,352.0,384.75,-14.299999999999965,1654.97,1774.2599999999998,4.609436012713304,3.0,8.0,30,0,0
S0005,Breakfast & Cereal,2025-08-03,1937.83,418,222,27.343676231949342,0.014110461821702287,0,1,None,,1596.48,0.21381414111044292,1609.6399999999999,0.20389031087696632,1596.48,0.21381414111044292,,,,,393.0,379.0,3.8000000000000136,1252.79,1609.6399999999999,4.2577764566602605,3.0,8.0,31,0,0
S0005,Breakfast & Cereal,2025-08-10,1830.19,390,213,105.90679365733112,0.05786655683690279,0,1,None,,1596.48,0.14639080978151936,1693.8525,0.08048959398767018,1596.48,0.14639080978151936,,,,,418.0,393.25,6.499999999999992,1937.83,1693.8525,4.308053779752681,3.0,8.0,32,0,0
S0005,Breakfast & Cereal,2025-08-17,1714.61,374,209,34.490503593803275,0.02011565521827312,0,1,None,,1596.48,0.07399403688113843,1668.945,0.02736159669731475,1596.48,0.07399403688113843,,,,,390.0,388.25,13.900000000000043,1830.19,1668.945,4.304532985506277,2.0,8.0,33,0,0
S0005,Breakfast & Cereal,2025-08-24,1602.05,340,193,33.37776886533704,0.020834411451163846,0,1,None,,1596.48,0.0034889256364000402,1683.8549999999998,-0.04858197410109531,1596.48,0.0034889256364000402,,,,,374.0,393.75,-8.499999999999982,1714.61,1683.8549999999998,4.275257835105206,2.0,8.0,34,0,0
S0005,Breakfast & Cereal,2025-08-31,1836.04,381,209,34.3958152939248,0.018733696049064726,0,1,None,,1596.48,0.15005512126678688,1771.1699999999998,0.03662550743293988,1596.48,0.15005512126678688,,,,,340.0,380.5,-25.000000000000025,1602.05,1771.1699999999998,4.656295572719337,2.0,8.0,35,0,0
S0005,Breakfast & Cereal,2025-09-07,1578.26,355,192,34.29053389711044,0.021726796533594238,1,1,Coupon,20.0,1596.48,-0.011412607737021465,1745.7225,-0.09592733094750172,1596.48,-0.011412607737021465,,,,,381.0,371.25,-6.09999999999998,1836.04,1745.7225,4.702056994437555,1.0,8.0,36,0,0
S0005,Breakfast & Cereal,2025-09-14,1521.59,331,192,11.209265985856288,0.007366811023900189,1,1,Bundle,20.0,1596.48,-0.04690945079174189,1682.74,-0.09576642856293907,1596.48,-0.04690945079174189,,,,,355.0,362.5,-1.5999999999999648,1578.26,1682.74,4.640308980714189,2.0,8.0,37,0,0
S0005,Breakfast & Cereal,2025-09-21,1567.97,339,189,19.765129666452165,0.012605553464959255,0,1,None,,1596.48,-0.01785803768290238,1634.4850000000001,-0.040694775418556976,1596.48,-0.01785803768290238,,,,,331.0,351.75,-5.299999999999964,1521.59,1634.4850000000001,4.6434164616906495,3.0,8.0,38,0,0
S0005,Breakfast & Cereal,2025-09-28,1503.87,312,177,87.40390223015733,0.05811932030704604,0,1,None,,1596.48,-0.058008869512928524,1625.965,-0.0750907922372253,1596.48,-0.058008869512928524,,,,,339.0,351.5,-14.999999999999993,1567.97,1625.965,4.62175857951123,2.0,8.0,39,0,0
S0005,Breakfast & Cereal,2025-10-05,1666.84,351,201,77.15924297353692,0.046290731548041156,0,1,None,,1596.48,0.04407195830827815,1542.9225,0.08031349597922127,1596.48,0.04407195830827815,,,,,312.0,334.25,-12.099999999999975,1503.87,1542.9225,4.6220319618047885,2.0,8.0,40,0,0
S0005,Breakfast & Cereal,2025-10-12,1647.16,348,187,4.818427123356263,0.0029252939139830145,0,1,None,,1596.48,0.031744838645019084,1565.0674999999999,0.05245300921525762,1596.48,0.031744838645019084,,,,,351.0,333.25,3.299999999999994,1666.84,1565.0674999999999,4.697789234787413,2.0,8.0,41,0,0
S0005,Breakfast & Cereal,2025-10-19,1528.59,327,177,33.04102353086779,0.02161536025413472,0,1,None,,1596.48,-0.042524804570054184,1596.46,-0.04251280959122065,1596.48,-0.042524804570054184,,,,,348.0,337.5,6.600000000000013,1647.16,1596.46,4.731856672367717,2.0,8.0,42,0,0
S0005,Breakfast & Cereal,2025-10-26,1358.11,341,194,19.507224612213303,0.014363508561319262,1,1,Coupon,15.0,1596.48,-0.1493097314091001,1586.615,-0.14402044604393638,1596.48,-0.1493097314091001,,,,,327.0,334.5,4.199999999999993,1528.59,1586.615,4.744183402361493,2.0,8.0,43,0,0
S0005,Candy,2024-12-29,510.03,210,121,12.05178742781807,0.023629565766362902,0,1,None,,,,1614.1966666666667,-0.6840347830396545,,,,,,,,342.0,,,1614.1966666666667,4.718879151866607,2.0,7.0,52,0,1
S0005,Candy,2025-01-05,808.09,323,169,18.03493981026864,0.022317984148137755,0,1,None,,,,1228.5933333333332,-0.34226405265642545,,,,,,,210.0,295.0,,510.03,1228.5933333333332,3.945506610827398,1.0,7.0,1,1,0
S0005,Candy,2025-01-12,881.48,354,202,8.614903791279353,0.00977322660897508,0,1,None,,,,948.9033333333333,-0.07105395351124627,,,,,,,323.0,286.6666666666667,,808.09,948.9033333333333,3.201709355688198,0.0,7.0,2,1,0
S0005,Candy,2025-01-19,911.11,366,203,30.068801570873184,0.03300238343435281,0,1,None,,,,733.1999999999999,0.24264866339334437,,,,,,,354.0,295.6666666666667,,881.48,733.1999999999999,2.473532469425477,0.0,7.0,3,0,0
S0005,Candy,2025-01-26,867.83,355,208,2.903128351791165,0.0033452730970249525,0,1,None,,,,777.6775,0.11592530322659461,,,,,,,366.0,313.25,49.899999999999984,911.11,777.6775,2.4774922482439714,0.0,7.0,4,0,0
S0005,Candy,2025-02-02,825.33,331,173,14.912577394467597,0.018068623937658387,0,1,None,,,,867.1275,-0.048202253993789856,,,,,,,355.0,349.5,10.799999999999995,867.83,867.1275,2.4814615641393436,0.0,7.0,5,0,0
S0005,Candy,2025-02-09,873.31,348,193,13.196384927367932,0.015110768143463299,0,1,None,,,,871.4375,0.002148748475937684,,,,,,,331.0,351.5,-7.99999999999996,825.33,871.4375,2.479365934982927,0.0,7.0,6,0,0
S0005,Candy,2025-02-16,844.83,332,192,7.70326704652899,0.009118126778794538,0,1,None,,,,869.395,-0.028255280971250053,,,,,,,348.0,350.0,-7.800000000000025,873.31,869.395,2.48422968425236,0.0,7.0,7,0,0
S0005,Candy,2025-02-23,884.99,356,206,46.21434658902841,0.05222019072422107,0,1,None,,,,852.825,0.037715826810893166,,,,,,,332.0,341.5,-5.2,844.83,852.825,2.4980539567521953,0.0,8.0,8,0,0
S0005,Candy,2025-03-02,881.52,356,186,39.762513934866874,0.04510676324401815,1,1,Bundle,20.0,,,857.115,0.028473425386325024,,,,,,,356.0,341.75,5.900000000000003,884.99,857.115,2.5083878110012856,0.0,8.0,9,0,0
S0005,Candy,2025-03-09,845.53,358,191,22.55060544053924,0.026670378863599447,1,1,BOGO,50.0,,,871.1625,-0.029423328024335355,,,,,,,356.0,348.0,4.8000000000000025,881.52,871.1625,2.504071727631178,1.0,8.0,10,0,0
S0005,Candy,2025-03-16,741.85,424,232,25.374524969691322,0.034204387638594486,1,1,Coupon,30.0,,,864.2175000000001,-0.1415934067523512,,,,,,,358.0,350.5,7.799999999999999,845.53,864.2175000000001,2.4671477646824846,2.0,8.0,11,0,0
S0005,Candy,2025-03-23,687.86,300,163,8.6436869492566,0.012566055518937864,1,1,Manager_Special,30.0,,,838.4725,-0.17962723881820805,,,,,,,424.0,373.5,20.59999999999999,741.85,838.4725,2.2683921526115594,3.0,8.0,12,0,0
S0005,Candy,2025-03-30,891.14,357,194,56.34443623914542,0.06322736746094376,0,1,None,,,,789.19,0.129183086455733,,,,,,,300.0,359.5,-10.199999999999982,687.86,789.19,2.2201270777051922,4.0,8.0,13,0,0
S0005,Candy,2025-04-06,751.43,302,167,2.494057603603596,0.003319081755590802,0,1,None,,,,791.595,-0.05073933008672374,,,,,,,357.0,359.75,-12.699999999999996,891.14,791.595,2.225129752932587,4.0,8.0,14,0,0
S0005,Candy,2025-04-13,949.86,389,212,7.434932275916807,0.007827398012251076,1,1,Bundle,15.0,,,768.0699999999999,0.23668415639199564,,,,,,,302.0,345.75,-30.89999999999998,751.43,768.0699999999999,2.2567205443048164,4.0,8.0,15,0,0
S0005,Candy,2025-04-20,813.12,316,187,2.818790151692519,0.0034666348776226374,0,1,None,,,,820.0725,-0.00847790896536585,,,,,,,389.0,337.0,21.20000000000004,949.86,820.0725,2.4297588591663386,5.0,8.0,16,0,0
S0005,Candy,2025-04-27,798.87,322,182,0.0,0.0,0,0,None,,,,851.3874999999999,-0.06168460307439319,,,,,,,316.0,341.0,-3.59999999999998,813.12,851.3874999999999,2.499833331740178,5.0,8.0,17,0,0
S0005,Candy,2025-05-04,1016.05,408,232,1.5044869457983967,0.0014807213678444927,0,1,None,,798.87,0.2718590008386846,828.3199999999999,0.22663946300946497,798.87,0.2718590008386846,853.9499999999999,0.1898237601733123,,,322.0,332.25,-1.299999999999988,798.87,828.3199999999999,2.4960263959223727,4.0,7.0,18,0,0
S0005,Candy,2025-05-11,616.13,345,195,33.628726471439144,0.05458056980091725,1,1,Manager_Special,30.0,798.87,-0.22874810670071477,894.475,-0.3111825372425166,798.87,-0.22874810670071477,876.0133333333333,-0.2966659563781373,,,408.0,358.75,6.300000000000006,1016.05,894.475,2.4965613507983626,3.0,7.0,19,0,0
S0005,Candy,2025-05-18,1081.07,425,221,15.07290664348465,0.013942581556684258,0,1,None,,798.87,0.35324896416187856,811.0425,0.33293877941045,798.87,0.35324896416187856,810.35,0.3340778675880791,,,345.0,347.75,17.299999999999994,616.13,811.0425,2.332582493825821,3.0,7.0,20,0,0
S0005,Candy,2025-05-25,807.63,315,178,8.62248514453348,0.010676281396844445,0,1,None,,798.87,0.010965488752863408,878.03,-0.08017949272803888,798.87,0.010965488752863408,,,,,425.0,375.0,24.599999999999987,1081.07,878.03,2.3252148839970794,2.0,7.0,21,0,0
S0005,Candy,2025-06-01,782.99,322,192,16.059029540771338,0.020509878211434806,0,1,None,,798.87,-0.019878077784871124,880.22,-0.11046102110835929,798.87,-0.019878077784871124,,,,,315.0,373.25,-19.89999999999999,807.63,880.22,2.345950391243456,2.0,7.0,22,0,0
S0005,Candy,2025-06-08,868.49,376,203,47.98914675751563,0.05525584262054327,1,1,Manager_Special,30.0,798.87,0.08714809668656978,821.9549999999999,0.0566150215036104,798.87,0.08714809668656978,,,,,322.0,351.75,-17.89999999999998,782.99,821.9549999999999,2.3312822250639407,2.0,7.0,23,0,0
S0005,Candy,2025-06-15,917.52,394,219,34.466101637395404,0.03756441454943261,1,1,Coupon,30.0,798.87,0.1485222877314206,885.045,0.03669304950595735,798.87,0.1485222877314206,,,,,376.0,359.5,-13.999999999999993,868.49,885.045,2.462264668017996,2.0,7.0,24,0,0
S0005,Candy,2025-06-22,895.29,357,198,19.526653670840368,0.021810423070558554,0,1,None,,798.87,0.12069548236884595,844.1575,0.06057222733909245,798.87,0.12069548236884595,,,,,394.0,351.75,29.099999999999994,917.52,844.1575,2.408523879722982,3.0,7.0,25,0,0
S0005,Candy,2025-06-29,883.92,355,196,22.349927319814967,0.025285011448790577,0,1,None,,798.87,0.106462878816328,866.0725,0.020607397186725093,798.87,0.106462878816328,,,,,357.0,362.25,12.29999999999999,895.29,866.0725,2.394501470759397,3.0,8.0,26,0,0
S0005,Candy,2025-07-06,962.82,383,214,34.72092739474011,0.03606170145483071,0,1,None,,798.87,0.20522738367944726,891.3050000000001,0.08023628275393943,798.87,0.20522738367944726,,,,,355.0,370.5,-10.000000000000009,883.92,891.3050000000001,2.409068853315604,3.0,8.0,27,0,0
S0005,Candy,2025-07-13,1047.94,425,235,33.225758499970574,0.0317057832509214,0,1,None,,798.87,0.31177788626434844,914.8874999999999,0.14543044909893307,798.87,0.31177788626434844,,,,,383.0,372.25,-3.5000000000000075,962.82,914.8874999999999,2.4600879807251923,2.0,8.0,28,0,0
S0005,Candy,2025-07-20,811.5,327,182,12.120724408065788,0.014936197668596166,0,1,None,,798.87,0.015809831386833898,947.4925,-0.14352884059768278,798.87,0.015809831386833898,,,,,425.0,380.0,23.2,1047.94,947.4925,2.494340533726088,2.0,8.0,29,0,0
S0005,Candy,2025-07-27,983.1,408,208,24.454925534165838,0.024875318415385858,0,1,None,,798.87,0.23061324120319954,926.545,0.061038589598994185,798.87,0.23061324120319954,,,,,327.0,372.5,-4.199999999999955,811.5,926.545,2.4877995962501798,2.0,8.0,30,0,0
S0005,Candy,2025-08-03,883.1,358,203,12.460948834745288,0.014110461821702286,0,1,None,,798.87,0.10543642895590023,951.34,-0.07173040132865223,798.87,0.10543642895590023,,,,,408.0,385.75,-2.3000000000000016,983.1,951.34,2.4677104288930964,2.0,8.0,31,0,0
S0005,Candy,2025-08-10,965.13,374,217,55.84875,0.057866556836902804,0,1,None,,798.87,0.20811896804235983,931.4100000000001,0.036203175830192835,798.87,0.20811896804235983,,,,,358.0,379.5,-12.00000000000002,883.1,931.4100000000001,2.4559277881707775,1.0,8.0,32,0,0
S0005,Candy,2025-08-17,866.34,360,195,17.426996741798735,0.02011565521827312,0,1,None,,798.87,0.08445679522325288,910.7075,-0.04871761789597642,798.87,0.08445679522325288,,,,,374.0,366.75,9.100000000000032,965.13,910.7075,2.4846328683846814,0.0,8.0,33,0,0
S0005,Candy,2025-08-24,849.0,341,187,17.688415322038107,0.02083441145116385,0,1,None,,798.87,0.06275113597957113,924.4175,-0.08158380818190916,798.87,0.06275113597957113,,,,,360.0,375.0,-12.799999999999986,866.34,924.4175,2.4658450243479844,0.0,8.0,34,0,0
S0005,Candy,2025-08-31,968.82,394,214,18.14957940625489,0.01873369604906473,0,1,None,,798.87,0.21273799241428523,890.8925,0.08747127178643889,798.87,0.21273799241428523,,,,,341.0,358.25,-6.499999999999994,849.0,890.8925,2.4858893360609393,0.0,8.0,35,0,0
S0005,Candy,2025-09-07,907.18,364,197,19.710115279346024,0.02172679653359424,1,1,Bundle,20.0,798.87,0.13557900534504982,912.3225000000001,-0.005636712894837247,798.87,0.13557900534504982,,,,,394.0,367.25,4.1000000000000085,968.82,912.3225000000001,2.483932894464932,0.0,8.0,36,0,0
S0005,Candy,2025-09-14,847.63,340,195,6.244330028188517,0.007366811023900189,0,1,None,,798.87,0.06103621365178313,897.835,-0.05591784682040691,798.87,0.06103621365178313,,,,,364.0,364.75,6.500000000000002,907.18,897.835,2.4618557069465683,1.0,8.0,37,0,0
S0005,Candy,2025-09-21,842.6,346,182,10.621439349574668,0.012605553464959255,0,1,None,,798.87,0.05473981999574401,893.1575,-0.05660535795758307,798.87,0.05473981999574401,,,,,340.0,359.75,-3.2999999999999914,847.63,893.1575,2.4834880598877445,1.0,8.0,38,0,0
S0005,Candy,2025-09-28,767.12,316,177,44.58449299394116,0.05811932030704604,1,1,Coupon,20.0,798.87,-0.03974363788851753,891.5575,-0.13957316269561976,798.87,-0.03974363788851753,,,,,346.0,361.0,-16.79999999999997,842.6,891.5575,2.4698690711941707,1.0,8.0,39,0,0
S0005,Candy,2025-10-05,925.5600000000001,383,198,42.84484949160498,0.04629073154804116,0,1,None,,798.87,0.15858650343610356,841.1324999999999,0.10037360344535508,798.87,0.15858650343610356,,,,,316.0,341.5,-13.800000000000002,767.12,841.1324999999999,2.462034302833315,2.0,8.0,40,0,0
S0005,Candy,2025-10-12,798.01,355,211,2.3344137962975857,0.002925293913983015,1,1,BOGO,100.0,798.87,-0.0010765205853267912,845.7275,-0.05642183800337576,798.87,-0.0010765205853267912,,,,,383.0,346.25,9.899999999999995,925.5600000000001,845.7275,2.4431225520514595,2.0,8.0,41,0,0
S0005,Candy,2025-10-19,820.61,328,182,17.737780778145492,0.02161536025413472,0,1,None,,798.87,0.02721343898256288,833.3225,-0.015255198317578102,798.87,0.02721343898256288,,,,,355.0,350.0,9.40000000000003,798.01,833.3225,2.3818440723497196,3.0,8.0,42,0,0
S0005,Candy,2025-10-26,764.42,309,169,10.979753214443672,0.014363508561319266,0,1,None,,798.87,-0.04312341181919467,827.825,-0.07659227493733589,798.87,-0.04312341181919467,,,,,328.0,345.5,0.8000000000000084,820.61,827.825,2.3984939824723757,3.0,8.0,43,0,0
S0005,Condiments/Sauces/Spices,2024-12-29,698.27,196,108,16.49981688767822,0.0236295657663629,0,1,None,,,,848.0600000000001,-0.17662665377449716,,,,,,,,355.3333333333333,,,848.0600000000001,2.3887936643935475,3.0,7.0,52,0,1
S0005,Condiments/Sauces/Spices,2025-01-05,1132.26,295,175,25.269760731570457,0.022317984148137758,0,1,None,,,,772.2966666666666,0.4660946354811839,,,,,,,196.0,293.0,,698.27,772.2966666666666,2.7707924299572144,2.0,7.0,1,1,0
S0005,Condiments/Sauces/Spices,2025-01-12,1408.74,376,205,13.767935253127556,0.009773226608975082,0,1,None,,,,883.7133333333335,0.5941142301047848,,,,,,,295.0,273.0,,1132.26,883.7133333333335,3.30087709614644,2.0,7.0,2,1,0
S0005,Condiments/Sauces/Spices,2025-01-19,1465.67,381,213,48.37060332822787,0.0330023834343528,0,1,None,,,,1079.7566666666667,0.35740768753453717,,,,,,,376.0,289.0,,1408.74,1079.7566666666667,3.7158068228373238,2.0,7.0,3,0,0
S0005,Condiments/Sauces/Spices,2025-01-26,1220.11,332,189,4.081601158411115,0.0033452730970249533,0,1,None,,,,1176.2350000000001,0.03730121956921854,,,,,,,381.0,312.0,63.60000000000001,1465.67,1176.2350000000001,3.74858083891277,1.0,7.0,4,0,0
S0005,Condiments/Sauces/Spices,2025-02-02,1057.5,295,164,19.107569814073745,0.018068623937658387,0,1,None,,,,1306.695,-0.1907063239700159,,,,,,,332.0,346.0,11.600000000000009,1220.11,1306.695,3.7766878588291704,1.0,7.0,5,0,0
S0005,Condiments/Sauces/Spices,2025-02-09,1253.0,342,183,18.933792483759515,0.0151107681434633,0,1,None,,,,1288.005,-0.027177689527602848,,,,,,,295.0,346.0,-29.20000000000001,1057.5,1288.005,3.7133319266257807,0.0,7.0,6,0,0
S0005,Condiments/Sauces/Spices,2025-02-16,1400.86,361,204,12.773219079342116,0.009118126778794538,0,1,None,,,,1249.0700000000002,0.12152241267503,,,,,,,342.0,337.5,-15.400000000000011,1253.0,1249.0700000000002,3.692605365097847,0.0,7.0,7,0,0
S0005,Condiments/Sauces/Spices,2025-02-23,1427.36,408,211,74.53701143212419,0.05222019072422107,1,1,Manager_Special,25.0,,,1232.8675,0.15775620656721004,,,,,,,361.0,332.5,13.400000000000016,1400.86,1232.8675,3.701004297052682,0.0,8.0,8,0,0
S0005,Condiments/Sauces/Spices,2025-03-02,1183.84,318,176,53.39919059879844,0.04510676324401815,0,1,None,,,,1284.68,-0.07849425537877147,,,,,,,408.0,351.5,35.79999999999998,1427.36,1284.68,3.656854610069455,1.0,8.0,9,0,0
S0005,Condiments/Sauces/Spices,2025-03-09,1067.34,306,181,28.46636217627423,0.026670378863599447,1,1,Manager_Special,20.0,,,1316.2649999999999,-0.18911465396405738,,,,,,,318.0,357.25,-2.4999999999999827,1183.84,1316.2649999999999,3.6913599932908605,1.0,8.0,10,0,0
S0005,Condiments/Sauces/Spices,2025-03-16,1395.4,403,220,47.728802510894745,0.034204387638594486,1,1,Manager_Special,25.0,,,1269.85,0.09886994526912643,,,,,,,306.0,348.25,-25.500000000000025,1067.34,1269.85,3.6474341246978086,2.0,8.0,11,0,0
S0005,Condiments/Sauces/Spices,2025-03-23,1285.8,346,179,16.157434186250306,0.012566055518937864,0,1,None,,,,1268.4850000000001,0.013650141704474098,,,,,,,403.0,358.75,-2.700000000000033,1395.4,1268.4850000000001,3.5429422253006284,3.0,8.0,12,0,0
S0005,Condiments/Sauces/Spices,2025-03-30,1271.32,349,191,80.38221680044703,0.06322736746094376,0,1,None,,,,1233.095,0.030999233635688985,,,,,,,346.0,343.25,18.10000000000002,1285.8,1233.095,3.5973806249379403,3.0,8.0,13,0,0
S0005,Condiments/Sauces/Spices,2025-04-06,1269.84,337,187,4.214702776519424,0.003319081755590802,0,1,None,,,,1254.965,0.011852920200961781,,,,,,,349.0,351.0,7.200000000000021,1271.32,1254.965,3.577376480121664,3.0,8.0,14,0,0
S0005,Condiments/Sauces/Spices,2025-04-13,1306.12,352,186,10.223521091761372,0.007827398012251074,0,1,None,,,,1305.5900000000001,0.0004059467367241977,,,,,,,337.0,358.75,-19.499999999999996,1269.84,1305.5900000000001,3.6473844803543978,3.0,8.0,15,0,0
S0005,Condiments/Sauces/Spices,2025-04-20,1221.08,335,193,4.23303851636745,0.0034666348776226374,1,1,Bundle,15.0,,,1283.27,-0.04846213189741836,,,,,,,352.0,346.0,0.5999999999999728,1306.12,1283.27,3.7093937714665115,3.0,8.0,16,0,0
S0005,Condiments/Sauces/Spices,2025-04-27,1075.72,287,166,0.0,0.0,0,0,None,,,,1267.09,-0.15103110276302387,,,,,,,335.0,343.25,-2.699999999999964,1221.08,1267.09,3.6916012600352284,3.0,8.0,17,0,0
S0005,Condiments/Sauces/Spices,2025-05-04,1283.97,355,199,1.9012018146712937,0.0014807213678444929,0,1,None,,1075.72,0.19359126910348418,1218.19,0.053998144788579755,1075.72,0.19359126910348418,1200.9733333333334,0.06910783475625326,,,287.0,327.75,-16.699999999999957,1075.72,1218.19,3.717951908478266,3.0,7.0,18,0,0
S0005,Condiments/Sauces/Spices,2025-05-11,1335.41,356,194,72.88743871784291,0.05458056980091725,0,1,None,,1075.72,0.24141040419440007,1221.7224999999999,0.09305509229796476,1075.72,0.24141040419440007,1193.5900000000001,0.11881801958796565,,,355.0,332.25,-3.8999999999999915,1283.97,1221.7224999999999,3.680138329676076,2.0,7.0,19,0,0
S0005,Condiments/Sauces/Spices,2025-05-18,1330.35,351,197,18.548513373934902,0.013942581556684258,0,1,None,,1075.72,0.23670657791990468,1229.045,0.08242578587439828,1075.72,0.23670657791990468,1231.7,0.08009255500527715,,,356.0,333.25,13.099999999999977,1335.41,1229.045,3.6902842055698457,1.0,7.0,20,0,0
S0005,Condiments/Sauces/Spices,2025-05-25,1161.13,314,172,12.396550618317992,0.010676281396844445,0,1,None,,1075.72,0.07939798460565954,1256.3625,-0.07580017709856816,1075.72,0.07939798460565954,,,,,351.0,337.25,19.300000000000004,1330.35,1256.3625,3.726573209269297,1.0,7.0,21,0,0
S0005,Condiments/Sauces/Spices,2025-06-01,1270.34,343,192,26.054518687114086,0.020509878211434802,0,1,None,,1075.72,0.18092068568028843,1277.7150000000001,-0.005772022712420396,1075.72,0.18092068568028843,,,,,314.0,344.0,-12.800000000000038,1161.13,1277.7150000000001,3.714001442252719,1.0,7.0,22,0,0
S0005,Condiments/Sauces/Spices,2025-06-08,968.79,368,192,53.531307772356115,0.055255842620543276,1,1,BOGO,100.0,1075.72,-0.09940319042129928,1274.3075,-0.23975178675476677,1075.72,-0.09940319042129928,,,,,343.0,341.0,-7.600000000000021,1270.34,1274.3075,3.73570100698807,1.0,7.0,23,0,0
S0005,Condiments/Sauces/Spices,2025-06-15,1266.18,341,188,47.563310414200586,0.037564414549432615,0,1,None,,1075.72,0.17705350834789726,1182.6525000000001,0.07062725525883547,1075.72,0.17705350834789726,,,,,368.0,344.0,8.000000000000004,968.79,1182.6525000000001,3.4560584660745377,2.0,7.0,24,0,0
S0005,Condiments/Sauces/Spices,2025-06-22,1224.93,330,177,26.7162415318193,0.02181042307055856,0,1,None,,1075.72,0.1387070985014688,1166.6100000000001,0.04999099956283585,1075.72,0.1387070985014688,,,,,341.0,341.5,10.60000000000002,1266.18,1166.6100000000001,3.436800188509808,1.0,7.0,25,0,0
S0005,Condiments/Sauces/Spices,2025-06-29,1354.35,350,198,34.24475525566952,0.025285011448790577,0,1,None,,1075.72,0.2590172163760085,1182.56,0.14526958462995532,1075.72,0.2590172163760085,,,,,330.0,345.5,-6.59999999999997,1224.93,1182.56,3.440310900727527,1.0,8.0,26,0,0
S0005,Condiments/Sauces/Spices,2025-07-06,1205.73,328,198,43.48067529513303,0.03606170145483071,1,1,BOGO,50.0,1075.72,0.12085858773658571,1203.5625,0.001800903567533899,1075.72,0.12085858773658571,,,,,350.0,347.25,-6.50000000000002,1354.35,1203.5625,3.4817999677829206,1.0,8.0,27,0,0
S0005,Condiments/Sauces/Spices,2025-07-13,1198.59,343,196,38.002234746721875,0.031705783250921396,1,1,Coupon,10.0,1075.72,0.11422117279589473,1262.7975000000001,-0.05084544434083866,1075.72,0.11422117279589473,,,,,328.0,337.25,-1.8999999999999984,1205.73,1262.7975000000001,3.742656111738382,2.0,8.0,28,0,0
S0005,Condiments/Sauces/Spices,2025-07-20,898.73,330,183,13.423608930697432,0.014936197668596165,1,1,Coupon,25.0,1075.72,-0.16453166251440896,1245.9,-0.2786499719078578,1075.72,-0.16453166251440896,,,,,343.0,337.75,1.6999999999999718,1198.59,1245.9,3.687979525980493,3.0,8.0,29,0,0
S0005,Condiments/Sauces/Spices,2025-07-27,1455.02,386,205,36.19408580075473,0.024875318415385855,0,1,None,,1075.72,0.3526010486000074,1164.35,0.249641430841242,1075.72,0.3526010486000074,,,,,330.0,337.75,-4.5000000000000115,898.73,1164.35,3.4408583138592803,4.0,8.0,30,0,0
S0005,Condiments/Sauces/Spices,2025-08-03,1077.62,324,182,15.205715868302814,0.014110461821702284,1,1,Coupon,10.0,1075.72,0.0017662588777747588,1189.5175000000002,-0.09406965429260204,1075.72,0.0017662588777747588,,,,,386.0,346.75,16.099999999999984,1455.02,1189.5175000000002,3.415835923037667,4.0,8.0,31,0,0
S0005,Condiments/Sauces/Spices,2025-08-10,900.28,343,196,52.09610378912685,0.0578665568369028,1,1,Coupon,30.0,1075.72,-0.16309076711411896,1157.49,-0.22221358283872866,1075.72,-0.16309076711411896,,,,,324.0,345.75,-0.09999999999998893,1077.62,1157.49,3.32833131222767,4.0,8.0,32,0,0
S0005,Condiments/Sauces/Spices,2025-08-17,1340.06,376,201,26.95618493179908,0.02011565521827312,1,1,Manager_Special,15.0,1075.72,0.24573309039527005,1082.9125,0.23745916683019178,1075.72,0.24573309039527005,,,,,343.0,345.75,-2.299999999999995,900.28,1082.9125,3.110904198525046,5.0,8.0,33,0,0
S0005,Condiments/Sauces/Spices,2025-08-24,1143.3,314,178,23.819982612115627,0.02083441145116385,0,1,None,,1075.72,0.0628230394526456,1193.245,-0.041856450267966715,1075.72,0.0628230394526456,,,,,376.0,357.25,-1.1000000000000167,1340.06,1193.245,3.321045478344517,6.0,8.0,34,0,0
S0005,Condiments/Sauces/Spices,2025-08-31,1304.57,349,193,24.43941785472837,0.018733696049064726,0,1,None,,1075.72,0.21274123377830653,1115.315,0.1696874873914543,1075.72,0.21274123377830653,,,,,314.0,339.25,0.29999999999997246,1143.3,1115.315,3.288945712660216,6.0,8.0,35,0,0
S0005,Condiments/Sauces/Spices,2025-09-07,1200.7,337,178,26.087364597886605,0.02172679653359424,1,1,Manager_Special,25.0,1075.72,0.11618264976016066,1172.0525,0.024442164493484752,1075.72,0.11618264976016066,,,,,349.0,345.5,-4.40000000000001,1304.57,1172.0525,3.391954529738995,5.0,8.0,36,0,0
S0005,Condiments/Sauces/Spices,2025-09-14,1238.67,332,187,9.125047810974447,0.007366811023900188,0,1,None,,1075.72,0.15147993901758827,1247.1575,-0.006805475651631774,1075.72,0.15147993901758827,,,,,337.0,344.0,-8.2,1200.7,1247.1575,3.6265007746888616,5.0,8.0,37,0,0
S0005,Condiments/Sauces/Spices,2025-09-21,1038.03,283,164,13.084942663231656,0.012605553464959255,0,1,None,,1075.72,-0.03503699847543976,1221.81,-0.1504161858226729,1075.72,-0.03503699847543976,,,,,332.0,333.0,4.1999999999999815,1238.67,1221.81,3.6682368679982695,4.0,8.0,38,0,0
S0005,Condiments/Sauces/Spices,2025-09-28,1253.66,338,190,72.86186709613135,0.05811932030704604,0,1,None,,1075.72,0.16541479195329645,1195.4925,0.04865567956302529,1075.72,0.16541479195329645,,,,,283.0,325.25,-20.299999999999994,1038.03,1195.4925,3.6749537998701607,4.0,8.0,39,0,0
S0005,Condiments/Sauces/Spices,2025-10-05,833.02,304,172,38.56110519414925,0.04629073154804116,1,1,Manager_Special,25.0,1075.72,-0.2256163313873499,1182.765,-0.29570117478958213,1075.72,-0.2256163313873499,,,,,338.0,322.5,-4.600000000000027,1253.66,1182.765,3.6677113828206025,3.0,8.0,40,0,0
S0005,Condiments/Sauces/Spices,2025-10-12,1420.1200000000001,386,204,4.154268393125559,0.0029252939139830145,0,1,None,,1075.72,0.32015766184508987,1090.845,0.30185315053926093,1075.72,0.32015766184508987,,,,,304.0,314.25,-2.900000000000003,833.02,1090.845,3.4620337219585062,3.0,8.0,41,0,0
S0005,Condiments/Sauces/Spices,2025-10-19,964.94,281,148,20.85752572362476,0.021615360254134724,1,1,Coupon,30.0,1075.72,-0.10298218867363251,1136.2075,-0.1507361111416708,1075.72,-0.10298218867363251,,,,,386.0,327.75,27.500000000000004,1420.1200000000001,1136.2075,3.449067127601805,2.0,8.0,42,0,0
S0005,Condiments/Sauces/Spices,2025-10-26,1135.1,298,179,16.304018567953495,0.014363508561319264,0,1,None,,1075.72,0.05520023798014342,1117.9350000000002,0.015354202167388743,1075.72,0.05520023798014342,,,,,281.0,327.25,-8.89999999999999,964.94,1117.9350000000002,3.3905670395769576,3.0,8.0,43,0,0
S0005,Dairy & Eggs,2024-12-29,642.87,178,99,15.190738944221717,0.0236295657663629,0,1,None,,,,1072.6933333333334,-0.4006954457316164,,,,,,,,323.6666666666667,,,1072.6933333333334,3.2844049679566534,3.0,7.0,52,0,1
S0005,Dairy & Eggs,2025-01-05,935.59,323,180,20.880482789156204,0.022317984148137758,1,1,Manager_Special,20.0,,,1009.3100000000001,-0.07303999762213792,,,,,,,178.0,281.6666666666667,,642.87,1009.3100000000001,3.5748822496440176,2.0,7.0,1,1,0
S0005,Dairy & Eggs,2025-01-12,1400.67,382,208,13.689065314393126,0.00977322660897508,0,1,None,,,,847.8000000000002,0.6521231422505305,,,,,,,323.0,260.6666666666667,,935.59,847.8000000000002,3.314047619637119,3.0,7.0,2,1,0
S0005,Dairy & Eggs,2025-01-19,947.92,288,171,31.283619305091705,0.0330023834343528,1,1,Coupon,25.0,,,993.0433333333334,-0.04543944037353198,,,,,,,382.0,294.3333333333333,,1400.67,993.0433333333334,3.391622691215191,3.0,7.0,3,0,0
S0005,Dairy & Eggs,2025-01-26,1040.76,296,167,3.48162642845969,0.003345273097024953,0,1,None,,,,981.7625,0.060093454374148474,,,,,,,288.0,292.75,38.90000000000002,947.92,981.7625,3.366564240633615,4.0,7.0,4,0,0
S0005,Dairy & Eggs,2025-02-02,1111.31,309,170,20.07984246815914,0.018068623937658384,0,1,None,,,,1081.2350000000001,0.027815414780320482,,,,,,,296.0,322.25,-17.500000000000014,1040.76,1081.2350000000001,3.342677207533099,3.0,7.0,5,0,0
S0005,Dairy & Eggs,2025-02-09,1062.22,337,176,16.050960137349588,0.0151107681434633,1,1,Manager_Special,25.0,,,1125.165,-0.05594290615154216,,,,,,,309.0,318.75,-21.100000000000012,1111.31,1125.165,3.5176544636373803,3.0,7.0,6,0,0
S0005,Dairy & Eggs,2025-02-16,1118.3,322,177,10.196801176725932,0.009118126778794538,0,1,None,,,,1040.5525,0.0747175178570999,,,,,,,337.0,307.5,16.000000000000004,1062.22,1040.5525,3.3889826481107908,3.0,7.0,7,0,0
S0005,Dairy & Eggs,2025-02-23,1403.48,382,206,73.28999327762979,0.05222019072422107,0,1,None,,,,1083.1475,0.2957422696354836,,,,,,,322.0,316.0,10.600000000000012,1118.3,1083.1475,3.4343807675034754,3.0,8.0,8,0,0
S0005,Dairy & Eggs,2025-03-02,986.96,291,163,44.518571051316144,0.04510676324401814,1,1,Coupon,10.0,,,1173.8275,-0.15919502652647008,,,,,,,382.0,337.5,20.400000000000016,1403.48,1173.8275,3.473868350636346,3.0,8.0,9,0,0
S0005,Dairy & Eggs,2025-03-09,1198.06,333,188,31.952714101323952,0.026670378863599447,0,1,None,,,,1142.7400000000002,0.0484099620211069,,,,,,,291.0,333.0,-7.799999999999992,986.96,1142.7400000000002,3.4226540077277288,3.0,8.0,10,0,0
S0005,Dairy & Eggs,2025-03-16,1150.89,320,175,39.365487689382014,0.034204387638594486,0,1,None,,,,1176.7,-0.021934222826548777,,,,,,,333.0,332.0,-5.799999999999991,1198.06,1176.7,3.5341014195312233,3.0,8.0,11,0,0
S0005,Dairy & Eggs,2025-03-23,1121.46,306,173,14.09232862226806,0.012566055518937866,0,1,None,,,,1184.8475,-0.053498446002544664,,,,,,,320.0,331.5,-14.399999999999997,1150.89,1184.8475,3.5649888904163163,2.0,8.0,12,0,0
S0005,Dairy & Eggs,2025-03-30,1144.74,326,183,72.37889662724076,0.06322736746094376,0,1,None,,,,1114.3425000000002,0.02727841754218277,,,,,,,306.0,312.5,3.1999999999999904,1121.46,1114.3425000000002,3.562706527209254,2.0,8.0,13,0,0
S0005,Dairy & Eggs,2025-04-06,917.32,258,147,3.0446600760385554,0.003319081755590803,0,1,None,,,,1153.7875000000001,-0.20494891823667707,,,,,,,326.0,321.25,-3.4999999999999742,1144.74,1153.7875000000001,3.5926708453000344,2.0,8.0,14,0,0
S0005,Dairy & Eggs,2025-04-13,1074.42,299,162,8.4099129723228,0.007827398012251074,0,1,None,,,,1083.6025000000002,-0.008474048371058683,,,,,,,258.0,302.5,-16.60000000000002,917.32,1083.6025000000002,3.582102369847838,1.0,8.0,15,0,0
S0005,Dairy & Eggs,2025-04-20,1192.47,342,180,4.1338580925186665,0.0034666348776226374,0,1,None,,,,1064.4850000000001,0.1202318492040751,,,,,,,299.0,297.25,-8.899999999999942,1074.42,1064.4850000000001,3.5813140389531894,1.0,8.0,16,0,0
S0005,Dairy & Eggs,2025-04-27,956.41,277,163,0.0,0.0,0,0,None,,,,1082.2375000000002,-0.11626606913916787,,,,,,,342.0,306.25,8.900000000000006,1192.47,1082.2375000000002,3.5367771452483385,1.0,8.0,17,0,0
S0005,Dairy & Eggs,2025-05-04,1224.04,335,184,1.812462183096373,0.0014807213678444929,0,1,None,,956.41,0.2798276889618469,1035.1550000000002,0.1824702580772925,956.41,0.2798276889618469,1074.4333333333334,0.1392423913380696,,,277.0,294.0,10.000000000000027,956.41,1035.1550000000002,3.5220949676664466,0.0,7.0,18,0,0
S0005,Dairy & Eggs,2025-05-11,856.54,324,190,46.75044125727766,0.054580569800917245,1,1,Manager_Special,25.0,956.41,-0.10442174381279996,1111.835,-0.22961590523773767,956.41,-0.10442174381279996,1124.3066666666666,-0.23816159292245295,,,335.0,313.25,4.3000000000000025,1224.04,1111.835,3.546681685241363,0.0,7.0,19,0,0
S0005,Dairy & Eggs,2025-05-18,1241.79,340,191,17.313758351274945,0.013942581556684258,0,1,None,,956.41,0.2983866751706904,1057.3650000000002,0.17441942943070718,956.41,0.2983866751706904,1012.3299999999999,0.22666521786374014,,,324.0,319.5,0.3999999999999983,856.54,1057.3650000000002,3.309247697463172,1.0,7.0,20,0,0
S0005,Dairy & Eggs,2025-05-25,1156.0,316,170,12.34178129475218,0.010676281396844445,0,1,None,,956.41,0.20868665112242663,1069.6950000000002,0.08068187660968765,956.41,0.20868665112242663,,,,,340.0,319.0,17.799999999999958,1241.79,1069.6950000000002,3.350639983324885,1.0,7.0,21,0,0
S0005,Dairy & Eggs,2025-06-01,1160.28,328,179,23.797201491163573,0.020509878211434802,0,1,None,,956.41,0.21316171934630546,1119.5925000000002,0.0363413474098833,956.41,0.21316171934630546,,,,,316.0,328.75,-4.100000000000011,1156.0,1119.5925000000002,3.4020110247725848,1.0,7.0,22,0,0
S0005,Dairy & Eggs,2025-06-08,1142.0,310,171,63.10217227266042,0.055255842620543276,0,1,None,,956.41,0.19404857749291626,1103.6525000000001,0.034745991152106165,956.41,0.19404857749291626,,,,,328.0,327.0,-1.199999999999957,1160.28,1103.6525000000001,3.372908094302981,1.0,7.0,23,0,0
S0005,Dairy & Eggs,2025-06-15,1153.87,361,200,43.3444510161538,0.03756441454943261,1,1,Coupon,10.0,956.41,0.2064595727773653,1175.0175000000002,-0.017997604291000144,956.41,0.2064595727773653,,,,,310.0,323.5,-7.799999999999956,1142.0,1175.0175000000002,3.6329653424113046,1.0,7.0,24,0,0
S0005,Dairy & Eggs,2025-06-22,1040.8,300,173,22.700288331837346,0.021810423070558558,0,1,None,,956.41,0.08823621668531277,1153.0375000000001,-0.0973407196210012,956.41,0.08823621668531277,,,,,361.0,328.75,11.699999999999989,1153.87,1153.0375000000001,3.518963407426784,2.0,7.0,25,0,0
S0005,Dairy & Eggs,2025-06-29,1285.05,352,201,32.49250396226833,0.025285011448790577,0,1,None,,956.41,0.3436183226858774,1124.2375000000002,0.14304139472308988,956.41,0.3436183226858774,,,,,300.0,324.75,-3.300000000000006,1040.8,1124.2375000000002,3.4717397787348014,2.0,8.0,26,0,0
S0005,Dairy & Eggs,2025-07-06,1125.99,328,192,40.605115221124834,0.03606170145483071,0,1,None,,956.41,0.17730889472088335,1155.43,-0.025479691543408126,956.41,0.17730889472088335,,,,,352.0,330.75,6.500000000000008,1285.05,1155.43,3.5000575794554223,2.0,8.0,27,0,0
S0005,Dairy & Eggs,2025-07-13,1152.31,327,188,36.534891097869234,0.031705783250921396,0,1,None,,956.41,0.20482847314436275,1151.4275000000002,0.0007664399191435925,956.41,0.20482847314436275,,,,,328.0,335.25,-4.700000000000025,1125.99,1151.4275000000002,3.437313922885792,1.0,8.0,28,0,0
S0005,Dairy & Eggs,2025-07-20,1116.1200000000001,307,169,16.670588941873554,0.014936197668596165,0,1,None,,956.41,0.16698905281207865,1151.0375000000001,-0.03033567542325946,956.41,0.16698905281207865,,,,,327.0,326.75,5.700000000000014,1152.31,1151.0375000000001,3.5192059235296034,1.0,8.0,29,0,0
S0005,Dairy & Eggs,2025-07-27,1263.41,369,206,31.427726039182648,0.024875318415385858,1,1,Coupon,25.0,956.41,0.3209920431614058,1169.8675,0.07995990998980655,956.41,0.3209920431614058,,,,,307.0,328.5,-13.599999999999975,1116.1200000000001,1169.8675,3.560765098339593,1.0,8.0,30,0,0
S0005,Dairy & Eggs,2025-08-03,1500.86,418,225,21.17782772972009,0.014110461821702284,0,1,None,,956.41,0.5692642276847795,1164.4575,0.2888920377085466,956.41,0.5692642276847795,,,,,369.0,332.75,10.300000000000018,1263.41,1164.4575,3.504056376209758,2.0,8.0,31,0,0
S0005,Dairy & Eggs,2025-08-10,1087.76,325,180,62.944925864909386,0.0578665568369028,1,1,Coupon,25.0,956.41,0.13733649794544184,1258.1750000000002,-0.13544618196991687,956.41,0.13733649794544184,,,,,418.0,355.25,33.49999999999999,1500.86,1258.1750000000002,3.543475831513761,2.0,8.0,32,0,0
S0005,Dairy & Eggs,2025-08-17,1254.0,352,197,25.22503164371449,0.020115655218273118,0,1,None,,956.41,0.3111531665289991,1242.0375000000001,0.009631351710395107,956.41,0.3111531665289991,,,,,325.0,354.75,10.300000000000047,1087.76,1242.0375000000001,3.4992433450399894,2.0,8.0,33,0,0
S0005,Dairy & Eggs,2025-08-24,1123.48,313,174,23.407044577153563,0.02083441145116385,0,1,None,,956.41,0.17468449723444973,1276.5075000000002,-0.11987982835980214,956.41,0.17468449723444973,,,,,352.0,366.0,-14.399999999999974,1254.0,1276.5075000000002,3.480975836896667,2.0,8.0,34,0,0
S0005,Dairy & Eggs,2025-08-31,1002.53,387,214,18.78109230006886,0.018733696049064726,1,1,Coupon,30.0,956.41,0.04822199684235841,1241.525,-0.1925011578502246,956.41,0.04822199684235841,,,,,313.0,352.0,-28.800000000000008,1123.48,1241.525,3.5223552450198214,2.0,8.0,35,0,0
S0005,Dairy & Eggs,2025-09-07,1093.28,301,168,23.75347211424791,0.021726796533594238,0,1,None,,956.41,0.1431080812622202,1116.9425,-0.021185065480094217,956.41,0.1431080812622202,,,,,387.0,344.25,14.700000000000001,1002.53,1116.9425,3.272340903316374,3.0,8.0,36,0,0
S0005,Dairy & Eggs,2025-09-14,1136.68,326,196,8.373706754646866,0.007366811023900188,0,1,None,,956.41,0.1884861095137024,1118.3225000000002,0.016415211175666983,956.41,0.1884861095137024,,,,,301.0,338.25,-7.899999999999988,1093.28,1118.3225000000002,3.3436423088875467,3.0,8.0,37,0,0
S0005,Dairy & Eggs,2025-09-21,1074.04,302,164,13.53886864350484,0.012605553464959257,0,1,None,,956.41,0.12299118578852165,1088.9925,-0.013730581248263969,956.41,0.12299118578852165,,,,,326.0,331.75,-4.700000000000011,1136.68,1088.9925,3.324704425451964,3.0,8.0,38,0,0
S0005,Dairy & Eggs,2025-09-28,1208.58,339,187,70.2418481366897,0.058119320307046037,0,1,None,,956.41,0.2636630733681162,1076.6325000000002,0.12255574673809284,956.41,0.2636630733681162,,,,,302.0,329.0,-22.999999999999993,1074.04,1076.6325000000002,3.316462142905363,2.0,8.0,39,0,0
S0005,Dairy & Eggs,2025-10-05,1023.87,293,165,47.39569131009291,0.04629073154804116,0,1,None,,956.41,0.07053460336048352,1128.1450000000002,-0.0924304943070263,956.41,0.07053460336048352,,,,,339.0,317.0,9.000000000000005,1208.58,1128.1450000000002,3.5601161297796624,2.0,8.0,40,0,0
S0005,Dairy & Eggs,2025-10-12,1124.42,324,176,3.289258982760782,0.002925293913983015,0,1,None,,956.41,0.17566733932100262,1110.7925,0.01226826792582778,956.41,0.17566733932100262,,,,,293.0,315.0,-6.199999999999977,1023.87,1110.7925,3.5256854776870927,1.0,8.0,41,0,0
S0005,Dairy & Eggs,2025-10-19,976.4,286,173,21.10523775213714,0.02161536025413472,0,1,None,,956.41,0.020901077989565156,1107.7275,-0.11855578199512064,956.41,0.020901077989565156,,,,,324.0,314.5,2.000000000000009,1124.42,1107.7275,3.521606385814034,1.0,8.0,42,0,0
S0005,Dairy & Eggs,2025-10-26,1000.69,277,154,14.373419382226576,0.014363508561319264,0,1,None,,956.41,0.04629813573676571,1083.3175,-0.07627265321570088,956.41,0.04629813573676571,,,,,286.0,310.5,-12.79999999999999,976.4,1083.3175,3.4859969290456365,1.0,8.0,43,0,0
S0005,Deli,2024-12-29,1174.7,209,109,27.757650905746498,0.0236295657663629,1,1,Manager_Special,10.0,,,1041.5633333333335,0.12782388012890863,,,,,,,,301.0,,,1041.5633333333335,3.4596183242732383,0.0,7.0,52,0,1
S0005,Deli,2025-01-05,1917.59,298,178,42.79674322262748,0.022317984148137755,0,1,None,,,,1091.8400000000001,0.7562921307151228,,,,,,,209.0,273.0,,1174.7,1091.8400000000001,4.16833075847696,1.0,7.0,1,1,0
S0005,Deli,2025-01-12,2388.47,373,216,23.343058558738704,0.009773226608975078,0,1,None,,,,1356.2300000000002,0.7611098412511148,,,,,,,298.0,264.3333333333333,,1917.59,1356.2300000000002,5.1564753161591765,1.0,7.0,2,1,0
S0005,Deli,2025-01-19,1598.58,340,194,52.7569501104877,0.0330023834343528,1,1,Manager_Special,25.0,,,1826.92,-0.12498631576642663,,,,,,,373.0,293.3333333333333,,2388.47,1826.92,6.152948253409593,1.0,7.0,3,0,0
S0005,Deli,2025-01-26,2407.2,391,215,8.052741399158467,0.0033452730970249533,0,1,None,,,,1769.835,0.3601267914805616,,,,,,,340.0,305.0,46.799999999999976,1598.58,1769.835,5.79013766064543,2.0,7.0,4,0,0
S0005,Deli,2025-02-02,2172.55,340,195,39.25498893575973,0.018068623937658384,0,1,None,,,,2077.96,0.045520606748926905,,,,,,,391.0,350.5,24.60000000000004,2407.2,2077.96,5.9241245547581824,2.0,7.0,5,0,0
S0005,Deli,2025-02-09,2044.68,324,177,30.896685407576538,0.015110768143463299,0,1,None,,,,2141.7,-0.04530046224961468,,,,,,,340.0,361.0,-4.799999999999953,2172.55,2141.7,5.91287134709928,2.0,7.0,6,0,0
S0005,Deli,2025-02-16,2087.25,328,185,19.031810119038898,0.009118126778794537,0,1,None,,,,2055.7525,0.015321640129344337,,,,,,,324.0,348.75,-9.899999999999935,2044.68,2055.7525,5.88970532585015,2.0,7.0,7,0,0
S0005,Deli,2025-02-23,2638.2,418,230,137.76730716864003,0.05222019072422107,0,1,None,,,,2177.92,0.211339259476932,,,,,,,328.0,345.75,-20.499999999999986,2087.25,2177.92,6.305170623554597,2.0,8.0,8,0,0
S0005,Deli,2025-03-02,1969.31,317,183,88.82919992407737,0.04510676324401815,0,1,None,,,,2235.67,-0.11914101812879366,,,,,,,418.0,352.5,23.79999999999999,2638.2,2235.67,6.343911002169118,1.0,8.0,9,0,0
S0005,Deli,2025-03-09,1697.39,302,168,45.270034379285065,0.026670378863599443,1,1,Coupon,10.0,,,2184.86,-0.22311269371950607,,,,,,,317.0,346.75,6.8999999999999835,1969.31,2184.86,6.2995313630895104,1.0,8.0,10,0,0
S0005,Deli,2025-03-16,2450.85,405,219,83.8298234440493,0.034204387638594486,0,1,None,,,,2098.0375,0.1681631048062773,,,,,,,302.0,341.25,-17.900000000000013,1697.39,2098.0375,6.126970350089756,2.0,8.0,11,0,0
S0005,Deli,2025-03-23,1787.6299999999999,333,170,22.463457827318894,0.012566055518937864,1,1,Bundle,20.0,,,2188.9375,-0.18333438026439774,,,,,,,405.0,360.5,-5.400000000000024,2450.85,2188.9375,6.048948952167444,1.0,8.0,12,0,0
S0005,Deli,2025-03-30,2074.64,335,193,131.17402562917235,0.06322736746094376,0,1,None,,,,1976.295,0.04976230775263804,,,,,,,333.0,339.25,15.09999999999999,1787.6299999999999,1976.295,5.813142703334879,2.0,8.0,13,0,0
S0005,Deli,2025-04-06,1875.2,298,171,6.223942108083873,0.0033190817555908024,0,1,None,,,,2002.6275,-0.0636301558827091,,,,,,,335.0,343.75,2.7000000000000135,2074.64,2002.6275,5.808297913090517,2.0,8.0,14,0,0
S0005,Deli,2025-04-13,2347.57,378,210,18.375364751620257,0.007827398012251074,0,1,None,,,,2047.08,0.14678957344119442,,,,,,,298.0,342.75,-31.90000000000001,1875.2,2047.08,5.976328103321194,2.0,8.0,15,0,0
S0005,Deli,2025-04-20,2524.68,402,215,8.75214374283632,0.003466634877622638,0,1,None,,,,2021.26,0.24906246598656276,,,,,,,378.0,336.0,9.80000000000001,2347.57,2021.26,6.016083394326485,2.0,8.0,16,0,0
S0005,Deli,2025-04-27,2133.29,348,185,0.0,0.0,0,0,None,,,,2205.5225,-0.032750742737831996,,,,,,,402.0,353.25,28.099999999999977,2524.68,2205.5225,6.244093456627592,2.0,8.0,17,0,0
S0005,Deli,2025-05-04,2309.85,372,208,3.420244251515602,0.0014807213678444929,0,1,None,,2133.29,0.08276418114742953,2220.185,0.04038627411679656,2133.29,0.08276418114742953,2335.18,-0.01084712955746449,,,348.0,356.5,17.40000000000005,2133.29,2220.185,6.228390570197673,2.0,7.0,18,0,0
S0005,Deli,2025-05-11,2222.82,363,201,121.3227821648749,0.05458056980091725,0,1,None,,2133.29,0.0419680399758121,2328.8475,-0.04552788450080982,2133.29,0.0419680399758121,2322.6066666666666,-0.04296322235649015,,,372.0,375.0,-7.199999999999969,2309.85,2328.8475,6.207554756168662,1.0,7.0,19,0,0
S0005,Deli,2025-05-18,2367.99,379,196,33.015893700412754,0.013942581556684258,0,1,None,,2133.29,0.11001785973777584,2297.66,0.030609402609611487,2133.29,0.11001785973777584,2221.986666666666,0.06570846509730043,,,363.0,371.25,-9.300000000000011,2222.82,2297.66,6.185796863388042,1.0,7.0,20,0,0
S0005,Deli,2025-05-25,1959.06,309,178,20.91547583330208,0.010676281396844445,0,1,None,,2133.29,-0.08167197146192033,2258.4874999999997,-0.132578772297832,2133.29,-0.08167197146192033,,,,,379.0,365.5,8.399999999999995,2367.99,2258.4874999999997,6.177720917261156,0.0,7.0,21,0,0
S0005,Deli,2025-06-01,2384.07,388,214,48.89698534753537,0.020509878211434802,0,1,None,,2133.29,0.11755551284635479,2214.9300000000003,0.07636358711110502,2133.29,0.11755551284635479,,,,,309.0,355.75,-17.299999999999958,1959.06,2214.9300000000003,6.230184997720927,0.0,7.0,22,0,0
S0005,Deli,2025-06-08,1543.17,330,178,85.26915865674377,0.055255842620543276,1,1,Manager_Special,25.0,2133.29,-0.27662436893249387,2233.485,-0.30907527921611294,2133.29,-0.27662436893249387,,,,,388.0,359.75,0.5000000000000403,2384.07,2233.485,6.213994026653418,0.0,7.0,23,0,0
S0005,Deli,2025-06-15,2449.87,400,220,92.02793227221846,0.03756441454943261,1,1,Coupon,20.0,2133.29,0.14839988937275286,2063.5725,0.18719841440026927,2133.29,0.14839988937275286,,,,,330.0,351.5,-6.799999999999996,1543.17,2063.5725,5.852194439876557,1.0,7.0,24,0,0
S0005,Deli,2025-06-22,2211.21,380,206,48.227425597849795,0.02181042307055856,1,1,Manager_Special,10.0,2133.29,0.03652574192913297,2084.0425,0.061019628918316214,2133.29,0.03652574192913297,,,,,400.0,356.75,21.500000000000025,2449.87,2084.0425,5.821364509137771,2.0,7.0,25,0,0
S0005,Deli,2025-06-29,2467.22,394,219,62.38368594668508,0.025285011448790574,0,1,None,,2133.29,0.15653286707386235,2147.08,0.14910483074687478,2133.29,0.15653286707386235,,,,,380.0,374.5,4.600000000000003,2211.21,2147.08,5.6911079301904035,3.0,8.0,26,0,0
S0005,Deli,2025-07-06,2612.85,405,223,94.22381664625442,0.03606170145483071,0,1,None,,2133.29,0.2247983162157981,2167.8675000000003,0.20526277551556982,2133.29,0.2247983162157981,,,,,394.0,376.0,17.19999999999999,2467.22,2167.8675000000003,5.720475276728684,3.0,8.0,27,0,0
S0005,Deli,2025-07-13,2461.47,405,207,78.04283429864549,0.031705783250921396,0,1,None,,2133.29,0.1538374998242151,2435.2875,0.010751297331423864,2133.29,0.1538374998242151,,,,,405.0,394.75,2.899999999999991,2612.85,2435.2875,6.164277465280872,3.0,8.0,28,0,0
S0005,Deli,2025-07-20,2323.69,366,200,34.70709316054022,0.014936197668596163,0,1,None,,2133.29,0.08925181292745013,2438.1875,-0.04696008818025683,2133.29,0.08925181292745013,,,,,405.0,396.0,8.600000000000033,2461.47,2438.1875,6.152534641206798,3.0,8.0,29,0,0
S0005,Deli,2025-07-27,2437.24,384,220,60.62712105471502,0.024875318415385855,0,1,None,,2133.29,0.14247945661396239,2466.3075,-0.011785837735156752,2133.29,0.14247945661396239,,,,,366.0,392.5,-8.399999999999965,2323.69,2466.3075,6.285011165509358,3.0,8.0,30,0,0
S0005,Deli,2025-08-03,2425.5,396,218,34.224925148538894,0.014110461821702286,0,1,None,,2133.29,0.1369762198294653,2458.8125,-0.013548206705472661,2133.29,0.1369762198294653,,,,,384.0,390.0,-10.200000000000003,2437.24,2458.8125,6.306261033318156,3.0,8.0,31,0,0
S0005,Deli,2025-08-10,2367.11,369,215,136.97650535420098,0.0578665568369028,0,1,None,,2133.29,0.10960535135869955,2411.975,-0.018600939064459532,2133.29,0.10960535135869955,,,,,396.0,387.75,-0.8999999999999383,2425.5,2411.975,6.2246406629477855,2.0,8.0,32,0,0
S0005,Deli,2025-08-17,2387.5099999999998,389,204,48.026327990179254,0.02011565521827312,0,1,None,,2133.29,0.11916804560092617,2388.385,-0.00036635634539676585,2133.29,0.11916804560092617,,,,,369.0,378.75,2.0999999999999925,2367.11,2388.385,6.308947799352484,1.0,8.0,33,0,0
S0005,Deli,2025-08-24,2156.84,351,206,44.936491994328236,0.020834411451163846,1,1,Coupon,25.0,2133.29,0.0110392867355119,2404.3399999999997,-0.10293885224219519,2133.29,0.0110392867355119,,,,,389.0,384.5,-1.1999999999999613,2387.5099999999998,2404.3399999999997,6.256117314151534,0.0,8.0,34,0,0
S0005,Deli,2025-08-31,2744.52,427,237,51.415003480579124,0.018733696049064726,0,1,None,,2133.29,0.28651988243511195,2334.24,0.17576598807320595,2133.29,0.28651988243511195,,,,,351.0,376.25,-11.499999999999996,2156.84,2334.24,6.2055833486956935,1.0,8.0,35,0,0
S0005,Deli,2025-09-07,2326.5,396,213,50.547392135406994,0.021726796533594238,1,1,Manager_Special,30.0,2133.29,0.09056902718336468,2413.995,-0.03624489694469123,2133.29,0.09056902718336468,,,,,427.0,384.0,13.600000000000007,2744.52,2413.995,6.281195175393585,1.0,8.0,36,0,0
S0005,Deli,2025-09-14,2189.86,352,197,16.132284788798067,0.007366811023900188,0,1,None,,2133.29,0.02651772614131232,2403.8424999999997,-0.08901685530561991,2133.29,0.02651772614131232,,,,,396.0,390.75,9.699999999999987,2326.5,2403.8424999999997,6.146212113062962,2.0,8.0,37,0,0
S0005,Deli,2025-09-21,2141.34,330,171,26.992775856655854,0.012605553464959255,0,1,None,,2133.29,0.003773514149506247,2354.43,-0.09050598233967444,2133.29,0.003773514149506247,,,,,352.0,381.5,-2.8000000000000047,2189.86,2354.43,6.167120948363267,2.0,8.0,38,0,0
S0005,Deli,2025-09-28,2220.33,376,197,129.04407045734354,0.05811932030704604,0,1,None,,2133.29,0.04080082876683431,2350.555,-0.05540180935991709,2133.29,0.04080082876683431,,,,,330.0,376.25,-33.50000000000003,2141.34,2350.555,6.2531373948797135,2.0,8.0,39,0,0
S0005,Deli,2025-10-05,2288.97,368,201,105.95809579151977,0.04629073154804116,0,1,None,,2133.29,0.07297648233479735,2219.5075,0.03129635741262403,2133.29,0.07297648233479735,,,,,376.0,363.5,-8.19999999999998,2220.33,2219.5075,6.122558812862671,2.0,8.0,40,0,0
S0005,Deli,2025-10-12,2406.55,399,218,7.039866068695824,0.0029252939139830145,1,1,BOGO,50.0,2133.29,0.1280932268936714,2210.125,0.08887506362762296,2133.29,0.1280932268936714,,,,,368.0,356.5,9.399999999999993,2288.97,2210.125,6.2088156063409325,2.0,8.0,41,0,0
S0005,Deli,2025-10-19,1966.36,319,182,42.50357978932035,0.02161536025413472,1,1,Bundle,20.0,2133.29,-0.07825002695367253,2264.2974999999997,-0.13158054540094657,2133.29,-0.07825002695367253,,,,,399.0,368.25,19.9,2406.55,2264.2974999999997,6.16138071940769,3.0,8.0,42,0,0
S0005,Deli,2025-10-26,2128.62,353,188,30.57445159379541,0.014363508561319264,0,1,None,,2133.29,-0.002189106966235286,2220.5525,-0.04140073247536363,2133.29,-0.002189106966235286,,,,,319.0,365.5,-14.000000000000005,1966.36,2220.5525,6.080187929439038,3.0,8.0,43,0,0
S0005,Frozen Foods,2024-12-29,1417.26,206,104,33.48923837803548,0.0236295657663629,0,1,None,,,,2220.6266666666666,-0.36177475427356837,,,,,,,,362.0,,,2220.6266666666666,6.138539579677583,3.0,7.0,52,0,1
S0005,Frozen Foods,2025-01-05,2038.63,326,177,45.498112023918075,0.022317984148137755,1,1,Coupon,10.0,,,1930.0566666666666,0.056253961455363224,,,,,,,206.0,308.0,,1417.26,1930.0566666666666,6.358498159247021,2.0,7.0,1,1,0
S0005,Frozen Foods,2025-01-12,2412.62,356,210,23.579081981345457,0.00977322660897508,0,1,None,,,,1807.4166666666667,0.33484439116602877,,,,,,,326.0,283.6666666666667,,2038.63,1807.4166666666667,6.432502367108188,3.0,7.0,2,1,0
S0005,Frozen Foods,2025-01-19,2344.68,346,186,77.38002839085833,0.03300238343435281,0,1,None,,,,1956.17,0.19860748298971959,,,,,,,356.0,296.0,,2412.62,1956.17,6.636797214066731,3.0,7.0,3,0,0
S0005,Frozen Foods,2025-01-26,2281.46,339,179,7.63210675993855,0.0033452730970249533,0,1,None,,,,2053.2975,0.11112003983835751,,,,,,,346.0,308.5,45.00000000000002,2344.68,2053.2975,6.671730858526927,3.0,7.0,4,0,0
S0005,Frozen Foods,2025-02-02,1941.09,323,179,35.07282523914932,0.018068623937658387,1,1,Manager_Special,10.0,,,2269.3475,-0.14464840664552253,,,,,,,339.0,341.75,2.899999999999977,2281.46,2269.3475,6.6342477557403186,3.0,7.0,5,0,0
S0005,Frozen Foods,2025-02-09,2016.77,293,167,30.47494386869248,0.0151107681434633,0,1,None,,,,2244.9625,-0.1016464640277956,,,,,,,323.0,341.0,-10.599999999999977,1941.09,2244.9625,6.573272832190013,3.0,7.0,6,0,0
S0005,Frozen Foods,2025-02-16,2238.6,333,176,20.41183860700945,0.009118126778794537,0,1,None,,,,2146.0,0.04315004659832242,,,,,,,293.0,325.25,-17.499999999999993,2016.77,2146.0,6.599810729570847,2.0,7.0,7,0,0
S0005,Frozen Foods,2025-02-23,1834.24,337,195,95.78436263399526,0.05222019072422107,1,1,Coupon,20.0,,,2119.4799999999996,-0.13458018004416158,,,,,,,333.0,322.0,-4.799999999999965,2238.6,2119.4799999999996,6.586308412224599,2.0,8.0,8,0,0
S0005,Frozen Foods,2025-03-02,1649.5,245,143,74.40360597100793,0.04510676324401815,0,1,None,,,,2007.675,-0.1784028789520216,,,,,,,337.0,321.5,8.200000000000037,1834.24,2007.675,6.264527953027974,3.0,8.0,9,0,0
S0005,Frozen Foods,2025-03-09,2076.21,309,176,55.373307300393805,0.026670378863599443,0,1,None,,,,1934.7775,0.07310013683744003,,,,,,,245.0,302.0,-13.999999999999988,1649.5,1934.7775,6.445299577467225,2.0,8.0,10,0,0
S0005,Frozen Foods,2025-03-16,2413.34,359,203,82.54681686372562,0.034204387638594486,0,1,None,,,,1949.6374999999998,0.23784036776067366,,,,,,,309.0,306.0,-16.400000000000013,2076.21,1949.6374999999998,6.40428761550692,2.0,8.0,11,0,0
S0005,Frozen Foods,2025-03-23,1845.7,275,145,23.19316867130362,0.012566055518937866,0,1,None,,,,1993.3225,-0.07405851285981066,,,,,,,359.0,312.5,12.999999999999993,2413.34,1993.3225,6.404255870670162,2.0,8.0,12,0,0
S0005,Frozen Foods,2025-03-30,2331.15,339,181,147.39247765657905,0.06322736746094376,0,1,None,,,,1996.1875,0.1678011208866903,,,,,,,275.0,297.0,13.999999999999995,1845.7,1996.1875,6.721452795407146,2.0,8.0,13,0,0
S0005,Frozen Foods,2025-04-06,1949.39,297,164,6.470184783531155,0.003319081755590803,0,1,None,,,,2166.6000000000004,-0.10025385396473749,,,,,,,339.0,320.5,0.6000000000000068,2331.15,2166.6000000000004,6.757426698242616,1.0,8.0,14,0,0
S0005,Frozen Foods,2025-04-13,2382.82,354,204,18.651280531552104,0.007827398012251073,0,1,None,,,,2134.895,0.11612983308312595,,,,,,,297.0,317.5,-12.199999999999983,1949.39,2134.895,6.718545818245232,1.0,8.0,15,0,0
S0005,Frozen Foods,2025-04-20,1895.21,287,166,6.570001086419198,0.0034666348776226374,0,1,None,,,,2127.2650000000003,-0.10908608001353863,,,,,,,354.0,316.25,19.500000000000007,2382.82,2127.2650000000003,6.720729418327066,1.0,8.0,16,0,0
S0005,Frozen Foods,2025-04-27,2117.73,307,170,0.0,0.0,0,0,None,,,,2139.6425,-0.01024119683545261,,,,,,,287.0,319.25,-9.899999999999988,1895.21,2139.6425,6.693700118358741,0.0,8.0,17,0,0
S0005,Frozen Foods,2025-05-04,1816.53,282,165,2.6897747863305566,0.0014807213678444929,1,1,Coupon,10.0,2117.73,-0.14222776274595914,2086.2875,-0.12930025224232036,2117.73,-0.14222776274595914,2131.92,-0.14793707080941126,,,307.0,311.25,-3.6999999999999913,2117.73,2086.2875,6.6990987808360405,0.0,7.0,18,0,0
S0005,Frozen Foods,2025-05-11,1564.73,321,177,85.40385498458924,0.054580569800917245,1,1,Coupon,30.0,2117.73,-0.2611286613496527,2053.0724999999998,-0.23785935469887196,2117.73,-0.2611286613496527,1943.1566666666668,-0.1947484076597015,,,282.0,307.5,-19.599999999999994,1816.53,2053.0724999999998,6.668597043605581,1.0,7.0,19,0,0
S0005,Frozen Foods,2025-05-18,2325.79,341,207,32.427516758720685,0.01394258155668426,0,1,None,,2117.73,0.09824670755950944,1848.55,0.25816991696194314,2117.73,0.09824670755950944,1832.9966666666667,0.26884573348924073,,,321.0,299.25,7.700000000000006,1564.73,1848.55,6.204451629380964,2.0,7.0,20,0,0
S0005,Frozen Foods,2025-05-25,2092.42,312,174,22.339264720385255,0.010676281396844445,0,1,None,,2117.73,-0.011951476344954241,1956.195,0.06963774061379369,2117.73,-0.011951476344954241,,,,,341.0,312.75,14.099999999999978,2325.79,1956.195,6.258696471871282,2.0,7.0,21,0,0
S0005,Frozen Foods,2025-06-01,1639.74,280,167,33.63086769841811,0.020509878211434806,1,1,Coupon,15.0,2117.73,-0.22570865974416002,1949.8674999999998,-0.15905055087076422,2117.73,-0.22570865974416002,,,,,312.0,314.0,11.000000000000012,2092.42,1949.8674999999998,6.21077923099598,2.0,7.0,22,0,0
S0005,Frozen Foods,2025-06-08,2210.77,320,190,122.15795919021845,0.05525584262054327,0,1,None,,2117.73,0.043933834813692,1905.6699999999998,0.16010117176636046,2117.73,0.043933834813692,,,,,280.0,313.5,-15.20000000000001,1639.74,1905.6699999999998,6.064433866254339,3.0,7.0,23,0,0
S0005,Frozen Foods,2025-06-15,2722.62,423,233,102.2736263405762,0.03756441454943261,1,1,Coupon,20.0,2117.73,0.28563131277358295,2067.1800000000003,0.31706963109163183,2117.73,0.28563131277358295,,,,,320.0,313.25,-9.500000000000004,2210.77,2067.1800000000003,6.572960857103249,3.0,7.0,24,0,0
S0005,Frozen Foods,2025-06-22,1917.45,290,159,41.82039571664251,0.021810423070558558,0,1,None,,2117.73,-0.09457296255896643,2166.3875,-0.11490903635660739,2117.73,-0.09457296255896643,,,,,423.0,333.75,37.29999999999999,2722.62,2166.3875,6.476949698849468,4.0,7.0,25,0,0
S0005,Frozen Foods,2025-06-29,1948.54,334,197,49.26885620842639,0.025285011448790577,1,1,Coupon,15.0,2117.73,-0.07989214866862161,2122.645,-0.08202266511828404,2117.73,-0.07989214866862161,,,,,290.0,328.25,13.300000000000006,1917.45,2122.645,6.453305247036912,4.0,8.0,26,0,0
S0005,Frozen Foods,2025-07-06,2261.69,337,200,81.56038956337608,0.036061701454830716,0,1,None,,2117.73,0.06797844862187344,2199.8450000000003,0.028113344349260876,2117.73,0.06797844862187344,,,,,334.0,341.75,-9.09999999999996,1948.54,2199.8450000000003,6.4477396995604375,4.0,8.0,27,0,0
S0005,Frozen Foods,2025-07-13,1935.1,290,168,61.353861168857996,0.031705783250921396,0,1,None,,2117.73,-0.08623856676724612,2212.575,-0.12540817825384448,2117.73,-0.08623856676724612,,,,,337.0,346.0,-21.400000000000023,2261.69,2212.575,6.398387209760735,3.0,8.0,28,0,0
S0005,Frozen Foods,2025-07-20,2281.78,335,183,34.08111711624936,0.014936197668596165,0,1,None,,2117.73,0.07746502150887988,2015.6950000000002,0.13200657837619284,2117.73,0.07746502150887988,,,,,290.0,312.75,0.3000000000000045,1935.1,2015.6950000000002,6.457463389755843,3.0,8.0,29,0,0
S0005,Frozen Foods,2025-07-27,2609.76,404,217,64.9186109877374,0.024875318415385855,1,1,Bundle,10.0,2117.73,0.23233840007933032,2106.7775,0.23874495526936282,2117.73,0.23233840007933032,,,,,335.0,324.0,-4.399999999999979,2281.78,2106.7775,6.507310147347197,3.0,8.0,30,0,0
S0005,Frozen Foods,2025-08-03,2230.58,336,189,31.47451393025268,0.014110461821702284,0,1,None,,2117.73,0.053288190656977,2272.0825000000004,-0.01826628214424454,2117.73,0.053288190656977,,,,,404.0,341.5,24.599999999999987,2609.76,2272.0825000000004,6.663772618444606,3.0,8.0,31,0,0
S0005,Frozen Foods,2025-08-10,2440.05,352,207,141.19729200988468,0.0578665568369028,0,1,None,,2117.73,0.15220070547236908,2264.3050000000003,0.07761542725030413,2117.73,0.15220070547236908,,,,,336.0,341.25,20.70000000000003,2230.58,2264.3050000000003,6.645618783839547,3.0,8.0,32,0,0
S0005,Frozen Foods,2025-08-17,1974.84,364,192,39.72520055125449,0.02011565521827312,1,1,Coupon,20.0,2117.73,-0.0674731906333669,2390.5425,-0.17389462852051368,2117.73,-0.0674731906333669,,,,,352.0,356.75,-1.6999999999999718,2440.05,2390.5425,6.710419185485315,2.0,8.0,33,0,0
S0005,Frozen Foods,2025-08-24,1778.49,271,152,37.0537924217804,0.020834411451163853,0,1,None,,2117.73,-0.16019039254295875,2313.8075,-0.23135783767664334,2117.73,-0.16019039254295875,,,,,364.0,364.0,-10.400000000000015,1974.84,2313.8075,6.363944443809081,3.0,8.0,34,0,0
S0005,Frozen Foods,2025-08-31,2540.88,375,214,47.60007361714758,0.018733696049064726,0,1,None,,2117.73,0.19981300732387985,2105.99,0.2065014553725328,2117.73,0.19981300732387985,,,,,271.0,330.75,-18.299999999999986,1778.49,2105.99,6.3896673804938935,2.0,8.0,35,0,0
S0005,Frozen Foods,2025-09-07,2292.94,335,186,49.818240843739574,0.021726796533594238,0,1,None,,2117.73,0.08273481510863048,2183.565,0.05009010494306329,2117.73,0.08273481510863048,,,,,375.0,340.5,-2.3999999999999613,2540.88,2183.565,6.423929642398655,2.0,8.0,36,0,0
S0005,Frozen Foods,2025-09-14,2258.18,331,181,16.635585317950927,0.007366811023900188,0,1,None,,2117.73,0.06632101353808079,2146.7875,0.05188799543503953,2117.73,0.06632101353808079,,,,,335.0,336.25,1.6999999999999926,2292.94,2146.7875,6.4020888393118165,2.0,8.0,37,0,0
S0005,Frozen Foods,2025-09-21,1769.3,302,165,22.30300574555241,0.012605553464959257,1,1,Bundle,20.0,2117.73,-0.16452994479938426,2217.6225,-0.2021635783367097,2117.73,-0.16452994479938426,,,,,331.0,328.0,14.000000000000034,2258.18,2217.6225,6.7513167035925505,2.0,8.0,38,0,0
S0005,Frozen Foods,2025-09-28,2190.93,320,187,127.33536244031637,0.05811932030704604,0,1,None,,2117.73,0.03456531285857962,2215.325,-0.011011928272375378,2117.73,0.03456531285857962,,,,,302.0,335.75,-22.300000000000015,1769.3,2215.325,6.575295589739028,2.0,8.0,39,0,0
S0005,Frozen Foods,2025-10-05,2264.22,335,186,104.81240018570576,0.04629073154804116,0,1,None,,2117.73,0.06917312405264117,2127.8374999999996,0.06409441510453696,2117.73,0.06917312405264117,,,,,320.0,322.0,-7.399999999999997,2190.93,2127.8374999999996,6.593039652239028,2.0,8.0,40,0,0
S0005,Frozen Foods,2025-10-12,2402.31,345,192,7.027462822500536,0.002925293913983015,0,1,None,,2117.73,0.1343797367936422,2120.6575,0.1328137617696399,2117.73,0.1343797367936422,,,,,335.0,322.0,3.000000000000013,2264.22,2120.6575,6.571606816418132,2.0,8.0,41,0,0
S0005,Frozen Foods,2025-10-19,2308.66,347,180,49.90251760431066,0.02161536025413472,0,1,None,,2117.73,0.09015785770612865,2156.6899999999996,0.07046446174461804,2117.73,0.09015785770612865,,,,,345.0,325.5,14.399999999999972,2402.31,2156.6899999999996,6.606837146117331,1.0,8.0,42,0,0
S0005,Frozen Foods,2025-10-26,2213.87,332,177,31.79894069864788,0.014363508561319264,0,1,None,,2117.73,0.04539766636917826,2291.5299999999997,-0.03389002107762057,2117.73,0.04539766636917826,,,,,347.0,336.75,9.10000000000002,2308.66,2291.5299999999997,6.805484540052099,1.0,8.0,43,0,0
S0005,Grains and Pasta,2024-12-29,450.95,252,132,10.65575268234135,0.0236295657663629,1,1,Manager_Special,30.0,,,2325.063333333333,-0.8060482940249656,,,,,,,,342.3333333333333,,,2325.063333333333,6.791760636736132,1.0,7.0,52,0,1
S0005,Grains and Pasta,2025-01-05,1061.17,408,221,23.683175238479347,0.022317984148137758,0,1,None,,,,1720.6399999999996,-0.38327017853821815,,,,,,,252.0,314.6666666666667,,450.95,1720.6399999999996,5.135300121850244,2.0,7.0,1,1,0
S0005,Grains and Pasta,2025-01-12,1144.97,451,241,11.190051270478198,0.009773226608975082,1,1,Coupon,15.0,,,1273.5933333333332,-0.1009924675066347,,,,,,,408.0,335.6666666666667,,1061.17,1273.5933333333332,3.681196612330494,2.0,7.0,2,1,0
S0005,Grains and Pasta,2025-01-19,1131.04,432,220,37.32701575959039,0.0330023834343528,0,1,None,,,,885.6966666666667,0.27700604796977135,,,,,,,451.0,370.3333333333333,,1144.97,885.6966666666667,2.3097090438787027,2.0,7.0,3,0,0
S0005,Grains and Pasta,2025-01-26,1144.26,432,238,3.827862194001773,0.0033452730970249533,0,1,None,,,,947.0325,0.20825842830103503,,,,,,,432.0,385.75,58.30000000000004,1131.04,947.0325,2.386818819946064,2.0,7.0,4,0,0
S0005,Grains and Pasta,2025-02-02,1039.28,395,214,18.77835948592961,0.018068623937658387,0,1,None,,,,1120.3600000000001,-0.07236959548716497,,,,,,,432.0,430.75,5.299999999999972,1144.26,1120.3600000000001,2.601635288200032,2.0,7.0,5,0,0
S0005,Grains and Pasta,2025-02-09,901.87,386,216,13.627948465545245,0.015110768143463299,1,1,Manager_Special,10.0,,,1114.8875,-0.19106636319808054,,,,,,,395.0,427.5,-16.79999999999998,1039.28,1114.8875,2.609180724412492,2.0,7.0,6,0,0
S0005,Grains and Pasta,2025-02-16,1101.14,427,232,10.040334121201818,0.009118126778794538,1,1,BOGO,50.0,,,1054.1125,0.04461335957974139,,,,,,,386.0,411.25,-17.499999999999975,901.87,1054.1125,2.5586093832362913,3.0,7.0,7,0,0
S0005,Grains and Pasta,2025-02-23,1118.65,439,239,58.416116353649905,0.05222019072422107,0,1,None,,,,1046.6375,0.0688036688920472,,,,,,,427.0,410.0,-2.399999999999974,1101.14,1046.6375,2.548767896550543,4.0,8.0,8,0,0
S0005,Grains and Pasta,2025-03-02,934.24,358,203,42.140542493091516,0.04510676324401815,0,1,None,,,,1040.2350000000001,-0.10189524482448688,,,,,,,439.0,411.75,17.300000000000015,1118.65,1040.2350000000001,2.523624815684939,3.0,8.0,9,0,0
S0005,Grains and Pasta,2025-03-09,843.78,402,209,22.50393227752794,0.026670378863599447,1,1,Coupon,20.0,,,1013.9750000000001,-0.16784930594935787,,,,,,,358.0,402.5,-7.199999999999953,934.24,1013.9750000000001,2.518254898423076,3.0,8.0,10,0,0
S0005,Grains and Pasta,2025-03-16,1373.06,519,289,46.96467649104854,0.034204387638594486,0,1,None,,,,999.4525000000001,0.3738121621587817,,,,,,,402.0,406.5,-15.59999999999997,843.78,999.4525000000001,2.4588810100927074,3.0,8.0,11,0,0
S0005,Grains and Pasta,2025-03-23,957.73,363,199,12.034888352152361,0.012566055518937864,0,1,None,,,,1067.4325,-0.10277230644560652,,,,,,,519.0,429.5,28.399999999999956,1373.06,1067.4325,2.4755823768897818,3.0,8.0,12,0,0
S0005,Grains and Pasta,2025-03-30,1018.66,397,203,64.40719013776497,0.06322736746094376,0,1,None,,,,1027.2024999999999,-0.00831627648881297,,,,,,,363.0,410.5,13.20000000000003,957.73,1027.2024999999999,2.498131621667231,3.0,8.0,13,0,0
S0005,Grains and Pasta,2025-04-06,1063.34,400,214,3.5293123939899234,0.0033190817555908024,0,1,None,,,,1048.3075000000001,0.014339781027990163,,,,,,,397.0,420.25,-17.09999999999994,1018.66,1048.3075000000001,2.487202938667639,3.0,8.0,14,0,0
S0005,Grains and Pasta,2025-04-13,829.37,382,215,6.4918090894206735,0.007827398012251074,1,1,Manager_Special,15.0,,,1103.1975,-0.2482125820625953,,,,,,,400.0,419.75,-32.300000000000004,1063.34,1103.1975,2.6270516326974898,2.0,8.0,15,0,0
S0005,Grains and Pasta,2025-04-20,1134.14,439,238,3.9316492801069383,0.0034666348776226374,0,1,None,,,,967.275,0.17251040293608347,,,,,,,382.0,385.5,5.9999999999999964,829.37,967.275,2.508436129161693,2.0,8.0,16,0,0
S0005,Grains and Pasta,2025-04-27,958.39,372,204,0.0,0.0,0,0,None,,,,1011.3775,-0.05239141665698522,,,,,,,439.0,404.5,10.799999999999976,1134.14,1011.3775,2.4947080688944943,2.0,8.0,17,0,0
S0005,Grains and Pasta,2025-05-04,1197.02,439,242,1.7724530917372148,0.0014807213678444929,0,1,None,,958.39,0.2489904944751093,996.3100000000001,0.20145336290913463,958.39,0.2489904944751093,973.9666666666667,0.22901536671343983,,,372.0,398.25,-2.7000000000000153,958.39,996.3100000000001,2.4973138183324832,2.0,7.0,18,0,0
S0005,Grains and Pasta,2025-05-11,1114.79,426,238,60.84587340836455,0.05458056980091726,0,1,None,,958.39,0.16319035048362354,1029.73,0.082604177794179,958.39,0.16319035048362354,1096.5166666666667,0.01666489337447369,,,439.0,408.0,10.400000000000038,1197.02,1029.73,2.5144005780135767,1.0,7.0,19,0,0
S0005,Grains and Pasta,2025-05-18,1184.03,466,252,16.508434840560863,0.013942581556684258,1,1,BOGO,50.0,958.39,0.23543651331921242,1101.085,0.07533024244268148,958.39,0.23543651331921242,1090.0666666666666,0.08619962081829861,,,426.0,419.0,2.8000000000000487,1114.79,1101.085,2.6258386479690863,1.0,7.0,20,0,0
S0005,Grains and Pasta,2025-05-25,1027.99,395,212,10.975110513142122,0.010676281396844445,0,1,None,,958.39,0.0726217927983389,1113.5575,-0.07684156408627295,958.39,0.0726217927983389,,,,,466.0,425.75,26.900000000000006,1184.03,1113.5575,2.615182271792251,2.0,7.0,21,0,0
S0005,Grains and Pasta,2025-06-01,1012.03,396,225,20.756612046318363,0.020509878211434802,1,1,Coupon,10.0,958.39,0.05596886444975426,1130.9575,-0.1051564713970242,958.39,0.05596886444975426,,,,,395.0,431.5,-9.199999999999998,1027.99,1130.9575,2.621729552995463,2.0,7.0,22,0,0
S0005,Grains and Pasta,2025-06-08,1076.64,405,221,59.490650398981714,0.05525584262054327,0,1,None,,958.39,0.1233840085977526,1084.71,-0.007439776530132419,958.39,0.1233840085977526,,,,,396.0,420.75,-16.100000000000023,1012.03,1084.71,2.5789631215971975,3.0,7.0,23,0,0
S0005,Grains and Pasta,2025-06-15,1079.99,421,237,40.569192069241716,0.0375644145494326,0,1,None,,958.39,0.12687945408445417,1075.1725000000001,0.00448067635658453,958.39,0.12687945408445417,,,,,405.0,415.5,-18.2,1076.64,1075.1725000000001,2.5893362306217154,2.0,7.0,24,0,0
S0005,Grains and Pasta,2025-06-22,749.98,389,220,16.35738109445751,0.021810423070558558,1,1,Coupon,25.0,958.39,-0.21745844593537075,1049.1625000000001,-0.28516316585848245,958.39,-0.21745844593537075,,,,,421.0,404.25,8.699999999999998,1079.99,1049.1625000000001,2.5954512311824076,2.0,7.0,25,0,0
S0005,Grains and Pasta,2025-06-29,977.99,372,208,24.728488346802695,0.025285011448790577,0,1,None,,958.39,0.020450964638612696,979.6600000000001,-0.0017046730498336898,958.39,0.020450964638612696,,,,,389.0,402.75,-0.4999999999999696,749.98,979.6600000000001,2.4268169368216643,3.0,8.0,26,0,0
S0005,Grains and Pasta,2025-07-06,1111.97,417,237,40.09953016672811,0.03606170145483071,0,1,None,,958.39,0.16024791577541506,971.1500000000001,0.14500334654790703,958.39,0.16024791577541506,,,,,372.0,396.75,-13.099999999999964,977.99,971.1500000000001,2.445160452624858,3.0,8.0,27,0,0
S0005,Grains and Pasta,2025-07-13,955.87,374,213,30.306607036058242,0.0317057832509214,0,1,None,,958.39,-0.002629409739250182,979.9825000000001,-0.024605031212292124,958.39,-0.002629409739250182,,,,,417.0,399.75,-2.899999999999953,1111.97,979.9825000000001,2.447216541087421,3.0,8.0,28,0,0
S0005,Grains and Pasta,2025-07-20,1100.97,417,227,16.44430554719432,0.014936197668596163,0,1,None,,958.39,0.1487703335802753,948.9525000000001,0.16019505718147106,958.39,0.1487703335802753,,,,,374.0,388.0,-9.657585592286909e-15,955.87,948.9525000000001,2.4448428478182755,2.0,8.0,29,0,0
S0005,Grains and Pasta,2025-07-27,1092.51,415,240,27.176534121993203,0.024875318415385858,0,1,None,,958.39,0.1399430294556496,1036.6999999999998,0.05383428185588905,958.39,0.1399430294556496,,,,,417.0,395.0,9.200000000000024,1100.97,1036.6999999999998,2.62290451673507,2.0,8.0,30,0,0
S0005,Grains and Pasta,2025-08-03,1043.08,402,213,14.718340516981216,0.014110461821702284,0,1,None,,958.39,0.08836694873694419,1065.33,-0.020885547201336677,958.39,0.08836694873694419,,,,,415.0,405.75,3.6999999999999944,1092.51,1065.33,2.623791726865916,1.0,8.0,31,0,0
S0005,Grains and Pasta,2025-08-10,1225.2,465,244,70.8981054365733,0.05786655683690279,0,1,None,,958.39,0.27839397322593107,1048.1074999999998,0.16896406141545617,958.39,0.27839397322593107,,,,,402.0,402.0,8.20000000000001,1043.08,1048.1074999999998,2.6058246378505614,1.0,8.0,32,0,0
S0005,Grains and Pasta,2025-08-17,1131.36,416,223,22.758047687745478,0.02011565521827312,0,1,None,,958.39,0.18047976293575677,1115.44,0.014272394750053652,958.39,0.18047976293575677,,,,,465.0,424.75,13.100000000000026,1225.2,1115.44,2.6255837805105577,1.0,8.0,33,0,0
S0005,Grains and Pasta,2025-08-24,965.54,368,200,20.11645763255674,0.02083441145116385,0,1,None,,958.39,0.007460428426840824,1123.0375,-0.14024242289326933,958.39,0.007460428426840824,,,,,416.0,424.5,6.600000000000042,1131.36,1123.0375,2.6454336698298717,0.0,8.0,34,0,0
S0005,Grains and Pasta,2025-08-31,1066.9,421,222,19.986980314747157,0.018733696049064726,0,1,None,,958.39,0.11322113127223793,1091.2949999999998,-0.022354175543734516,958.39,0.11322113127223793,,,,,368.0,412.75,-15.099999999999977,965.54,1091.2949999999998,2.643232615613004,0.0,8.0,35,0,0
S0005,Grains and Pasta,2025-09-07,1113.53,438,235,24.193439744053194,0.02172679653359424,0,1,None,,958.39,0.16187564561399848,1097.25,0.01483709273182955,958.39,0.16187564561399848,,,,,421.0,417.5,-17.999999999999996,1066.9,1097.25,2.6281020924568135,0.0,8.0,36,0,0
S0005,Grains and Pasta,2025-09-14,1084.46,413,226,7.989011882978799,0.007366811023900189,0,1,None,,958.39,0.1315435261219337,1069.3325,0.01414667561305773,958.39,0.1315435261219337,,,,,438.0,410.75,11.899999999999967,1113.53,1069.3325,2.6049688990557236,0.0,8.0,37,0,0
S0005,Grains and Pasta,2025-09-21,959.38,361,207,12.09351588321261,0.012605553464959255,0,1,None,,958.39,0.0010329823975625883,1057.6075,-0.09287708341705224,958.39,0.0010329823975625883,,,,,413.0,410.0,15.200000000000008,1084.46,1057.6075,2.5815178374055097,0.0,8.0,38,0,0
S0005,Grains and Pasta,2025-09-28,776.01,437,235,45.101173751470796,0.058119320307046037,1,1,BOGO,100.0,958.39,-0.1902983127954173,1056.0675,-0.2651890149067177,958.39,-0.1902983127954173,,,,,361.0,408.25,-20.500000000000032,959.38,1056.0675,2.589970919122961,0.0,8.0,39,0,0
S0005,Grains and Pasta,2025-10-05,1092.9,416,222,50.59114050885419,0.04629073154804116,0,1,None,,958.39,0.14034996191529556,983.3449999999999,0.11141054258678305,958.39,0.14034996191529556,,,,,437.0,412.25,-5.499999999999966,776.01,983.3449999999999,2.4003614978366046,1.0,8.0,40,0,0
S0005,Grains and Pasta,2025-10-12,1077.89,421,223,3.153145056943152,0.0029252939139830145,0,1,None,,958.39,0.12468827930174575,978.1875,0.10192575554277693,958.39,0.12468827930174575,,,,,416.0,406.75,8.500000000000018,1092.9,978.1875,2.421575879202955,1.0,8.0,41,0,0
S0005,Grains and Pasta,2025-10-19,1024.27,390,219,22.139965047502567,0.021615360254134717,0,1,None,,958.39,0.06874028318325524,976.5450000000001,0.04887127577326176,958.39,0.06874028318325524,,,,,421.0,408.75,15.900000000000016,1077.89,976.5450000000001,2.405200291848967,1.0,8.0,42,0,0
S0005,Grains and Pasta,2025-10-26,876.73,360,199,12.592918860965439,0.014363508561319264,1,1,Bundle,20.0,958.39,-0.08520539655046482,992.7674999999999,-0.11688285525059988,958.39,-0.08520539655046482,,,,,390.0,416.0,-13.600000000000007,1024.27,992.7674999999999,2.3973930434648487,1.0,8.0,43,0,0
S0005,Meat and Seafood,2024-12-29,2118.92,232,123,50.06915949366167,0.0236295657663629,0,1,None,,,,1065.02,0.9895588815233518,,,,,,,,409.0,,,1065.02,2.604601861156793,1.0,7.0,52,0,1
S0005,Meat and Seafood,2025-01-05,3092.12,343,187,69.00988514413972,0.022317984148137755,0,1,None,,,,1407.0266666666666,1.1976271475546543,,,,,,,232.0,347.6666666666667,,2118.92,1407.0266666666666,4.773305994666962,1.0,7.0,1,1,0
S0005,Meat and Seafood,2025-01-12,3501.12,383,206,34.21723914521483,0.00977322660897508,1,1,Bundle,10.0,,,2078.4366666666665,0.6844968413759701,,,,,,,343.0,321.6666666666667,,3092.12,2078.4366666666665,6.924845436368311,1.0,7.0,2,1,0
S0005,Meat and Seafood,2025-01-19,3593.29,377,209,118.58713437082558,0.0330023834343528,0,1,None,,,,2904.0533333333333,0.23733609116453325,,,,,,,383.0,319.3333333333333,,3501.12,2904.0533333333333,9.096502819600106,2.0,7.0,3,0,0
S0005,Meat and Seafood,2025-01-26,3125.05,335,184,10.45414569185783,0.003345273097024953,0,1,None,,,,3076.3625,0.015826320857831287,,,,,,,377.0,333.75,47.49999999999999,3593.29,3076.3625,9.20519541708735,1.0,7.0,4,0,0
S0005,Meat and Seafood,2025-02-02,3467.06,370,200,62.645003309297884,0.018068623937658387,0,1,None,,,,3327.895,0.041817725619347955,,,,,,,335.0,359.5,-3.0000000000000058,3125.05,3327.895,9.254003317241748,1.0,7.0,5,0,0
S0005,Meat and Seafood,2025-02-09,3235.06,349,182,48.88424159019238,0.0151107681434633,0,1,None,,,,3421.6299999999997,-0.05452664373412664,,,,,,,370.0,366.25,-8.099999999999957,3467.06,3421.6299999999997,9.3428796469242,1.0,7.0,6,0,0
S0005,Meat and Seafood,2025-02-16,2976.88,317,182,27.143569245257886,0.009118126778794538,1,1,Bundle,20.0,,,3355.115,-0.11273384071782926,,,,,,,349.0,357.75,-4.899999999999972,3235.06,3355.115,9.374931499662724,1.0,7.0,7,0,0
S0005,Meat and Seafood,2025-02-23,3348.88,358,195,174.87915231252947,0.05222019072422107,0,1,None,,,,3201.0125,0.04619397768674765,,,,,,,317.0,342.75,-7.500000000000011,2976.88,3201.0125,9.339810358158736,2.0,8.0,8,0,0
S0005,Meat and Seafood,2025-03-02,2877.77,325,176,129.80689006073808,0.04510676324401814,1,1,Bundle,20.0,,,3256.9700000000003,-0.11642723144517765,,,,,,,358.0,348.5,-6.799999999999993,3348.88,3256.9700000000003,9.346286844442401,2.0,8.0,9,0,0
S0005,Meat and Seafood,2025-03-09,3532.45,367,197,94.21177981672186,0.026670378863599447,0,1,None,,,,3109.6475,0.1359647677108096,,,,,,,325.0,337.25,-3.100000000000034,2877.77,3109.6475,9.217347967103525,3.0,8.0,10,0,0
S0005,Meat and Seafood,2025-03-16,3415.87,375,206,116.83774160304574,0.034204387638594486,0,1,None,,,,3183.995,0.07282517717521542,,,,,,,367.0,341.75,11.7,3532.45,3183.995,9.306270833526078,2.0,8.0,11,0,0
S0005,Meat and Seafood,2025-03-23,2966.35,318,169,37.27531878860134,0.012566055518937866,0,1,None,,,,3293.7425,-0.09939832880074867,,,,,,,375.0,356.25,9.299999999999985,3415.87,3293.7425,9.235820339309463,2.0,8.0,12,0,0
S0005,Meat and Seafood,2025-03-30,3087.4,325,187,195.20817429891778,0.06322736746094376,0,1,None,,,,3198.11,-0.03461732085513007,,,,,,,318.0,346.25,-1.2999999999999687,2966.35,3198.11,9.229253150876168,2.0,8.0,13,0,0
S0005,Meat and Seafood,2025-04-06,3062.28,320,174,10.163957678510602,0.0033190817555908024,0,1,None,,,,3250.5175,-0.05791000971383779,,,,,,,325.0,346.25,-18.3,3087.4,3250.5175,9.390506997030016,2.0,8.0,14,0,0
S0005,Meat and Seafood,2025-04-13,3345.46,361,207,26.18624695406548,0.007827398012251074,0,1,None,,,,3132.975,0.06782211795497893,,,,,,,320.0,334.5,-15.800000000000006,3062.28,3132.975,9.376612157111758,2.0,8.0,15,0,0
S0005,Meat and Seafood,2025-04-20,3743.02,390,224,12.975683679639085,0.0034666348776226374,0,1,None,,,,3115.3725000000004,0.2014678822516407,,,,,,,361.0,331.0,12.399999999999974,3345.46,3115.3725000000004,9.416166044461711,1.0,8.0,16,0,0
S0005,Meat and Seafood,2025-04-27,2560.28,292,165,0.0,0.0,0,0,None,,,,3309.54,-0.22639400037467436,,,,,,,390.0,349.0,23.600000000000026,3743.02,3309.54,9.483501675811494,1.0,8.0,17,0,0
S0005,Meat and Seafood,2025-05-04,3695.11,392,221,5.471428333535864,0.0014807213678444929,0,1,None,,2560.28,0.44324448888402823,3177.76,0.1628033583404662,2560.28,0.44324448888402823,3216.2533333333336,0.14888648904107882,,,292.0,340.75,-5.499999999999994,2560.28,3177.76,9.300599146833623,0.0,7.0,18,0,0
S0005,Meat and Seafood,2025-05-11,3843.86,404,231,209.80006903495382,0.05458056980091726,0,1,None,,2560.28,0.5013436030434171,3335.9675,0.15224743646333483,2560.28,0.5013436030434171,3332.8033333333333,0.15334138127962352,,,392.0,358.75,-0.49999999999995165,3695.11,3335.9675,9.264768151935664,0.0,7.0,19,0,0
S0005,Meat and Seafood,2025-05-18,3813.45,400,218,53.169337637337584,0.013942581556684258,0,1,None,,2560.28,0.48946599590669754,3460.5675,0.10197243660180005,2560.28,0.48946599590669754,3366.4166666666665,0.13279203901279799,,,404.0,369.5,14.2,3843.86,3460.5675,9.326593835542806,0.0,7.0,20,0,0
S0005,Meat and Seafood,2025-05-25,3541.46,372,200,37.80962351566873,0.010676281396844445,0,1,None,,2560.28,0.38323152155233015,3478.175,0.018194886686265024,2560.28,0.38323152155233015,,,,,400.0,372.0,33.59999999999997,3813.45,3478.175,9.31062829067101,0.0,7.0,21,0,0
S0005,Meat and Seafood,2025-06-01,2821.72,325,188,57.87313354676981,0.020509878211434802,1,1,BOGO,50.0,2560.28,0.10211383129970143,3723.4700000000003,-0.24218000950726082,2560.28,0.10211383129970143,,,,,372.0,392.0,-6.399999999999961,3541.46,3723.4700000000003,9.498621183586021,0.0,7.0,22,0,0
S0005,Meat and Seafood,2025-06-08,3193.22,349,202,176.44406177277116,0.05525584262054327,0,1,None,,2560.28,0.24721514834314978,3505.1225,-0.08898476444118576,2560.28,0.24721514834314978,,,,,325.0,375.25,-26.499999999999964,2821.72,3505.1225,9.312599774637826,1.0,7.0,23,0,0
S0005,Meat and Seafood,2025-06-15,2624.08,355,192,98.57202893087512,0.03756441454943261,1,1,Manager_Special,20.0,2560.28,0.024919149468026827,3342.4625,-0.2149261210858761,2560.28,0.024919149468026827,,,,,349.0,361.5,-20.00000000000002,3193.22,3342.4625,9.221380413804894,1.0,7.0,24,0,0
S0005,Meat and Seafood,2025-06-22,3374.54,360,197,73.60014506852268,0.021810423070558558,0,1,None,,2560.28,0.31803552736419444,3045.12,0.1081796448087432,2560.28,0.31803552736419444,,,,,355.0,350.25,-2.6999999999999758,2624.08,3045.12,8.685917825776725,2.0,7.0,25,0,0
S0005,Meat and Seafood,2025-06-29,3256.14,347,197,82.33153717886495,0.025285011448790577,0,1,None,,2560.28,0.27179058540472123,3003.3900000000003,0.08415490495739798,2560.28,0.27179058540472123,,,,,360.0,347.25,11.100000000000005,3374.54,3003.3900000000003,8.649334940472066,2.0,8.0,26,0,0
S0005,Meat and Seafood,2025-07-06,3321.14,356,198,119.76595916969646,0.03606170145483071,0,1,None,,2560.28,0.2971784336088239,3111.995,0.0672060848426813,2560.28,0.2971784336088239,,,,,347.0,352.75,-0.09999999999999992,3256.14,3111.995,8.824703284519948,2.0,8.0,27,0,0
S0005,Meat and Seafood,2025-07-13,3281.59,358,207,104.04538125839116,0.031705783250921396,0,1,None,,2560.28,0.2817309044323277,3143.975,0.04377102235227705,2560.28,0.2817309044323277,,,,,356.0,354.5,-0.999999999999985,3321.14,3143.975,8.869557643684175,2.0,8.0,28,0,0
S0005,Meat and Seafood,2025-07-20,2926.28,321,184,43.707496513659585,0.014936197668596165,1,1,Coupon,15.0,2560.28,0.14295311450310122,3308.3525,-0.11548724025024533,2560.28,0.14295311450310122,,,,,358.0,355.25,0.3000000000000181,3281.59,3308.3525,9.313227110203965,2.0,8.0,29,0,0
S0005,Meat and Seafood,2025-07-27,3807.94,404,227,94.72372000668442,0.024875318415385855,0,1,None,,2560.28,0.4873138875435498,3196.2875,0.19136341771508356,2560.28,0.4873138875435498,,,,,321.0,345.5,-7.599999999999981,2926.28,3196.2875,9.248830822561182,3.0,8.0,30,0,0
S0005,Meat and Seafood,2025-08-03,3317.77,353,194,46.81526691818919,0.014110461821702284,0,1,None,,2560.28,0.2958621713250112,3334.2375,-0.004938910320575604,2560.28,0.2958621713250112,,,,,404.0,359.75,10.700000000000006,3807.94,3334.2375,9.259307147210937,2.0,8.0,31,0,0
S0005,Meat and Seafood,2025-08-10,3992.96,421,234,231.0588467874794,0.057866556836902804,0,1,None,,2560.28,0.5595794210008279,3333.395,0.1978658394819696,2560.28,0.5595794210008279,,,,,353.0,359.0,6.800000000000027,3317.77,3333.395,9.276741378677977,2.0,8.0,32,0,0
S0005,Meat and Seafood,2025-08-17,3144.06,329,182,63.24482694556379,0.02011565521827312,0,1,None,,2560.28,0.22801412345524696,3511.2375,-0.10457210598827343,2560.28,0.22801412345524696,,,,,421.0,374.75,24.900000000000016,3992.96,3511.2375,9.35624463973505,1.0,8.0,33,0,0
S0005,Meat and Seafood,2025-08-24,3278.23,347,185,68.29999265154886,0.020834411451163846,0,1,None,,2560.28,0.28041854797131555,3565.6825,-0.08061640373196433,2560.28,0.28041854797131555,,,,,329.0,376.75,-15.69999999999998,3144.06,3565.6825,9.466313715287324,1.0,8.0,34,0,0
S0005,Meat and Seafood,2025-08-31,3376.4,363,210,63.252451340062144,0.018733696049064726,0,1,None,,2560.28,0.3187620104051119,3433.255,-0.01656008656508183,2560.28,0.3187620104051119,,,,,347.0,362.5,-11.0,3278.23,3433.255,9.471752376228345,1.0,8.0,35,0,0
S0005,Meat and Seafood,2025-09-07,3026.57,332,185,65.75767058468033,0.02172679653359424,1,1,Coupon,10.0,2560.28,0.1821246113706313,3447.9125000000004,-0.12220220205704181,2560.28,0.1821246113706313,,,,,363.0,365.0,-15.599999999999977,3376.4,3447.9125000000004,9.447401261423328,1.0,8.0,36,0,0
S0005,Meat and Seafood,2025-09-14,2844.82,323,186,20.957251337011737,0.007366811023900189,1,1,Manager_Special,25.0,2560.28,0.1111362819691596,3206.315,-0.11274469289511477,2560.28,0.1111362819691596,,,,,332.0,342.75,2.5000000000000293,3026.57,3206.315,9.35532854657343,2.0,8.0,37,0,0
S0005,Meat and Seafood,2025-09-21,3378.28,346,190,42.58508915960255,0.012605553464959255,0,1,None,,2560.28,0.3194963050916306,3131.505,0.07880396167338072,2560.28,0.3194963050916306,,,,,323.0,341.25,-10.29999999999998,2844.82,3131.505,9.168098268123865,2.0,8.0,38,0,0
S0005,Meat and Seafood,2025-09-28,3100.28,328,183,180.18616636152873,0.05811932030704605,0,1,None,,2560.28,0.21091443123408377,3156.5175000000004,-0.017816311805652962,2560.28,0.21091443123408377,,,,,346.0,341.0,-6.000000000000005,3378.28,3156.5175000000004,9.247214849556793,2.0,8.0,39,0,0
S0005,Meat and Seafood,2025-10-05,3387.41,361,204,156.80568695315011,0.04629073154804116,0,1,None,,2560.28,0.32306232130860674,3087.4875,0.0971412839728095,2560.28,0.32306232130860674,,,,,328.0,332.25,1.1000000000000152,3100.28,3087.4875,9.28488878962264,2.0,8.0,40,0,0
S0005,Meat and Seafood,2025-10-12,3753.89,399,204,10.981231570761699,0.0029252939139830145,0,1,None,,2560.28,0.4662029153061382,3177.6975,0.18132389882926225,2560.28,0.4662029153061382,,,,,361.0,339.5,9.600000000000005,3387.41,3177.6975,9.35169691547786,2.0,8.0,41,0,0
S0005,Meat and Seafood,2025-10-19,3406.4,358,195,73.63056316968452,0.021615360254134724,0,1,None,,2560.28,0.3304794788070054,3404.965,0.0004214433922228115,2560.28,0.3304794788070054,,,,,399.0,358.5,19.200000000000014,3753.89,3404.965,9.501885253971151,2.0,8.0,42,0,0
S0005,Meat and Seafood,2025-10-26,2409.18,270,159,34.60427755575915,0.014363508561319266,1,1,Manager_Special,15.0,2560.28,-0.05901698251753728,3411.995,-0.2939086956458026,2560.28,-0.05901698251753728,,,,,358.0,361.5,12.799999999999997,3406.4,3411.995,9.439702446466388,2.0,8.0,43,0,0
S0005,Pet Food,2024-12-29,1361.52,176,108,32.172126382218416,0.023629565766362902,0,1,None,,,,3515.9,-0.6127534912824597,,,,,,,,372.6666666666667,,,3515.9,9.43557887171128,2.0,7.0,52,0,1
S0005,Pet Food,2025-01-05,2086.97,273,159,46.576963377639046,0.022317984148137755,0,1,None,,,,2840.603333333333,-0.26530748749385397,,,,,,,176.0,311.0,,1361.52,2840.603333333333,8.886412834608956,1.0,7.0,1,1,0
S0005,Pet Food,2025-01-12,2624.21,344,196,25.646998999538496,0.00977322660897508,0,1,None,,,,2284.9633333333336,0.14846919498343505,,,,,,,273.0,269.0,,2086.97,2284.9633333333336,8.298523881456846,0.0,7.0,2,1,0
S0005,Pet Food,2025-01-19,2084.75,292,166,68.80171886476701,0.03300238343435281,1,1,BOGO,50.0,,,2024.2333333333333,0.029896092347720116,,,,,,,344.0,264.3333333333333,,2624.21,2024.2333333333333,7.669668429116107,0.0,7.0,3,0,0
S0005,Pet Food,2025-01-26,2417.7,315,178,8.087866766677228,0.003345273097024953,0,1,None,,,,2039.3625,0.1855175330526083,,,,,,,292.0,271.25,41.90000000000003,2084.75,2039.3625,7.537140020467217,1.0,7.0,4,0,0
S0005,Pet Food,2025-02-02,2203.33,292,173,39.81114118056085,0.018068623937658387,0,1,None,,,,2303.4075000000003,-0.04344758797564057,,,,,,,315.0,306.0,7.400000000000034,2417.7,2303.4075000000003,7.521972271549468,1.0,7.0,5,0,0
S0005,Pet Food,2025-02-09,2053.52,286,154,31.030264597964756,0.0151107681434633,0,1,None,,,,2332.4975,-0.1196046298013181,,,,,,,292.0,310.75,-13.299999999999999,2203.33,2332.4975,7.497240254137656,1.0,7.0,6,0,0
S0005,Pet Food,2025-02-16,2450.58,326,179,22.34469912157832,0.009118126778794538,0,1,None,,,,2189.825,0.11907572522918504,,,,,,,286.0,296.25,-4.09999999999999,2053.52,2189.825,7.385145858707505,1.0,7.0,7,0,0
S0005,Pet Food,2025-02-23,2522.81,341,187,131.74161936097215,0.05222019072422107,0,1,None,,,,2281.2825,0.1058735601574992,,,,,,,326.0,304.75,2.7000000000000015,2450.58,2281.2825,7.479536301181662,1.0,8.0,8,0,0
S0005,Pet Food,2025-03-02,2347.69,321,174,105.89669700034895,0.04510676324401814,0,1,None,,,,2307.56,0.017390663731387312,,,,,,,341.0,311.25,18.700000000000003,2522.81,2307.56,7.410294226052491,1.0,8.0,9,0,0
S0005,Pet Food,2025-03-09,2195.65,294,157,58.55881735186213,0.026670378863599447,0,1,None,,,,2343.65,-0.06314936103940434,,,,,,,321.0,318.5,12.000000000000018,2347.69,2343.65,7.352300557934878,1.0,8.0,10,0,0
S0005,Pet Food,2025-03-16,1982.86,351,203,67.82251207306346,0.034204387638594486,1,1,Coupon,25.0,,,2379.1825,-0.16657927670533892,,,,,,,294.0,320.5,-11.59999999999998,2195.65,2379.1825,7.424314912627804,1.0,8.0,11,0,0
S0005,Pet Food,2025-03-23,1977.1,267,148,24.844348366492053,0.012566055518937866,0,1,None,,,,2262.2525,-0.12604804282457424,,,,,,,351.0,326.75,0.30000000000000654,1982.86,2262.2525,6.957329218816958,1.0,8.0,12,0,0
S0005,Pet Food,2025-03-30,1240.46,240,137,78.4310202406023,0.06322736746094376,1,1,Coupon,30.0,,,2125.825,-0.4164806604494725,,,,,,,267.0,308.25,-10.499999999999996,1977.1,2125.825,6.958978998601025,1.0,8.0,13,0,0
S0005,Pet Food,2025-04-06,2333.08,302,161,7.743683262333789,0.0033190817555908024,0,1,None,,,,1849.0175,0.2617944394793451,,,,,,,240.0,288.0,-24.599999999999973,1240.46,1849.0175,6.422705828819094,2.0,8.0,14,0,0
S0005,Pet Food,2025-04-13,2480.26,331,176,19.413982193865852,0.007827398012251074,0,1,None,,,,1883.375,0.31692307692307703,,,,,,,302.0,290.0,-17.399999999999974,2333.08,1883.375,6.487014124985243,2.0,8.0,15,0,0
S0005,Pet Food,2025-04-20,2337.15,312,164,8.102045704235747,0.0034666348776226374,0,1,None,,,,2007.7250000000001,0.16407874584417684,,,,,,,331.0,285.0,25.399999999999995,2480.26,2007.7250000000001,6.948028834791494,2.0,8.0,16,0,0
S0005,Pet Food,2025-04-27,2109.43,278,154,0.0,0.0,0,0,None,,,,2097.7375,0.005573862315947374,,,,,,,312.0,296.25,24.500000000000032,2337.15,2097.7375,6.96952795248092,2.0,8.0,17,0,0
S0005,Pet Food,2025-05-04,2612.69,346,183,3.868665910553628,0.0014807213678444929,0,1,None,,2109.43,0.23857629786245585,2314.98,0.12860154299389198,2109.43,0.23857629786245585,2308.9466666666667,0.13155060604835683,,,278.0,305.75,-9.099999999999989,2109.43,2314.98,7.574351543608018,2.0,7.0,18,0,0
S0005,Pet Food,2025-05-11,2569.58,353,194,140.24914054904096,0.05458056980091726,0,1,None,,2109.43,0.21813949739977156,2384.8825,0.07744511522056108,2109.43,0.21813949739977156,2353.09,0.09200243084624887,,,346.0,316.75,1.1000000000000099,2612.69,2384.8825,7.530775719621493,2.0,7.0,19,0,0
S0005,Pet Food,2025-05-18,2477.78,318,175,34.54664972952112,0.013942581556684257,0,1,None,,2109.43,0.17462063211388879,2407.2125,0.029315027235858947,2109.43,0.17462063211388879,2430.5666666666666,0.01942482548651217,,,353.0,322.25,19.10000000000002,2569.58,2407.2125,7.477283426544457,1.0,7.0,20,0,0
S0005,Pet Food,2025-05-25,2326.02,313,172,24.83324405468812,0.010676281396844447,0,1,None,,2109.43,0.10267702649530924,2442.37,-0.0476381547431388,2109.43,0.10267702649530924,,,,,318.0,323.75,12.700000000000003,2477.78,2442.37,7.552507331962939,1.0,7.0,21,0,0
S0005,Pet Food,2025-06-01,2121.93,288,166,43.52052587318985,0.020509878211434802,0,1,None,,2109.43,0.005925771416923056,2496.5175,-0.15004401130775175,2109.43,0.005925771416923056,,,,,313.0,332.5,-13.400000000000011,2326.02,2496.5175,7.513381357981741,0.0,7.0,22,0,0
S0005,Pet Food,2025-06-08,2365.44,305,170,130.7043803683379,0.055255842620543276,0,1,None,,2109.43,0.12136453923571781,2373.8275,-0.0035333232932889262,2109.43,0.12136453923571781,,,,,288.0,318.0,-19.999999999999986,2121.93,2373.8275,7.467552691074227,0.0,7.0,23,0,0
S0005,Pet Food,2025-06-15,2275.51,300,171,85.4782009513794,0.03756441454943261,0,1,None,,2109.43,0.07873216935380667,2322.7925,-0.02035588628773332,2109.43,0.07873216935380667,,,,,305.0,306.0,-6.400000000000008,2365.44,2322.7925,7.586622072953203,0.0,7.0,24,0,0
S0005,Pet Food,2025-06-22,1972.31,273,152,43.01691552629335,0.02181042307055856,0,1,None,,2109.43,-0.06500334213507909,2272.225,-0.13199177018121003,2109.43,-0.06500334213507909,,,,,300.0,301.5,-2.2000000000000175,2275.51,2272.225,7.534940154714208,0.0,7.0,25,0,0
S0005,Pet Food,2025-06-29,2471.0,326,179,62.479263289961516,0.025285011448790577,0,1,None,,2109.43,0.17140649369734962,2183.7974999999997,0.13151517024815734,2109.43,0.17140649369734962,,,,,273.0,291.5,-4.999999999999994,1972.31,2183.7974999999997,7.4832413928796635,0.0,8.0,26,0,0
S0005,Pet Food,2025-07-06,2404.19,316,181,86.69918202068945,0.03606170145483071,0,1,None,,2109.43,0.13973443062817928,2271.065,0.05861787311239441,2109.43,0.13973443062817928,,,,,326.0,301.0,3.6000000000000063,2471.0,2271.065,7.536226918186413,0.0,8.0,27,0,0
S0005,Pet Food,2025-07-13,2438.57,318,191,77.3167718621994,0.0317057832509214,0,1,None,,2109.43,0.15603267233328452,2280.7525,0.06919536424929934,2109.43,0.15603267233328452,,,,,316.0,303.75,10.099999999999987,2404.19,2280.7525,7.499390722917685,0.0,8.0,28,0,0
S0005,Pet Food,2025-07-20,2085.94,275,163,31.156012164831484,0.014936197668596165,0,1,None,,2109.43,-0.011135709646681702,2321.5175,-0.10147565116351691,2109.43,-0.011135709646681702,,,,,318.0,308.25,12.499999999999996,2438.57,2321.5175,7.520247169458566,0.0,8.0,29,0,0
S0005,Pet Food,2025-07-27,2512.31,328,191,62.494511208158045,0.024875318415385858,0,1,None,,2109.43,0.1909899830759969,2349.925,0.0691022053895336,2109.43,0.1909899830759969,,,,,275.0,308.75,-15.100000000000025,2085.94,2349.925,7.610411571722968,0.0,8.0,30,0,0
S0005,Pet Food,2025-08-03,2361.28,309,169,33.31875129034918,0.014110461821702286,0,1,None,,2109.43,0.1193924425081659,2360.2525,0.0004353347788002112,2109.43,0.1193924425081659,,,,,328.0,309.25,-0.6999999999999974,2512.31,2360.2525,7.630343348245487,0.0,8.0,31,0,0
S0005,Pet Food,2025-08-10,2304.45,346,196,133.35058690280064,0.0578665568369028,1,1,Manager_Special,10.0,2109.43,0.09245151533826673,2349.525,-0.019184728828167512,2109.43,0.09245151533826673,,,,,309.0,307.5,2.6000000000000107,2361.28,2349.525,7.6387150095866865,0.0,8.0,32,0,0
S0005,Pet Food,2025-08-17,2300.98,313,186,46.28572034414208,0.020115655218273118,0,1,None,,2109.43,0.090806521192929,2315.995,-0.006483174618252575,2109.43,0.090806521192929,,,,,346.0,314.5,19.40000000000001,2304.45,2315.995,7.386665258614205,1.0,8.0,33,0,0
S0005,Pet Food,2025-08-24,1932.57,257,144,40.26395853817572,0.02083441145116385,0,1,None,,2109.43,-0.08384255462376088,2369.755,-0.18448531599258158,2109.43,-0.08384255462376088,,,,,313.0,324.0,-0.799999999999999,2300.98,2369.755,7.328199618184348,1.0,8.0,34,0,0
S0005,Pet Food,2025-08-31,2661.78,353,205,49.864977469479506,0.018733696049064726,0,1,None,,2109.43,0.2618479873709961,2224.82,0.19640240558786778,2109.43,0.2618479873709961,,,,,257.0,306.25,-18.89999999999998,1932.57,2224.82,7.293261097969865,1.0,8.0,35,0,0
S0005,Pet Food,2025-09-07,2402.75,315,172,52.20406037109356,0.02172679653359424,0,1,None,,2109.43,0.13905178176094973,2299.9449999999997,0.044698894973575584,2109.43,0.13905178176094973,,,,,353.0,317.25,-3.500000000000002,2661.78,2299.9449999999997,7.267953700443348,1.0,8.0,36,0,0
S0005,Pet Food,2025-09-14,2334.3,308,175,17.19634697309021,0.007366811023900188,0,1,None,,2109.43,0.10660225748187917,2324.5200000000004,0.00420732022094873,2109.43,0.10660225748187917,,,,,315.0,309.5,10.199999999999998,2402.75,2324.5200000000004,7.5098331159860585,1.0,8.0,37,0,0
S0005,Pet Food,2025-09-21,1889.83,263,141,23.822353104683952,0.012605553464959257,1,1,Manager_Special,25.0,2109.43,-0.1041039522525042,2332.8500000000004,-0.18990505176072203,2109.43,-0.1041039522525042,,,,,308.0,308.25,11.500000000000016,2334.3,2332.8500000000004,7.566713691480851,1.0,8.0,38,0,0
S0005,Pet Food,2025-09-28,2121.46,284,158,123.2978132585859,0.05811932030704604,0,1,None,,2109.43,0.005702962411646843,2322.165,-0.08643012016803282,2109.43,0.005702962411646843,,,,,263.0,309.75,-27.70000000000002,1889.83,2322.165,7.483198134675952,2.0,8.0,39,0,0
S0005,Pet Food,2025-10-05,1906.73,347,187,88.26392656459653,0.04629073154804116,1,1,Coupon,30.0,2109.43,-0.09609230929682418,2187.085,-0.128186604544405,2109.43,-0.09609230929682418,,,,,284.0,292.5,-13.799999999999974,2121.46,2187.085,7.465567214594557,2.0,8.0,40,0,0
S0005,Pet Food,2025-10-12,2467.8,327,174,7.2190403209272835,0.0029252939139830145,0,1,None,,2109.43,0.1698894962146174,2063.08,0.19617271264323258,2109.43,0.1698894962146174,,,,,347.0,300.5,13.799999999999992,1906.73,2063.08,6.932347554011783,2.0,8.0,41,0,0
S0005,Pet Food,2025-10-19,2181.47,291,163,47.15325993358726,0.021615360254134717,0,1,None,,2109.43,0.03415140583001094,2096.455,0.04055178861458981,2109.43,0.03415140583001094,,,,,327.0,305.25,25.5,2467.8,2096.455,6.92432077574418,2.0,8.0,42,0,0
S0005,Pet Food,2025-10-26,2273.58,294,174,32.656585794844254,0.014363508561319266,0,1,None,,2109.43,0.0778172302470336,2169.365,0.04803940323550908,2109.43,0.0778172302470336,,,,,291.0,312.25,0.1000000000000426,2181.47,2169.365,7.002019546209207,2.0,8.0,43,0,0
S0005,Prepared Meals,2024-12-29,1947.76,250,146,46.024723017091006,0.023629565766362902,0,1,None,,,,2185.333333333333,-0.10871262965222685,,,,,,,,321.6666666666667,,,2185.333333333333,6.846049535790681,2.0,7.0,52,0,1
S0005,Prepared Meals,2025-01-05,3172.13,416,224,70.79554705583223,0.022317984148137758,1,1,Manager_Special,15.0,,,2199.0099999999998,0.44252640961159817,,,,,,,250.0,289.3333333333333,,1947.76,2199.0099999999998,7.611429823975119,2.0,7.0,1,1,0
S0005,Prepared Meals,2025-01-12,3393.5,434,247,33.16544449755693,0.00977322660897508,1,1,Manager_Special,20.0,,,2433.7866666666664,0.39432927564179837,,,,,,,416.0,319.0,,3172.13,2433.7866666666664,7.637604327033222,3.0,7.0,2,1,0
S0005,Prepared Meals,2025-01-19,3554.04,437,249,117.29179082102723,0.0330023834343528,0,1,None,,,,2837.7966666666666,0.25239416965509626,,,,,,,434.0,366.6666666666667,,3393.5,2837.7966666666666,7.745158974654381,3.0,7.0,3,0,0
S0005,Prepared Meals,2025-01-26,3712.55,452,248,12.41949363635999,0.003345273097024953,0,1,None,,,,3016.8575,0.23060171055477433,,,,,,,437.0,384.25,57.90000000000001,3554.04,3016.8575,7.842072892318017,3.0,7.0,4,0,0
S0005,Prepared Meals,2025-02-02,3156.2599999999998,392,216,57.029274989473656,0.018068623937658387,0,1,None,,,,3458.0550000000003,-0.08727304799952589,,,,,,,452.0,434.75,11.10000000000002,3712.55,3458.0550000000003,7.947714440990584,2.0,7.0,5,0,0
S0005,Prepared Meals,2025-02-09,3326.14,409,214,50.26053035269902,0.0151107681434633,0,1,None,,,,3454.0874999999996,-0.03704234475820308,,,,,,,392.0,428.75,-11.099999999999987,3156.2599999999998,3454.0874999999996,8.05430723435793,2.0,7.0,6,0,0
S0005,Prepared Meals,2025-02-16,3574.23,456,242,32.590282276570804,0.009118126778794538,0,1,None,,,,3437.2474999999995,0.039852381884051276,,,,,,,409.0,422.5,-14.399999999999991,3326.14,3437.2474999999995,8.132619037902598,2.0,7.0,7,0,0
S0005,Prepared Meals,2025-02-23,3678.44,456,253,192.08883836760376,0.05222019072422107,0,1,None,,,,3442.295,0.06860103506526895,,,,,,,456.0,427.25,2.9000000000000266,3574.23,3442.295,8.058971297628,2.0,8.0,8,0,0
S0005,Prepared Meals,2025-03-02,3207.11,472,245,144.66235146752305,0.04510676324401815,1,1,Bundle,25.0,,,3433.7675,-0.06600840039402779,,,,,,,456.0,428.25,23.900000000000045,3678.44,3433.7675,8.022258345446662,2.0,8.0,9,0,0
S0005,Prepared Meals,2025-03-09,3340.16,405,239,89.08333266504032,0.026670378863599443,0,1,None,,,,3446.48,-0.03084886608945944,,,,,,,472.0,448.25,18.90000000000001,3207.11,3446.48,7.708018571147111,2.0,8.0,10,0,0
S0005,Prepared Meals,2025-03-16,4124.79,519,268,141.08591608779815,0.034204387638594486,0,1,None,,,,3449.9849999999997,0.19559650259348965,,,,,,,405.0,447.25,-13.700000000000022,3340.16,3449.9849999999997,7.736752822105487,1.0,8.0,11,0,0
S0005,Prepared Meals,2025-03-23,3114.46,389,215,39.136477271511225,0.012566055518937866,0,1,None,,,,3587.625,-0.13188808752308281,,,,,,,519.0,463.0,12.200000000000001,4124.79,3587.625,7.7640899646366694,1.0,8.0,12,0,0
S0005,Prepared Meals,2025-03-30,2238.76,388,223,141.55090117686245,0.06322736746094375,1,1,BOGO,100.0,,,3446.63,-0.3504495695795603,,,,,,,389.0,446.25,-13.499999999999963,3114.46,3446.63,7.748982345009194,1.0,8.0,13,0,0
S0005,Prepared Meals,2025-04-06,3316.08,408,223,11.006340628079547,0.0033190817555908024,0,1,None,,,,3204.5425000000005,0.03480606045948819,,,,,,,388.0,425.25,-18.100000000000023,2238.76,3204.5425000000005,7.492801200941398,2.0,8.0,14,0,0
S0005,Prepared Meals,2025-04-13,3070.86,375,207,24.036843459901338,0.007827398012251074,0,1,None,,,,3198.5225,-0.039912959811913125,,,,,,,408.0,426.0,-33.40000000000008,3316.08,3198.5225,7.462885805153453,2.0,8.0,15,0,0
S0005,Prepared Meals,2025-04-20,3605.53,454,238,12.49905605031475,0.0034666348776226374,1,1,Bundle,15.0,,,2935.04,0.22844322394243358,,,,,,,375.0,390.0,-2.1999999999999957,3070.86,2935.04,7.523232741569638,2.0,8.0,16,0,0
S0005,Prepared Meals,2025-04-27,2862.2599999999998,360,199,0.0,0.0,0,0,None,,,,3057.8075000000003,-0.06395023231514756,,,,,,,454.0,406.25,16.50000000000001,3605.53,3057.8075000000003,7.507075773516458,3.0,8.0,17,0,0
S0005,Prepared Meals,2025-05-04,3562.66,454,248,5.27530678836486,0.0014807213678444927,0,1,None,,2862.2599999999998,0.2447017391851195,3213.6825000000003,0.10859115671818839,2862.2599999999998,0.2447017391851195,3179.5499999999997,0.12049189350694285,,,360.0,399.25,-6.500000000000016,2862.2599999999998,3213.6825000000003,8.052256329072014,2.0,7.0,18,0,0
S0005,Prepared Meals,2025-05-11,3441.97,451,249,187.86468383766314,0.05458056980091725,1,1,BOGO,100.0,2862.2599999999998,0.20253575845660426,3275.3275000000003,0.05087811829504056,2862.2599999999998,0.20253575845660426,3343.4833333333336,0.02945630554960133,,,454.0,410.75,14.29999999999999,3562.66,3275.3275000000003,7.982161744982871,2.0,7.0,19,0,0
S0005,Prepared Meals,2025-05-18,3158.31,434,228,44.03499475629146,0.013942581556684258,1,1,Manager_Special,10.0,2862.2599999999998,0.10343225283517228,3368.105,-0.06228873506021934,2862.2599999999998,0.10343225283517228,3288.963333333333,-0.03972477649999134,,,451.0,429.75,8.499999999999993,3441.97,3368.105,7.842887376911918,3.0,7.0,20,0,0
S0005,Prepared Meals,2025-05-25,3115.28,419,220,33.259605909961564,0.010676281396844445,1,1,Manager_Special,20.0,2862.2599999999998,0.08839867796775991,3256.2999999999997,-0.04330682062463518,2862.2599999999998,0.08839867796775991,,,,,434.0,424.75,21.900000000000016,3158.31,3256.2999999999997,7.67676636349305,4.0,7.0,21,0,0
S0005,Prepared Meals,2025-06-01,3438.77,429,236,70.52875389713566,0.020509878211434802,0,1,None,,2862.2599999999998,0.20141776079042445,3319.555,0.03591294616296466,2862.2599999999998,0.20141776079042445,,,,,419.0,439.5,-12.199999999999978,3115.28,3319.555,7.547844757818163,4.0,7.0,22,0,0
S0005,Prepared Meals,2025-06-08,3357.2,418,230,185.50491484568786,0.05525584262054327,0,1,None,,2862.2599999999998,0.17291930153095808,3288.5825,0.020865372846811607,2862.2599999999998,0.17291930153095808,,,,,429.0,433.25,-8.099999999999964,3438.77,3288.5825,7.589972798646644,4.0,7.0,23,0,0
S0005,Prepared Meals,2025-06-15,3592.14,440,249,134.93663607959883,0.0375644145494326,0,1,None,,2862.2599999999998,0.2550012926848016,3267.39,0.09939125724201886,2862.2599999999998,0.2550012926848016,,,,,418.0,425.0,-3.7999999999999834,3357.2,3267.39,7.6899019035597025,4.0,7.0,24,0,0
S0005,Prepared Meals,2025-06-22,3215.18,398,214,70.12443604799846,0.021810423070558558,0,1,None,,2862.2599999999998,0.12330116760881266,3375.8475,-0.04759323399531526,2862.2599999999998,0.12330116760881266,,,,,440.0,426.5,5.2000000000000455,3592.14,3375.8475,7.911587544531633,3.0,7.0,25,0,0
S0005,Prepared Meals,2025-06-29,3408.03,430,232,86.17207756782176,0.025285011448790577,0,1,None,,2862.2599999999998,0.19067799570968413,3400.8224999999998,0.0021193402478372324,2862.2599999999998,0.19067799570968413,,,,,398.0,421.25,-7.099999999999966,3215.18,3400.8224999999998,8.072414021786644,3.0,8.0,26,0,0
S0005,Prepared Meals,2025-07-06,3200.49,398,221,115.41511488917114,0.03606170145483071,0,1,None,,2862.2599999999998,0.11816885957250566,3393.1375,-0.05677562432998959,2862.2599999999998,0.11816885957250566,,,,,430.0,421.5,-0.6000000000000298,3408.03,3393.1375,8.049881591039096,3.0,8.0,27,0,0
S0005,Prepared Meals,2025-07-13,2669.14,412,235,84.62717430636434,0.031705783250921396,1,1,Coupon,20.0,2862.2599999999998,-0.06747115915395524,3353.96,-0.2041825185750576,2862.2599999999998,-0.06747115915395524,,,,,398.0,416.5,-9.400000000000027,3200.49,3353.96,8.052344894397997,2.0,8.0,28,0,0
S0005,Prepared Meals,2025-07-20,3308.47,407,231,49.415961900620346,0.014936197668596163,0,1,None,,2862.2599999999998,0.1558942933206627,3123.21,0.05931717687891617,2862.2599999999998,0.1558942933206627,,,,,412.0,409.5,1.000000000000018,2669.14,3123.21,7.630980044442127,2.0,8.0,29,0,0
S0005,Prepared Meals,2025-07-27,3626.45,452,252,90.20909846747604,0.024875318415385858,0,1,None,,2862.2599999999998,0.2669883239118739,3146.5325000000003,0.1525226578781562,2862.2599999999998,0.2669883239118739,,,,,407.0,411.75,-5.5000000000000195,3308.47,3146.5325000000003,7.643624347036178,1.0,8.0,30,0,0
S0005,Prepared Meals,2025-08-03,3234.94,411,222,45.64649736549759,0.014110461821702284,0,1,None,,2862.2599999999998,0.13020480319747343,3201.1375,0.010559527667899376,2862.2599999999998,0.13020480319747343,,,,,452.0,417.25,15.699999999999987,3626.45,3201.1375,7.667991423595142,1.0,8.0,31,0,0
S0005,Prepared Meals,2025-08-10,3038.58,446,239,175.83216227347611,0.057866556836902804,1,1,Coupon,15.0,2862.2599999999998,0.061601671406511,3209.75,-0.05332814082093623,2862.2599999999998,0.061601671406511,,,,,411.0,420.5,4.199999999999974,3234.94,3209.75,7.625358444221387,1.0,8.0,32,0,0
S0005,Prepared Meals,2025-08-17,3026.32,374,207,60.87640970016432,0.02011565521827312,0,1,None,,2862.2599999999998,0.05731834284795945,3302.11,-0.08351932552216612,2862.2599999999998,0.05731834284795945,,,,,446.0,429.0,7.6000000000000245,3038.58,3302.11,7.7089745681275215,2.0,8.0,33,0,0
S0005,Prepared Meals,2025-08-24,3544.0,442,238,73.83715418292468,0.02083441145116385,0,1,None,,2862.2599999999998,0.23818241529420817,3231.5725,0.09667971243102229,2862.2599999999998,0.23818241529420817,,,,,374.0,420.75,-19.899999999999984,3026.32,3231.5725,7.69968601486838,2.0,8.0,34,0,0
S0005,Prepared Meals,2025-08-31,3580.23,446,247,67.070940605743,0.018733696049064726,1,1,Manager_Special,15.0,2862.2599999999998,0.2508402451209884,3210.96,0.11500298976007174,2862.2599999999998,0.2508402451209884,,,,,442.0,418.25,2.1000000000000516,3544.0,3210.96,7.6984310344895714,2.0,8.0,35,0,0
S0005,Prepared Meals,2025-09-07,3081.43,385,228,66.9496026425133,0.02172679653359424,0,1,None,,2862.2599999999998,0.07657235890520081,3297.2825,-0.06546375689677787,2862.2599999999998,0.07657235890520081,,,,,446.0,427.0,6.799999999999998,3580.23,3297.2825,7.737561354828239,3.0,8.0,36,0,0
S0005,Prepared Meals,2025-09-14,3191.09,405,207,23.508156990257653,0.007366811023900188,0,1,None,,2862.2599999999998,0.11488474142810241,3307.995,-0.0353401380594589,2862.2599999999998,0.11488474142810241,,,,,385.0,411.75,3.7000000000000437,3081.43,3307.995,8.03525001594291,2.0,8.0,37,0,0
S0005,Prepared Meals,2025-09-21,3257.41,399,204,41.06145591229293,0.012605553464959255,0,1,None,,2862.2599999999998,0.13805524305968014,3349.1875,-0.02740291488607316,2862.2599999999998,0.13805524305968014,,,,,405.0,419.5,-17.19999999999999,3191.09,3349.1875,7.98211748144763,2.0,8.0,38,0,0
S0005,Prepared Meals,2025-09-28,3743.79,466,256,217.5865301723159,0.058119320307046037,0,1,None,,2862.2599999999998,0.3079839008336071,3277.54,0.14225608230563166,2862.2599999999998,0.3079839008336071,,,,,399.0,408.75,-12.100000000000028,3257.41,3277.54,8.018576303842984,2.0,8.0,39,0,0
S0005,Prepared Meals,2025-10-05,3904.19,494,265,180.72781120254686,0.04629073154804117,1,1,Bundle,10.0,2862.2599999999998,0.3640235338508732,3318.4300000000003,0.17651720843893037,2862.2599999999998,0.3640235338508732,,,,,466.0,413.75,23.700000000000017,3743.79,3318.4300000000003,8.020191952719983,2.0,8.0,40,0,0
S0005,Prepared Meals,2025-10-12,3626.73,451,240,10.609251196659619,0.0029252939139830145,0,1,None,,2862.2599999999998,0.2670861487076647,3524.12,0.02911648865532392,2862.2599999999998,0.2670861487076647,,,,,494.0,441.0,33.39999999999998,3904.19,3524.12,7.995068037161858,2.0,8.0,41,0,0
S0005,Prepared Meals,2025-10-19,2975.02,390,197,64.30612906325588,0.021615360254134724,1,1,Bundle,20.0,2862.2599999999998,0.039395442762013316,3633.0299999999997,-0.18111879065132955,2862.2599999999998,0.039395442762013316,,,,,451.0,452.5,18.400000000000052,3626.73,3633.0299999999997,8.035641878556838,2.0,8.0,42,0,0
S0005,Prepared Meals,2025-10-26,2919.66,360,199,41.9365614061414,0.014363508561319264,0,1,None,,2862.2599999999998,0.020054083137101483,3562.4325,-0.18043078710965052,2862.2599999999998,0.020054083137101483,,,,,390.0,450.25,-27.099999999999962,2975.02,3562.4325,7.901722271847758,3.0,8.0,43,0,0
S0005,Snacks/Cookies/Chips,2024-12-29,643.19,204,111,15.198300405266956,0.023629565766362902,0,1,None,,,,3501.9799999999996,-0.8163353302988595,,,,,,,,445.0,,,3501.9799999999996,7.857668322406453,2.0,7.0,52,0,1
S0005,Snacks/Cookies/Chips,2025-01-05,1065.44,336,185,23.778473030791893,0.022317984148137758,0,1,None,,,,2414.98,-0.5588203629015561,,,,,,,204.0,348.3333333333333,,643.19,2414.98,6.274226166866774,2.0,7.0,1,1,0
S0005,Snacks/Cookies/Chips,2025-01-12,1397.38,435,239,13.6569113988496,0.009773226608975082,0,1,None,,,,1561.2166666666665,-0.10494165874905237,,,,,,,336.0,310.0,,1065.44,1561.2166666666665,4.650700316023849,2.0,7.0,2,1,0
S0005,Snacks/Cookies/Chips,2025-01-19,1102.9,387,216,36.39832868974771,0.0330023834343528,1,1,Bundle,20.0,,,1035.3366666666668,0.06525735590033509,,,,,,,435.0,325.0,,1397.38,1035.3366666666668,3.178737451302364,2.0,7.0,3,0,0
S0005,Snacks/Cookies/Chips,2025-01-26,1073.24,367,200,3.5902808986510606,0.003345273097024953,1,1,BOGO,100.0,,,1052.2275,0.019969540807477513,,,,,,,387.0,340.5,64.80000000000003,1102.9,1052.2275,3.096520788735171,3.0,7.0,4,0,0
S0005,Snacks/Cookies/Chips,2025-02-02,1126.52,356,197,20.354666238250925,0.018068623937658387,0,1,None,,,,1159.74,-0.0286443513201235,,,,,,,367.0,381.25,4.500000000000014,1073.24,1159.74,3.039387667775615,3.0,7.0,5,0,0
S0005,Snacks/Cookies/Chips,2025-02-09,1035.88,330,181,15.652942504450765,0.0151107681434633,0,1,None,,,,1175.01,-0.1184075029148687,,,,,,,356.0,386.25,-25.699999999999978,1126.52,1175.01,3.0377450781554973,3.0,7.0,6,0,0
S0005,Snacks/Cookies/Chips,2025-02-16,907.61,358,204,8.275703045701711,0.009118126778794538,1,1,Coupon,20.0,,,1084.635,-0.16321158730817278,,,,,,,330.0,360.0,-18.200000000000042,1035.88,1084.635,3.019410699890085,2.0,7.0,7,0,0
S0005,Snacks/Cookies/Chips,2025-02-23,934.65,398,215,48.80760126039323,0.05222019072422108,1,1,Manager_Special,25.0,,,1035.8125,-0.09766487660652871,,,,,,,358.0,352.75,-5.29999999999997,907.61,1035.8125,2.9407488655534744,3.0,8.0,8,0,0
S0005,Snacks/Cookies/Chips,2025-03-02,818.58,353,177,36.92349425628837,0.04510676324401814,1,1,Coupon,25.0,,,1001.1650000000001,-0.1823725359955652,,,,,,,398.0,360.5,15.400000000000025,934.65,1001.1650000000001,2.796750655840057,4.0,8.0,9,0,0
S0005,Snacks/Cookies/Chips,2025-03-09,1030.82,324,181,27.49235994017558,0.026670378863599447,0,1,None,,,,924.1800000000001,0.11538877707805824,,,,,,,353.0,359.75,10.900000000000048,818.58,924.1800000000001,2.5853860284090486,5.0,8.0,10,0,0
S0005,Snacks/Cookies/Chips,2025-03-16,1192.04,371,207,40.77299824071017,0.034204387638594486,0,1,None,,,,922.9150000000001,0.2916032354008764,,,,,,,324.0,358.25,-14.699999999999976,1030.82,922.9150000000001,2.5960142551206085,5.0,8.0,11,0,0
S0005,Snacks/Cookies/Chips,2025-03-23,1002.09,323,169,12.592318574972447,0.012566055518937866,0,1,None,,,,994.0225,0.00811601347052003,,,,,,,371.0,361.5,-11.000000000000005,1192.04,994.0225,2.7654698447244273,4.0,8.0,12,0,0
S0005,Snacks/Cookies/Chips,2025-03-30,1150.71,361,203,72.7563640109826,0.06322736746094376,0,1,None,,,,1010.8825,0.13832220856528823,,,,,,,323.0,342.75,-4.300000000000016,1002.09,1010.8825,2.953989591290073,3.0,8.0,13,0,0
S0005,Snacks/Cookies/Chips,2025-04-06,948.73,297,164,3.1489124339816623,0.003319081755590803,0,1,None,,,,1093.915,-0.13272054958566246,,,,,,,361.0,344.75,6.300000000000018,1150.71,1093.915,3.1711492948205553,3.0,8.0,14,0,0
S0005,Snacks/Cookies/Chips,2025-04-13,1195.39,377,217,9.356793309864813,0.007827398012251074,0,1,None,,,,1073.3925,0.113656001881884,,,,,,,297.0,338.0,-18.399999999999995,948.73,1073.3925,3.174357768445696,3.0,8.0,15,0,0
S0005,Snacks/Cookies/Chips,2025-04-20,1217.12,383,203,4.219310642252064,0.0034666348776226374,0,1,None,,,,1074.23,0.13301620695754157,,,,,,,377.0,339.5,9.800000000000002,1195.39,1074.23,3.163795251912132,2.0,8.0,16,0,0
S0005,Snacks/Cookies/Chips,2025-04-27,1035.53,326,186,0.0,0.0,0,0,None,,,,1127.9875,-0.08196677711410807,,,,,,,383.0,354.5,14.60000000000001,1217.12,1127.9875,3.182648548761997,1.0,8.0,17,0,0
S0005,Snacks/Cookies/Chips,2025-05-04,1190.11,380,206,1.7622213070854094,0.0014807213678444929,0,1,None,,1035.53,0.1492762160439581,1099.1925,0.08271299158245693,1035.53,0.1492762160439581,1149.3466666666666,0.03546652591037226,,,326.0,345.75,9.299999999999994,1035.53,1099.1925,3.179876065204055,0.0,7.0,18,0,0
S0005,Snacks/Cookies/Chips,2025-05-11,1315.07,403,234,71.77726992809225,0.05458056980091726,0,1,None,,1035.53,0.2699487219105192,1159.5375,0.13413322121966736,1035.53,0.2699487219105192,1147.5866666666664,0.14594395194553234,,,380.0,366.5,-4.799999999999967,1190.11,1159.5375,3.1642488943729363,0.0,7.0,19,0,0
S0005,Snacks/Cookies/Chips,2025-05-18,1296.87,408,232,18.081715743417114,0.013942581556684258,0,1,None,,1035.53,0.25237318088321914,1189.4575,0.0903037729385034,1035.53,0.25237318088321914,1180.2366666666667,0.09882198768043687,,,403.0,373.0,11.40000000000001,1315.07,1189.4575,3.187350203519852,0.0,7.0,20,0,0
S0005,Snacks/Cookies/Chips,2025-05-25,1110.01,344,194,11.850779113311303,0.010676281396844445,0,1,None,,1035.53,0.07192452174248937,1209.395,-0.08217745236254491,1035.53,0.07192452174248937,,,,,408.0,379.25,26.89999999999996,1296.87,1209.395,3.1875361868557452,0.0,7.0,21,0,0
S0005,Snacks/Cookies/Chips,2025-06-01,1069.26,356,200,21.93039237635878,0.020509878211434802,1,1,Coupon,20.0,1035.53,0.032572692244551116,1228.0149999999999,-0.12927773683546204,1035.53,0.032572692244551116,,,,,344.0,383.75,-10.299999999999985,1110.01,1228.0149999999999,3.200111402649724,0.0,7.0,22,0,0
S0005,Snacks/Cookies/Chips,2025-06-08,1186.21,366,190,65.54503307491464,0.055255842620543276,0,1,None,,1035.53,0.14551002868096538,1197.8025,-0.00967813976010233,1035.53,0.14551002868096538,,,,,356.0,377.75,-20.500000000000025,1069.26,1197.8025,3.1680291288472406,1.0,7.0,23,0,0
S0005,Snacks/Cookies/Chips,2025-06-15,1179.91,367,204,44.32262837102103,0.03756441454943261,0,1,None,,1035.53,0.1394261875561308,1165.5875,0.012287794781601543,1035.53,0.1394261875561308,,,,,366.0,368.5,-11.400000000000002,1186.21,1165.5875,3.16248161294872,1.0,7.0,24,0,0
S0005,Snacks/Cookies/Chips,2025-06-22,1101.82,354,198,24.031160347602828,0.021810423070558558,0,1,None,,1035.53,0.0640155282802043,1136.3475,-0.030384631461766884,1035.53,0.0640155282802043,,,,,367.0,358.25,7.900000000000021,1179.91,1136.3475,3.171584283649153,1.0,7.0,25,0,0
S0005,Snacks/Cookies/Chips,2025-06-29,1072.96,373,216,27.12980588409434,0.025285011448790577,1,1,BOGO,100.0,1035.53,0.03614574179405721,1134.3,-0.05407740456669304,1035.53,0.03614574179405721,,,,,354.0,360.75,-0.4999999999999822,1101.82,1134.3,3.1430124386222182,1.0,8.0,26,0,0
S0005,Snacks/Cookies/Chips,2025-07-06,953.19,380,207,34.37365320973009,0.03606170145483071,1,1,Coupon,20.0,1035.53,-0.07951483781252104,1135.225,-0.16035147217511936,1035.53,-0.07951483781252104,,,,,373.0,365.0,0.8000000000000221,1072.96,1135.225,3.1112696983143593,2.0,8.0,27,0,0
S0005,Snacks/Cookies/Chips,2025-07-13,1143.2,365,211,36.24605141245335,0.0317057832509214,0,1,None,,1035.53,0.10397574189062612,1076.97,0.06149660621930046,1035.53,0.10397574189062612,,,,,380.0,368.5,5.800000000000001,953.19,1076.97,2.928115650284448,3.0,8.0,28,0,0
S0005,Snacks/Cookies/Chips,2025-07-20,1113.89,347,197,16.637281221072584,0.014936197668596165,0,1,None,,1035.53,0.07567139532413367,1067.7925,0.043170840776649094,1035.53,0.07567139532413367,,,,,365.0,368.0,4.000000000000035,1143.2,1067.7925,2.9073759429200345,3.0,8.0,29,0,0
S0005,Snacks/Cookies/Chips,2025-07-27,1203.77,384,211,29.944162048889034,0.024875318415385858,0,1,None,,1035.53,0.16246752870510756,1070.81,0.12416768614413393,1035.53,0.16246752870510756,,,,,347.0,366.25,-9.300000000000015,1113.89,1070.81,2.9317688832153834,3.0,8.0,30,0,0
S0005,Snacks/Cookies/Chips,2025-08-03,1118.25,360,212,15.77902393211858,0.014110461821702286,0,1,None,,1035.53,0.0798817996581461,1103.5125,0.013355082067489,1035.53,0.0798817996581461,,,,,384.0,369.0,-0.6000000000000041,1203.77,1103.5125,2.996331219145902,2.0,8.0,31,0,0
S0005,Snacks/Cookies/Chips,2025-08-10,1155.72,372,213,66.8775370675453,0.0578665568369028,1,1,Manager_Special,20.0,1035.53,0.11606616901490063,1144.7775000000001,0.009558626021213625,1035.53,0.11606616901490063,,,,,360.0,364.0,2.2000000000000095,1118.25,1144.7775000000001,3.145795034935375,2.0,8.0,32,0,0
S0005,Snacks/Cookies/Chips,2025-08-17,1274.18,400,222,25.630965566019245,0.02011565521827312,0,1,None,,1035.53,0.2304616959431403,1147.9075,0.11000233032713876,1035.53,0.2304616959431403,,,,,372.0,365.75,5.0999999999999694,1155.72,1147.9075,3.139474884692335,3.0,8.0,33,0,0
S0005,Snacks/Cookies/Chips,2025-08-24,1005.81,310,176,20.95545938169511,0.02083441145116385,0,1,None,,1035.53,-0.028700279084140516,1187.98,-0.15334433239616835,1035.53,-0.028700279084140516,,,,,400.0,379.0,5.9999999999999885,1274.18,1187.98,3.133322975470433,3.0,8.0,34,0,0
S0005,Snacks/Cookies/Chips,2025-08-31,1203.32,376,214,22.542631129760565,0.018733696049064726,0,1,None,,1035.53,0.16203296862476216,1138.49,0.056943846674103356,1035.53,0.16203296862476216,,,,,310.0,360.5,-12.199999999999955,1005.81,1138.49,3.1607556451612933,2.0,8.0,35,0,0
S0005,Snacks/Cookies/Chips,2025-09-07,878.17,338,182,19.079820911906452,0.021726796533594238,1,1,Coupon,20.0,1035.53,-0.1519608316514249,1159.7575,-0.24279860229401404,1035.53,-0.1519608316514249,,,,,376.0,364.5,-7.799999999999985,1203.32,1159.7575,3.1842729323953356,1.0,8.0,36,0,0
S0005,Snacks/Cookies/Chips,2025-09-14,1092.67,341,180,8.049493401485021,0.00736681102390019,0,1,None,,1035.53,0.05517947331318272,1090.37,0.002109375716500071,1035.53,0.05517947331318272,,,,,338.0,356.0,-12.000000000000004,878.17,1090.37,3.057113407676878,2.0,8.0,37,0,0
S0005,Snacks/Cookies/Chips,2025-09-21,1076.53,341,188,13.570256471632586,0.012605553464959255,0,1,None,,1035.53,0.03959325176479677,1044.9924999999998,0.030179642437625286,1035.53,0.03959325176479677,,,,,341.0,341.25,5.499999999999989,1092.67,1044.9924999999998,3.0618286202868488,2.0,8.0,38,0,0
S0005,Snacks/Cookies/Chips,2025-09-28,1009.33,328,177,58.661573565510785,0.05811932030704604,0,1,None,,1035.53,-0.025301053566772504,1062.6725,-0.050196556323796715,1035.53,-0.025301053566772504,,,,,341.0,349.0,-10.200000000000028,1076.53,1062.6725,3.0399363915478457,2.0,8.0,39,0,0
S0005,Snacks/Cookies/Chips,2025-10-05,1259.1,385,216,58.28466009213862,0.04629073154804116,0,1,None,,1035.53,0.21589910480623442,1014.1750000000001,0.24150171321517472,1035.53,0.21589910480623442,,,,,328.0,337.0,-3.000000000000005,1009.33,1014.1750000000001,3.009163006752827,2.0,8.0,40,0,0
S0005,Snacks/Cookies/Chips,2025-10-12,1248.59,384,213,3.652492728060052,0.0029252939139830145,0,1,None,,1035.53,0.2057497127075024,1109.4075,0.12545660634167327,1035.53,0.2057497127075024,,,,,385.0,348.75,11.899999999999993,1259.1,1109.4075,3.1772263856815908,1.0,8.0,41,0,0
S0005,Snacks/Cookies/Chips,2025-10-19,1014.15,319,179,21.921217601730728,0.02161536025413472,0,1,None,,1035.53,-0.02064643226174036,1148.3875,-0.11689216401258291,1035.53,-0.02064643226174036,,,,,384.0,359.5,18.599999999999994,1248.59,1148.3875,3.189032787654954,1.0,8.0,42,0,0
S0005,Snacks/Cookies/Chips,2025-10-26,1049.28,335,177,15.071342263221078,0.014363508561319266,0,1,None,,1035.53,0.013278224677218429,1132.7925,-0.07372268089698691,1035.53,0.013278224677218429,,,,,319.0,354.0,-2.799999999999999,1014.15,1132.7925,3.194576320873681,1.0,8.0,43,0,0
