store_id,category,week_start,week_of_year,is_year_start,is_year_end,promo_type,units,revenue,unique_baskets,units_1w_pre,units_4w_pre,trend_4w_units,revenue_1w_pre,revenue_4w_pre,avg_price_pre_4w,promo_freq_8w,realized_promo_freq_8w,treated_planned,treated_realized
1,Alcohol,2024-12-29,52,0,1,MANAGER_SPECIAL,90,1071.14,51,,,,,,,,,1,1
1,Alcohol,2025-01-05,1,1,0,BUNDLE,190,2292.06,114,90.0,90.0,,1071.14,1071.14,11.901555555555557,1.0,1.0,1,0
1,Alcohol,2025-01-12,2,1,0,COUPON,135,1648.94,76,190.0,140.0,,2292.06,1681.6,11.982514619883041,2.0,1.0,1,0
1,Alcohol,2025-01-19,3,0,0,COUPON,134,1582.21,81,135.0,138.33333333333334,,1648.94,1670.7133333333334,12.059799870045486,3.0,1.0,1,0
1,Alcohol,2025-01-26,4,0,0,BOGO,146,1682.84,82,134.0,137.25,7.7,1582.21,1648.5875,11.996734230892322,4.0,1.0,1,0
1,Alcohol,2025-02-02,5,0,0,MANAGER_SPECIAL,169,2091.49,86,146.0,151.25,-13.300000000000011,1682.84,1801.5125,11.902920684469187,5.0,1.0,1,0
1,Alcohol,2025-02-09,6,0,0,COUPON,185,2281.98,99,169.0,146.0,11.400000000000007,2091.49,1751.3700000000001,11.98097238175975,6.0,1.0,1,0
1,Alcohol,2025-02-16,7,0,0,MANAGER_SPECIAL,141,1796.9,77,185.0,158.5,17.599999999999998,2281.98,1909.63,12.011136545923915,7.0,1.0,1,0
1,Alcohol,2025-02-23,8,0,0,COUPON,181,2151.79,95,141.0,160.25,0.09999999999999612,1796.9,1963.3025,12.245245125367125,8.0,1.0,1,0
1,Alcohol,2025-03-02,9,0,0,COUPON,179,2182.08,97,181.0,169.0,-0.7999999999999915,2151.79,2080.54,12.335755418260486,8.0,0.0,1,0
1,Alcohol,2025-03-09,10,0,0,MANAGER_SPECIAL,140,1704.9,84,179.0,171.5,2.199999999999989,2182.08,2103.1875,12.28943306528042,8.0,0.0,1,0
1,Alcohol,2025-03-16,11,0,0,MANAGER_SPECIAL,159,1964.93,87,140.0,160.25,-0.499999999999989,1704.9,1958.9175000000005,12.250140594237948,8.0,0.0,1,0
1,Alcohol,2025-03-23,12,0,0,MANAGER_SPECIAL,116,1422.57,75,159.0,164.75,-10.500000000000016,1964.93,2000.9250000000002,12.153660265052881,8.0,0.0,1,0
1,Alcohol,2025-03-30,13,0,0,COUPON,160,2036.6,94,116.0,148.5,-17.000000000000007,1422.57,1818.6200000000003,12.247458250383422,8.0,0.0,1,0
1,Alcohol,2025-04-06,14,0,0,MANAGER_SPECIAL,125,1487.71,75,160.0,143.75,1.6999999999999986,2036.6,1782.2500000000002,12.382047985020293,8.0,0.0,1,0
1,Alcohol,2025-04-13,15,0,0,BUNDLE,166,2031.91,89,125.0,140.0,-5.800000000000007,1487.71,1727.9525,12.313003699306007,8.0,0.0,1,0
1,Alcohol,2025-04-20,16,0,0,BUNDLE,153,1863.15,83,166.0,141.75,11.50000000000002,2031.91,1744.6975000000002,12.2835965423764,8.0,0.0,1,1
1,Alcohol,2025-04-27,17,0,0,MANAGER_SPECIAL,182,2218.32,105,153.0,151.0,2.0000000000000093,1863.15,1854.8425000000004,12.262075666784787,8.0,1.0,1,0
1,Alcohol,2025-05-04,18,0,0,BUNDLE,188,2229.28,97,182.0,156.5,15.80000000000002,2218.32,1900.2725000000003,12.127031023927644,8.0,1.0,1,0
1,Alcohol,2025-05-11,19,0,0,COUPON,188,2363.28,100,188.0,172.25,9.500000000000005,2229.28,2085.6650000000004,12.116079109034025,8.0,1.0,1,1
1,Alcohol,2025-05-18,20,0,0,BUNDLE,154,1871.1200000000001,81,188.0,177.75,11.100000000000007,2363.28,2168.5075000000006,12.198633261815365,8.0,2.0,1,0
1,Alcohol,2025-05-25,21,0,0,BUNDLE,144,1791.4,82,154.0,178.0,-8.399999999999983,1871.1200000000001,2170.5000000000005,12.191802984249794,8.0,2.0,1,1
1,Alcohol,2025-06-01,22,0,0,COUPON,161,2125.44,85,144.0,168.5,-16.60000000000001,1791.4,2063.7700000000004,12.25472957155138,8.0,3.0,1,0
1,Alcohol,2025-06-08,23,0,0,MANAGER_SPECIAL,140,1670.24,80,161.0,161.75,-9.100000000000005,2125.44,2037.8100000000002,12.590634157252452,8.0,3.0,1,0
1,Alcohol,2025-06-15,24,0,0,COUPON,170,2156.25,98,140.0,149.75,-2.4999999999999916,1670.24,1864.5500000000002,12.430546011355794,8.0,3.0,1,0
1,Alcohol,2025-06-22,25,0,0,MANAGER_SPECIAL,162,1972.15,80,170.0,153.75,5.700000000000014,2156.25,1935.8325000000002,12.563969426176268,8.0,2.0,1,0
1,Alcohol,2025-06-29,26,0,0,BUNDLE,159,1792.2,87,162.0,158.25,3.3000000000000207,1972.15,1981.02,12.497341339756513,8.0,2.0,1,1
1,Alcohol,2025-07-06,27,0,0,COUPON,216,2735.35,110,159.0,157.75,4.900000000000015,1792.2,1897.7100000000003,12.014893197250949,8.0,3.0,1,0
1,Alcohol,2025-07-13,28,0,0,COUPON,168,2247.45,93,216.0,176.75,13.499999999999995,2735.35,2163.9875,12.198236120531371,8.0,2.0,1,0
1,Alcohol,2025-07-20,29,0,0,MANAGER_SPECIAL,152,1907.47,86,168.0,176.25,7.500000000000001,2247.45,2186.7875000000004,12.371699881035571,8.0,2.0,1,0
1,Alcohol,2025-07-27,30,0,0,MANAGER_SPECIAL,139,1677.05,81,152.0,173.75,-6.899999999999972,1907.47,2170.6175000000003,12.465544707221408,8.0,1.0,1,0
1,Alcohol,2025-08-03,31,0,0,BUNDLE,157,1943.49,84,139.0,168.75,-24.700000000000017,1677.05,2141.83,12.663897157336788,8.0,1.0,1,1
1,Alcohol,2025-08-10,32,0,0,COUPON,137,1686.01,74,157.0,154.0,-4.599999999999986,1943.49,1943.8650000000002,12.592712104847992,8.0,2.0,1,0
1,Alcohol,2025-08-17,33,0,0,MANAGER_SPECIAL,170,2093.05,87,137.0,146.25,-2.6999999999999997,1686.01,1803.505,12.324953045932457,8.0,2.0,1,0
1,Alcohol,2025-08-24,34,0,0,COUPON,176,1920.83,94,170.0,150.75,7.300000000000015,2093.05,1849.9,12.265681567604283,8.0,2.0,1,1
1,Alcohol,2025-08-31,35,0,0,MANAGER_SPECIAL,148,1873.25,81,176.0,160.0,9.00000000000001,1920.83,1910.8450000000003,11.97785629373247,8.0,2.0,1,0
1,Alcohol,2025-09-07,36,0,0,COUPON,123,1470.11,72,148.0,157.75,3.9000000000000106,1873.25,1893.2850000000003,12.047400643018062,8.0,2.0,1,0
1,Alcohol,2025-09-14,37,0,0,MANAGER_SPECIAL,182,2226.94,91,123.0,154.25,-16.899999999999984,1470.11,1839.3100000000002,11.958768514361008,8.0,2.0,1,0
1,Alcohol,2025-09-21,38,0,0,MANAGER_SPECIAL,165,2002.58,90,182.0,157.25,-0.699999999999992,2226.94,1872.7825,11.939737324962172,8.0,2.0,1,0
1,Alcohol,2025-09-28,39,0,0,COUPON,152,1334.7,85,165.0,154.5,10.999999999999993,2002.58,1893.2200000000003,12.245497741628839,8.0,2.0,1,1
1,Alcohol,2025-10-05,40,0,0,BUNDLE,151,1806.31,87,152.0,155.5,7.000000000000023,1334.7,1758.5825000000002,11.276454356138084,8.0,2.0,1,1
1,Alcohol,2025-10-12,41,0,0,BOGO,158,1945.0,89,151.0,162.5,-10.599999999999996,1806.31,1842.6325000000002,11.279005371052207,8.0,3.0,1,0
1,Alcohol,2025-10-19,42,0,0,COUPON,150,1840.35,83,158.0,156.5,-2.199999999999995,1945.0,1772.1475000000003,11.297553500138312,8.0,3.0,1,1
1,Alcohol,2025-10-26,43,0,0,COUPON,166,2004.63,86,150.0,152.75,0.10000000000001234,1840.35,1731.5900000000001,11.33059137892619,8.0,3.0,1,0
1,Bakery,2024-12-29,52,0,1,MANAGER_SPECIAL,67,282.64,41,,153.0,,,1863.886666666667,12.180481487691061,7.0,3.0,1,0
1,Bakery,2025-01-05,1,1,0,BUNDLE,161,652.13,99,67.0,125.0,,282.64,1355.996666666667,9.599211348321683,7.0,3.0,1,0
1,Bakery,2025-01-12,2,1,0,COUPON,161,651.9,82,161.0,126.0,,652.13,925.0400000000003,6.846001452365502,7.0,3.0,1,0
1,Bakery,2025-01-19,3,0,0,COUPON,147,592.1,85,161.0,129.66666666666666,,651.9,528.8900000000003,4.106024226692624,7.0,3.0,1,0
1,Bakery,2025-01-26,4,0,0,BOGO,174,708.58,103,147.0,134.0,24.00000000000001,592.1,544.6925000000002,4.086490959135114,7.0,2.0,1,0
1,Bakery,2025-02-02,5,0,0,MANAGER_SPECIAL,146,565.17,80,174.0,160.75,2.4999999999999982,708.58,651.1775000000002,4.049938806107151,7.0,1.0,1,0
1,Bakery,2025-02-09,6,0,0,COUPON,194,793.1,96,146.0,157.0,-1.8000000000000052,565.17,629.4375000000002,4.005071431819735,7.0,1.0,1,0
1,Bakery,2025-02-16,7,0,0,MANAGER_SPECIAL,137,543.48,83,194.0,165.25,11.300000000000002,793.1,664.7375000000002,4.01484043354862,7.0,0.0,1,0
1,Bakery,2025-02-23,8,0,0,COUPON,166,668.68,98,137.0,162.75,-6.299999999999976,543.48,652.5825000000002,3.999619469250492,8.0,0.0,1,0
1,Bakery,2025-03-02,9,0,0,COUPON,173,720.93,88,166.0,160.75,0.29999999999999244,668.68,642.6075000000003,3.9885929493778978,8.0,0.0,1,0
1,Bakery,2025-03-09,10,0,0,MANAGER_SPECIAL,149,571.38,84,173.0,167.5,-3.399999999999997,720.93,681.5475000000002,4.062642458444333,8.0,0.0,1,0
1,Bakery,2025-03-16,11,0,0,MANAGER_SPECIAL,153,629.27,86,149.0,156.25,4.299999999999996,571.38,626.1175000000003,3.9992976511378906,8.0,0.0,1,0
1,Bakery,2025-03-23,12,0,0,MANAGER_SPECIAL,135,553.9399999999999,80,153.0,160.25,-6.300000000000012,629.27,647.5650000000003,4.035764780568739,8.0,0.0,1,0
1,Bakery,2025-03-30,13,0,0,COUPON,151,603.5699999999999,90,135.0,152.5,-10.999999999999979,553.9399999999999,618.8800000000002,4.054531402612469,8.0,0.0,1,0
1,Bakery,2025-04-06,14,0,0,MANAGER_SPECIAL,144,561.27,82,151.0,147.0,-1.2000000000000015,603.5699999999999,589.5400000000002,4.0120131237011645,8.0,0.0,1,1
1,Bakery,2025-04-13,15,0,0,BUNDLE,140,565.84,81,144.0,145.75,-1.0999999999999837,561.27,587.0125000000002,4.027748931866713,8.0,1.0,1,0
1,Bakery,2025-04-20,16,0,0,BUNDLE,144,577.03,72,140.0,142.5,0.7999999999999927,565.84,571.1550000000002,4.009958549046918,8.0,1.0,1,0
1,Bakery,2025-04-27,17,0,0,MANAGER_SPECIAL,175,702.89,94,144.0,144.75,-2.500000000000009,577.03,576.9275000000002,3.9859319286765476,8.0,1.0,1,0
1,Bakery,2025-05-04,18,0,0,BUNDLE,163,642.94,90,175.0,150.75,9.700000000000005,702.89,601.7575000000003,3.9907724206349204,8.0,1.0,1,0
1,Bakery,2025-05-11,19,0,0,COUPON,166,645.95,85,163.0,155.5,9.999999999999995,642.94,622.1750000000003,4.002449631780115,8.0,1.0,1,0
1,Bakery,2025-05-18,20,0,0,BUNDLE,144,591.41,82,166.0,162.0,5.4000000000000075,645.95,642.2025000000002,3.964837325411785,8.0,1.0,1,1
1,Bakery,2025-05-25,21,0,0,BUNDLE,137,561.27,78,144.0,162.0,-8.999999999999996,591.41,645.7975000000002,3.9898026031895624,8.0,2.0,1,0
1,Bakery,2025-06-01,22,0,0,COUPON,152,615.59,90,137.0,152.5,-10.000000000000007,561.27,610.3925000000003,4.009889360228144,8.0,2.0,1,0
1,Bakery,2025-06-08,23,0,0,BUNDLE,129,489.9,73,152.0,149.75,-4.900000000000009,615.59,603.5550000000003,4.036268618381196,8.0,1.0,1,1
1,Bakery,2025-06-15,24,0,0,COUPON,191,767.08,101,129.0,140.5,-3.0000000000000044,489.9,564.5425000000002,4.012870957972117,8.0,2.0,1,0
1,Bakery,2025-06-22,25,0,0,MANAGER_SPECIAL,142,535.98,83,191.0,152.25,13.9,767.08,608.4600000000003,3.9901488993624605,8.0,2.0,1,1
1,Bakery,2025-06-29,26,0,0,BUNDLE,164,668.5,90,142.0,153.5,3.1999999999999877,535.98,602.1375000000003,3.9095603314586875,8.0,3.0,1,0
1,Bakery,2025-07-06,27,0,0,COUPON,173,653.89,96,164.0,156.5,5.600000000000007,668.5,615.3650000000002,3.9161316568758893,8.0,3.0,1,1
1,Bakery,2025-07-13,28,0,0,COUPON,188,762.66,97,173.0,167.5,-3.20000000000001,653.89,656.3625000000002,3.9116407978894663,8.0,4.0,1,0
1,Bakery,2025-07-20,29,0,0,MANAGER_SPECIAL,155,621.46,86,188.0,166.75,14.700000000000024,762.66,655.2575000000003,3.921784916191794,8.0,3.0,1,0
1,Bakery,2025-07-27,30,0,0,MANAGER_SPECIAL,145,560.7,82,155.0,170.0,-1.1999999999999855,621.46,676.6275000000003,3.980512994338091,8.0,3.0,1,0
1,Bakery,2025-08-03,31,0,0,BUNDLE,163,645.92,87,145.0,165.25,-11.700000000000001,560.7,649.6775000000002,3.9281822542203453,8.0,3.0,1,0
1,Bakery,2025-08-10,32,0,0,COUPON,161,652.36,83,163.0,162.75,-8.500000000000002,645.92,647.6850000000002,3.973929355181372,8.0,2.0,1,0
1,Bakery,2025-08-17,33,0,0,MANAGER_SPECIAL,140,543.73,84,161.0,156.0,3.5999999999999965,652.36,620.1100000000002,3.972735189726106,8.0,2.0,1,0
1,Bakery,2025-08-24,34,0,0,COUPON,161,681.9399999999999,87,140.0,152.25,-1.6999999999999937,543.73,600.6775000000002,3.9413267795878575,8.0,1.0,1,0
1,Bakery,2025-08-31,35,0,0,MANAGER_SPECIAL,131,513.28,78,161.0,156.25,-2.6999999999999846,681.9399999999999,630.9875000000002,4.033515685135083,8.0,1.0,1,0
1,Bakery,2025-09-07,36,0,0,COUPON,147,602.6,83,131.0,148.25,-6.899999999999986,513.28,597.8275000000002,4.0223828232421415,8.0,0.0,1,0
1,Bakery,2025-09-14,37,0,0,MANAGER_SPECIAL,149,589.39,79,147.0,144.75,-0.8999999999999981,602.6,585.3875000000002,4.034231388755303,8.0,0.0,1,0
1,Bakery,2025-09-21,38,0,0,MANAGER_SPECIAL,171,649.64,93,149.0,147.0,-2.0000000000000013,589.39,596.8025000000002,4.052194356157028,8.0,0.0,1,0
1,Bakery,2025-09-28,39,0,0,COUPON,123,486.58,82,171.0,149.5,12.200000000000006,649.64,588.7275000000002,3.943047394550113,8.0,0.0,1,0
1,Bakery,2025-10-05,40,0,0,NONE,159,641.17,83,123.0,147.5,-4.9999999999999964,486.58,582.0525000000002,3.952489149654687,8.0,0.0,0,0
1,Bakery,2025-10-12,41,0,0,BOGO,167,664.2,89,159.0,150.5,-1.7999999999999887,641.17,591.6950000000002,3.9357881484995074,7.0,0.0,1,0
1,Bakery,2025-10-19,42,0,0,COUPON,161,653.45,84,167.0,155.0,2.4000000000000052,664.2,610.3975000000003,3.9411901297718623,7.0,0.0,1,0
1,Bakery,2025-10-26,43,0,0,COUPON,142,562.77,75,161.0,152.5,12.200000000000001,653.45,611.3500000000003,4.006097960943996,7.0,0.0,1,0
1,Baking,2024-12-29,52,0,1,COUPON,79,284.64,43,,162.33333333333334,,,652.9400000000003,4.022818961475463,6.0,0.0,1,0
1,Baking,2025-01-05,1,1,0,BUNDLE,184,672.25,99,79.0,135.66666666666666,,284.64,534.0966666666669,3.879659711946498,6.0,0.0,1,0
1,Baking,2025-01-12,2,1,0,COUPON,128,457.1,77,184.0,141.33333333333334,,672.25,536.7800000000003,3.771755411851037,6.0,0.0,1,0
1,Baking,2025-01-19,3,0,0,COUPON,148,561.62,76,128.0,130.33333333333334,,457.1,471.3300000000003,3.6092214444597324,6.0,0.0,1,0
1,Baking,2025-01-26,4,0,0,BOGO,154,580.23,89,148.0,134.75,15.100000000000014,561.62,493.90250000000026,3.6555985157772315,6.0,0.0,1,0
1,Baking,2025-02-02,5,0,0,MANAGER_SPECIAL,155,548.77,87,154.0,153.5,-7.000000000000009,580.23,567.8000000000003,3.6967708402881643,7.0,0.0,1,1
1,Baking,2025-02-09,6,0,0,COUPON,149,572.35,91,155.0,146.25,8.700000000000003,548.77,536.9300000000003,3.6685005913400572,7.0,1.0,1,0
1,Baking,2025-02-16,7,0,0,MANAGER_SPECIAL,164,607.07,91,149.0,151.5,0.40000000000000935,572.35,565.7425000000003,3.736045945786366,7.0,1.0,1,0
1,Baking,2025-02-23,8,0,0,COUPON,136,514.52,71,164.0,155.5,2.4000000000000066,607.07,577.1050000000002,3.712775098719787,8.0,1.0,1,0
1,Baking,2025-03-02,9,0,0,COUPON,163,595.14,85,136.0,151.0,-4.200000000000009,514.52,560.6775000000002,3.716652104067381,8.0,1.0,1,0
1,Baking,2025-03-09,10,0,0,MANAGER_SPECIAL,145,542.17,86,163.0,153.0,1.399999999999982,595.14,572.2700000000002,3.744330611884519,8.0,1.0,1,0
1,Baking,2025-03-16,11,0,0,MANAGER_SPECIAL,153,552.42,81,145.0,152.0,-3.0000000000000164,542.17,564.7250000000003,3.718787682007176,8.0,1.0,1,0
1,Baking,2025-03-23,12,0,0,MANAGER_SPECIAL,111,437.17,67,153.0,149.25,3.300000000000008,552.42,551.0625000000002,3.6960231554648515,8.0,1.0,1,0
1,Baking,2025-03-30,13,0,0,COUPON,149,524.21,87,111.0,143.0,-14.799999999999986,437.17,531.7250000000001,3.7348314490525567,8.0,1.0,1,1
1,Baking,2025-04-06,14,0,0,MANAGER_SPECIAL,135,473.13,76,149.0,139.5,-2.9999999999999933,524.21,513.9925000000003,3.701587017875384,8.0,1.0,1,1
1,Baking,2025-04-13,15,0,0,BUNDLE,140,530.22,79,135.0,137.0,-1.600000000000016,473.13,496.7325000000002,3.642977822473085,8.0,2.0,1,0
1,Baking,2025-04-20,16,0,0,BUNDLE,138,498.21999999999997,74,140.0,133.75,7.299999999999998,530.22,491.18250000000023,3.6871521922209842,8.0,2.0,1,0
1,Baking,2025-04-27,17,0,0,MANAGER_SPECIAL,153,572.0,91,138.0,140.5,-2.7999999999999927,498.21999999999997,506.4450000000002,3.6051075388719833,8.0,2.0,1,0
1,Baking,2025-05-04,18,0,0,BUNDLE,149,566.48,82,153.0,141.5,5.200000000000004,572.0,518.3925000000002,3.660201081882028,8.0,2.0,1,0
1,Baking,2025-05-11,19,0,0,COUPON,136,436.62,83,149.0,145.0,4.1999999999999975,566.48,541.7300000000002,3.7345042138730795,8.0,2.0,1,1
1,Baking,2025-05-18,20,0,0,BUNDLE,149,558.58,79,136.0,144.0,-0.9999999999999757,436.62,518.3300000000003,3.590293079419298,8.0,3.0,1,0
1,Baking,2025-05-25,21,0,0,BUNDLE,105,383.01,64,149.0,146.75,-2.499999999999997,558.58,533.4200000000003,3.6249353807518534,8.0,3.0,1,0
1,Baking,2025-06-01,22,0,0,COUPON,126,473.01,78,105.0,134.75,-11.899999999999997,383.01,486.17250000000024,3.6022234293046083,8.0,2.0,1,0
1,Baking,2025-06-08,23,0,0,MANAGER_SPECIAL,170,537.86,96,126.0,129.0,-7.400000000000001,473.01,462.80500000000023,3.5902655354087947,8.0,1.0,1,1
1,Baking,2025-06-15,24,0,0,COUPON,165,603.3,90,170.0,137.5,8.400000000000002,537.86,488.11500000000024,3.5786258295264415,8.0,2.0,1,0
1,Baking,2025-06-22,25,0,0,MANAGER_SPECIAL,111,421.51,70,165.0,141.5,22.399999999999988,603.3,499.2950000000002,3.5555019735166793,8.0,2.0,1,0
1,Baking,2025-06-29,26,0,0,BUNDLE,145,559.25,82,111.0,143.0,-4.9999999999999805,421.51,508.9200000000002,3.5929202489349543,8.0,2.0,1,0
1,Baking,2025-07-06,27,0,0,BUNDLE,122,411.46,77,145.0,147.75,-12.89999999999999,559.25,530.4800000000002,3.6186324821040845,8.0,2.0,1,1
1,Baking,2025-07-13,28,0,0,COUPON,141,557.7,86,122.0,135.75,-9.500000000000007,411.46,498.88000000000017,3.6708176315737084,8.0,2.0,1,0
1,Baking,2025-07-20,29,0,0,MANAGER_SPECIAL,148,546.53,88,141.0,129.75,6.700000000000002,557.7,487.4800000000002,3.7455565097168417,8.0,2.0,1,1
1,Baking,2025-07-27,30,0,0,MANAGER_SPECIAL,159,600.87,83,148.0,139.0,2.8,546.53,518.7350000000001,3.719402230437563,8.0,3.0,1,0
1,Baking,2025-08-03,31,0,0,COUPON,137,422.83,80,159.0,142.5,11.800000000000002,600.87,529.1400000000002,3.6999422434499247,8.0,3.0,1,1
1,Baking,2025-08-10,32,0,0,COUPON,137,506.27,81,137.0,146.25,-0.09999999999999806,422.83,531.9825000000002,3.628374096985882,8.0,3.0,1,0
1,Baking,2025-08-17,33,0,0,MANAGER_SPECIAL,179,641.17,97,137.0,145.25,-5.5000000000000036,506.27,519.1250000000002,3.5633946747153433,8.0,3.0,1,1
1,Baking,2025-08-24,34,0,0,COUPON,172,629.66,97,179.0,153.0,5.99999999999999,641.17,542.7850000000002,3.535690933963418,8.0,4.0,1,0
1,Baking,2025-08-31,35,0,0,MANAGER_SPECIAL,155,570.4,81,172.0,156.25,14.700000000000008,629.66,549.9825000000002,3.5061302713921148,8.0,4.0,1,1
1,Baking,2025-09-07,36,0,0,COUPON,156,579.0,86,155.0,160.75,4.700000000000004,570.4,586.8750000000002,3.654542680151239,8.0,4.0,1,0
1,Baking,2025-09-14,37,0,0,MANAGER_SPECIAL,138,503.67,79,156.0,165.5,-8.599999999999996,579.0,605.0575000000001,3.658576930572351,8.0,4.0,1,0
1,Baking,2025-09-21,38,0,0,MANAGER_SPECIAL,170,623.53,94,138.0,155.25,-10.099999999999989,503.67,570.6825000000002,3.6755337559306214,8.0,3.0,1,0
1,Baking,2025-09-28,39,0,0,COUPON,127,396.31,76,170.0,154.75,2.7000000000000157,623.53,569.1500000000003,3.6772861499114695,8.0,3.0,1,1
1,Baking,2025-10-05,40,0,0,COUPON,158,401.19,83,127.0,147.75,-5.4999999999999964,396.31,525.6275000000003,3.53742394518706,8.0,3.0,1,1
1,Baking,2025-10-12,41,0,0,BOGO,154,586.8,82,158.0,148.25,1.7000000000000004,401.19,481.17500000000024,3.244333633599913,8.0,4.0,1,0
1,Baking,2025-10-19,42,0,0,BUNDLE,148,545.7,84,154.0,152.25,-1.6999999999999937,586.8,501.9575000000002,3.2844853840234025,8.0,3.0,1,0
1,Baking,2025-10-26,43,0,0,COUPON,129,493.28000000000003,72,148.0,146.75,5.9000000000000075,545.7,482.5000000000002,3.289320042211002,8.0,3.0,1,0
1,Beverages,2024-12-29,52,0,1,MANAGER_SPECIAL,120,392.96,68,,153.33333333333334,,,511.2300000000003,3.345576329247215,7.0,2.0,1,0
1,Beverages,2025-01-05,1,1,0,BUNDLE,174,562.42,99,120.0,140.66666666666666,,392.96,508.48666666666696,3.5907394797394794,7.0,2.0,1,0
1,Beverages,2025-01-12,2,1,0,COUPON,151,482.15,84,174.0,147.33333333333334,,562.42,500.3600000000003,3.3980425598011803,7.0,2.0,1,0
1,Beverages,2025-01-19,3,0,0,COUPON,157,512.93,90,151.0,148.33333333333334,,482.15,479.1766666666669,3.233337291619091,7.0,2.0,1,1
1,Beverages,2025-01-26,4,0,0,BOGO,122,414.89,72,157.0,150.5,8.800000000000006,512.93,487.6150000000002,3.241770484637885,7.0,2.0,1,0
1,Beverages,2025-02-02,5,0,0,MANAGER_SPECIAL,136,343.91,76,122.0,151.0,-14.999999999999995,414.89,493.0975000000002,3.2732882442007267,7.0,1.0,1,1
1,Beverages,2025-02-09,6,0,0,COUPON,166,440.53000000000003,94,136.0,141.5,-8.00000000000002,343.91,438.4700000000002,3.097401031557048,7.0,2.0,1,1
1,Beverages,2025-02-16,7,0,0,MANAGER_SPECIAL,136,464.93,71,166.0,145.25,4.099999999999992,440.53000000000003,428.0650000000003,2.962588237333798,7.0,3.0,1,0
1,Beverages,2025-02-23,8,0,0,COUPON,157,544.48,89,136.0,140.0,7.200000000000009,464.93,416.0650000000002,3.0004714567043487,8.0,3.0,1,0
1,Beverages,2025-03-02,9,0,0,COUPON,161,512.49,88,157.0,148.75,3.3000000000000096,544.48,448.4625000000002,3.0172933999015923,8.0,3.0,1,0
1,Beverages,2025-03-09,10,0,0,MANAGER_SPECIAL,157,500.28,87,161.0,155.0,0.5999999999999786,512.49,490.60750000000024,3.180897825367431,8.0,3.0,1,0
1,Beverages,2025-03-16,11,0,0,MANAGER_SPECIAL,124,394.4,73,157.0,152.75,6.700000000000013,500.28,505.54500000000024,3.3140732340083634,8.0,3.0,1,0
1,Beverages,2025-03-23,12,0,0,MANAGER_SPECIAL,139,458.76,76,124.0,149.75,-10.299999999999994,394.4,487.91250000000025,3.2545837890368268,8.0,2.0,1,0
1,Beverages,2025-03-30,13,0,0,COUPON,161,516.05,81,139.0,145.25,-9.900000000000007,458.76,466.4825000000002,3.21268533327914,8.0,2.0,1,0
1,Beverages,2025-04-06,14,0,0,MANAGER_SPECIAL,148,474.82,80,161.0,145.25,2.699999999999997,516.05,467.3725000000002,3.218213283589699,8.0,1.0,1,0
1,Beverages,2025-04-13,15,0,0,BUNDLE,145,482.64,76,148.0,143.0,9.400000000000004,474.82,461.0075000000002,3.2236498905788533,8.0,0.0,1,0
1,Beverages,2025-04-20,16,0,0,BUNDLE,178,562.74,90,145.0,148.25,0.49999999999999134,482.64,483.0675000000002,3.2606265312907556,8.0,0.0,1,0
1,Beverages,2025-04-27,17,0,0,BUNDLE,204,687.4,110,178.0,158.0,4.799999999999996,562.74,509.06250000000017,3.225883786161017,8.0,0.0,1,0
1,Beverages,2025-05-04,18,0,0,BUNDLE,149,464.96999999999997,82,204.0,168.75,20.1,687.4,551.9000000000002,3.266965871168933,8.0,0.0,1,0
1,Beverages,2025-05-11,19,0,0,COUPON,175,559.72,102,149.0,169.0,3.80000000000002,464.96999999999997,549.4375000000002,3.2450560670695316,8.0,0.0,1,0
1,Beverages,2025-05-18,20,0,0,BUNDLE,151,473.94,73,175.0,176.5,-6.400000000000008,559.72,568.7075000000002,3.212518136035049,8.0,0.0,1,0
1,Beverages,2025-05-25,21,0,0,BUNDLE,140,464.35,73,151.0,169.75,-13.300000000000004,473.94,546.5075000000002,3.2068218416679084,8.0,0.0,1,0
1,Beverages,2025-06-01,22,0,0,COUPON,150,463.88,86,140.0,153.75,-5.1000000000000005,464.35,490.7450000000002,3.1936163094550234,8.0,0.0,1,1
1,Beverages,2025-06-08,23,0,0,MANAGER_SPECIAL,173,556.02,92,150.0,154.0,-8.600000000000001,463.88,490.47250000000025,3.1865986360769476,8.0,1.0,1,0
1,Beverages,2025-06-15,24,0,0,COUPON,161,545.97,87,173.0,153.5,7.599999999999981,556.02,489.54750000000024,3.190495745903537,8.0,1.0,1,0
1,Beverages,2025-06-22,25,0,0,MANAGER_SPECIAL,157,504.32,86,161.0,156.0,8.600000000000001,545.97,507.55500000000023,3.253606374836942,8.0,1.0,1,1
1,Beverages,2025-06-29,26,0,0,BUNDLE,174,577.39,89,157.0,160.25,0.9000000000000122,504.32,517.5475000000002,3.2274672711062777,8.0,2.0,1,0
1,Beverages,2025-07-06,27,0,0,COUPON,205,664.37,114,174.0,166.25,-0.09999999999999833,577.39,545.9250000000002,3.2839172711062776,8.0,2.0,1,0
1,Beverages,2025-07-13,28,0,0,COUPON,181,514.07,103,205.0,174.25,14.900000000000004,664.37,573.0125000000003,3.2906274783528584,8.0,2.0,1,1
1,Beverages,2025-07-20,29,0,0,MANAGER_SPECIAL,170,540.75,97,181.0,179.25,10.30000000000001,514.07,565.0375000000003,3.1528894117113566,8.0,3.0,1,0
1,Beverages,2025-07-27,30,0,0,MANAGER_SPECIAL,136,437.06,74,170.0,182.5,-3.6000000000000085,540.75,574.1450000000002,3.145052675105887,8.0,3.0,1,0
1,Beverages,2025-08-03,31,0,0,BUNDLE,190,591.85,100,136.0,173.0,-21.80000000000001,437.06,539.0625000000002,3.1188884594196122,8.0,2.0,1,0
1,Beverages,2025-08-10,32,0,0,COUPON,165,525.06,93,190.0,169.25,-0.69999999999999,591.85,520.9325000000003,3.0874311423464413,8.0,2.0,1,0
1,Beverages,2025-08-17,33,0,0,MANAGER_SPECIAL,132,450.08,81,165.0,165.25,3.900000000000008,525.06,523.6800000000003,3.1729351604278078,8.0,2.0,1,0
1,Beverages,2025-08-24,34,0,0,COUPON,192,615.59,100,132.0,155.75,-3.6999999999999953,450.08,501.0125000000002,3.2301388146167556,8.0,1.0,1,0
1,Beverages,2025-08-31,35,0,0,MANAGER_SPECIAL,156,512.4399999999999,79,192.0,169.75,-2.699999999999996,615.59,545.6450000000002,3.2282691761363638,8.0,1.0,1,0
1,Beverages,2025-09-07,36,0,0,COUPON,170,570.75,90,156.0,161.25,3.2999999999999963,512.4399999999999,525.7925000000002,3.2707371248543122,8.0,1.0,1,0
1,Beverages,2025-09-14,37,0,0,MANAGER_SPECIAL,144,455.15999999999997,77,170.0,162.5,7.800000000000014,570.75,537.2150000000003,3.3145299056029756,8.0,0.0,1,0
1,Beverages,2025-09-21,38,0,0,MANAGER_SPECIAL,154,489.03,85,144.0,165.5,-13.000000000000002,455.15999999999997,538.4850000000002,3.2523139965120667,8.0,0.0,1,0
1,Beverages,2025-09-28,39,0,0,COUPON,188,550.9,96,154.0,156.0,-3.199999999999992,489.03,506.8450000000002,3.2446443874752697,8.0,0.0,1,1
1,Beverages,2025-10-05,40,0,0,NONE,156,542.98,82,188.0,164.0,6.3999999999999915,550.9,516.4600000000003,3.1560062259913635,8.0,1.0,0,0
1,Beverages,2025-10-12,41,0,0,BOGO,160,498.85,85,156.0,160.5,7.0,542.98,509.51750000000027,3.1868282471075022,7.0,1.0,1,0
1,Beverages,2025-10-19,42,0,0,COUPON,129,416.5,80,160.0,164.5,-1.3999999999999917,498.85,520.4400000000003,3.176073038774169,7.0,1.0,1,0
1,Beverages,2025-10-26,43,0,0,COUPON,125,419.01,74,129.0,158.25,-17.29999999999999,416.5,502.30750000000023,3.1893637112799578,7.0,1.0,1,0
1,Breakfast & Cereal,2024-12-29,52,0,1,MANAGER_SPECIAL,87,414.11,52,,148.33333333333334,,,486.1100000000003,3.2757118987278875,6.0,1.0,1,0
1,Breakfast & Cereal,2025-01-05,1,1,0,BUNDLE,179,866.22,109,87.0,125.33333333333333,,414.11,443.15333333333365,3.702126576004634,6.0,1.0,1,0
1,Breakfast & Cereal,2025-01-12,2,1,0,COUPON,171,795.28,94,179.0,131.66666666666666,,866.22,565.6100000000002,4.275928368369624,6.0,1.0,1,0
1,Breakfast & Cereal,2025-01-19,3,0,0,COUPON,183,853.8,99,171.0,145.66666666666666,,795.28,691.8700000000003,4.749954389494788,6.0,1.0,1,0
1,Breakfast & Cereal,2025-01-26,4,0,0,BOGO,145,728.54,83,183.0,155.0,28.000000000000007,853.8,732.3525000000002,4.728859234744042,6.0,0.0,1,0
1,Breakfast & Cereal,2025-02-02,5,0,0,MANAGER_SPECIAL,157,717.94,82,145.0,169.5,-9.000000000000009,728.54,810.9600000000002,4.794991418652088,7.0,0.0,1,0
1,Breakfast & Cereal,2025-02-09,6,0,0,COUPON,162,727.5,92,157.0,164.0,-8.000000000000009,717.94,773.8900000000002,4.728403509887899,7.0,0.0,1,1
1,Breakfast & Cereal,2025-02-16,7,0,0,MANAGER_SPECIAL,150,744.78,83,162.0,161.75,-5.100000000000004,727.5,756.9450000000002,4.688398636593552,7.0,1.0,1,0
1,Breakfast & Cereal,2025-02-23,8,0,0,COUPON,154,694.25,83,150.0,153.5,2.0000000000000115,744.78,729.6900000000003,4.763305193970601,8.0,1.0,1,0
1,Breakfast & Cereal,2025-03-02,9,0,0,COUPON,198,940.28,100,154.0,155.75,-2.1000000000000054,694.25,721.1175000000003,4.63423096647396,8.0,1.0,1,0
1,Breakfast & Cereal,2025-03-09,10,0,0,MANAGER_SPECIAL,147,679.69,87,198.0,166.0,11.199999999999985,940.28,776.7025000000002,4.678236628186628,8.0,1.0,1,0
1,Breakfast & Cereal,2025-03-16,11,0,0,MANAGER_SPECIAL,169,831.6,89,147.0,162.25,3.499999999999996,679.69,764.7500000000002,4.711486817151103,8.0,1.0,1,0
1,Breakfast & Cereal,2025-03-23,12,0,0,MANAGER_SPECIAL,149,682.05,89,169.0,167.0,-0.6000000000000091,831.6,786.4550000000002,4.7003643319440025,8.0,1.0,1,0
1,Breakfast & Cereal,2025-03-30,13,0,0,COUPON,155,692.5,84,149.0,165.75,-12.49999999999999,682.05,783.4050000000002,4.717714305795654,8.0,1.0,1,1
1,Breakfast & Cereal,2025-04-06,14,0,0,MANAGER_SPECIAL,168,795.04,95,155.0,155.0,0.4000000000000039,692.5,721.4600000000003,4.647427567444399,8.0,2.0,1,0
1,Breakfast & Cereal,2025-04-13,15,0,0,BUNDLE,160,695.08,88,168.0,160.25,0.3000000000000034,795.04,750.2975000000002,4.674587431389977,8.0,1.0,1,1
1,Breakfast & Cereal,2025-04-20,16,0,0,BUNDLE,158,749.84,79,160.0,158.0,4.599999999999994,695.08,716.1675000000002,4.530472416597078,8.0,2.0,1,0
1,Breakfast & Cereal,2025-04-27,17,0,0,MANAGER_SPECIAL,158,774.28,91,158.0,160.25,0.10000000000000464,749.84,733.1150000000002,4.572548918168738,8.0,2.0,1,0
1,Breakfast & Cereal,2025-05-04,18,0,0,BUNDLE,170,793.75,94,158.0,161.0,-3.199999999999998,774.28,753.5600000000002,4.680740016576251,8.0,2.0,1,0
1,Breakfast & Cereal,2025-05-11,19,0,0,COUPON,171,819.39,87,170.0,161.5,2.9999999999999862,793.75,753.2375000000002,4.664924190245719,8.0,2.0,1,0
1,Breakfast & Cereal,2025-05-18,20,0,0,BUNDLE,158,747.97,93,171.0,164.25,5.099999999999991,819.39,784.3150000000003,4.776800286736947,8.0,2.0,1,0
1,Breakfast & Cereal,2025-05-25,21,0,0,BUNDLE,162,805.95,94,158.0,164.25,0.09999999999998188,747.97,783.8475000000002,4.773841425977453,8.0,2.0,1,0
1,Breakfast & Cereal,2025-06-01,22,0,0,COUPON,123,573.83,76,162.0,165.25,-3.699999999999987,805.95,791.7650000000002,4.792464843698972,8.0,1.0,1,0
1,Breakfast & Cereal,2025-06-08,23,0,0,MANAGER_SPECIAL,152,721.42,86,123.0,153.5,-14.000000000000004,573.83,736.7850000000003,4.791506570145649,8.0,1.0,1,0
1,Breakfast & Cereal,2025-06-15,24,0,0,COUPON,183,844.76,104,152.0,148.75,-5.699999999999998,721.42,712.2925000000002,4.780114026285999,8.0,0.0,1,0
1,Breakfast & Cereal,2025-06-22,25,0,0,MANAGER_SPECIAL,150,717.2,84,183.0,155.0,9.199999999999992,844.76,736.4900000000002,4.750660906689956,8.0,0.0,1,0
1,Breakfast & Cereal,2025-06-29,26,0,0,BUNDLE,175,837.15,100,150.0,152.0,11.200000000000008,717.2,714.3025000000002,4.702244240023289,8.0,0.0,1,0
1,Breakfast & Cereal,2025-07-06,27,0,0,COUPON,189,802.94,99,175.0,165.0,3.599999999999999,837.15,780.1325000000002,4.731851673240478,8.0,0.0,1,1
1,Breakfast & Cereal,2025-07-13,28,0,0,COUPON,127,596.69,70,189.0,174.25,4.300000000000001,802.94,800.5125000000003,4.6073955676988465,8.0,1.0,1,0
1,Breakfast & Cereal,2025-07-20,29,0,0,MANAGER_SPECIAL,187,934.49,101,127.0,160.25,-5.499999999999973,596.69,738.4950000000003,4.62793846602508,8.0,1.0,1,0
1,Breakfast & Cereal,2025-07-27,30,0,0,MANAGER_SPECIAL,154,505.03000000000003,86,187.0,169.5,-2.5999999999999868,934.49,792.8175000000002,4.681923314509929,8.0,1.0,1,1
1,Breakfast & Cereal,2025-08-03,31,0,0,BUNDLE,123,591.11,72,154.0,164.25,-4.500000000000027,505.03000000000003,709.7875000000003,4.305848639185253,8.0,2.0,1,0
1,Breakfast & Cereal,2025-08-10,32,0,0,COUPON,153,739.22,88,123.0,147.75,-4.500000000000006,591.11,656.8300000000003,4.445201781526201,8.0,2.0,1,0
1,Breakfast & Cereal,2025-08-17,33,0,0,MANAGER_SPECIAL,188,889.35,98,153.0,154.25,-13.300000000000002,739.22,692.4625000000003,4.478490984346436,8.0,2.0,1,0
1,Breakfast & Cereal,2025-08-24,34,0,0,COUPON,140,683.98,79,188.0,154.5,13.199999999999994,889.35,681.1775000000002,4.411819079123999,8.0,2.0,1,0
1,Breakfast & Cereal,2025-08-31,35,0,0,MANAGER_SPECIAL,126,621.4399999999999,74,140.0,151.0,8.600000000000014,683.98,725.9150000000002,4.81335804016296,8.0,2.0,1,0
1,Breakfast & Cereal,2025-09-07,36,0,0,COUPON,180,859.9399999999999,96,126.0,151.75,-12.9,621.4399999999999,733.4975000000003,4.844930823747939,8.0,1.0,1,0
1,Breakfast & Cereal,2025-09-14,37,0,0,MANAGER_SPECIAL,166,786.27,88,180.0,158.5,-3.799999999999996,859.9399999999999,763.6775000000002,4.831416117865586,8.0,1.0,1,1
1,Breakfast & Cereal,2025-09-21,38,0,0,MANAGER_SPECIAL,182,861.13,99,166.0,153.0,13.199999999999992,786.27,737.9075000000003,4.832911407534901,8.0,2.0,1,0
1,Breakfast & Cereal,2025-09-28,39,0,0,COUPON,148,727.8,82,182.0,163.5,15.400000000000007,861.13,782.1950000000002,4.794389429512924,8.0,1.0,1,0
1,Breakfast & Cereal,2025-10-05,40,0,0,BOGO,167,557.51,96,148.0,169.0,-8.0,727.8,808.7850000000002,4.790765448388942,8.0,1.0,1,1
1,Breakfast & Cereal,2025-10-12,41,0,0,BOGO,141,686.5,86,167.0,165.75,-3.1000000000000125,557.51,733.1775000000002,4.431000145661065,8.0,2.0,1,0
1,Breakfast & Cereal,2025-10-19,42,0,0,COUPON,119,557.42,71,141.0,159.5,-10.399999999999993,686.5,708.2350000000001,4.464057160956289,8.0,2.0,1,0
1,Breakfast & Cereal,2025-10-26,43,0,0,COUPON,132,513.78,71,119.0,143.75,-11.299999999999992,557.42,632.3075000000002,4.452236702003477,8.0,2.0,1,1
1,Candy,2024-12-29,52,0,1,MANAGER_SPECIAL,102,255.9,47,,142.33333333333334,,,600.476666666667,4.297126413482114,7.0,2.0,1,0
1,Candy,2025-01-05,1,1,0,BUNDLE,147,357.33,81,102.0,120.66666666666667,,255.9,499.9400000000003,4.020606512108389,7.0,2.0,1,0
1,Candy,2025-01-12,2,1,0,COUPON,167,432.66,85,147.0,122.66666666666667,,357.33,390.216666666667,3.207947178871548,7.0,1.0,1,0
1,Candy,2025-01-19,3,0,0,COUPON,164,410.21,90,167.0,138.66666666666666,,432.66,348.63000000000034,2.5101394330187166,7.0,1.0,1,0
1,Candy,2025-01-26,4,0,0,BOGO,137,332.35,72,164.0,145.0,20.600000000000016,410.21,364.0250000000002,2.5079246967152566,7.0,1.0,1,0
1,Candy,2025-02-02,5,0,0,MANAGER_SPECIAL,127,309.97,70,137.0,153.75,-3.2999999999999963,332.35,383.1375000000002,2.4871969165520964,7.0,0.0,1,0
1,Candy,2025-02-09,6,0,0,COUPON,180,459.95,95,127.0,148.75,-14.700000000000003,309.97,371.29750000000024,2.489670000273774,7.0,0.0,1,0
1,Candy,2025-02-16,7,0,0,MANAGER_SPECIAL,169,425.87,92,180.0,152.0,3.8000000000000105,459.95,378.12000000000023,2.480794833939776,7.0,0.0,1,0
1,Candy,2025-02-23,8,0,0,COUPON,130,333.98,74,169.0,153.25,14.900000000000002,425.87,382.0350000000002,2.4854599190891475,8.0,0.0,1,0
1,Candy,2025-03-02,9,0,0,COUPON,179,460.78,95,130.0,151.5,-0.20000000000000076,333.98,382.4425000000002,2.5212510476685974,8.0,0.0,1,0
1,Candy,2025-03-09,10,0,0,BOGO,150,378.68,80,179.0,164.5,-4.200000000000013,460.78,420.1450000000002,2.554621368347786,8.0,0.0,1,0
1,Candy,2025-03-16,11,0,0,COUPON,169,286.98,87,150.0,157.0,-0.8000000000000077,378.68,399.8275000000002,2.5469352572366755,8.0,0.0,1,1
1,Candy,2025-03-23,12,0,0,MANAGER_SPECIAL,136,313.4,78,169.0,157.0,8.799999999999997,286.98,365.10500000000025,2.3414766773550184,8.0,1.0,1,1
1,Candy,2025-03-30,13,0,0,COUPON,157,389.87,94,136.0,158.5,-11.000000000000007,313.4,359.96000000000026,2.275310387762258,8.0,2.0,1,0
1,Candy,2025-04-06,14,0,0,MANAGER_SPECIAL,134,327.7,75,157.0,153.0,-1.199999999999995,389.87,342.23250000000024,2.2525750036395666,8.0,2.0,1,0
1,Candy,2025-04-13,15,0,0,BUNDLE,152,362.99,87,134.0,149.0,-8.399999999999988,327.7,329.48750000000024,2.2328222673211586,8.0,2.0,1,1
1,Candy,2025-04-20,16,0,0,BUNDLE,124,305.48,68,152.0,144.75,2.5000000000000115,362.99,348.49000000000024,2.4053186664180135,8.0,3.0,1,0
1,Candy,2025-04-27,17,0,0,MANAGER_SPECIAL,173,431.78,95,124.0,141.75,-8.099999999999982,305.48,346.5100000000002,2.4451028220157367,8.0,3.0,1,0
1,Candy,2025-05-04,18,0,0,BUNDLE,163,411.16,90,173.0,145.75,8.900000000000004,431.78,356.98750000000024,2.4482502576771625,8.0,3.0,1,0
1,Candy,2025-05-11,19,0,0,COUPON,148,372.38,84,163.0,153.0,8.199999999999992,411.16,377.8525000000002,2.467483157594753,8.0,3.0,1,0
1,Candy,2025-05-18,20,0,0,BUNDLE,130,310.43,70,148.0,152.0,6.200000000000006,372.38,380.2000000000002,2.4994804015492336,8.0,2.0,1,0
1,Candy,2025-05-25,21,0,0,BUNDLE,151,355.39,74,130.0,153.5,-14.400000000000007,310.43,381.4375000000002,2.4805740740058093,8.0,1.0,1,0
1,Candy,2025-06-01,22,0,0,COUPON,161,401.39,93,151.0,148.0,-5.399999999999995,355.39,362.3400000000002,2.445008576168654,8.0,1.0,1,0
1,Candy,2025-06-08,23,0,0,MANAGER_SPECIAL,174,400.11,102,161.0,147.5,5.999999999999996,401.39,359.8975000000002,2.4376714767516665,8.0,1.0,1,1
1,Candy,2025-06-15,24,0,0,COUPON,150,361.5,84,174.0,154.0,14.200000000000026,400.11,366.8300000000002,2.383521896136569,8.0,1.0,1,1
1,Candy,2025-06-22,25,0,0,MANAGER_SPECIAL,138,346.52,72,150.0,159.0,1.000000000000005,361.5,379.5975000000002,2.3890411269058,8.0,2.0,1,0
1,Candy,2025-06-29,26,0,0,BUNDLE,157,398.45,90,138.0,155.75,-9.300000000000004,346.52,377.3800000000002,2.428400710359106,8.0,2.0,1,0
1,Candy,2025-07-06,27,0,0,COUPON,148,385.31,76,157.0,154.75,-6.300000000000002,398.45,376.6450000000002,2.4395988351365716,8.0,2.0,1,0
1,Candy,2025-07-13,28,0,0,COUPON,139,343.51,79,148.0,148.25,1.2999999999999892,385.31,372.9450000000002,2.515589631967886,8.0,2.0,1,0
1,Candy,2025-07-20,29,0,0,MANAGER_SPECIAL,133,331.92,77,139.0,145.5,-0.5999999999999936,343.51,368.4475000000002,2.53091337297508,8.0,2.0,1,0
1,Candy,2025-07-27,30,0,0,MANAGER_SPECIAL,143,364.4,76,133.0,144.25,-8.099999999999987,331.92,364.79750000000024,2.5270695242227648,8.0,2.0,1,0
1,Candy,2025-08-03,31,0,0,BOGO,174,285.83,97,143.0,140.75,-2.0999999999999877,364.4,356.2850000000002,2.529657938992708,8.0,2.0,1,1
1,Candy,2025-08-10,32,0,0,COUPON,164,397.99,87,174.0,147.25,11.500000000000004,285.83,331.41500000000025,2.2894717398625435,8.0,2.0,1,0
1,Candy,2025-08-17,33,0,0,MANAGER_SPECIAL,156,395.39,82,164.0,153.5,12.399999999999995,397.99,345.03500000000025,2.2783400720260807,8.0,1.0,1,0
1,Candy,2025-08-24,34,0,0,COUPON,199,495.18,112,156.0,159.25,2.900000000000006,395.39,360.9025000000002,2.288068118102811,8.0,1.0,1,0
1,Candy,2025-08-31,35,0,0,MANAGER_SPECIAL,149,370.9,81,199.0,173.25,6.7,495.18,393.59750000000025,2.2730906081755524,8.0,1.0,1,0
1,Candy,2025-09-07,36,0,0,COUPON,153,375.23,89,149.0,167.0,-0.1999999999999749,370.9,414.86500000000024,2.4847307570608415,8.0,1.0,1,0
1,Candy,2025-09-14,37,0,0,MANAGER_SPECIAL,192,495.21,107,153.0,164.25,-5.899999999999994,375.23,409.1750000000002,2.4911595989227893,8.0,1.0,1,0
1,Candy,2025-09-21,38,0,0,MANAGER_SPECIAL,159,389.57,88,192.0,173.25,-1.7000000000000102,495.21,434.1300000000002,2.5023264659099684,8.0,1.0,1,0
1,Candy,2025-09-28,39,0,0,COUPON,162,377.96,96,159.0,163.25,6.9000000000000075,389.57,407.7275000000002,2.492772485315171,8.0,1.0,1,1
1,Candy,2025-10-05,40,0,0,NONE,156,404.59,84,162.0,166.5,-0.5999999999999895,377.96,409.4925000000002,2.4537286540118317,8.0,1.0,0,0
1,Candy,2025-10-12,41,0,0,BOGO,168,383.95,94,156.0,167.25,-10.500000000000012,404.59,416.8325000000002,2.4889891492355622,7.0,1.0,1,1
1,Candy,2025-10-19,42,0,0,COUPON,151,388.17,79,168.0,161.25,2.1000000000000054,383.95,389.0175000000002,2.4155386284022287,7.0,2.0,1,0
1,Candy,2025-10-26,43,0,0,COUPON,170,423.25,92,151.0,159.25,-2.0999999999999837,388.17,388.66750000000025,2.4456727447752558,7.0,2.0,1,0
1,Condiments/Sauces/Spices,2024-12-29,52,0,1,COUPON,62,239.74,37,,158.33333333333334,,,392.23666666666696,2.483201519782645,6.0,2.0,1,0
1,Condiments/Sauces/Spices,2025-01-05,1,1,0,BUNDLE,137,507.13,77,62.0,127.0,,239.74,337.286666666667,2.9076177039568942,6.0,2.0,1,0
1,Condiments/Sauces/Spices,2025-01-12,2,1,0,COUPON,131,488.85,68,137.0,116.66666666666667,,507.13,378.346666666667,3.3797050924402683,6.0,2.0,1,0
1,Condiments/Sauces/Spices,2025-01-19,3,0,0,COUPON,125,444.62,70,131.0,110.0,,488.85,411.906666666667,3.7667108049927176,6.0,2.0,1,0
1,Condiments/Sauces/Spices,2025-01-26,4,0,0,BOGO,135,515.1,75,125.0,113.75,18.300000000000008,444.62,420.08500000000026,3.7142731037445382,6.0,1.0,1,0
1,Condiments/Sauces/Spices,2025-02-02,5,0,0,MANAGER_SPECIAL,152,551.0,78,135.0,132.0,-1.2000000000000066,515.1,488.92500000000024,3.70146844424633,7.0,1.0,1,0
1,Condiments/Sauces/Spices,2025-02-09,6,0,0,COUPON,148,551.19,82,152.0,135.75,7.299999999999994,551.0,499.89250000000027,3.6822987362171333,7.0,0.0,1,0
1,Condiments/Sauces/Spices,2025-02-16,7,0,0,MANAGER_SPECIAL,169,616.72,92,148.0,140.0,8.600000000000005,551.19,515.4775000000002,3.680443078078078,7.0,0.0,1,0
1,Condiments/Sauces/Spices,2025-02-23,8,0,0,COUPON,153,517.72,85,169.0,151.0,9.800000000000011,616.72,558.5025000000003,3.7035107703857704,8.0,0.0,1,1
1,Condiments/Sauces/Spices,2025-03-02,9,0,0,COUPON,163,581.92,81,153.0,155.5,2.399999999999999,517.72,559.1575000000003,3.595569593915182,8.0,1.0,1,0
1,Condiments/Sauces/Spices,2025-03-09,10,0,0,MANAGER_SPECIAL,141,540.15,81,163.0,158.25,2.8999999999999866,581.92,566.8875000000003,3.581834931338495,8.0,1.0,1,0
1,Condiments/Sauces/Spices,2025-03-16,11,0,0,MANAGER_SPECIAL,122,429.99,74,141.0,156.5,-7.3999999999999915,540.15,564.1275000000003,3.608483508106753,8.0,1.0,1,1
1,Condiments/Sauces/Spices,2025-03-23,12,0,0,MANAGER_SPECIAL,135,478.98,76,122.0,144.75,-11.499999999999998,429.99,517.4450000000002,3.577302864979388,8.0,2.0,1,0
1,Condiments/Sauces/Spices,2025-03-30,13,0,0,COUPON,141,530.83,75,135.0,140.25,-10.300000000000008,478.98,507.7600000000002,3.6183551525610875,8.0,2.0,1,0
1,Condiments/Sauces/Spices,2025-04-06,14,0,0,MANAGER_SPECIAL,101,382.34000000000003,59,141.0,134.75,1.2999999999999947,530.83,494.9875000000002,3.667027758400186,8.0,2.0,1,0
1,Condiments/Sauces/Spices,2025-04-13,15,0,0,BUNDLE,147,547.5600000000001,78,101.0,124.75,-5.699999999999995,382.34000000000003,455.53500000000025,3.6557011310566008,8.0,2.0,1,0
1,Condiments/Sauces/Spices,2025-04-20,16,0,0,BUNDLE,112,381.73,66,147.0,131.0,-0.40000000000000124,547.5600000000001,484.92750000000024,3.7057985716721915,8.0,2.0,1,1
1,Condiments/Sauces/Spices,2025-04-27,17,0,0,MANAGER_SPECIAL,196,751.38,106,112.0,125.25,-4.0999999999999845,381.73,460.61500000000024,3.6708744645293345,8.0,2.0,1,0
1,Condiments/Sauces/Spices,2025-05-04,18,0,0,BUNDLE,173,639.55,89,196.0,139.0,25.000000000000014,751.38,515.7525000000003,3.68807937840978,8.0,2.0,1,0
1,Condiments/Sauces/Spices,2025-05-11,19,0,0,COUPON,144,530.48,82,173.0,157.0,16.200000000000003,639.55,580.0550000000003,3.665898442108057,8.0,2.0,1,0
1,Condiments/Sauces/Spices,2025-05-18,20,0,0,BUNDLE,129,462.26,72,144.0,156.25,7.300000000000011,530.48,575.7850000000003,3.655646174534361,8.0,1.0,1,0
1,Condiments/Sauces/Spices,2025-05-25,21,0,0,BUNDLE,125,462.84000000000003,66,129.0,160.5,-22.999999999999986,462.26,595.9175000000002,3.6994229948555124,8.0,1.0,1,0
1,Condiments/Sauces/Spices,2025-06-01,22,0,0,COUPON,145,539.89,75,125.0,142.75,-15.900000000000006,462.84000000000003,523.7825000000003,3.6667101377126556,8.0,1.0,1,0
1,Condiments/Sauces/Spices,2025-06-08,23,0,0,MANAGER_SPECIAL,159,421.22,82,145.0,135.75,-0.10000000000000658,539.89,498.86750000000023,3.6733497629867236,8.0,1.0,1,1
1,Condiments/Sauces/Spices,2025-06-15,24,0,0,COUPON,159,581.51,83,159.0,139.5,11.000000000000009,421.22,471.55250000000024,3.4146731382487783,8.0,2.0,1,0
1,Condiments/Sauces/Spices,2025-06-22,25,0,0,MANAGER_SPECIAL,136,426.65,83,159.0,147.0,11.600000000000012,581.51,501.36500000000024,3.433144324441553,8.0,1.0,1,1
1,Condiments/Sauces/Spices,2025-06-29,26,0,0,BUNDLE,145,533.3,72,136.0,149.75,-2.6999999999999726,426.65,492.3175000000002,3.291747412676847,8.0,2.0,1,0
1,Condiments/Sauces/Spices,2025-07-06,27,0,0,COUPON,149,557.03,85,145.0,149.75,-6.499999999999991,533.3,490.6700000000002,3.2803853437113295,8.0,2.0,1,0
1,Condiments/Sauces/Spices,2025-07-13,28,0,0,COUPON,157,617.56,94,149.0,147.25,-2.0999999999999996,557.03,524.6225000000002,3.5527038401867843,8.0,2.0,1,1
1,Condiments/Sauces/Spices,2025-07-20,29,0,0,MANAGER_SPECIAL,194,552.24,95,157.0,146.75,6.700000000000008,617.56,533.6350000000002,3.621755736994059,8.0,3.0,1,1
1,Condiments/Sauces/Spices,2025-07-27,30,0,0,MANAGER_SPECIAL,131,485.11,71,194.0,161.25,15.499999999999995,552.24,565.0325000000001,3.5491221332948473,8.0,4.0,1,0
1,Condiments/Sauces/Spices,2025-08-03,31,0,0,BUNDLE,138,447.79,78,131.0,157.75,-1.6999999999999778,485.11,552.9850000000002,3.555421817422249,8.0,4.0,1,1
1,Condiments/Sauces/Spices,2025-08-10,32,0,0,COUPON,141,514.64,74,138.0,155.0,-11.999999999999998,447.79,525.6750000000002,3.43202149157846,8.0,4.0,1,0
1,Condiments/Sauces/Spices,2025-08-17,33,0,0,MANAGER_SPECIAL,144,532.49,86,141.0,151.0,-15.200000000000015,514.64,499.9450000000002,3.361127964903662,8.0,4.0,1,1
1,Condiments/Sauces/Spices,2025-08-24,34,0,0,COUPON,162,620.51,86,144.0,138.5,4.200000000000002,532.49,495.0075000000002,3.5739402859231353,8.0,4.0,1,0
1,Condiments/Sauces/Spices,2025-08-31,35,0,0,MANAGER_SPECIAL,146,537.58,84,162.0,146.25,7.500000000000003,620.51,528.8575000000003,3.605735003668871,8.0,4.0,1,0
1,Condiments/Sauces/Spices,2025-09-07,36,0,0,COUPON,138,487.19,74,146.0,148.25,3.300000000000003,537.58,551.3050000000003,3.7150349341830657,8.0,4.0,1,1
1,Condiments/Sauces/Spices,2025-09-14,37,0,0,MANAGER_SPECIAL,160,578.56,91,138.0,147.5,-3.399999999999994,487.19,544.4425000000002,3.6851432443896646,8.0,4.0,1,0
1,Condiments/Sauces/Spices,2025-09-21,38,0,0,MANAGER_SPECIAL,175,633.74,99,160.0,151.5,-1.400000000000008,578.56,555.9600000000003,3.664681438834109,8.0,3.0,1,0
1,Condiments/Sauces/Spices,2025-09-28,39,0,0,COUPON,156,590.61,76,175.0,154.75,10.900000000000004,633.74,559.2675000000002,3.612447135483139,8.0,3.0,1,0
1,Condiments/Sauces/Spices,2025-10-05,40,0,0,MANAGER_SPECIAL,159,446.82,80,156.0,157.25,6.899999999999982,590.61,572.5250000000002,3.6384238214683866,8.0,2.0,1,1
1,Condiments/Sauces/Spices,2025-10-12,41,0,0,BOGO,150,591.42,83,159.0,162.5,-2.200000000000008,446.82,562.4325000000002,3.4583804115695624,8.0,3.0,1,0
1,Condiments/Sauces/Spices,2025-10-19,42,0,0,COUPON,169,592.55,90,150.0,160.0,-7.199999999999982,591.42,565.6475000000003,3.5400804115695625,8.0,2.0,1,1
1,Condiments/Sauces/Spices,2025-10-26,43,0,0,COUPON,164,601.04,91,169.0,158.5,2.999999999999996,592.55,555.3500000000001,3.511290808864575,8.0,3.0,1,0
1,Dairy & Eggs,2024-12-29,52,0,1,MANAGER_SPECIAL,88,316.14,44,,159.33333333333334,,,543.5966666666668,3.4197338989989206,7.0,3.0,1,0
1,Dairy & Eggs,2025-01-05,1,1,0,BUNDLE,156,446.4,93,88.0,135.66666666666666,,316.14,500.03666666666686,3.680504339250493,7.0,2.0,1,1
1,Dairy & Eggs,2025-01-12,2,1,0,COUPON,149,543.91,83,156.0,137.66666666666666,,446.4,451.69666666666694,3.3200838264299803,7.0,3.0,1,0
1,Dairy & Eggs,2025-01-19,3,0,0,COUPON,147,504.74,79,149.0,131.0,,543.91,435.4833333333336,3.36814704870074,7.0,3.0,1,1
1,Dairy & Eggs,2025-01-26,4,0,0,BOGO,139,461.35,77,147.0,135.0,17.0,504.74,452.79750000000024,3.3845116470697727,7.0,4.0,1,0
1,Dairy & Eggs,2025-02-02,5,0,0,MANAGER_SPECIAL,163,585.58,90,139.0,147.75,-5.299999999999994,461.35,489.10000000000025,3.3161528341201323,7.0,3.0,1,0
1,Dairy & Eggs,2025-02-09,6,0,0,COUPON,170,569.75,92,163.0,149.5,3.4000000000000097,585.58,523.8950000000002,3.498897053091345,7.0,3.0,1,1
1,Dairy & Eggs,2025-02-16,7,0,0,MANAGER_SPECIAL,131,455.08,78,170.0,154.75,9.299999999999995,569.75,530.3550000000002,3.424164029009229,7.0,3.0,1,0
1,Dairy & Eggs,2025-02-23,8,0,0,COUPON,121,444.32,76,131.0,150.75,-1.6999999999999917,455.08,517.9400000000002,3.43423595090776,8.0,3.0,1,0
1,Dairy & Eggs,2025-03-02,9,0,0,COUPON,191,686.98,105,121.0,146.25,-16.50000000000001,444.32,513.6825000000002,3.52248629278302,8.0,3.0,1,1
1,Dairy & Eggs,2025-03-09,10,0,0,MANAGER_SPECIAL,142,502.27,78,191.0,153.25,5.300000000000002,686.98,539.0325000000003,3.523545940102584,8.0,3.0,1,0
1,Dairy & Eggs,2025-03-16,11,0,0,MANAGER_SPECIAL,128,446.69,69,142.0,146.25,10.300000000000017,502.27,522.1625000000003,3.5699564620578452,8.0,3.0,1,0
1,Dairy & Eggs,2025-03-23,12,0,0,MANAGER_SPECIAL,110,383.0,65,128.0,145.5,-2.799999999999987,446.69,520.0650000000002,3.5739245858650968,8.0,2.0,1,0
1,Dairy & Eggs,2025-03-30,13,0,0,COUPON,158,548.2,79,110.0,142.75,-25.700000000000006,383.0,504.73500000000024,3.5263626023940224,8.0,2.0,1,0
1,Dairy & Eggs,2025-04-06,14,0,0,MANAGER_SPECIAL,127,452.32,68,158.0,134.5,2.999999999999997,548.2,470.04000000000025,3.494579184009769,8.0,2.0,1,0
1,Dairy & Eggs,2025-04-13,15,0,0,BUNDLE,115,387.21,68,127.0,130.75,4.49999999999999,452.32,457.55250000000024,3.5006947157830863,8.0,1.0,1,0
1,Dairy & Eggs,2025-04-20,16,0,0,BUNDLE,106,381.51,63,115.0,127.5,-1.5999999999999843,387.21,442.68250000000023,3.4700141790983032,8.0,1.0,1,0
1,Dairy & Eggs,2025-04-27,17,0,0,BUNDLE,168,611.03,98,106.0,126.5,-16.799999999999997,381.51,442.31000000000023,3.4993473694928148,8.0,1.0,1,0
1,Dairy & Eggs,2025-05-04,18,0,0,BUNDLE,158,542.58,83,168.0,129.0,11.399999999999995,611.03,458.0175000000002,3.5412131395350084,8.0,0.0,1,0
1,Dairy & Eggs,2025-05-11,19,0,0,COUPON,162,453.46,91,158.0,136.75,19.1,542.58,480.5825000000002,3.5093320969754553,8.0,0.0,1,1
1,Dairy & Eggs,2025-05-18,20,0,0,BUNDLE,134,467.88,77,162.0,148.5,15.799999999999985,453.46,497.1450000000002,3.3673551780275215,8.0,1.0,1,0
1,Dairy & Eggs,2025-05-25,21,0,0,BUNDLE,154,560.53,81,134.0,155.5,-9.799999999999997,467.88,518.7375000000002,3.3404778899396597,8.0,1.0,1,0
1,Dairy & Eggs,2025-06-01,22,0,0,COUPON,126,426.71999999999997,70,154.0,152.0,-3.999999999999991,560.53,506.11250000000024,3.3411583553076247,8.0,1.0,1,0
1,Dairy & Eggs,2025-06-08,23,0,0,MANAGER_SPECIAL,160,574.79,99,126.0,144.0,-8.799999999999986,426.71999999999997,477.1475000000002,3.329312363746443,8.0,1.0,1,0
1,Dairy & Eggs,2025-06-15,24,0,0,COUPON,143,486.64,83,160.0,143.5,5.0000000000000036,574.79,507.48000000000025,3.5276377881291587,8.0,1.0,1,1
1,Dairy & Eggs,2025-06-22,25,0,0,MANAGER_SPECIAL,159,546.97,89,143.0,145.75,0.0999999999999898,486.64,512.1700000000002,3.505496571137196,8.0,2.0,1,0
1,Dairy & Eggs,2025-06-29,26,0,0,BUNDLE,173,589.48,98,159.0,147.0,8.199999999999994,546.97,508.7800000000002,3.4555609957063376,8.0,2.0,1,0
1,Dairy & Eggs,2025-07-06,27,0,0,COUPON,141,501.61,80,173.0,158.75,5.499999999999997,589.48,549.4700000000003,3.46074404002233,8.0,2.0,1,0
1,Dairy & Eggs,2025-07-13,28,0,0,COUPON,159,557.37,94,141.0,154.0,0.8000000000000033,501.61,531.1750000000002,3.452014097646443,8.0,1.0,1,0
1,Dairy & Eggs,2025-07-20,29,0,0,MANAGER_SPECIAL,131,447.34,69,159.0,158.0,-3.200000000000014,557.37,548.8575000000003,3.4776127914055146,8.0,1.0,1,0
1,Dairy & Eggs,2025-07-27,30,0,0,MANAGER_SPECIAL,146,499.14,83,131.0,151.0,-10.79999999999999,447.34,523.9500000000002,3.47129935821141,8.0,1.0,1,1
1,Dairy & Eggs,2025-08-03,31,0,0,BUNDLE,134,479.39,86,146.0,144.25,-1.3000000000000085,499.14,501.3650000000002,3.474141428050669,8.0,2.0,1,0
1,Dairy & Eggs,2025-08-10,32,0,0,COUPON,169,622.71,92,134.0,142.5,-5.9999999999999725,479.39,495.81000000000023,3.4791463237847644,8.0,2.0,1,0
1,Dairy & Eggs,2025-08-17,33,0,0,MANAGER_SPECIAL,123,439.63,70,169.0,145.0,10.200000000000006,622.71,512.1450000000002,3.523947038309717,8.0,1.0,1,0
1,Dairy & Eggs,2025-08-24,34,0,0,COUPON,135,456.24,67,123.0,143.0,-3.400000000000003,439.63,510.2175000000002,3.563801658802487,8.0,1.0,1,0
1,Dairy & Eggs,2025-08-31,35,0,0,MANAGER_SPECIAL,154,387.23,86,135.0,140.25,-4.299999999999982,456.24,499.4925000000003,3.5539987668694577,8.0,1.0,1,1
1,Dairy & Eggs,2025-09-07,36,0,0,COUPON,144,516.22,77,154.0,145.25,-3.3000000000000025,387.23,476.4525000000002,3.2882345683813794,8.0,2.0,1,0
1,Dairy & Eggs,2025-09-14,37,0,0,MANAGER_SPECIAL,127,468.46999999999997,74,144.0,139.0,8.199999999999983,516.22,449.83000000000027,3.2632812071059023,8.0,2.0,1,0
1,Dairy & Eggs,2025-09-21,38,0,0,MANAGER_SPECIAL,145,550.13,84,127.0,140.0,-3.4000000000000115,468.46999999999997,457.0400000000002,3.2919093359068756,8.0,2.0,1,0
1,Dairy & Eggs,2025-09-28,39,0,0,COUPON,145,499.99,80,145.0,142.5,-4.399999999999994,550.13,480.5125000000003,3.3955204470179865,8.0,1.0,1,0
1,Dairy & Eggs,2025-10-05,40,0,0,NONE,110,402.28000000000003,68,145.0,140.25,2.100000000000003,499.99,508.70250000000027,3.628952041285788,8.0,1.0,0,0
1,Dairy & Eggs,2025-10-12,41,0,0,BOGO,154,554.49,88,110.0,131.75,-5.099999999999993,402.28000000000003,480.21750000000026,3.6470094907807367,7.0,1.0,1,0
1,Dairy & Eggs,2025-10-19,42,0,0,COUPON,109,399.31,63,154.0,138.5,-0.7999999999999845,554.49,501.72250000000025,3.624970555306762,7.0,1.0,1,0
1,Dairy & Eggs,2025-10-26,43,0,0,COUPON,121,426.28000000000003,73,109.0,129.5,-6.400000000000002,399.31,464.0175000000002,3.592319179159974,7.0,1.0,1,0
1,Deli,2024-12-29,52,0,1,MANAGER_SPECIAL,99,558.24,52,,124.33333333333333,,,452.0266666666669,3.640356606696057,6.0,0.0,1,1
1,Deli,2025-01-05,1,1,0,BUNDLE,213,1364.61,106,99.0,120.66666666666667,,558.24,504.0133333333336,4.300922263261713,6.0,1.0,1,0
1,Deli,2025-01-12,2,1,0,COUPON,152,930.4499999999999,90,213.0,140.33333333333334,,1364.61,774.0533333333336,5.236267364170193,6.0,1.0,1,0
1,Deli,2025-01-19,3,0,0,COUPON,175,1108.23,94,152.0,154.66666666666666,,930.4499999999999,951.1000000000003,6.055596392015036,6.0,1.0,1,0
1,Deli,2025-01-26,4,0,0,BOGO,169,1019.63,92,175.0,159.75,16.700000000000014,1108.23,990.3825000000002,6.12488300829699,6.0,1.0,1,0
1,Deli,2025-02-02,5,0,0,MANAGER_SPECIAL,140,899.67,86,169.0,177.25,-10.90000000000001,1019.63,1105.7300000000002,6.223514440966884,7.0,1.0,1,0
1,Deli,2025-02-09,6,0,0,COUPON,173,1000.85,89,140.0,159.0,-4.200000000000006,899.67,989.4950000000001,6.228413082817992,7.0,1.0,1,1
1,Deli,2025-02-16,7,0,0,MANAGER_SPECIAL,160,1017.47,92,173.0,164.25,-3.499999999999999,1000.85,1007.0950000000003,6.144382716982883,7.0,2.0,1,0
1,Deli,2025-02-23,8,0,0,COUPON,130,782.93,70,160.0,160.5,0.599999999999997,1017.47,984.4050000000002,6.150993877697169,8.0,2.0,1,0
1,Deli,2025-03-02,9,0,0,COUPON,203,1294.74,113,130.0,150.75,-4.299999999999993,782.93,925.2300000000002,6.148300090714921,8.0,1.0,1,0
1,Deli,2025-03-09,10,0,0,COUPON,171,1152.63,95,203.0,166.5,6.000000000000006,1294.74,1023.9975000000002,6.136253908448911,8.0,1.0,1,0
1,Deli,2025-03-16,11,0,0,MANAGER_SPECIAL,125,783.95,76,171.0,166.0,10.600000000000003,1152.63,1061.9425,6.3750704584945455,8.0,1.0,1,0
1,Deli,2025-03-23,12,0,0,BUNDLE,152,833.47,80,125.0,157.25,-4.699999999999991,783.95,1003.5625000000002,6.353173583494545,8.0,1.0,1,1
1,Deli,2025-03-30,13,0,0,COUPON,152,1018.0,85,152.0,162.75,-19.90000000000002,833.47,1016.1975000000002,6.218377783899404,8.0,2.0,1,0
1,Deli,2025-04-06,14,0,0,MANAGER_SPECIAL,122,742.7,70,152.0,150.0,-3.0,1018.0,947.0125000000003,6.2982125,8.0,2.0,1,0
1,Deli,2025-04-13,15,0,0,BUNDLE,161,999.49,84,122.0,137.75,-0.9000000000000022,742.7,844.5300000000002,6.135007150560829,8.0,1.0,1,0
1,Deli,2025-04-20,16,0,0,BUNDLE,128,787.67,66,161.0,146.75,-0.2999999999999989,999.49,898.4150000000003,6.11911025615089,8.0,1.0,1,0
1,Deli,2025-04-27,17,0,0,MANAGER_SPECIAL,146,924.81,88,128.0,140.75,-3.299999999999999,787.67,886.9650000000003,6.286689409111417,8.0,1.0,1,0
1,Deli,2025-05-04,18,0,0,BUNDLE,134,854.99,81,146.0,139.25,3.8999999999999932,924.81,863.6675000000002,6.195926070971546,8.0,1.0,1,0
1,Deli,2025-05-11,19,0,0,COUPON,156,984.51,89,134.0,142.25,-6.300000000000012,854.99,891.7400000000002,6.269130438478275,8.0,1.0,1,0
1,Deli,2025-05-18,20,0,0,BUNDLE,120,711.4,70,156.0,141.0,7.200000000000006,984.51,887.9950000000002,6.294867717503598,8.0,1.0,1,0
1,Deli,2025-05-25,21,0,0,BUNDLE,161,1019.67,83,120.0,139.0,-5.600000000000008,711.4,868.9275000000002,6.2385330820869305,8.0,0.0,1,0
1,Deli,2025-06-01,22,0,0,COUPON,175,1083.44,96,161.0,142.75,4.499999999999996,1019.67,892.6425000000002,6.238292824280413,8.0,0.0,1,0
1,Deli,2025-06-08,23,0,0,MANAGER_SPECIAL,158,945.94,83,175.0,153.0,9.800000000000004,1083.44,949.7550000000002,6.190933655836917,8.0,0.0,1,0
1,Deli,2025-06-15,24,0,0,COUPON,172,1065.6,94,158.0,153.5,12.800000000000002,945.94,940.1125000000002,6.109933777550646,8.0,0.0,1,0
1,Deli,2025-06-22,25,0,0,MANAGER_SPECIAL,169,944.33,88,172.0,166.5,1.600000000000016,1065.6,1028.6625000000004,6.176687653519639,8.0,0.0,1,1
1,Deli,2025-06-29,26,0,0,BUNDLE,154,972.89,87,169.0,168.5,-0.40000000000000707,944.33,1009.8275000000002,5.990287014025354,8.0,1.0,1,0
1,Deli,2025-07-06,27,0,0,COUPON,157,992.35,83,154.0,163.25,-1.4999999999999822,972.89,982.1900000000003,6.0218824685708086,8.0,1.0,1,0
1,Deli,2025-07-13,28,0,0,COUPON,145,964.34,79,157.0,163.0,-6.000000000000008,992.35,993.7925000000002,6.105317121477363,8.0,1.0,1,0
1,Deli,2025-07-20,29,0,0,MANAGER_SPECIAL,166,957.4,90,145.0,156.25,-6.899999999999997,964.34,968.4775000000002,6.21913508458883,8.0,1.0,1,1
1,Deli,2025-07-27,30,0,0,MANAGER_SPECIAL,142,897.45,89,166.0,155.5,2.399999999999999,957.4,971.7450000000002,6.264064684645863,8.0,2.0,1,0
1,Deli,2025-08-03,31,0,0,BUNDLE,115,728.72,66,142.0,152.5,-2.4000000000000155,897.45,952.8850000000003,6.264715407162782,8.0,2.0,1,0
1,Deli,2025-08-10,32,0,0,COUPON,170,1029.32,90,115.0,142.0,-11.399999999999993,728.72,886.9775000000002,6.268714160970592,8.0,2.0,1,0
1,Deli,2025-08-17,33,0,0,MANAGER_SPECIAL,155,1045.89,86,170.0,148.25,-1.5000000000000149,1029.32,903.2225000000002,6.119764870909741,8.0,2.0,1,0
1,Deli,2025-08-24,34,0,0,COUPON,189,1137.04,95,155.0,145.5,9.399999999999995,1045.89,925.3450000000003,6.364816755868931,8.0,1.0,1,1
1,Deli,2025-08-31,35,0,0,MANAGER_SPECIAL,148,969.54,82,189.0,157.25,20.7,1137.04,985.2425000000003,6.288820314256293,8.0,2.0,1,0
1,Deli,2025-09-07,36,0,0,COUPON,139,835.44,80,148.0,165.5,-3.1999999999999886,969.54,1045.4475000000002,6.342382887699301,8.0,2.0,1,0
1,Deli,2025-09-14,37,0,0,MANAGER_SPECIAL,161,978.6,92,139.0,157.75,-8.900000000000015,835.44,996.9775000000002,6.331266933403915,8.0,2.0,1,0
1,Deli,2025-09-21,38,0,0,MANAGER_SPECIAL,142,883.26,81,161.0,159.25,-9.299999999999999,978.6,980.1550000000002,6.163912795956509,8.0,1.0,1,0
1,Deli,2025-09-28,39,0,0,COUPON,129,847.7,69,142.0,147.5,0.400000000000004,883.26,916.7100000000002,6.21492684320295,8.0,1.0,1,0
1,Deli,2025-10-05,40,0,0,NONE,133,836.0,70,129.0,142.75,-4.899999999999988,847.7,886.2500000000003,6.220019814080805,8.0,1.0,0,0
1,Deli,2025-10-12,41,0,0,BOGO,152,940.23,87,133.0,141.25,-9.700000000000017,836.0,886.3900000000003,6.288858457451822,7.0,1.0,1,1
1,Deli,2025-10-19,42,0,0,COUPON,118,724.95,68,152.0,139.0,3.4000000000000083,940.23,876.7975000000002,6.31572416111315,7.0,2.0,1,1
1,Deli,2025-10-26,43,0,0,COUPON,159,1068.47,88,118.0,133.0,-1.400000000000014,724.95,837.2200000000003,6.296599966794696,7.0,2.0,1,0
1,Frozen Foods,2024-12-29,52,0,1,MANAGER_SPECIAL,81,538.42,49,,134.33333333333334,,,833.7266666666669,6.205027345907141,6.0,2.0,1,0
1,Frozen Foods,2025-01-05,1,1,0,BUNDLE,147,847.02,91,81.0,117.0,,538.42,734.5333333333336,6.325509415278098,6.0,2.0,1,1
1,Frozen Foods,2025-01-12,2,1,0,COUPON,156,1023.28,85,147.0,115.33333333333333,,847.02,703.4633333333336,6.184281792650101,6.0,3.0,1,0
1,Frozen Foods,2025-01-19,3,0,0,COUPON,125,858.41,70,156.0,128.0,,1023.28,802.9066666666671,6.322896163213623,6.0,3.0,1,0
1,Frozen Foods,2025-01-26,4,0,0,BOGO,140,1025.82,72,125.0,127.25,14.099999999999996,858.41,816.7825000000003,6.458992122410217,6.0,3.0,1,0
1,Frozen Foods,2025-02-02,5,0,0,MANAGER_SPECIAL,128,758.55,69,140.0,142.0,-5.19999999999998,1025.82,938.6325000000002,6.6290234275248565,7.0,3.0,1,1
1,Frozen Foods,2025-02-09,6,0,0,COUPON,152,1032.6,90,128.0,137.25,-6.900000000000005,758.55,916.5150000000001,6.670056192193224,7.0,3.0,1,0
1,Frozen Foods,2025-02-16,7,0,0,MANAGER_SPECIAL,156,1019.35,88,152.0,136.25,6.8999999999999915,1032.6,918.8450000000003,6.728539660479323,7.0,2.0,1,0
1,Frozen Foods,2025-02-23,8,0,0,COUPON,160,873.44,82,156.0,144.0,7.200000000000007,1019.35,959.0800000000002,6.6452933784280415,8.0,2.0,1,1
1,Frozen Foods,2025-03-02,9,0,0,COUPON,164,1071.87,94,160.0,149.0,10.000000000000012,873.44,920.9850000000002,6.178221949856613,8.0,3.0,1,0
1,Frozen Foods,2025-03-09,10,0,0,MANAGER_SPECIAL,170,1137.1,92,164.0,158.0,4.000000000000004,1071.87,999.3150000000003,6.33062715183832,8.0,2.0,1,0
1,Frozen Foods,2025-03-16,11,0,0,MANAGER_SPECIAL,133,905.54,77,170.0,162.5,4.599999999999999,1137.1,1025.44,6.304477771033366,8.0,2.0,1,0
1,Frozen Foods,2025-03-23,12,0,0,MANAGER_SPECIAL,85,558.03,52,133.0,156.75,-7.500000000000003,905.54,996.9875000000002,6.373046910227505,8.0,2.0,1,0
1,Frozen Foods,2025-03-30,13,0,0,COUPON,155,1089.65,85,85.0,138.0,-27.39999999999999,558.03,918.1350000000002,6.6495616161098585,8.0,2.0,1,0
1,Frozen Foods,2025-04-06,14,0,0,MANAGER_SPECIAL,115,764.07,65,155.0,135.75,-9.300000000000008,1089.65,922.5800000000002,6.773113445378151,8.0,1.0,1,0
1,Frozen Foods,2025-04-13,15,0,0,BUNDLE,144,949.6800000000001,77,115.0,122.0,1.5999999999999928,764.07,829.3225000000002,6.761929302155645,8.0,1.0,1,0
1,Frozen Foods,2025-04-20,16,0,0,BUNDLE,124,839.41,68,144.0,124.75,13.700000000000008,949.6800000000001,840.3575000000003,6.708536445012788,8.0,1.0,1,0
1,Frozen Foods,2025-04-27,17,0,0,MANAGER_SPECIAL,174,1185.18,93,124.0,134.5,-6.400000000000002,839.41,910.7025000000003,6.759630610098177,8.0,0.0,1,0
1,Frozen Foods,2025-05-04,18,0,0,BUNDLE,131,815.38,74,174.0,139.25,15.700000000000012,1185.18,934.5850000000003,6.704975437684384,8.0,0.0,1,1
1,Frozen Foods,2025-05-11,19,0,0,COUPON,181,1216.56,93,131.0,143.25,1.1000000000000048,815.38,947.4125000000003,6.600022400844026,8.0,1.0,1,0
1,Frozen Foods,2025-05-18,20,0,0,BUNDLE,129,889.46,64,181.0,152.5,12.80000000000001,1216.56,1014.1325000000002,6.631603892556733,8.0,1.0,1,0
1,Frozen Foods,2025-05-25,21,0,0,BUNDLE,135,911.86,84,129.0,153.75,-8.5,889.46,1026.6450000000002,6.663004711511471,8.0,1.0,1,0
1,Frozen Foods,2025-06-01,22,0,0,COUPON,120,664.03,71,135.0,144.0,-3.9999999999999716,911.86,958.3150000000002,6.6487895135548944,8.0,1.0,1,1
1,Frozen Foods,2025-06-08,23,0,0,MANAGER_SPECIAL,133,896.11,71,120.0,141.25,-17.700000000000003,664.03,920.4775000000002,6.476116644598151,8.0,2.0,1,0
1,Frozen Foods,2025-06-15,24,0,0,COUPON,148,1006.92,80,133.0,129.25,-0.3000000000000009,896.11,840.3650000000002,6.480202446118526,8.0,2.0,1,0
1,Frozen Foods,2025-06-22,25,0,0,MANAGER_SPECIAL,170,1147.83,87,148.0,134.0,5.200000000000009,1006.92,869.7300000000002,6.457321134574424,8.0,2.0,1,0
1,Frozen Foods,2025-06-29,26,0,0,COUPON,154,928.01,86,170.0,142.75,16.500000000000007,1147.83,928.7225000000002,6.456676799062441,8.0,2.0,1,1
1,Frozen Foods,2025-07-06,27,0,0,COUPON,164,1116.09,92,154.0,151.25,8.500000000000016,928.01,994.7175000000002,6.579790705988849,8.0,2.0,1,0
1,Frozen Foods,2025-07-13,28,0,0,COUPON,141,708.73,80,164.0,159.0,3.200000000000001,1116.09,1049.7125,6.596730120072838,8.0,2.0,1,1
1,Frozen Foods,2025-07-20,29,0,0,MANAGER_SPECIAL,121,803.0600000000001,70,141.0,157.25,-7.700000000000003,708.73,975.1650000000002,6.152465216871765,8.0,3.0,1,0
1,Frozen Foods,2025-07-27,30,0,0,MANAGER_SPECIAL,162,1032.99,87,121.0,145.0,-12.200000000000005,803.0600000000001,888.9725000000002,6.123694798787176,8.0,3.0,1,1
1,Frozen Foods,2025-08-03,31,0,0,BUNDLE,166,1103.29,89,162.0,147.0,-2.6000000000000125,1032.99,915.2175000000003,6.211305428897807,8.0,3.0,1,1
1,Frozen Foods,2025-08-10,32,0,0,COUPON,158,1078.68,84,166.0,147.5,11.6,1103.29,912.0175000000003,6.171530046881939,8.0,4.0,1,0
1,Frozen Foods,2025-08-17,33,0,0,MANAGER_SPECIAL,156,832.01,85,158.0,151.75,11.50000000000001,1078.68,1004.5050000000003,6.621688723603368,8.0,4.0,1,1
1,Frozen Foods,2025-08-24,34,0,0,COUPON,140,962.62,81,156.0,160.5,-2.600000000000016,832.01,1011.7425000000003,6.295823206544669,8.0,5.0,1,0
1,Frozen Foods,2025-08-31,35,0,0,MANAGER_SPECIAL,160,1076.14,86,140.0,155.0,-7.999999999999985,962.62,994.1500000000002,6.4206671218885845,8.0,4.0,1,0
1,Frozen Foods,2025-09-07,36,0,0,COUPON,162,1128.71,80,160.0,153.5,-0.9999999999999943,1076.14,987.3625000000003,6.440554546587379,8.0,4.0,1,0
1,Frozen Foods,2025-09-14,37,0,0,MANAGER_SPECIAL,156,1080.92,82,162.0,154.5,3.7999999999999927,1128.71,999.8700000000003,6.475618814441731,8.0,3.0,1,0
1,Frozen Foods,2025-09-21,38,0,0,MANAGER_SPECIAL,154,897.53,91,156.0,154.5,5.000000000000004,1080.92,1062.0975000000003,6.874513045210962,8.0,3.0,1,1
1,Frozen Foods,2025-09-28,39,0,0,COUPON,155,1073.57,82,154.0,158.0,-2.399999999999991,897.53,1045.8250000000003,6.612577980275897,8.0,3.0,1,0
1,Frozen Foods,2025-10-05,40,0,0,NONE,126,822.01,73,155.0,156.75,-2.2999999999999954,1073.57,1045.1825000000003,6.66267374640493,8.0,2.0,0,0
1,Frozen Foods,2025-10-12,41,0,0,BOGO,172,1198.81,94,126.0,147.75,-8.899999999999999,822.01,968.5075000000002,6.551809548874065,7.0,2.0,1,0
1,Frozen Foods,2025-10-19,42,0,0,COUPON,151,1028.01,79,172.0,151.75,2.499999999999999,1198.81,997.9800000000002,6.562022354479312,7.0,1.0,1,0
1,Frozen Foods,2025-10-26,43,0,0,COUPON,143,968.66,80,151.0,151.0,3.400000000000012,1028.01,1030.6000000000004,6.80699644495837,7.0,1.0,1,0
1,Grains and Pasta,2024-12-29,52,0,1,MANAGER_SPECIAL,132,230.24,67,,149.66666666666666,,,1016.2766666666671,6.76724257177245,6.0,1.0,1,1
1,Grains and Pasta,2025-01-05,1,1,0,BUNDLE,235,605.51,124,132.0,151.66666666666666,,230.24,819.0200000000004,5.174027083556962,6.0,2.0,1,0
1,Grains and Pasta,2025-01-12,2,1,0,COUPON,155,388.05,85,235.0,172.66666666666666,,605.51,621.2533333333337,3.709631322382626,6.0,2.0,1,1
1,Grains and Pasta,2025-01-19,3,0,0,COUPON,207,541.65,115,155.0,174.0,,388.05,407.9333333333336,2.2748097030705132,6.0,2.0,1,0
1,Grains and Pasta,2025-01-26,4,0,0,BOGO,178,485.94,98,207.0,182.25,14.500000000000016,541.65,441.36250000000024,2.3602739439695517,6.0,2.0,1,0
1,Grains and Pasta,2025-02-02,5,0,0,MANAGER_SPECIAL,180,470.76,102,178.0,193.75,-11.900000000000015,485.94,505.28750000000025,2.6067133379089453,7.0,2.0,1,0
1,Grains and Pasta,2025-02-09,6,0,0,COUPON,194,449.21999999999997,100,180.0,180.0,4.600000000000003,470.76,471.60000000000025,2.6163870967741936,7.0,2.0,1,1
1,Grains and Pasta,2025-02-16,7,0,0,MANAGER_SPECIAL,184,484.87,95,194.0,189.75,-3.6999999999999926,449.21999999999997,486.89250000000027,2.569391752577319,7.0,3.0,1,1
1,Grains and Pasta,2025-02-23,8,0,0,COUPON,171,448.4,97,184.0,184.0,3.199999999999995,484.87,472.6975000000002,2.574015846780218,8.0,4.0,1,0
1,Grains and Pasta,2025-03-02,9,0,0,COUPON,168,467.18,96,171.0,182.25,-3.7000000000000055,448.4,463.3125000000002,2.5470714023357734,8.0,3.0,1,0
1,Grains and Pasta,2025-03-09,10,0,0,MANAGER_SPECIAL,165,353.5,95,168.0,179.25,-9.099999999999993,467.18,462.4175000000002,2.588446402335774,8.0,3.0,1,1
1,Grains and Pasta,2025-03-16,11,0,0,MANAGER_SPECIAL,180,466.97,95,165.0,172.0,-6.000000000000014,353.5,438.4875000000002,2.545160710364515,8.0,3.0,1,0
1,Grains and Pasta,2025-03-23,12,0,0,MANAGER_SPECIAL,171,464.54,93,180.0,171.0,2.3999999999999995,466.97,434.0125000000002,2.534939393939394,8.0,3.0,1,0
1,Grains and Pasta,2025-03-30,13,0,0,COUPON,166,429.53,89,171.0,171.0,2.3999999999999995,464.54,438.04750000000024,2.558535885167464,8.0,3.0,1,0
1,Grains and Pasta,2025-04-06,14,0,0,MANAGER_SPECIAL,153,425.45,83,166.0,170.5,-0.5999999999999919,429.53,428.6350000000002,2.5102100819546127,8.0,3.0,1,0
1,Grains and Pasta,2025-04-13,15,0,0,BUNDLE,181,399.63,100,153.0,167.5,-8.59999999999999,425.45,446.62250000000023,2.6697837599106435,8.0,2.0,1,1
1,Grains and Pasta,2025-04-20,16,0,0,BUNDLE,163,443.11,87,181.0,167.75,1.7000000000000068,399.63,429.78750000000025,2.573189453587746,8.0,2.0,1,0
1,Grains and Pasta,2025-04-27,17,0,0,MANAGER_SPECIAL,192,513.4,103,163.0,165.75,1.9000000000000097,443.11,424.43000000000023,2.5736539712212982,8.0,2.0,1,0
1,Grains and Pasta,2025-05-04,18,0,0,BUNDLE,152,395.54,87,192.0,172.25,9.900000000000004,513.4,445.39750000000026,2.5952610244341496,8.0,2.0,1,0
1,Grains and Pasta,2025-05-11,19,0,0,COUPON,153,415.49,79,152.0,172.0,-5.800000000000001,395.54,437.92000000000024,2.550640496398374,8.0,1.0,1,0
1,Grains and Pasta,2025-05-18,20,0,0,BUNDLE,152,373.53,92,153.0,165.0,-6.9999999999999885,415.49,441.8850000000002,2.677570587034997,8.0,1.0,1,1
1,Grains and Pasta,2025-05-25,21,0,0,BUNDLE,168,453.58,86,152.0,162.25,-11.899999999999993,373.53,424.49000000000024,2.612312575249398,8.0,2.0,1,0
1,Grains and Pasta,2025-06-01,22,0,0,COUPON,150,382.88,84,168.0,156.25,4.700000000000025,453.58,409.5350000000002,2.6187932300113026,8.0,2.0,1,0
1,Grains and Pasta,2025-06-08,23,0,0,MANAGER_SPECIAL,200,510.42,107,150.0,155.75,0.6999999999999963,382.88,406.37000000000023,2.60636735281832,8.0,2.0,1,0
1,Grains and Pasta,2025-06-15,24,0,0,COUPON,220,586.63,112,200.0,167.5,12.599999999999996,510.42,430.10250000000025,2.5654871240601502,8.0,1.0,1,0
1,Grains and Pasta,2025-06-22,25,0,0,COUPON,205,398.09,102,220.0,184.5,20.59999999999998,586.63,483.3775000000002,2.6177535714285716,8.0,1.0,1,1
1,Grains and Pasta,2025-06-29,26,0,0,BUNDLE,198,494.81,99,205.0,193.75,18.50000000000001,398.09,469.50500000000017,2.428258943089431,8.0,2.0,1,0
1,Grains and Pasta,2025-07-06,27,0,0,COUPON,182,473.45,108,198.0,205.75,-2.1000000000000245,494.81,497.4875000000002,2.4148857107661987,8.0,2.0,1,0
1,Grains and Pasta,2025-07-13,28,0,0,COUPON,185,470.71,89,182.0,201.25,-12.10000000000002,473.45,488.2450000000002,2.4272041173596053,8.0,2.0,1,0
1,Grains and Pasta,2025-07-20,29,0,0,MANAGER_SPECIAL,145,371.44,93,185.0,192.5,-7.600000000000004,470.71,459.2650000000002,2.3966737119542,8.0,1.0,1,1
1,Grains and Pasta,2025-07-27,30,0,0,MANAGER_SPECIAL,160,410.34,94,145.0,177.5,-15.59999999999998,371.44,452.60250000000025,2.5516118953015505,8.0,2.0,1,0
1,Grains and Pasta,2025-08-03,31,0,0,BUNDLE,191,528.78,107,160.0,168.0,-10.599999999999987,410.34,431.4850000000002,2.5680080442914495,8.0,2.0,1,0
1,Grains and Pasta,2025-08-10,32,0,0,COUPON,172,434.98,88,191.0,170.25,3.3000000000000065,528.78,445.3175000000002,2.6097850565462104,8.0,2.0,1,0
1,Grains and Pasta,2025-08-17,33,0,0,MANAGER_SPECIAL,201,527.96,108,172.0,167.0,11.199999999999996,434.98,436.3850000000002,2.605928834044639,8.0,2.0,1,0
1,Grains and Pasta,2025-08-24,34,0,0,COUPON,200,524.91,106,201.0,181.0,10.400000000000002,527.96,475.5150000000002,2.6221817076078575,8.0,1.0,1,0
1,Grains and Pasta,2025-08-31,35,0,0,MANAGER_SPECIAL,158,409.12,81,200.0,191.0,5.5999999999999925,524.91,504.15750000000025,2.6371629576078575,8.0,1.0,1,0
1,Grains and Pasta,2025-09-07,36,0,0,COUPON,171,456.69,93,158.0,182.75,-4.299999999999972,409.12,474.24250000000023,2.5923843109115885,8.0,1.0,1,0
1,Grains and Pasta,2025-09-14,37,0,0,MANAGER_SPECIAL,158,407.93,96,171.0,182.5,-13.19999999999999,456.69,479.67000000000024,2.6278213774150565,8.0,1.0,1,0
1,Grains and Pasta,2025-09-21,38,0,0,MANAGER_SPECIAL,156,406.71,89,158.0,171.75,-11.300000000000008,407.93,449.66250000000025,2.6166135715078838,8.0,0.0,1,0
1,Grains and Pasta,2025-09-28,39,0,0,COUPON,181,327.88,103,156.0,160.75,-1.8999999999999937,406.71,420.11250000000024,2.61225491766173,8.0,0.0,1,1
1,Grains and Pasta,2025-10-05,40,0,0,NONE,184,476.91,103,181.0,166.5,2.8000000000000025,327.88,399.80250000000024,2.4177860736866266,8.0,1.0,0,0
1,Grains and Pasta,2025-10-12,41,0,0,BOGO,215,572.8,116,184.0,169.75,10.299999999999995,476.91,404.8575000000002,2.3980861785683962,7.0,1.0,1,0
1,Grains and Pasta,2025-10-19,42,0,0,COUPON,147,375.56,82,215.0,184.0,18.000000000000007,572.8,446.0750000000003,2.4186738294368095,7.0,1.0,1,0
1,Grains and Pasta,2025-10-26,43,0,0,COUPON,180,448.34,97,147.0,181.75,-7.1000000000000085,375.56,438.28750000000025,2.405602466276161,7.0,1.0,1,1
1,Meat and Seafood,2024-12-29,52,0,1,MANAGER_SPECIAL,112,1052.97,58,,182.0,,,475.0900000000003,2.603639384132487,6.0,1.0,1,0
1,Meat and Seafood,2025-01-05,1,1,0,BUNDLE,146,1360.25,85,112.0,158.0,,1052.97,667.1100000000002,4.873511278542424,6.0,1.0,1,0
1,Meat and Seafood,2025-01-12,2,1,0,COUPON,154,1379.91,82,146.0,135.0,,1360.25,929.5933333333337,7.091042870344485,6.0,1.0,1,1
1,Meat and Seafood,2025-01-19,3,0,0,COUPON,151,1363.58,86,154.0,137.33333333333334,,1379.91,1264.376666666667,9.226251074838403,6.0,2.0,1,0
1,Meat and Seafood,2025-01-26,4,0,0,BOGO,137,1358.14,78,151.0,140.75,12.500000000000009,1363.58,1289.1775000000002,9.177271087585757,6.0,1.0,1,0
1,Meat and Seafood,2025-02-02,5,0,0,MANAGER_SPECIAL,128,1264.14,76,137.0,147.0,-2.999999999999984,1358.14,1365.4700000000003,9.30524928753362,7.0,1.0,1,0
1,Meat and Seafood,2025-02-09,6,0,0,COUPON,131,1119.54,77,128.0,142.5,-9.200000000000014,1264.14,1341.4425000000003,9.445077519554166,7.0,1.0,1,1
1,Meat and Seafood,2025-02-16,7,0,0,MANAGER_SPECIAL,200,1868.3600000000001,97,131.0,136.75,-6.899999999999989,1119.54,1276.3500000000004,9.341490600747782,7.0,2.0,1,1
1,Meat and Seafood,2025-02-23,8,0,0,COUPON,140,1318.05,85,200.0,149.0,19.2,1868.3600000000001,1402.5450000000003,9.419357819290829,8.0,3.0,1,0
1,Meat and Seafood,2025-03-02,9,0,0,COUPON,163,1476.1200000000001,95,140.0,149.75,10.500000000000005,1318.05,1392.5225000000003,9.294660869342966,8.0,3.0,1,0
1,Meat and Seafood,2025-03-09,10,0,0,MANAGER_SPECIAL,167,1587.47,96,163.0,158.5,3.6000000000000236,1476.1200000000001,1445.5175000000002,9.089625161904316,8.0,3.0,1,0
1,Meat and Seafood,2025-03-16,11,0,0,MANAGER_SPECIAL,131,1292.56,74,167.0,167.5,-7.6,1587.47,1562.5000000000002,9.329550540155449,8.0,2.0,1,0
1,Meat and Seafood,2025-03-23,12,0,0,COUPON,131,1178.89,77,131.0,150.25,-2.2999999999999963,1292.56,1418.5500000000002,9.460818097407355,8.0,2.0,1,0
1,Meat and Seafood,2025-03-30,13,0,0,COUPON,142,1292.64,83,131.0,148.0,-13.199999999999998,1178.89,1383.7600000000002,9.356947459457519,8.0,2.0,1,0
1,Meat and Seafood,2025-04-06,14,0,0,MANAGER_SPECIAL,154,1410.78,79,142.0,142.75,-7.499999999999995,1292.64,1337.8900000000003,9.368734377283493,8.0,2.0,1,0
1,Meat and Seafood,2025-04-13,15,0,0,BUNDLE,111,1026.2,71,154.0,139.5,8.000000000000004,1410.78,1293.7175000000002,9.282509554202383,8.0,1.0,1,0
1,Meat and Seafood,2025-04-20,16,0,0,BUNDLE,153,1423.41,86,111.0,134.5,-4.799999999999982,1026.2,1227.1275000000005,9.127053258211737,8.0,0.0,1,0
1,Meat and Seafood,2025-04-27,17,0,0,COUPON,155,1542.99,93,153.0,140.0,-0.9999999999999962,1423.41,1288.2575000000004,9.203096515209191,8.0,0.0,1,0
1,Meat and Seafood,2025-05-04,18,0,0,BUNDLE,141,1290.07,79,155.0,143.25,4.499999999999995,1542.99,1350.8450000000003,9.416015415708964,8.0,0.0,1,0
1,Meat and Seafood,2025-05-11,19,0,0,COUPON,150,1448.08,91,141.0,140.0,9.200000000000005,1290.07,1320.6675000000002,9.41314629901006,8.0,0.0,1,0
1,Meat and Seafood,2025-05-18,20,0,0,BUNDLE,159,1507.13,75,150.0,149.75,-2.3000000000000016,1448.08,1426.1375000000003,9.515351704415465,8.0,0.0,1,0
1,Meat and Seafood,2025-05-25,21,0,0,BUNDLE,150,1380.25,76,159.0,151.25,2.1000000000000054,1507.13,1447.0675000000003,9.559219628943767,8.0,0.0,1,0
1,Meat and Seafood,2025-06-01,22,0,0,COUPON,141,1297.12,77,150.0,150.0,3.600000000000005,1380.25,1406.3825000000002,9.370942747223337,8.0,0.0,1,0
1,Meat and Seafood,2025-06-08,23,0,0,MANAGER_SPECIAL,138,1264.72,77,141.0,150.0,-3.600000000000009,1297.12,1408.1450000000002,9.383442747223338,8.0,0.0,1,0
1,Meat and Seafood,2025-06-15,24,0,0,MANAGER_SPECIAL,191,1825.76,105,138.0,147.0,-7.1999999999999815,1264.72,1362.3050000000003,9.261135500846526,8.0,0.0,1,0
1,Meat and Seafood,2025-06-22,25,0,0,MANAGER_SPECIAL,118,1049.67,68,191.0,155.0,12.0,1825.76,1441.9625000000003,9.281172462880178,8.0,0.0,1,0
1,Meat and Seafood,2025-06-29,26,0,0,BUNDLE,152,1405.93,93,118.0,147.0,-1.600000000000013,1049.67,1359.3175000000003,9.20463291485758,8.0,0.0,1,0
1,Meat and Seafood,2025-07-06,27,0,0,COUPON,166,1545.77,94,152.0,149.75,-3.0999999999999917,1405.93,1386.5200000000004,9.217159627250265,8.0,0.0,1,0
1,Meat and Seafood,2025-07-13,28,0,0,COUPON,123,1054.08,64,166.0,156.75,-4.100000000000012,1545.77,1456.7825000000003,9.253967074430289,8.0,0.0,1,1
1,Meat and Seafood,2025-07-20,29,0,0,MANAGER_SPECIAL,172,1618.87,91,123.0,139.75,2.9,1054.08,1263.8625000000002,9.006667878925242,8.0,1.0,1,1
1,Meat and Seafood,2025-07-27,30,0,0,MANAGER_SPECIAL,148,1323.83,80,172.0,153.25,1.7000000000000135,1618.87,1406.1625000000004,9.135799481211409,8.0,2.0,1,0
1,Meat and Seafood,2025-08-03,31,0,0,BUNDLE,137,1216.0,76,148.0,152.25,-0.49999999999998995,1323.83,1385.6375000000003,9.05961393711468,8.0,2.0,1,0
1,Meat and Seafood,2025-08-10,32,0,0,COUPON,176,1631.34,90,137.0,145.0,1.800000000000013,1216.0,1303.1950000000002,8.95062517183458,8.0,2.0,1,0
1,Meat and Seafood,2025-08-17,33,0,0,MANAGER_SPECIAL,133,1300.88,75,176.0,158.25,0.10000000000000484,1631.34,1447.5100000000002,9.125430465626156,8.0,2.0,1,0
1,Meat and Seafood,2025-08-24,34,0,0,COUPON,185,1709.24,108,133.0,148.5,-0.5999999999999958,1300.88,1368.0125000000003,9.21768490259066,8.0,2.0,1,0
1,Meat and Seafood,2025-08-31,35,0,0,MANAGER_SPECIAL,160,1500.59,84,185.0,157.75,10.099999999999998,1709.24,1464.3650000000002,9.29126936205012,8.0,2.0,1,0
1,Meat and Seafood,2025-09-07,36,0,0,COUPON,146,1430.67,75,160.0,163.5,0.4000000000000059,1500.59,1535.5125000000003,9.416963134860339,8.0,2.0,1,1
1,Meat and Seafood,2025-09-14,37,0,0,MANAGER_SPECIAL,171,1472.35,99,146.0,156.0,1.4000000000000057,1430.67,1485.3450000000003,9.549496213938795,8.0,2.0,1,1
1,Meat and Seafood,2025-09-21,38,0,0,MANAGER_SPECIAL,150,1361.87,85,171.0,165.5,-5.600000000000009,1472.35,1528.2125000000003,9.256791535576221,8.0,2.0,1,0
1,Meat and Seafood,2025-09-28,39,0,0,COUPON,125,1155.13,71,150.0,156.75,-0.49999999999999867,1361.87,1441.3700000000003,9.21679108512577,8.0,2.0,1,0
1,Meat and Seafood,2025-10-05,40,0,0,NONE,159,1488.23,91,125.0,148.0,-8.399999999999995,1155.13,1355.0050000000003,9.182379210125772,8.0,2.0,0,0
1,Meat and Seafood,2025-10-12,41,0,0,BUNDLE,155,1420.93,82,159.0,151.25,-6.099999999999988,1488.23,1369.3950000000002,9.072586089595058,7.0,2.0,1,0
1,Meat and Seafood,2025-10-19,42,0,0,COUPON,147,1364.82,85,155.0,147.25,4.900000000000012,1420.93,1356.5400000000004,9.211850190708056,7.0,2.0,1,0
1,Meat and Seafood,2025-10-26,43,0,0,COUPON,121,1082.29,69,147.0,146.5,6.200000000000006,1364.82,1357.2775000000004,9.263189306354313,7.0,2.0,1,1
1,Pet Food,2024-12-29,52,0,1,MANAGER_SPECIAL,80,568.4,40,,153.66666666666666,,,1424.6600000000005,9.270572408472416,6.0,2.0,1,0
1,Pet Food,2025-01-05,1,1,0,BUNDLE,156,1180.79,84,80.0,127.33333333333333,,568.4,1118.0500000000004,8.518926706166338,6.0,1.0,1,0
1,Pet Food,2025-01-12,2,1,0,COUPON,129,957.36,80,156.0,127.66666666666667,,1180.79,1038.0033333333338,7.986218820861677,6.0,0.0,1,0
1,Pet Food,2025-01-19,3,0,0,BOGO,110,792.99,68,129.0,121.66666666666667,,957.36,902.1833333333337,7.3651873385012925,6.0,0.0,1,0
1,Pet Food,2025-01-26,4,0,0,BOGO,148,1076.21,82,110.0,118.75,6.300000000000008,792.99,874.8850000000002,7.326140503875969,6.0,0.0,1,0
1,Pet Food,2025-02-02,5,0,0,MANAGER_SPECIAL,113,832.82,69,148.0,135.75,-4.300000000000001,1076.21,1001.8375000000002,7.367812801173266,7.0,0.0,1,0
1,Pet Food,2025-02-09,6,0,0,COUPON,148,1086.68,82,113.0,125.0,-0.9999999999999961,832.82,914.8450000000003,7.318043258400405,7.0,0.0,1,0
1,Pet Food,2025-02-16,7,0,0,MANAGER_SPECIAL,126,942.17,80,148.0,129.75,7.900000000000011,1086.68,947.1750000000002,7.29830252929921,7.0,0.0,1,0
1,Pet Food,2025-02-23,8,0,0,COUPON,148,1095.33,84,126.0,133.75,-3.1000000000000085,942.17,984.4700000000003,7.365437449934131,8.0,0.0,1,0
1,Pet Food,2025-03-02,9,0,0,COUPON,148,1086.24,87,148.0,133.75,8.30000000000002,1095.33,989.2500000000002,7.3977347472314285,8.0,0.0,1,0
1,Pet Food,2025-03-09,10,0,0,MANAGER_SPECIAL,144,1089.19,84,148.0,142.5,2.2000000000000015,1086.24,1052.6050000000002,7.390077488202488,8.0,0.0,1,0
1,Pet Food,2025-03-16,11,0,0,MANAGER_SPECIAL,136,769.87,80,144.0,141.5,5.400000000000005,1089.19,1053.2325000000003,7.445424241205491,8.0,0.0,1,1
1,Pet Food,2025-03-23,12,0,0,MANAGER_SPECIAL,134,1031.79,79,136.0,144.0,-3.999999999999997,769.87,1010.1575000000003,6.991241526452924,8.0,1.0,1,0
1,Pet Food,2025-03-30,13,0,0,COUPON,138,711.38,75,134.0,140.5,-5.0000000000000036,1031.79,994.2725000000003,7.066003275141911,8.0,1.0,1,1
1,Pet Food,2025-04-06,14,0,0,MANAGER_SPECIAL,110,833.11,69,138.0,138.0,-2.0000000000000044,711.38,900.5575000000003,6.519870294335018,8.0,2.0,1,0
1,Pet Food,2025-04-13,15,0,0,BUNDLE,154,1150.45,83,110.0,129.5,-7.4,833.11,836.5375000000001,6.522347251405725,8.0,2.0,1,0
1,Pet Food,2025-04-20,16,0,0,BUNDLE,126,936.75,71,154.0,134.0,3.2000000000000033,1150.45,931.6825000000002,6.974758681887007,8.0,2.0,1,0
1,Pet Food,2025-04-27,17,0,0,MANAGER_SPECIAL,115,875.05,60,126.0,132.0,0.7999999999999796,936.75,907.9225000000002,6.908408290984378,8.0,2.0,1,0
1,Pet Food,2025-05-04,18,0,0,BUNDLE,133,986.32,79,115.0,126.25,-1.3000000000000016,875.05,948.8400000000001,7.521959015622059,8.0,2.0,1,0
1,Pet Food,2025-05-11,19,0,0,COUPON,153,1203.23,85,133.0,132.0,-7.400000000000008,986.32,987.1425000000003,7.482512159846256,8.0,2.0,1,0
1,Pet Food,2025-05-18,20,0,0,BUNDLE,121,923.52,59,153.0,131.75,9.899999999999999,1203.23,1000.3375000000002,7.580960614985888,8.0,1.0,1,0
1,Pet Food,2025-05-25,21,0,0,BUNDLE,133,995.31,79,121.0,130.5,3.8000000000000025,923.52,997.0300000000002,7.6304288361586545,8.0,1.0,1,0
1,Pet Food,2025-06-01,22,0,0,COUPON,135,985.77,78,133.0,135.0,-3.200000000000005,995.31,1027.0950000000003,7.599029686109619,8.0,0.0,1,0
1,Pet Food,2025-06-08,23,0,0,MANAGER_SPECIAL,111,882.86,63,135.0,135.5,-4.2000000000000055,985.77,1026.9575000000002,7.570544723703604,8.0,0.0,1,0
1,Pet Food,2025-06-15,24,0,0,COUPON,164,1253.06,90,111.0,125.0,-2.799999999999996,882.86,946.8650000000002,7.592906055623759,8.0,0.0,1,0
1,Pet Food,2025-06-22,25,0,0,MANAGER_SPECIAL,114,832.99,69,164.0,135.75,6.899999999999987,1253.06,1029.2500000000002,7.59495932109443,8.0,0.0,1,0
1,Pet Food,2025-06-29,26,0,0,BUNDLE,135,1003.98,74,114.0,131.0,-1.0000000000000069,832.99,988.6700000000003,7.550808318588164,8.0,0.0,1,0
1,Pet Food,2025-07-06,27,0,0,COUPON,128,920.58,67,135.0,131.0,2.200000000000025,1003.98,993.2225000000003,7.584530540810387,8.0,0.0,1,0
1,Pet Food,2025-07-13,28,0,0,COUPON,135,977.55,73,128.0,135.25,-8.700000000000019,920.58,1002.6525000000003,7.394114929886964,8.0,0.0,1,0
1,Pet Food,2025-07-20,29,0,0,MANAGER_SPECIAL,130,940.09,73,135.0,128.0,5.600000000000003,977.55,933.7750000000002,7.294240268640351,8.0,0.0,1,1
1,Pet Food,2025-07-27,30,0,0,MANAGER_SPECIAL,135,1022.75,73,130.0,132.0,-0.8000000000000007,940.09,960.5500000000002,7.275373197115385,8.0,1.0,1,0
1,Pet Food,2025-08-03,31,0,0,BOGO,120,621.31,75,135.0,132.0,1.5999999999999988,1022.75,965.2425000000003,7.310132456374644,8.0,1.0,1,1
1,Pet Food,2025-08-10,32,0,0,COUPON,126,820.39,75,120.0,130.0,-3.9999999999999996,621.31,890.4250000000002,6.806520477207977,8.0,2.0,1,1
1,Pet Food,2025-08-17,33,0,0,MANAGER_SPECIAL,126,960.76,78,126.0,127.75,-2.7000000000000095,820.39,851.1350000000002,6.6240006359381365,8.0,3.0,1,0
1,Pet Food,2025-08-24,34,0,0,COUPON,150,1164.59,82,126.0,126.75,-2.0999999999999983,960.76,856.3025000000002,6.722405092592593,8.0,3.0,1,0
1,Pet Food,2025-08-31,35,0,0,MANAGER_SPECIAL,186,1349.44,98,150.0,130.5,9.000000000000004,1164.59,891.7625000000002,6.769406944444444,8.0,3.0,1,0
1,Pet Food,2025-09-07,36,0,0,COUPON,166,1219.52,88,186.0,147.0,20.400000000000006,1349.44,1073.795,7.2887745519713265,8.0,3.0,1,0
1,Pet Food,2025-09-14,37,0,0,MANAGER_SPECIAL,144,1045.16,79,166.0,157.0,15.600000000000009,1219.52,1173.5775000000003,7.497643121487487,8.0,3.0,1,0
1,Pet Food,2025-09-21,38,0,0,MANAGER_SPECIAL,162,1171.78,95,144.0,161.5,-3.7999999999999874,1045.16,1194.6775000000002,7.405887169106534,8.0,2.0,1,1
1,Pet Food,2025-09-28,39,0,0,COUPON,127,952.26,75,162.0,164.5,-9.400000000000006,1171.78,1196.4750000000004,7.273206304909003,8.0,3.0,1,0
1,Pet Food,2025-10-05,40,0,0,COUPON,149,803.16,86,127.0,149.75,-9.899999999999995,952.26,1097.1800000000003,7.333970423103906,8.0,2.0,1,1
1,Pet Food,2025-10-12,41,0,0,BOGO,132,985.38,73,149.0,145.5,-1.9999999999999798,803.16,993.0900000000003,6.844927809697259,8.0,2.0,1,0
1,Pet Food,2025-10-19,42,0,0,COUPON,120,929.54,66,132.0,142.5,-6.799999999999986,985.38,978.1450000000002,6.89666392080837,8.0,2.0,1,0
1,Pet Food,2025-10-26,43,0,0,COUPON,139,1052.85,70,120.0,132.0,-3.8000000000000007,929.54,917.5850000000003,7.0249031183392345,8.0,2.0,1,0
1,Prepared Meals,2024-12-29,52,0,1,MANAGER_SPECIAL,124,1022.53,68,,133.66666666666666,,,906.026666666667,6.867167412378822,7.0,2.0,1,0
1,Prepared Meals,2025-01-05,1,1,0,BUNDLE,221,1653.77,118,124.0,125.33333333333333,,1022.53,979.1500000000002,7.819125448028674,7.0,2.0,1,1
1,Prepared Meals,2025-01-12,2,1,0,COUPON,204,1493.88,109,221.0,155.0,,1653.77,1201.946666666667,7.825166172010575,7.0,3.0,1,1
1,Prepared Meals,2025-01-19,3,0,0,COUPON,207,1681.14,108,204.0,183.0,,1493.88,1390.0600000000004,7.684091008611882,7.0,3.0,1,0
1,Prepared Meals,2025-01-26,4,0,0,BOGO,189,1606.47,105,207.0,189.0,23.200000000000006,1681.14,1462.8300000000004,7.793430575299491,7.0,3.0,1,0
1,Prepared Meals,2025-02-02,5,0,0,MANAGER_SPECIAL,203,1598.11,102,189.0,205.25,-9.299999999999995,1606.47,1608.8150000000003,7.85683847340497,7.0,2.0,1,0
1,Prepared Meals,2025-02-09,6,0,0,COUPON,242,1961.78,136,203.0,200.75,-2.0999999999999983,1598.11,1594.9,7.954173693965342,7.0,2.0,1,0
1,Prepared Meals,2025-02-16,7,0,0,MANAGER_SPECIAL,192,1462.29,102,242.0,210.25,11.899999999999974,1961.78,1711.8750000000002,8.150070631252653,7.0,2.0,1,0
1,Prepared Meals,2025-02-23,8,0,0,COUPON,186,1451.2,101,192.0,206.5,4.800000000000003,1462.29,1657.1625000000001,8.023731749912073,8.0,2.0,1,0
1,Prepared Meals,2025-03-02,9,0,0,COUPON,199,1597.75,108,186.0,205.75,-10.100000000000009,1451.2,1618.3450000000003,7.849309066860359,8.0,2.0,1,0
1,Prepared Meals,2025-03-09,10,0,0,MANAGER_SPECIAL,181,1459.74,105,199.0,204.75,-13.499999999999993,1597.75,1618.255,7.888416921404013,8.0,1.0,1,0
1,Prepared Meals,2025-03-16,11,0,0,COUPON,191,1476.32,107,181.0,189.5,-2.0,1459.74,1492.7450000000001,7.878000159612315,8.0,0.0,1,0
1,Prepared Meals,2025-03-23,12,0,0,MANAGER_SPECIAL,183,1462.8,97,191.0,189.25,-0.2999999999999995,1476.32,1496.2525,7.906332743054723,8.0,0.0,1,0
1,Prepared Meals,2025-03-30,13,0,0,COUPON,190,1065.41,99,183.0,188.5,-3.8000000000000043,1462.8,1499.1525000000001,7.954155764383826,8.0,0.0,1,1
1,Prepared Meals,2025-04-06,14,0,0,MANAGER_SPECIAL,147,1183.64,88,190.0,186.25,1.9000000000000181,1065.41,1366.0675,7.348787409451267,8.0,1.0,1,0
1,Prepared Meals,2025-04-13,15,0,0,BUNDLE,183,1490.11,102,147.0,177.75,-12.499999999999995,1183.64,1297.0425000000002,7.34556513711692,8.0,1.0,1,0
1,Prepared Meals,2025-04-20,16,0,0,BUNDLE,193,1514.74,106,183.0,175.75,-4.300000000000006,1490.11,1300.4900000000002,7.448878515081615,8.0,1.0,1,1
1,Prepared Meals,2025-04-27,17,0,0,MANAGER_SPECIAL,215,1697.47,122,193.0,178.25,4.500000000000005,1514.74,1313.4750000000001,7.412616304939765,8.0,2.0,1,0
1,Prepared Meals,2025-05-04,18,0,0,BUNDLE,168,1301.19,92,215.0,184.5,21.400000000000013,1697.47,1471.4900000000002,7.9845633673632666,8.0,2.0,1,0
1,Prepared Meals,2025-05-11,19,0,0,COUPON,187,1387.91,101,168.0,189.75,-2.30000000000001,1301.19,1500.8775,7.907864812941497,8.0,2.0,1,1
1,Prepared Meals,2025-05-18,20,0,0,MANAGER_SPECIAL,163,1230.7,90,187.0,190.75,-6.500000000000009,1387.91,1475.3275000000003,7.727690066440811,8.0,3.0,1,1
1,Prepared Meals,2025-05-25,21,0,0,BUNDLE,185,1405.8,98,163.0,183.25,-13.699999999999985,1230.7,1404.3175000000003,7.65316830796152,8.0,4.0,1,1
1,Prepared Meals,2025-06-01,22,0,0,COUPON,207,1658.34,108,185.0,175.75,2.6999999999999997,1405.8,1331.4000000000003,7.579095712109854,8.0,4.0,1,0
1,Prepared Meals,2025-06-08,23,0,0,MANAGER_SPECIAL,200,1577.66,102,207.0,185.5,8.2,1658.34,1420.6875000000002,7.645627156209233,8.0,4.0,1,0
1,Prepared Meals,2025-06-15,24,0,0,COUPON,205,1594.59,110,200.0,188.75,13.300000000000013,1577.66,1468.1250000000002,7.762207503802816,8.0,4.0,1,0
1,Prepared Meals,2025-06-22,25,0,0,MANAGER_SPECIAL,188,1229.8799999999999,93,205.0,199.25,5.299999999999996,1594.59,1559.0975000000003,7.8192527679057635,8.0,3.0,1,1
1,Prepared Meals,2025-06-29,26,0,0,BUNDLE,212,1691.52,111,188.0,200.0,-5.199999999999987,1229.8799999999999,1515.1175000000003,7.555001761580289,8.0,4.0,1,0
1,Prepared Meals,2025-07-06,27,0,0,COUPON,227,1841.32,121,212.0,201.25,1.8999999999999906,1691.52,1523.4125000000001,7.546892655755843,8.0,4.0,1,0
1,Prepared Meals,2025-07-13,28,0,0,COUPON,208,1362.06,114,227.0,208.0,9.0,1841.32,1589.3275000000003,7.602703118310909,8.0,3.0,1,1
1,Prepared Meals,2025-07-20,29,0,0,MANAGER_SPECIAL,162,1334.74,91,208.0,208.75,7.500000000000005,1362.06,1531.1950000000002,7.295172513245243,8.0,3.0,1,0
1,Prepared Meals,2025-07-27,30,0,0,MANAGER_SPECIAL,132,1025.27,77,162.0,202.25,-16.900000000000013,1334.74,1557.41,7.719477740458271,8.0,2.0,1,0
1,Prepared Meals,2025-08-03,31,0,0,BUNDLE,202,1617.34,107,132.0,182.25,-33.10000000000001,1025.27,1390.8475000000003,7.666560001750438,8.0,2.0,1,0
1,Prepared Meals,2025-08-10,32,0,0,COUPON,206,1663.81,108,202.0,176.0,-4.799999999999995,1617.34,1334.8525000000002,7.640332955036956,8.0,2.0,1,0
1,Prepared Meals,2025-08-17,33,0,0,MANAGER_SPECIAL,213,1800.77,116,206.0,175.5,20.200000000000006,1663.81,1410.2900000000002,8.022428502086994,8.0,2.0,1,0
1,Prepared Meals,2025-08-24,34,0,0,COUPON,218,1770.56,113,213.0,188.25,24.700000000000003,1800.77,1526.7975000000001,8.076224363676282,8.0,1.0,1,0
1,Prepared Meals,2025-08-31,35,0,0,MANAGER_SPECIAL,204,1595.49,107,218.0,209.75,5.500000000000002,1770.56,1713.1200000000001,8.16488383684837,8.0,1.0,1,1
1,Prepared Meals,2025-09-07,36,0,0,COUPON,215,1738.99,112,204.0,210.25,-0.09999999999998367,1595.49,1707.6575000000003,8.118482773947962,8.0,2.0,1,0
1,Prepared Meals,2025-09-14,37,0,0,MANAGER_SPECIAL,153,1186.85,89,215.0,212.5,-0.7999999999999792,1738.99,1726.4525000000003,8.121377276092916,8.0,1.0,1,0
1,Prepared Meals,2025-09-21,38,0,0,MANAGER_SPECIAL,183,1445.01,108,153.0,197.5,-18.39999999999999,1186.85,1572.9725,7.947094849507259,8.0,1.0,1,0
1,Prepared Meals,2025-09-28,39,0,0,COUPON,212,1715.72,109,183.0,188.75,-12.499999999999982,1445.01,1491.5850000000003,7.8906935109601095,8.0,1.0,1,0
1,Prepared Meals,2025-10-05,40,0,0,BUNDLE,191,1592.04,104,212.0,190.75,2.0999999999999885,1715.72,1521.6425000000004,7.958690875000064,8.0,1.0,1,0
1,Prepared Meals,2025-10-12,41,0,0,BOGO,212,1723.52,116,191.0,184.75,14.299999999999994,1592.04,1484.9050000000002,8.020431469180023,8.0,1.0,1,0
1,Prepared Meals,2025-10-19,42,0,0,BUNDLE,180,1334.83,97,212.0,199.5,6.6000000000000005,1723.52,1619.0725000000002,8.113586913747788,8.0,1.0,1,1
1,Prepared Meals,2025-10-26,43,0,0,COUPON,145,1148.16,90,180.0,198.75,-7.500000000000012,1334.83,1591.5275000000001,7.993460092254162,8.0,2.0,1,0
1,Snacks/Cookies/Chips,2024-12-29,52,0,1,MANAGER_SPECIAL,90,286.23,48,,194.33333333333334,,,1550.1300000000003,7.960273833697374,7.0,1.0,1,0
1,Snacks/Cookies/Chips,2025-01-05,1,1,0,BUNDLE,163,520.24,93,90.0,160.66666666666666,,286.23,1114.8600000000004,6.2419556254367565,7.0,1.0,1,0
1,Snacks/Cookies/Chips,2025-01-12,2,1,0,COUPON,156,482.28,84,163.0,144.33333333333334,,520.24,713.766666666667,4.5959039990911155,7.0,1.0,1,0
1,Snacks/Cookies/Chips,2025-01-19,3,0,0,COUPON,166,524.39,101,156.0,136.33333333333334,,482.28,429.58333333333366,3.1545094121965285,7.0,1.0,1,0
1,Snacks/Cookies/Chips,2025-01-26,4,0,0,BOGO,145,441.07,81,166.0,143.75,22.100000000000023,524.39,453.2850000000002,3.155626035051011,7.0,1.0,1,1
1,Snacks/Cookies/Chips,2025-02-02,5,0,0,MANAGER_SPECIAL,137,423.26,74,145.0,157.5,-4.399999999999994,441.07,491.99500000000023,3.121008218959057,7.0,2.0,1,0
1,Snacks/Cookies/Chips,2025-02-09,6,0,0,COUPON,171,525.5,93,137.0,151.0,-7.799999999999991,423.26,467.7500000000002,3.0954663713033317,7.0,2.0,1,0
1,Snacks/Cookies/Chips,2025-02-16,7,0,0,MANAGER_SPECIAL,163,412.09,83,171.0,154.75,0.6999999999999985,525.5,478.55500000000023,3.090856609719886,7.0,1.0,1,1
1,Snacks/Cookies/Chips,2025-02-23,8,0,0,COUPON,150,485.82,85,163.0,154.0,8.799999999999999,412.09,450.4800000000002,2.9331525111168846,8.0,2.0,1,0
1,Snacks/Cookies/Chips,2025-03-02,9,0,0,COUPON,155,373.09,85,150.0,155.25,3.100000000000005,485.82,461.66750000000025,2.982386993875506,8.0,2.0,1,1
1,Snacks/Cookies/Chips,2025-03-09,10,0,0,MANAGER_SPECIAL,132,411.0,78,155.0,159.75,-6.100000000000011,373.09,449.1250000000002,2.8117727956179124,8.0,3.0,1,0
1,Snacks/Cookies/Chips,2025-03-16,11,0,0,MANAGER_SPECIAL,159,491.71,83,132.0,150.0,-8.799999999999999,411.0,420.5000000000002,2.8219070327258335,8.0,3.0,1,0
1,Snacks/Cookies/Chips,2025-03-23,12,0,0,MANAGER_SPECIAL,160,518.91,91,159.0,149.0,0.39999999999998215,491.71,440.4050000000002,2.9629960862428297,8.0,3.0,1,0
1,Snacks/Cookies/Chips,2025-03-30,13,0,0,COUPON,155,515.12,91,160.0,151.5,4.200000000000003,518.91,448.6775000000002,2.9640929612428297,8.0,2.0,1,0
1,Snacks/Cookies/Chips,2025-04-06,14,0,0,MANAGER_SPECIAL,174,557.39,102,155.0,151.5,7.000000000000004,515.12,484.1850000000002,3.19317360640412,8.0,2.0,1,0
1,Snacks/Cookies/Chips,2025-04-13,15,0,0,BUNDLE,131,412.6,70,174.0,162.0,4.00000000000001,557.39,520.7825000000003,3.2156122166444545,8.0,2.0,1,0
1,Snacks/Cookies/Chips,2025-04-20,16,0,0,BUNDLE,161,525.24,89,131.0,155.0,-6.799999999999999,412.6,501.0050000000002,3.2298878659795163,8.0,1.0,1,0
1,Snacks/Cookies/Chips,2025-04-27,17,0,0,MANAGER_SPECIAL,208,663.41,103,161.0,155.25,-2.4999999999999925,525.24,502.5875000000002,3.2346810530913177,8.0,1.0,1,0
1,Snacks/Cookies/Chips,2025-05-04,18,0,0,BUNDLE,152,464.3,88,208.0,168.5,13.19999999999998,663.41,539.6600000000003,3.201210131875437,8.0,0.0,1,0
1,Snacks/Cookies/Chips,2025-05-11,19,0,0,COUPON,174,568.07,94,152.0,163.0,11.000000000000021,464.3,516.3875000000003,3.164013746515485,8.0,0.0,1,0
1,Snacks/Cookies/Chips,2025-05-18,20,0,0,BUNDLE,137,449.26,73,174.0,173.75,-1.6999999999999906,568.07,555.2550000000003,3.1928016950984457,8.0,0.0,1,0
1,Snacks/Cookies/Chips,2025-05-25,21,0,0,BUNDLE,192,593.88,93,137.0,167.75,-19.099999999999994,449.26,536.2600000000002,3.19702915123482,8.0,0.0,1,0
1,Snacks/Cookies/Chips,2025-06-01,22,0,0,COUPON,185,586.35,98,192.0,163.75,8.29999999999999,593.88,518.8775000000003,3.172942612773281,8.0,0.0,1,0
1,Snacks/Cookies/Chips,2025-06-08,23,0,0,MANAGER_SPECIAL,149,463.89,81,185.0,172.0,8.799999999999985,586.35,549.3900000000003,3.2016561618486725,8.0,0.0,1,0
1,Snacks/Cookies/Chips,2025-06-15,24,0,0,COUPON,187,588.99,95,149.0,165.75,2.900000000000004,463.89,523.3450000000003,3.1638025592875367,8.0,0.0,1,0
1,Snacks/Cookies/Chips,2025-06-22,25,0,0,MANAGER_SPECIAL,172,545.01,94,187.0,178.25,-5.099999999999982,588.99,558.2775000000003,3.131404827135618,8.0,0.0,1,0
1,Snacks/Cookies/Chips,2025-06-29,26,0,0,BUNDLE,196,594.54,102,172.0,173.25,-0.0999999999999995,545.01,546.0600000000002,3.150289274810037,8.0,0.0,1,1
1,Snacks/Cookies/Chips,2025-07-06,27,0,0,COUPON,155,375.36,83,196.0,176.0,12.600000000000017,594.54,548.1075000000002,3.1162662466798654,8.0,1.0,1,1
1,Snacks/Cookies/Chips,2025-07-13,28,0,0,COUPON,185,428.9,101,155.0,177.5,-7.199999999999996,375.36,525.9750000000003,2.943346675344079,8.0,2.0,1,1
1,Snacks/Cookies/Chips,2025-07-20,29,0,0,MANAGER_SPECIAL,156,494.06,86,185.0,177.0,-0.20000000000000764,428.9,485.9525000000002,2.7355214838424167,8.0,3.0,1,0
1,Snacks/Cookies/Chips,2025-07-27,30,0,0,MANAGER_SPECIAL,122,381.81,69,156.0,173.0,-9.000000000000012,494.06,473.21500000000026,2.735118606680819,8.0,3.0,1,0
1,Snacks/Cookies/Chips,2025-08-03,31,0,0,BUNDLE,121,392.03,71,122.0,154.5,-12.8,381.81,420.03250000000025,2.7591743109297315,8.0,3.0,1,0
1,Snacks/Cookies/Chips,2025-08-10,32,0,0,COUPON,145,442.76,80,121.0,146.0,-22.599999999999994,392.03,424.2000000000002,2.963734294933997,8.0,3.0,1,0
1,Snacks/Cookies/Chips,2025-08-17,33,0,0,MANAGER_SPECIAL,137,424.43,83,145.0,136.0,-3.4000000000000012,442.76,427.66500000000025,3.14751901068423,8.0,3.0,1,0
1,Snacks/Cookies/Chips,2025-08-24,34,0,0,COUPON,146,454.88,81,137.0,131.25,6.899999999999996,424.43,410.2575000000002,3.1302634894414822,8.0,3.0,1,0
1,Snacks/Cookies/Chips,2025-08-31,35,0,0,MANAGER_SPECIAL,141,445.92,75,146.0,137.25,6.699999999999998,454.88,428.5250000000002,3.1267700580469167,8.0,2.0,1,0
1,Snacks/Cookies/Chips,2025-09-07,36,0,0,COUPON,158,499.14,85,141.0,142.25,-0.2999999999999879,445.92,441.99750000000023,3.1074290170762824,8.0,1.0,1,0
1,Snacks/Cookies/Chips,2025-09-14,37,0,0,MANAGER_SPECIAL,181,584.23,89,158.0,145.5,5.799999999999999,499.14,456.0925000000002,3.133828187744113,8.0,0.0,1,0
1,Snacks/Cookies/Chips,2025-09-21,38,0,0,MANAGER_SPECIAL,161,517.56,90,181.0,156.5,12.200000000000014,584.23,496.04250000000025,3.1662684022861947,8.0,0.0,1,0
1,Snacks/Cookies/Chips,2025-09-28,39,0,0,COUPON,174,538.65,95,161.0,160.25,8.300000000000004,517.56,511.7125000000002,3.191028888970445,8.0,0.0,1,0
1,Snacks/Cookies/Chips,2025-10-05,40,0,0,NONE,155,472.24,84,174.0,168.5,2.800000000000019,538.65,534.8950000000002,3.174313004891208,8.0,0.0,0,0
1,Snacks/Cookies/Chips,2025-10-12,41,0,0,BOGO,138,427.1,80,155.0,167.75,-6.49999999999999,472.24,528.1700000000003,3.1462119432333884,7.0,0.0,1,0
1,Snacks/Cookies/Chips,2025-10-19,42,0,0,COUPON,134,420.08,77,138.0,157.0,-8.799999999999986,427.1,488.8875000000003,3.112996313479205,7.0,0.0,1,0
1,Snacks/Cookies/Chips,2025-10-26,43,0,0,COUPON,142,444.33,86,134.0,150.25,-13.70000000000001,420.08,464.51750000000027,3.0930630604894955,7.0,0.0,1,0
2,Alcohol,2024-12-29,52,0,1,MANAGER_SPECIAL,138,1631.83,78,,142.33333333333334,,,439.806666666667,3.0921875289285228,6.0,0.0,1,1
2,Alcohol,2025-01-05,1,1,0,BUNDLE,183,2348.94,107,138.0,136.66666666666666,,1631.83,826.336666666667,6.018235993943327,6.0,1.0,1,0
2,Alcohol,2025-01-12,2,1,0,COUPON,179,2191.47,105,183.0,151.66666666666666,,2348.94,1466.95,9.26517271683871,6.0,1.0,1,0
2,Alcohol,2025-01-19,3,0,0,COUPON,193,2437.16,110,179.0,166.66666666666666,,2191.47,2057.4133333333334,12.301147313130992,6.0,1.0,1,0
2,Alcohol,2025-01-26,4,0,0,BOGO,241,2899.08,133,193.0,173.25,16.100000000000016,2437.16,2152.3500000000004,12.382803490029591,6.0,1.0,1,1
2,Alcohol,2025-02-02,5,0,0,MANAGER_SPECIAL,225,2790.21,119,241.0,199.0,18.800000000000004,2899.08,2469.1625000000004,12.433934120253898,7.0,2.0,1,0
2,Alcohol,2025-02-09,6,0,0,COUPON,242,3106.35,136,225.0,209.5,18.59999999999999,2790.21,2579.48,12.325233027357722,7.0,2.0,1,0
2,Alcohol,2025-02-16,7,0,0,MANAGER_SPECIAL,225,2835.67,116,242.0,225.25,13.09999999999999,3106.35,2808.2000000000003,12.473559993053275,7.0,2.0,1,0
2,Alcohol,2025-02-23,8,0,0,COUPON,215,2684.14,118,225.0,233.25,-3.0999999999999788,2835.67,2907.8275000000003,12.467361432316373,8.0,2.0,1,0
2,Alcohol,2025-03-02,9,0,0,COUPON,193,2367.89,116,215.0,226.75,-4.699999999999995,2684.14,2854.0925,12.581110057231939,8.0,1.0,1,0
2,Alcohol,2025-03-09,10,0,0,MANAGER_SPECIAL,188,2422.42,104,193.0,218.75,-15.699999999999974,2367.89,2748.5125,12.54809174980534,8.0,1.0,1,0
2,Alcohol,2025-03-16,11,0,0,MANAGER_SPECIAL,211,2014.47,118,188.0,205.25,-13.3,2422.42,2577.53,12.560355685096354,8.0,1.0,1,1
2,Alcohol,2025-03-23,12,0,0,MANAGER_SPECIAL,233,2891.67,126,211.0,201.75,-1.7,2014.47,2372.23,11.796424036860442,8.0,2.0,1,0
2,Alcohol,2025-03-30,13,0,0,COUPON,196,2409.84,105,233.0,206.25,14.3,2891.67,2424.1125,11.777981228196904,8.0,1.0,1,0
2,Alcohol,2025-04-06,14,0,0,MANAGER_SPECIAL,197,2439.49,109,196.0,207.0,4.600000000000011,2409.84,2434.6000000000004,11.78454171249425,8.0,1.0,1,1
2,Alcohol,2025-04-13,15,0,0,BUNDLE,179,2196.67,100,197.0,209.25,-7.900000000000022,2439.49,2438.8675000000003,11.659038013390674,8.0,2.0,1,0
2,Alcohol,2025-04-20,16,0,0,BUNDLE,233,2946.94,127,179.0,201.25,-16.1,2196.67,2484.4175,12.34020007751734,8.0,2.0,1,1
2,Alcohol,2025-04-27,17,0,0,MANAGER_SPECIAL,216,2575.56,113,233.0,201.25,9.300000000000017,2946.94,2498.235,12.399502652624635,8.0,3.0,1,0
2,Alcohol,2025-05-04,18,0,0,BUNDLE,245,2980.14,123,216.0,206.25,11.099999999999987,2575.56,2539.665,12.306699364642776,8.0,3.0,1,0
2,Alcohol,2025-05-11,19,0,0,COUPON,195,2335.01,104,245.0,218.25,18.09999999999999,2980.14,2674.8275,12.251859055930458,8.0,3.0,1,1
2,Alcohol,2025-05-18,20,0,0,BUNDLE,181,2198.16,107,195.0,222.25,-8.500000000000009,2335.01,2709.4125,12.177486759697826,8.0,3.0,1,0
2,Alcohol,2025-05-25,21,0,0,BUNDLE,194,2352.59,106,181.0,209.25,-15.499999999999975,2198.16,2522.2174999999997,12.051666566683338,8.0,3.0,1,1
2,Alcohol,2025-06-01,22,0,0,COUPON,212,2707.33,121,194.0,203.75,-16.700000000000003,2352.59,2466.475,12.102382488791013,8.0,4.0,1,0
2,Alcohol,2025-06-08,23,0,0,MANAGER_SPECIAL,180,2245.37,106,212.0,195.5,6.3999999999999915,2707.33,2398.2725,12.254029437193015,8.0,3.0,1,0
2,Alcohol,2025-06-15,24,0,0,COUPON,177,2156.84,99,180.0,191.75,1.5000000000000033,2245.37,2375.8625,12.378996317534895,8.0,3.0,1,0
2,Alcohol,2025-06-22,25,0,0,MANAGER_SPECIAL,211,2607.7400000000002,105,177.0,190.75,-8.299999999999997,2156.84,2365.5325000000003,12.389247901640774,8.0,2.0,1,0
2,Alcohol,2025-06-29,26,0,0,BUNDLE,218,2545.4900000000002,120,211.0,195.0,-0.6000000000000083,2607.7400000000002,2429.32,12.447299093803768,8.0,2.0,1,1
2,Alcohol,2025-07-06,27,0,0,COUPON,221,2658.07,128,218.0,196.5,14.799999999999992,2545.4900000000002,2388.86,12.173832869985176,8.0,3.0,1,0
2,Alcohol,2025-07-13,28,0,0,COUPON,203,2434.76,122,221.0,206.75,13.900000000000002,2658.07,2492.035,12.062129941377837,8.0,2.0,1,0
2,Alcohol,2025-07-20,29,0,0,MANAGER_SPECIAL,237,2916.8,132,203.0,213.25,-2.0999999999999917,2434.76,2561.5150000000003,12.014218666990818,8.0,2.0,1,0
2,Alcohol,2025-07-27,30,0,0,MANAGER_SPECIAL,266,3232.68,149,237.0,219.75,3.9000000000000337,2916.8,2638.78,12.001272579443075,8.0,1.0,1,1
2,Alcohol,2025-08-03,31,0,0,BUNDLE,231,2858.97,132,266.0,231.75,16.9,3232.68,2810.5775000000003,12.12036575389296,8.0,2.0,1,0
2,Alcohol,2025-08-10,32,0,0,COUPON,218,2726.25,120,231.0,234.25,11.300000000000006,2858.97,2860.8025000000002,12.20762261467923,8.0,2.0,1,0
2,Alcohol,2025-08-17,33,0,0,MANAGER_SPECIAL,197,2384.72,106,218.0,238.0,-9.199999999999973,2726.25,2933.675,12.335583194513823,8.0,2.0,1,0
2,Alcohol,2025-08-24,34,0,0,COUPON,195,2193.89,103,197.0,228.0,-22.000000000000014,2384.72,2800.6549999999997,12.28508436181233,8.0,2.0,1,1
2,Alcohol,2025-08-31,35,0,0,MANAGER_SPECIAL,210,1969.0,120,195.0,210.25,-12.900000000000006,2193.89,2540.9574999999995,12.05953076628505,8.0,2.0,1,1
2,Alcohol,2025-09-07,36,0,0,COUPON,193,2385.56,109,210.0,205.0,-2.599999999999994,1969.0,2318.465,11.309455008709293,8.0,3.0,1,0
2,Alcohol,2025-09-14,37,0,0,MANAGER_SPECIAL,248,3012.99,130,193.0,198.75,0.3000000000000094,2385.56,2233.2925,11.273125149413765,8.0,3.0,1,0
2,Alcohol,2025-09-21,38,0,0,MANAGER_SPECIAL,224,2695.83,122,248.0,211.5,14.199999999999989,3012.99,2390.36,11.284119039621725,8.0,3.0,1,0
2,Alcohol,2025-09-28,39,0,0,COUPON,200,1730.61,113,224.0,218.75,9.700000000000005,2695.83,2515.845,11.480178391727952,8.0,2.0,1,1
2,Alcohol,2025-10-05,40,0,0,BUNDLE,205,2397.2400000000002,112,200.0,216.25,-0.29999999999996835,1730.61,2456.2475,11.299393272680332,8.0,3.0,1,1
2,Alcohol,2025-10-12,41,0,0,BOGO,185,2201.16,109,205.0,219.25,-15.29999999999998,2397.2400000000002,2459.1675,11.132753060371474,8.0,4.0,1,0
2,Alcohol,2025-10-19,42,0,0,COUPON,202,2351.2,108,185.0,203.5,-11.200000000000001,2201.16,2256.21,11.070005294460401,8.0,4.0,1,1
2,Alcohol,2025-10-26,43,0,0,COUPON,245,2986.63,138,202.0,198.0,-1.400000000000017,2351.2,2170.0525,10.971167445273696,8.0,4.0,1,0
2,Bakery,2024-12-29,52,0,1,MANAGER_SPECIAL,131,513.93,72,,197.33333333333334,,,2316.533333333333,11.743873260364929,7.0,3.0,1,0
2,Bakery,2025-01-05,1,1,0,BUNDLE,169,679.16,97,131.0,172.66666666666666,,513.93,1688.7633333333333,9.153631964516856,7.0,3.0,1,0
2,Bakery,2025-01-12,2,1,0,COUPON,199,749.2,114,169.0,167.33333333333334,,679.16,1181.43,6.527143985413492,7.0,3.0,1,0
2,Bakery,2025-01-19,3,0,0,COUPON,230,926.83,123,199.0,166.33333333333334,,749.2,647.43,3.9022173721491504,7.0,3.0,1,0
2,Bakery,2025-01-26,4,0,0,BOGO,218,776.27,116,230.0,182.25,32.699999999999996,926.83,717.28,3.934086942155341,7.0,2.0,1,1
2,Bakery,2025-02-02,5,0,0,MANAGER_SPECIAL,176,696.15,101,218.0,204.0,17.799999999999983,776.27,782.865,3.8435223893155066,7.0,2.0,1,0
2,Bakery,2025-02-09,6,0,0,COUPON,206,816.97,114,176.0,205.75,-8.099999999999971,696.15,787.1125000000001,3.827697264920671,7.0,2.0,1,0
2,Bakery,2025-02-16,7,0,0,MANAGER_SPECIAL,196,767.47,107,206.0,207.5,-11.399999999999986,816.97,804.0550000000001,3.8779596813718586,7.0,1.0,1,0
2,Bakery,2025-02-23,8,0,0,COUPON,175,712.25,93,196.0,199.0,-3.5999999999999934,767.47,764.215,3.8494515846549113,8.0,1.0,1,0
2,Bakery,2025-03-02,9,0,0,COUPON,215,868.0,116,175.0,188.25,-1.3000000000000111,712.25,748.21,3.9767336947466543,8.0,1.0,1,0
2,Bakery,2025-03-09,10,0,0,MANAGER_SPECIAL,242,963.91,125,215.0,198.0,0.5999999999999942,868.0,791.1725,3.9971865885098676,8.0,1.0,1,0
2,Bakery,2025-03-16,11,0,0,MANAGER_SPECIAL,207,847.14,109,242.0,207.0,17.799999999999986,963.91,827.9075,4.001492935296356,8.0,1.0,1,0
2,Bakery,2025-03-23,12,0,0,MANAGER_SPECIAL,206,829.37,106,207.0,209.75,12.300000000000006,847.14,847.825,4.04569306099881,8.0,1.0,1,0
2,Bakery,2025-03-30,13,0,0,COUPON,217,842.06,121,206.0,217.5,-6.2000000000000135,829.37,877.105,4.034710051290072,8.0,0.0,1,0
2,Bakery,2025-04-06,14,0,0,MANAGER_SPECIAL,209,829.04,108,217.0,218.0,-7.600000000000003,842.06,870.62,3.995522933081949,8.0,0.0,1,1
2,Bakery,2025-04-13,15,0,0,BUNDLE,215,821.18,113,209.0,209.75,1.699999999999993,829.04,836.9025,3.9914227808418445,8.0,1.0,1,0
2,Bakery,2025-04-20,16,0,0,BUNDLE,194,756.42,111,215.0,211.75,1.9000000000000006,821.18,830.4125,3.923167303929138,8.0,1.0,1,0
2,Bakery,2025-04-27,17,0,0,MANAGER_SPECIAL,224,892.38,125,194.0,208.75,-6.299999999999989,756.42,812.175,3.8914183548749897,8.0,1.0,1,0
2,Bakery,2025-05-04,18,0,0,BUNDLE,164,653.08,100,224.0,210.5,2.399999999999994,892.38,824.7549999999999,3.917262968930289,8.0,1.0,1,0
2,Bakery,2025-05-11,19,0,0,COUPON,214,861.28,117,164.0,199.25,-12.300000000000006,653.08,780.765,3.9211371082697686,8.0,1.0,1,0
2,Bakery,2025-05-18,20,0,0,BUNDLE,186,748.28,105,214.0,199.0,5.844523385617728e-15,861.28,790.79,3.9724448674525554,8.0,1.0,1,1
2,Bakery,2025-05-25,21,0,0,BUNDLE,207,847.35,114,186.0,197.0,-6.400000000000009,748.28,788.755,4.003429514387484,8.0,2.0,1,0
2,Bakery,2025-06-01,22,0,0,COUPON,161,641.18,92,207.0,192.75,10.100000000000016,847.35,777.4975000000001,4.030839258176305,8.0,2.0,1,0
2,Bakery,2025-06-08,23,0,0,BUNDLE,201,798.96,106,161.0,192.0,-13.799999999999981,641.18,774.5224999999999,4.030911595700922,8.0,1.0,1,1
2,Bakery,2025-06-15,24,0,0,COUPON,173,714.18,97,201.0,188.75,-0.10000000000000624,798.96,758.9425,4.018474714685439,8.0,2.0,1,0
2,Bakery,2025-06-22,25,0,0,MANAGER_SPECIAL,205,769.14,123,173.0,185.5,-6.199999999999995,714.18,750.4175,4.044774049634783,8.0,2.0,1,1
2,Bakery,2025-06-29,26,0,0,BUNDLE,155,635.21,91,205.0,185.0,10.399999999999993,769.14,730.865,3.959380094173489,8.0,3.0,1,0
2,Bakery,2025-07-06,27,0,0,COUPON,242,922.78,131,155.0,183.5,-10.599999999999985,635.21,729.3725000000001,3.9882912342255827,8.0,3.0,1,1
2,Bakery,2025-07-13,28,0,0,COUPON,177,726.8,100,242.0,193.75,15.700000000000006,922.78,760.3275,3.947845014908943,8.0,4.0,1,0
2,Bakery,2025-07-20,29,0,0,MANAGER_SPECIAL,196,789.64,121,177.0,194.75,0.2999999999999996,726.8,763.4825000000001,3.94234666410394,8.0,3.0,1,0
2,Bakery,2025-07-27,30,0,0,MANAGER_SPECIAL,229,892.16,134,196.0,192.5,5.800000000000005,789.64,768.6075,4.011564931898863,8.0,3.0,1,0
2,Bakery,2025-08-03,31,0,0,BUNDLE,212,820.21,104,229.0,211.0,-1.999999999999997,892.16,832.8449999999999,3.9610064729609844,8.0,3.0,1,0
2,Bakery,2025-08-10,32,0,0,COUPON,190,773.46,104,212.0,203.5,13.800000000000013,820.21,807.2025,3.9749501225789476,8.0,2.0,1,0
2,Bakery,2025-08-17,33,0,0,MANAGER_SPECIAL,207,845.04,113,190.0,206.75,-3.4999999999999902,773.46,818.8675,3.966106976578353,8.0,2.0,1,0
2,Bakery,2025-08-24,34,0,0,COUPON,177,520.61,97,207.0,209.5,-8.799999999999972,845.04,832.7175,3.9794928091722603,8.0,1.0,1,1
2,Bakery,2025-08-31,35,0,0,MANAGER_SPECIAL,213,841.8,122,177.0,196.5,-8.800000000000011,520.61,739.83,3.740843868802685,8.0,2.0,1,0
2,Bakery,2025-09-07,36,0,0,COUPON,205,837.75,106,213.0,196.75,3.9000000000000123,841.8,745.2275,3.7616432642318633,8.0,1.0,1,0
2,Bakery,2025-09-14,37,0,0,MANAGER_SPECIAL,239,936.21,134,205.0,200.5,3.000000000000019,837.75,761.3,3.765579079379489,8.0,1.0,1,0
2,Bakery,2025-09-21,38,0,0,MANAGER_SPECIAL,237,967.8299999999999,125,239.0,208.5,17.8,936.21,784.0925,3.7242985324144775,8.0,1.0,1,0
2,Bakery,2025-09-28,39,0,0,COUPON,242,992.96,129,237.0,223.5,10.599999999999985,967.8299999999999,895.8975,4.009891395176403,8.0,1.0,1,0
2,Bakery,2025-10-05,40,0,0,NONE,197,792.63,114,242.0,230.75,10.900000000000004,992.96,933.6875,4.047648350129261,8.0,1.0,0,0
2,Bakery,2025-10-12,41,0,0,BOGO,270,1003.93,135,197.0,228.75,-12.099999999999978,792.63,922.4074999999999,4.031877643183613,7.0,1.0,1,0
2,Bakery,2025-10-19,42,0,0,COUPON,207,831.12,110,270.0,236.5,5.399999999999995,1003.93,939.3375000000001,3.9821432948185107,7.0,1.0,1,0
2,Bakery,2025-10-26,43,0,0,COUPON,213,869.73,116,207.0,229.0,-3.199999999999983,831.12,905.1600000000001,3.9649936892415525,7.0,0.0,1,0
2,Baking,2024-12-29,52,0,1,COUPON,126,466.21999999999997,74,,224.66666666666666,,,875.8933333333334,3.918944753699481,6.0,0.0,1,0
2,Baking,2025-01-05,1,1,0,BUNDLE,165,629.19,90,126.0,201.0,,466.21999999999997,767.09,3.811163484395369,6.0,0.0,1,0
2,Baking,2025-01-12,2,1,0,COUPON,200,753.15,103,165.0,166.0,,629.19,642.1766666666666,3.842834640399858,6.0,0.0,1,0
2,Baking,2025-01-19,3,0,0,COUPON,247,924.2,122,200.0,163.66666666666666,,753.15,616.1866666666666,3.7597271524771525,6.0,0.0,1,0
2,Baking,2025-01-26,4,0,0,BOGO,221,803.32,115,247.0,184.5,39.8,924.2,693.1899999999999,3.7552204655724393,6.0,0.0,1,0
2,Baking,2025-02-02,5,0,0,MANAGER_SPECIAL,180,660.64,101,221.0,208.25,21.500000000000036,803.32,777.465,3.738913814706965,7.0,0.0,1,1
2,Baking,2025-02-09,6,0,0,COUPON,197,733.44,115,180.0,212.0,-8.599999999999989,660.64,785.3275,3.7031511884443384,7.0,1.0,1,0
2,Baking,2025-02-16,7,0,0,MANAGER_SPECIAL,180,654.67,98,197.0,211.25,-19.1,733.44,780.4,3.6924751097641355,7.0,1.0,1,0
2,Baking,2025-02-23,8,0,0,COUPON,179,692.3199999999999,105,180.0,194.5,-10.600000000000001,654.67,713.0175,3.6663138974384495,8.0,1.0,1,0
2,Baking,2025-03-02,9,0,0,COUPON,222,813.14,123,179.0,184.0,-2.000000000000001,692.3199999999999,685.2674999999999,3.7245082400659175,8.0,1.0,1,0
2,Baking,2025-03-09,10,0,0,MANAGER_SPECIAL,199,726.63,120,222.0,194.5,7.400000000000012,813.14,723.3925,3.72265088270856,8.0,1.0,1,0
2,Baking,2025-03-16,11,0,0,MANAGER_SPECIAL,207,762.6,106,199.0,195.0,10.00000000000002,726.63,721.69,3.7047412201827328,8.0,1.0,1,0
2,Baking,2025-03-23,12,0,0,MANAGER_SPECIAL,212,773.92,125,207.0,201.75,6.100000000000014,762.6,748.6725,3.716491824047467,8.0,1.0,1,0
2,Baking,2025-03-30,13,0,0,COUPON,186,641.77,100,212.0,210.0,-2.200000000000001,773.92,769.0725,3.6622059591797536,8.0,1.0,1,1
2,Baking,2025-04-06,14,0,0,MANAGER_SPECIAL,194,685.28,105,186.0,201.0,-3.4000000000000132,641.77,726.23,3.6091018470030605,8.0,1.0,1,1
2,Baking,2025-04-13,15,0,0,BUNDLE,213,802.49,118,194.0,199.75,-6.500000000000022,685.28,715.8924999999999,3.5793428717142453,8.0,2.0,1,0
2,Baking,2025-04-20,16,0,0,BUNDLE,154,586.74,82,213.0,201.25,1.0999999999999994,802.49,725.865,3.6002180503221246,8.0,2.0,1,0
2,Baking,2025-04-27,17,0,0,MANAGER_SPECIAL,199,732.15,111,154.0,186.75,-7.699999999999991,586.74,679.0699999999999,3.6400765408881623,8.0,2.0,1,0
2,Baking,2025-05-04,18,0,0,BUNDLE,201,721.96,108,199.0,190.0,-4.3999999999999915,732.15,701.6650000000001,3.697268887027461,8.0,2.0,1,0
2,Baking,2025-05-11,19,0,0,COUPON,193,655.73,102,201.0,191.75,0.9000000000000097,721.96,710.835,3.7121363025272816,8.0,2.0,1,1
2,Baking,2025-05-18,20,0,0,BUNDLE,185,685.29,92,193.0,186.75,11.900000000000025,655.73,674.145,3.6196378228756236,8.0,3.0,1,0
2,Baking,2025-05-25,21,0,0,BUNDLE,190,691.88,103,185.0,194.5,-4.999999999999991,685.29,698.7825,3.593205390443191,8.0,3.0,1,0
2,Baking,2025-06-01,22,0,0,COUPON,174,645.82,104,190.0,192.25,-4.099999999999999,691.88,688.715,3.583787379335019,8.0,2.0,1,0
2,Baking,2025-06-08,23,0,0,MANAGER_SPECIAL,198,640.2,112,174.0,185.5,-5.200000000000008,645.82,669.6800000000001,3.6137294791806185,8.0,1.0,1,1
2,Baking,2025-06-15,24,0,0,COUPON,213,800.99,119,198.0,186.75,2.299999999999997,640.2,665.7975,3.5726716208041074,8.0,2.0,1,0
2,Baking,2025-06-22,25,0,0,MANAGER_SPECIAL,205,754.5,121,213.0,193.75,9.300000000000002,800.99,694.7225000000001,3.58673316121776,8.0,2.0,1,0
2,Baking,2025-06-29,26,0,0,BUNDLE,169,667.55,89,205.0,197.5,10.80000000000001,754.5,710.3775,3.5964866913846407,8.0,2.0,1,0
2,Baking,2025-07-06,27,0,0,BUNDLE,236,769.52,129,169.0,196.25,-9.499999999999986,667.55,715.81,3.6560843925340665,8.0,2.0,1,1
2,Baking,2025-07-13,28,0,0,COUPON,213,812.18,116,236.0,205.75,3.3000000000000074,769.52,748.14,3.6629205507261564,8.0,2.0,1,0
2,Baking,2025-07-20,29,0,0,MANAGER_SPECIAL,206,732.65,120,213.0,205.75,9.099999999999993,812.18,750.9375,3.6760543535430577,8.0,2.0,1,1
2,Baking,2025-07-27,30,0,0,MANAGER_SPECIAL,216,812.6,116,206.0,206.0,8.800000000000006,732.65,745.4749999999999,3.6450707518381087,8.0,3.0,1,0
2,Baking,2025-08-03,31,0,0,COUPON,226,670.59,121,216.0,217.75,-6.700000000000009,812.6,781.7375,3.5980800110973683,8.0,3.0,1,1
2,Baking,2025-08-10,32,0,0,COUPON,190,697.95,109,226.0,215.25,4.8999999999999835,670.59,757.005,3.524713616917077,8.0,3.0,1,0
2,Baking,2025-08-17,33,0,0,MANAGER_SPECIAL,232,836.94,121,190.0,209.5,-3.7999999999999705,697.95,728.4475000000001,3.4898059692768504,8.0,3.0,1,1
2,Baking,2025-08-24,34,0,0,COUPON,204,734.48,113,232.0,216.0,1.1999999999999953,836.94,754.5200000000001,3.5025426197622873,8.0,4.0,1,0
2,Baking,2025-08-31,35,0,0,MANAGER_SPECIAL,188,683.79,110,204.0,213.0,-2.399999999999989,734.48,734.9900000000001,3.462131399718714,8.0,4.0,1,1
2,Baking,2025-09-07,36,0,0,COUPON,219,826.74,121,188.0,203.5,-3.399999999999993,683.79,738.2900000000001,3.6296235151395386,8.0,4.0,1,0
2,Baking,2025-09-14,37,0,0,MANAGER_SPECIAL,241,909.74,131,219.0,210.75,-5.4999999999999964,826.74,770.4875,3.655035375269315,8.0,4.0,1,0
2,Baking,2025-09-21,38,0,0,MANAGER_SPECIAL,216,796.28,111,241.0,213.0,14.199999999999982,909.74,788.6875,3.696874068215373,8.0,3.0,1,0
2,Baking,2025-09-28,39,0,0,COUPON,206,785.92,109,216.0,216.0,10.599999999999998,796.28,804.1374999999999,3.7183963993700573,8.0,3.0,1,0
2,Baking,2025-10-05,40,0,0,COUPON,232,857.18,122,206.0,220.5,-6.3999999999999675,785.92,829.67,3.7628875943710898,8.0,2.0,1,0
2,Baking,2025-10-12,41,0,0,BOGO,213,783.96,116,232.0,223.75,-3.700000000000011,857.18,837.28,3.7428058159110047,8.0,2.0,1,0
2,Baking,2025-10-19,42,0,0,BUNDLE,199,759.71,109,213.0,216.75,1.6999999999999986,783.96,805.8349999999999,3.719232968035369,8.0,1.0,1,0
2,Baking,2025-10-26,43,0,0,COUPON,248,903.34,135,199.0,212.5,-4.0000000000000355,759.71,796.6925,3.7520221454036924,8.0,1.0,1,0
2,Beverages,2024-12-29,52,0,1,MANAGER_SPECIAL,115,384.03,64,,214.66666666666666,,,800.2833333333333,3.7309809835156034,7.0,0.0,1,0
2,Beverages,2025-01-05,1,1,0,BUNDLE,166,536.43,86,115.0,175.66666666666666,,384.03,642.5666666666667,3.612530958528097,7.0,0.0,1,0
2,Beverages,2025-01-12,2,1,0,COUPON,189,628.89,105,166.0,160.0,,536.43,560.0566666666667,3.4628451731329952,7.0,0.0,1,0
2,Beverages,2025-01-19,3,0,0,COUPON,232,726.16,131,189.0,156.66666666666666,,628.89,516.4499999999999,3.299452548634843,7.0,0.0,1,1
2,Beverages,2025-01-26,4,0,0,BOGO,185,600.39,108,232.0,175.5,37.40000000000001,726.16,568.8774999999999,3.257089411476132,7.0,1.0,1,0
2,Beverages,2025-02-02,5,0,0,MANAGER_SPECIAL,233,604.36,131,185.0,193.0,10.000000000000007,600.39,622.9675,3.233579423227013,7.0,1.0,1,1
2,Beverages,2025-02-09,6,0,0,COUPON,182,483.87,102,233.0,209.75,8.499999999999996,604.36,639.95,3.074157852825235,7.0,2.0,1,1
2,Beverages,2025-02-16,7,0,0,MANAGER_SPECIAL,188,617.25,105,182.0,208.0,-10.200000000000001,483.87,603.6949999999999,2.9069493668667485,7.0,3.0,1,0
2,Beverages,2025-02-23,8,0,0,COUPON,175,555.41,103,188.0,197.0,-4.199999999999989,617.25,576.4675,2.945260537079515,8.0,3.0,1,0
2,Beverages,2025-03-02,9,0,0,COUPON,221,700.16,115,175.0,194.5,-16.800000000000015,555.41,565.2225,2.9273655563845344,8.0,3.0,1,0
2,Beverages,2025-03-09,10,0,0,MANAGER_SPECIAL,219,690.29,126,221.0,191.5,10.400000000000002,700.16,589.1724999999999,3.070946819857239,8.0,3.0,1,0
2,Beverages,2025-03-16,11,0,0,MANAGER_SPECIAL,203,657.61,108,219.0,200.75,13.900000000000006,690.29,640.7774999999999,3.1942925095556687,8.0,3.0,1,0
2,Beverages,2025-03-23,12,0,0,MANAGER_SPECIAL,198,613.06,114,203.0,204.5,8.200000000000008,657.61,650.8675,3.183345871362607,8.0,2.0,1,0
2,Beverages,2025-03-30,13,0,0,COUPON,202,627.99,109,198.0,210.25,-8.5,613.06,665.28,3.163968670785406,8.0,2.0,1,0
2,Beverages,2025-04-06,14,0,0,MANAGER_SPECIAL,233,644.37,121,202.0,205.5,-5.599999999999982,627.99,647.2375,3.149147818225037,8.0,1.0,1,1
2,Beverages,2025-04-13,15,0,0,BUNDLE,195,644.66,112,233.0,209.0,9.40000000000002,644.37,635.7574999999999,3.0525296552916883,8.0,1.0,1,0
2,Beverages,2025-04-20,16,0,0,BUNDLE,181,572.49,104,195.0,207.0,2.2000000000000193,644.66,632.52,3.0691523027591634,8.0,1.0,1,0
2,Beverages,2025-04-27,17,0,0,BUNDLE,177,584.38,106,181.0,202.75,-10.099999999999993,572.49,622.3774999999999,3.085818690392402,8.0,1.0,1,0
2,Beverages,2025-05-04,18,0,0,BUNDLE,221,709.78,117,177.0,196.5,-18.20000000000002,584.38,611.475,3.133998824083737,8.0,1.0,1,0
2,Beverages,2025-05-11,19,0,0,COUPON,241,771.78,127,221.0,193.5,7.400000000000034,709.78,627.8275,3.245533255948262,8.0,1.0,1,0
2,Beverages,2025-05-18,20,0,0,BUNDLE,202,643.92,105,241.0,205.0,22.399999999999995,771.78,659.6075000000001,3.21964773621212,8.0,1.0,1,0
2,Beverages,2025-05-25,21,0,0,BUNDLE,193,619.39,107,202.0,210.25,9.500000000000014,643.92,677.4649999999999,3.225846385082532,8.0,1.0,1,0
2,Beverages,2025-06-01,22,0,0,COUPON,230,703.68,126,193.0,214.25,-12.299999999999995,619.39,686.2175,3.2027695577062842,8.0,1.0,1,1
2,Beverages,2025-06-08,23,0,0,MANAGER_SPECIAL,197,649.9399999999999,110,230.0,216.5,-4.199999999999998,703.68,684.6925,3.1647205708874764,8.0,1.0,1,0
2,Beverages,2025-06-15,24,0,0,COUPON,228,739.49,115,197.0,205.5,2.200000000000007,649.9399999999999,654.2325,3.1889158654511593,8.0,1.0,1,0
2,Beverages,2025-06-22,25,0,0,MANAGER_SPECIAL,214,717.41,123,228.0,212.0,7.199999999999997,739.49,678.125,3.202829470627467,8.0,1.0,1,0
2,Beverages,2025-06-29,26,0,0,BUNDLE,204,670.34,110,214.0,217.25,-1.7000000000000295,717.41,702.63,3.2386066121702495,8.0,1.0,1,0
2,Beverages,2025-07-06,27,0,0,COUPON,228,739.42,130,204.0,210.75,0.6999999999999902,670.34,694.2950000000001,3.295232144992074,8.0,1.0,1,0
2,Beverages,2025-07-13,28,0,0,COUPON,213,579.93,116,228.0,218.5,-1.0000000000000082,739.42,716.665,3.2812027345370023,8.0,1.0,1,1
2,Beverages,2025-07-20,29,0,0,MANAGER_SPECIAL,225,733.4,127,213.0,214.75,2.100000000000009,579.93,676.7750000000001,3.151027450375895,8.0,2.0,1,0
2,Beverages,2025-07-27,30,0,0,MANAGER_SPECIAL,207,676.43,112,225.0,217.5,4.799999999999998,733.4,680.7724999999999,3.1278205448722605,8.0,2.0,1,0
2,Beverages,2025-08-03,31,0,0,BUNDLE,189,614.94,104,207.0,218.25,-5.099999999999983,676.43,682.2950000000001,3.1232698912774897,8.0,1.0,1,0
2,Beverages,2025-08-10,32,0,0,COUPON,193,646.97,96,189.0,208.5,-9.000000000000007,614.94,651.175,3.125915045830539,8.0,1.0,1,0
2,Beverages,2025-08-17,33,0,0,MANAGER_SPECIAL,221,726.5,129,193.0,203.5,-11.400000000000004,646.97,667.935,3.2832900731968087,8.0,1.0,1,0
2,Beverages,2025-08-24,34,0,0,COUPON,187,627.59,107,221.0,202.5,4.60000000000002,726.5,666.21,3.2902337634934407,8.0,1.0,1,0
2,Beverages,2025-08-31,35,0,0,MANAGER_SPECIAL,229,762.74,121,187.0,197.5,2.200000000000001,627.59,654.0,3.3123133832201193,8.0,1.0,1,0
2,Beverages,2025-09-07,36,0,0,COUPON,195,604.68,109,229.0,207.5,7.399999999999982,762.74,690.95,3.331586274327071,8.0,1.0,1,0
2,Beverages,2025-09-14,37,0,0,MANAGER_SPECIAL,162,545.49,93,195.0,208.0,-3.600000000000011,604.68,680.3774999999999,3.2687730021070633,8.0,0.0,1,0
2,Beverages,2025-09-21,38,0,0,MANAGER_SPECIAL,217,523.68,112,162.0,193.25,-10.899999999999999,545.49,635.125,3.2887459784770985,8.0,0.0,1,1
2,Beverages,2025-09-28,39,0,0,COUPON,167,544.24,97,217.0,200.75,-6.900000000000001,523.68,609.1474999999999,3.053039886656206,8.0,1.0,1,0
2,Beverages,2025-10-05,40,0,0,NONE,206,669.35,124,167.0,185.25,-2.9000000000000066,544.24,554.5225,3.0350848360587106,8.0,1.0,0,0
2,Beverages,2025-10-12,41,0,0,BOGO,218,713.2,117,206.0,188.0,8.199999999999994,669.35,570.69,3.0721720279929903,7.0,1.0,1,0
2,Beverages,2025-10-19,42,0,0,COUPON,184,606.21,100,218.0,202.0,4.200000000000006,713.2,612.6175000000001,3.0482563806943155,7.0,1.0,1,0
2,Beverages,2025-10-26,43,0,0,COUPON,234,728.05,126,184.0,193.75,6.300000000000019,606.21,633.25,3.2685932996484333,7.0,1.0,1,0
2,Breakfast & Cereal,2024-12-29,52,0,1,MANAGER_SPECIAL,127,598.87,68,,202.66666666666666,,,662.92,3.2718170143017034,6.0,1.0,1,0
2,Breakfast & Cereal,2025-01-05,1,1,0,BUNDLE,208,953.98,115,127.0,176.33333333333334,,598.87,639.4266666666667,3.760563669756179,6.0,1.0,1,0
2,Breakfast & Cereal,2025-01-12,2,1,0,COUPON,190,943.7,109,208.0,173.0,,953.98,719.6866666666666,4.198857894644441,6.0,1.0,1,0
2,Breakfast & Cereal,2025-01-19,3,0,0,COUPON,202,1010.4,110,190.0,175.0,,943.7,832.1833333333334,4.7562654079930295,6.0,0.0,1,0
2,Breakfast & Cereal,2025-01-26,4,0,0,BOGO,193,609.11,107,202.0,181.75,20.700000000000024,1010.4,876.7375,4.817694105499722,6.0,0.0,1,1
2,Breakfast & Cereal,2025-02-02,5,0,0,MANAGER_SPECIAL,226,1057.16,130,193.0,198.25,-3.300000000000011,609.11,879.2975,4.427818743417392,7.0,1.0,1,0
2,Breakfast & Cereal,2025-02-09,6,0,0,COUPON,222,1032.47,119,226.0,202.75,9.899999999999993,1057.16,905.0925000000001,4.450632945255377,7.0,1.0,1,0
2,Breakfast & Cereal,2025-02-16,7,0,0,MANAGER_SPECIAL,217,1039.47,116,222.0,210.75,9.300000000000026,1032.47,927.2850000000001,4.371613860381029,7.0,1.0,1,0
2,Breakfast & Cereal,2025-02-23,8,0,0,COUPON,213,988.71,121,217.0,214.5,6.800000000000013,1039.47,934.5525000000001,4.318664893825387,8.0,1.0,1,0
2,Breakfast & Cereal,2025-03-02,9,0,0,COUPON,246,1122.65,140,213.0,219.5,-4.4000000000000075,988.71,1029.4525,4.690120049630686,8.0,1.0,1,0
2,Breakfast & Cereal,2025-03-09,10,0,0,MANAGER_SPECIAL,216,991.3,119,246.0,224.5,6.800000000000013,1122.65,1045.825,4.66159974241434,8.0,1.0,1,0
2,Breakfast & Cereal,2025-03-16,11,0,0,MANAGER_SPECIAL,186,873.6899999999999,106,216.0,223.0,3.0000000000000284,991.3,1035.5325,4.64624626393586,8.0,1.0,1,0
2,Breakfast & Cereal,2025-03-23,12,0,0,MANAGER_SPECIAL,244,1162.65,138,186.0,215.25,-11.099999999999985,873.6899999999999,994.0875,4.623014697115584,8.0,1.0,1,0
2,Breakfast & Cereal,2025-03-30,13,0,0,COUPON,211,993.14,124,244.0,223.0,-3.5999999999999956,1162.65,1037.5725,4.653796704735072,8.0,0.0,1,1
2,Breakfast & Cereal,2025-04-06,14,0,0,MANAGER_SPECIAL,154,708.6899999999999,87,211.0,214.25,4.300000000000002,993.14,1005.1949999999999,4.689598394327797,8.0,1.0,1,0
2,Breakfast & Cereal,2025-04-13,15,0,0,BUNDLE,225,1006.83,120,154.0,198.75,-12.899999999999983,708.6899999999999,934.5424999999999,4.692731210585613,8.0,1.0,1,1
2,Breakfast & Cereal,2025-04-20,16,0,0,BUNDLE,194,891.73,114,225.0,208.5,-11.400000000000007,1006.83,967.8275,4.63711669445658,8.0,2.0,1,0
2,Breakfast & Cereal,2025-04-27,17,0,0,MANAGER_SPECIAL,181,846.32,105,194.0,196.0,2.000000000000011,891.73,900.0975,4.595013538296364,8.0,2.0,1,0
2,Breakfast & Cereal,2025-05-04,18,0,0,BUNDLE,211,1010.92,112,181.0,188.5,4.999999999999984,846.32,863.3925,4.587257653402018,8.0,2.0,1,0
2,Breakfast & Cereal,2025-05-11,19,0,0,COUPON,224,1048.74,114,211.0,202.75,-5.499999999999999,1010.92,938.95,4.634559386029579,8.0,2.0,1,0
2,Breakfast & Cereal,2025-05-18,20,0,0,BUNDLE,164,779.56,97,224.0,202.5,11.999999999999993,1048.74,949.4275,4.686328136029579,8.0,2.0,1,0
2,Breakfast & Cereal,2025-05-25,21,0,0,BUNDLE,198,912.57,113,164.0,195.0,-3.799999999999981,779.56,921.385,4.72554519662802,8.0,2.0,1,0
2,Breakfast & Cereal,2025-06-01,22,0,0,COUPON,199,939.56,109,198.0,199.25,-9.899999999999995,912.57,937.9475,4.708829768869775,8.0,1.0,1,0
2,Breakfast & Cereal,2025-06-08,23,0,0,MANAGER_SPECIAL,234,1131.32,120,199.0,196.25,-4.099999999999996,939.56,920.1075,4.691409015815403,8.0,1.0,1,0
2,Breakfast & Cereal,2025-06-15,24,0,0,COUPON,191,942.33,115,234.0,198.75,21.100000000000023,1131.32,940.7524999999999,4.729615479490617,8.0,0.0,1,0
2,Breakfast & Cereal,2025-06-22,25,0,0,MANAGER_SPECIAL,165,819.76,107,191.0,205.5,1.399999999999993,942.33,981.4449999999999,4.7746780513205245,8.0,0.0,1,0
2,Breakfast & Cereal,2025-06-29,26,0,0,BUNDLE,208,947.84,107,165.0,197.25,-14.499999999999968,819.76,958.2425,4.8645038088962815,8.0,0.0,1,0
2,Breakfast & Cereal,2025-07-06,27,0,0,COUPON,239,1096.02,138,208.0,199.5,-10.399999999999991,947.84,960.3125,4.823382819333081,8.0,0.0,1,1
2,Breakfast & Cereal,2025-07-13,28,0,0,COUPON,249,1176.34,135,239.0,200.75,18.699999999999996,1096.02,951.4875,4.761172040804311,8.0,1.0,1,0
2,Breakfast & Cereal,2025-07-20,29,0,0,MANAGER_SPECIAL,211,989.01,118,249.0,215.25,28.30000000000001,1176.34,1009.99,4.708820067465931,8.0,1.0,1,0
2,Breakfast & Cereal,2025-07-27,30,0,0,MANAGER_SPECIAL,219,757.18,126,211.0,226.75,1.9000000000000263,989.01,1052.3025,4.6385722576138555,8.0,1.0,1,1
2,Breakfast & Cereal,2025-08-03,31,0,0,BUNDLE,228,1119.73,130,219.0,229.5,-9.800000000000002,757.18,1004.6374999999999,4.363702218976694,8.0,2.0,1,0
2,Breakfast & Cereal,2025-08-10,32,0,0,COUPON,220,1003.71,123,228.0,226.75,-5.500000000000009,1119.73,1010.5649999999999,4.445011906637268,8.0,2.0,1,0
2,Breakfast & Cereal,2025-08-17,33,0,0,MANAGER_SPECIAL,175,825.62,101,220.0,219.5,3.599999999999995,1003.71,967.4075,4.404527195063701,8.0,2.0,1,0
2,Breakfast & Cereal,2025-08-24,34,0,0,COUPON,193,882.15,103,175.0,210.5,-13.999999999999973,825.62,926.56,4.412171541712313,8.0,2.0,1,1
2,Breakfast & Cereal,2025-08-31,35,0,0,MANAGER_SPECIAL,174,831.73,96,193.0,204.0,-14.99999999999997,882.15,957.8025,4.690492158268965,8.0,3.0,1,0
2,Breakfast & Cereal,2025-09-07,36,0,0,COUPON,205,959.63,120,174.0,190.5,-11.999999999999996,831.73,885.8025,4.65773240327804,8.0,2.0,1,0
2,Breakfast & Cereal,2025-09-14,37,0,0,MANAGER_SPECIAL,215,937.4,119,205.0,186.75,7.100000000000023,959.63,874.7825,4.6874333456283725,8.0,2.0,1,1
2,Breakfast & Cereal,2025-09-21,38,0,0,MANAGER_SPECIAL,206,923.23,118,215.0,196.75,9.699999999999998,937.4,902.7275,4.597976202771229,8.0,3.0,1,1
2,Breakfast & Cereal,2025-09-28,39,0,0,COUPON,193,879.13,107,206.0,200.0,10.599999999999998,923.23,912.9975,4.575719612902524,8.0,3.0,1,0
2,Breakfast & Cereal,2025-10-05,40,0,0,BOGO,221,1052.17,126,193.0,204.75,-4.500000000000001,879.13,924.8475,4.519474675138245,8.0,3.0,1,0
2,Breakfast & Cereal,2025-10-12,41,0,0,BOGO,221,1037.69,122,221.0,208.75,0.5000000000000143,1052.17,947.9825,4.539431743894453,8.0,3.0,1,0
2,Breakfast & Cereal,2025-10-19,42,0,0,COUPON,165,831.05,105,221.0,210.25,7.299999999999997,1037.69,973.055,4.623289209957802,8.0,3.0,1,0
2,Breakfast & Cereal,2025-10-26,43,0,0,COUPON,193,770.08,109,165.0,200.0,-8.399999999999991,831.05,950.01,4.762031119342915,8.0,2.0,1,1
2,Candy,2024-12-29,52,0,1,MANAGER_SPECIAL,129,315.45,74,,202.33333333333334,,,973.6366666666668,4.8310155857214685,7.0,2.0,1,0
2,Candy,2025-01-05,1,1,0,BUNDLE,188,473.49,104,129.0,171.66666666666666,,315.45,728.0633333333334,4.059148456043121,7.0,2.0,1,0
2,Candy,2025-01-12,2,1,0,COUPON,178,463.4,101,188.0,160.66666666666666,,473.49,539.9966666666667,3.333526444554401,7.0,1.0,1,0
2,Candy,2025-01-19,3,0,0,COUPON,196,491.78,102,178.0,165.0,,463.4,417.44666666666666,2.5224278178377966,7.0,0.0,1,0
2,Candy,2025-01-26,4,0,0,BOGO,200,375.11,119,196.0,172.75,19.10000000000002,491.78,436.03,2.5190912715416127,7.0,0.0,1,1
2,Candy,2025-02-02,5,0,0,MANAGER_SPECIAL,197,488.05,110,200.0,190.5,5.4000000000000075,375.11,450.945,2.3766415622392874,7.0,1.0,1,0
2,Candy,2025-02-09,6,0,0,COUPON,198,480.79,106,197.0,192.75,6.100000000000008,488.05,454.585,2.366353396670651,7.0,1.0,1,0
2,Candy,2025-02-16,7,0,0,MANAGER_SPECIAL,209,499.71,120,198.0,197.75,0.3000000000000105,480.79,458.9325,2.322568780849519,7.0,1.0,1,0
2,Candy,2025-02-23,8,0,0,COUPON,182,459.93,106,209.0,201.0,2.7999999999999883,499.71,460.915,2.2930376071360143,8.0,1.0,1,0
2,Candy,2025-03-02,9,0,0,COUPON,213,522.92,113,182.0,196.5,-3.399999999999982,459.93,482.12,2.4559220851579924,8.0,1.0,1,0
2,Candy,2025-03-09,10,0,0,BOGO,205,505.09000000000003,112,213.0,200.5,1.7999999999999852,522.92,490.8375,2.450325161824421,8.0,1.0,1,0
2,Candy,2025-03-16,11,0,0,COUPON,197,347.15,118,205.0,202.25,1.9000000000000004,505.09000000000003,496.9125,2.459230495650486,8.0,1.0,1,1
2,Candy,2025-03-23,12,0,0,MANAGER_SPECIAL,207,486.27,114,197.0,199.25,3.700000000000019,347.15,458.7725,2.3020369464799133,8.0,2.0,1,1
2,Candy,2025-03-30,13,0,0,COUPON,205,503.17,112,207.0,205.5,-2.5999999999999917,486.27,465.35749999999996,2.257547577153587,8.0,2.0,1,0
2,Candy,2025-04-06,14,0,0,MANAGER_SPECIAL,177,445.78,109,205.0,203.5,1.000000000000011,503.17,460.42,2.2574136598284986,8.0,2.0,1,0
2,Candy,2025-04-13,15,0,0,BUNDLE,158,381.2,89,177.0,196.5,-6.199999999999974,445.78,445.59250000000003,2.271083013555934,8.0,2.0,1,1
2,Candy,2025-04-20,16,0,0,BUNDLE,181,462.11,104,158.0,186.75,-17.49999999999998,381.2,454.105,2.4337018852387717,8.0,3.0,1,0
2,Candy,2025-04-27,17,0,0,MANAGER_SPECIAL,218,536.41,125,181.0,180.25,-9.099999999999987,462.11,448.065,2.484692757206103,8.0,3.0,1,0
2,Candy,2025-05-04,18,0,0,BUNDLE,168,422.46999999999997,94,218.0,183.5,14.60000000000001,536.41,456.375,2.486219888555398,8.0,3.0,1,0
2,Candy,2025-05-11,19,0,0,COUPON,205,505.24,105,168.0,181.25,6.699999999999999,422.46999999999997,450.54749999999996,2.485262715431911,8.0,3.0,1,0
2,Candy,2025-05-18,20,0,0,BUNDLE,195,483.81,101,205.0,193.0,2.199999999999987,505.24,481.55749999999995,2.4982444999333007,8.0,2.0,1,0
2,Candy,2025-05-25,21,0,0,BUNDLE,163,407.05,88,195.0,196.5,-3.2000000000000144,483.81,486.98249999999996,2.480240250039548,8.0,1.0,1,0
2,Candy,2025-06-01,22,0,0,COUPON,203,511.02,114,163.0,182.75,-2.4999999999999853,407.05,454.64250000000004,2.489400983421661,8.0,1.0,1,0
2,Candy,2025-06-08,23,0,0,MANAGER_SPECIAL,189,432.09,107,203.0,191.5,-3.8000000000000007,511.02,476.78000000000003,2.490060363553024,8.0,1.0,1,1
2,Candy,2025-06-15,24,0,0,COUPON,182,421.36,106,189.0,187.5,2.200000000000016,432.09,458.4925,2.445461641137228,8.0,1.0,1,1
2,Candy,2025-06-22,25,0,0,MANAGER_SPECIAL,241,599.02,124,182.0,184.25,4.2999999999999945,421.36,442.88,2.4039836191592063,8.0,2.0,1,0
2,Candy,2025-06-29,26,0,0,BUNDLE,191,463.84,112,241.0,203.75,10.699999999999992,599.02,490.87249999999995,2.401063844702062,8.0,2.0,1,0
2,Candy,2025-07-06,27,0,0,COUPON,180,432.3,111,191.0,200.75,6.499999999999995,463.84,479.0775,2.378849288180771,8.0,2.0,1,0
2,Candy,2025-07-13,28,0,0,COUPON,185,466.04,95,180.0,198.5,-5.599999999999986,432.3,479.13,2.407718335799819,8.0,2.0,1,0
2,Candy,2025-07-20,29,0,0,MANAGER_SPECIAL,213,533.11,120,185.0,199.25,-17.900000000000006,466.04,490.29999999999995,2.458710910792394,8.0,2.0,1,0
2,Candy,2025-07-27,30,0,0,MANAGER_SPECIAL,224,480.82,125,213.0,192.25,7.100000000000011,533.11,473.8225,2.4630368317399327,8.0,2.0,1,1
2,Candy,2025-08-03,31,0,0,BOGO,218,563.05,121,224.0,200.5,16.000000000000007,480.82,478.0675,2.3925458771774792,8.0,3.0,1,0
2,Candy,2025-08-10,32,0,0,COUPON,196,502.51,105,218.0,210.0,11.000000000000004,563.05,510.755,2.4378287517952164,8.0,2.0,1,0
2,Candy,2025-08-17,33,0,0,MANAGER_SPECIAL,199,502.77,107,196.0,212.75,-5.700000000000001,502.51,519.8725,2.4490016006644937,8.0,1.0,1,0
2,Candy,2025-08-24,34,0,0,COUPON,210,397.91,107,199.0,209.25,-9.699999999999996,502.77,512.2874999999999,2.4549062412382545,8.0,1.0,1,1
2,Candy,2025-08-31,35,0,0,MANAGER_SPECIAL,196,442.53,111,210.0,205.75,-2.100000000000009,397.91,491.56,2.391979157904921,8.0,2.0,1,1
2,Candy,2025-09-07,36,0,0,COUPON,203,499.57,111,196.0,200.25,1.099999999999993,442.53,461.43,2.3107311472327625,8.0,3.0,1,0
2,Candy,2025-09-14,37,0,0,MANAGER_SPECIAL,202,500.63,110,203.0,202.0,-0.20000000000000354,499.57,460.695,2.285008504727484,8.0,3.0,1,0
2,Candy,2025-09-21,38,0,0,MANAGER_SPECIAL,219,522.39,120,202.0,202.75,-1.6999999999999857,500.63,460.15999999999997,2.2729794858708248,8.0,3.0,1,0
2,Candy,2025-09-28,39,0,0,COUPON,177,415.34999999999997,107,219.0,205.0,6.800000000000011,522.39,491.28,2.3956127213568,8.0,2.0,1,1
2,Candy,2025-10-05,40,0,0,NONE,228,571.15,127,177.0,200.25,-6.100000000000015,415.34999999999997,484.48499999999996,2.4178137331174367,8.0,3.0,0,0
2,Candy,2025-10-12,41,0,0,BOGO,178,431.0,96,228.0,206.5,3.600000000000019,571.15,502.38,2.428840707881934,7.0,3.0,1,1
2,Candy,2025-10-19,42,0,0,COUPON,161,406.97,98,178.0,200.5,-7.200000000000009,431.0,484.97249999999997,2.4145862023752036,7.0,4.0,1,0
2,Candy,2025-10-26,43,0,0,COUPON,207,532.04,114,161.0,186.0,-9.79999999999997,406.97,456.1175,2.4501915797256673,7.0,3.0,1,0
2,Condiments/Sauces/Spices,2024-12-29,52,0,1,COUPON,130,486.46,74,,189.0,,,469.7066666666667,2.4847187164703812,6.0,2.0,1,0
2,Condiments/Sauces/Spices,2025-01-05,1,1,0,BUNDLE,170,657.33,90,130.0,156.33333333333334,,486.46,441.4766666666667,2.897037429920674,6.0,2.0,1,0
2,Condiments/Sauces/Spices,2025-01-12,2,1,0,COUPON,154,583.34,99,170.0,153.66666666666666,,657.33,516.92,3.3788036779929365,6.0,2.0,1,0
2,Condiments/Sauces/Spices,2025-01-19,3,0,0,COUPON,187,716.04,101,154.0,151.33333333333334,,583.34,575.71,3.7988563789152026,6.0,2.0,1,0
2,Condiments/Sauces/Spices,2025-01-26,4,0,0,BOGO,183,718.37,106,187.0,160.25,15.500000000000004,716.04,610.7925,3.806415011459129,6.0,1.0,1,0
2,Condiments/Sauces/Spices,2025-02-02,5,0,0,MANAGER_SPECIAL,203,731.85,106,183.0,173.5,7.200000000000013,718.37,668.77,3.852294792879894,7.0,1.0,1,0
2,Condiments/Sauces/Spices,2025-02-09,6,0,0,COUPON,199,786.51,117,203.0,181.75,14.299999999999999,731.85,687.4,3.7869261316222875,7.0,0.0,1,0
2,Condiments/Sauces/Spices,2025-02-16,7,0,0,MANAGER_SPECIAL,170,624.39,97,199.0,193.0,5.599999999999988,786.51,738.1925,3.828023501589004,7.0,0.0,1,0
2,Condiments/Sauces/Spices,2025-02-23,8,0,0,COUPON,188,675.41,102,170.0,188.75,-4.300000000000003,624.39,715.28,3.788971362551571,8.0,0.0,1,1
2,Condiments/Sauces/Spices,2025-03-02,9,0,0,COUPON,216,776.96,115,188.0,190.0,-7.400000000000008,675.41,704.54,3.705743176875487,8.0,1.0,1,0
2,Condiments/Sauces/Spices,2025-03-09,10,0,0,MANAGER_SPECIAL,249,941.22,130,216.0,193.25,6.899999999999997,776.96,715.8175,3.7037093326864703,8.0,1.0,1,0
2,Condiments/Sauces/Spices,2025-03-16,11,0,0,MANAGER_SPECIAL,171,594.0,102,249.0,205.75,26.5,941.22,754.495,3.660631443239234,8.0,1.0,1,1
2,Condiments/Sauces/Spices,2025-03-23,12,0,0,MANAGER_SPECIAL,168,661.34,100,171.0,206.0,-1.799999999999986,594.0,746.8975,3.610831907635519,8.0,2.0,1,0
2,Condiments/Sauces/Spices,2025-03-30,13,0,0,COUPON,169,645.75,89,168.0,201.0,-22.200000000000003,661.34,743.3800000000001,3.696817216652743,8.0,2.0,1,0
2,Condiments/Sauces/Spices,2025-04-06,14,0,0,MANAGER_SPECIAL,178,658.85,103,169.0,189.25,-24.299999999999986,645.75,710.5775000000001,3.7528094366834246,8.0,2.0,1,0
2,Condiments/Sauces/Spices,2025-04-13,15,0,0,BUNDLE,179,675.37,99,178.0,171.5,2.1999999999999966,658.85,639.985,3.73316056027893,8.0,2.0,1,0
2,Condiments/Sauces/Spices,2025-04-20,16,0,0,BUNDLE,198,756.6899999999999,103,179.0,173.5,4.200000000000002,675.37,660.3275,3.8079936975914856,8.0,2.0,1,1
2,Condiments/Sauces/Spices,2025-04-27,17,0,0,MANAGER_SPECIAL,184,679.89,104,198.0,181.0,8.800000000000006,756.6899999999999,684.165,3.779273459496247,8.0,2.0,1,0
2,Condiments/Sauces/Spices,2025-05-04,18,0,0,BUNDLE,220,809.51,119,184.0,184.75,3.6999999999999864,679.89,692.7,3.747785567162828,8.0,2.0,1,0
2,Condiments/Sauces/Spices,2025-05-11,19,0,0,COUPON,202,726.96,109,220.0,195.25,10.899999999999999,809.51,730.365,3.74233217084005,8.0,2.0,1,0
2,Condiments/Sauces/Spices,2025-05-18,20,0,0,BUNDLE,174,645.36,108,202.0,201.0,4.799999999999999,726.96,743.2625,3.698780951192945,8.0,1.0,1,0
2,Condiments/Sauces/Spices,2025-05-25,21,0,0,BUNDLE,175,637.69,98,174.0,195.0,-4.799999999999998,645.36,715.4300000000001,3.6706056638366236,8.0,1.0,1,0
2,Condiments/Sauces/Spices,2025-06-01,22,0,0,COUPON,195,689.63,111,175.0,192.75,-16.299999999999986,637.69,704.88,3.6578277911658166,8.0,1.0,1,0
2,Condiments/Sauces/Spices,2025-06-08,23,0,0,MANAGER_SPECIAL,166,424.6,98,195.0,186.5,-1.9999999999999836,689.63,674.9100000000001,3.622071089534115,8.0,1.0,1,1
2,Condiments/Sauces/Spices,2025-06-15,24,0,0,COUPON,177,681.67,101,166.0,177.5,-0.39999999999998664,424.6,599.32,3.361825950562386,8.0,2.0,1,0
2,Condiments/Sauces/Spices,2025-06-22,25,0,0,MANAGER_SPECIAL,194,740.49,102,177.0,178.25,-2.3,681.67,608.3975,3.3973953057153183,8.0,1.0,1,0
2,Condiments/Sauces/Spices,2025-06-29,26,0,0,BUNDLE,176,654.28,93,194.0,183.0,0.8000000000000115,740.49,634.0975,3.440649282151253,8.0,1.0,1,0
2,Condiments/Sauces/Spices,2025-07-06,27,0,0,COUPON,216,791.48,117,176.0,178.25,4.700000000000012,654.28,625.26,3.4858832565102276,8.0,1.0,1,0
2,Condiments/Sauces/Spices,2025-07-13,28,0,0,COUPON,193,708.51,108,216.0,190.75,9.899999999999986,791.48,716.98,3.762490239999741,8.0,1.0,1,1
2,Condiments/Sauces/Spices,2025-07-20,29,0,0,MANAGER_SPECIAL,198,561.11,112,193.0,194.75,3.699999999999997,708.51,723.69,3.717438572893977,8.0,2.0,1,1
2,Condiments/Sauces/Spices,2025-07-27,30,0,0,MANAGER_SPECIAL,240,693.25,138,198.0,195.75,4.300000000000004,561.11,678.845,3.4716711043945496,8.0,3.0,1,1
2,Condiments/Sauces/Spices,2025-08-03,31,0,0,BUNDLE,220,742.12,116,240.0,211.75,7.7000000000000055,693.25,688.5875,3.2644315210612165,8.0,4.0,1,1
2,Condiments/Sauces/Spices,2025-08-10,32,0,0,COUPON,210,759.02,117,220.0,212.75,12.30000000000002,742.12,676.2475,3.1916848880645836,8.0,4.0,1,0
2,Condiments/Sauces/Spices,2025-08-17,33,0,0,MANAGER_SPECIAL,206,727.9,119,210.0,217.0,1.6000000000000165,759.02,688.875,3.177521058802309,8.0,4.0,1,1
2,Condiments/Sauces/Spices,2025-08-24,34,0,0,COUPON,178,653.53,103,206.0,219.0,-11.199999999999969,727.9,730.5725,3.352422622987854,8.0,5.0,1,0
2,Condiments/Sauces/Spices,2025-08-31,35,0,0,MANAGER_SPECIAL,214,821.3100000000001,117,178.0,203.5,-13.000000000000034,653.53,720.6424999999999,3.5481664198043332,8.0,5.0,1,0
2,Condiments/Sauces/Spices,2025-09-07,36,0,0,COUPON,188,619.32,104,214.0,202.0,-1.5999999999999897,821.3100000000001,740.44,3.664322537051572,8.0,5.0,1,1
2,Condiments/Sauces/Spices,2025-09-14,37,0,0,MANAGER_SPECIAL,198,725.95,107,188.0,196.5,-1.8000000000000091,619.32,705.515,3.5842911287435677,8.0,5.0,1,0
2,Condiments/Sauces/Spices,2025-09-21,38,0,0,MANAGER_SPECIAL,192,751.5600000000001,107,198.0,194.5,3.400000000000009,725.95,705.0275,3.617520877689336,8.0,4.0,1,0
2,Condiments/Sauces/Spices,2025-09-28,39,0,0,COUPON,161,588.6,93,192.0,198.0,-5.599999999999992,751.5600000000001,729.5350000000001,3.67823541420619,8.0,3.0,1,0
2,Condiments/Sauces/Spices,2025-10-05,40,0,0,MANAGER_SPECIAL,210,615.02,111,161.0,184.75,-8.699999999999989,588.6,671.3575,3.6327362704202724,8.0,2.0,1,1
2,Condiments/Sauces/Spices,2025-10-12,41,0,0,BOGO,218,806.34,114,210.0,190.25,0.49999999999999506,615.02,670.2825,3.541339107299705,8.0,3.0,1,0
2,Condiments/Sauces/Spices,2025-10-19,42,0,0,COUPON,156,533.53,83,218.0,195.25,12.700000000000005,806.34,690.38,3.5494374068085555,8.0,2.0,1,1
2,Condiments/Sauces/Spices,2025-10-26,43,0,0,COUPON,216,784.97,111,156.0,186.25,-0.6999999999999837,533.53,635.8725,3.4258596824495804,8.0,3.0,1,0
2,Dairy & Eggs,2024-12-29,52,0,1,MANAGER_SPECIAL,107,391.77,65,,194.66666666666666,,,651.63,3.3491793695601033,7.0,3.0,1,0
2,Dairy & Eggs,2025-01-05,1,1,0,BUNDLE,162,447.61,90,107.0,160.33333333333334,,391.77,577.2133333333334,3.5934244370575072,7.0,2.0,1,1
2,Dairy & Eggs,2025-01-12,2,1,0,COUPON,147,539.85,80,162.0,141.66666666666666,,447.61,457.6366666666666,3.2814968876936685,7.0,3.0,1,0
2,Dairy & Eggs,2025-01-19,3,0,0,COUPON,177,574.47,101,147.0,138.66666666666666,,539.85,459.74333333333334,3.365625180036247,7.0,3.0,1,1
2,Dairy & Eggs,2025-01-26,4,0,0,BOGO,189,558.53,108,177.0,148.25,19.500000000000007,574.47,488.425,3.3356171901119307,7.0,4.0,1,1
2,Dairy & Eggs,2025-02-02,5,0,0,MANAGER_SPECIAL,192,677.22,110,189.0,168.75,11.099999999999994,558.53,530.115,3.1590630191185074,7.0,4.0,1,0
2,Dairy & Eggs,2025-02-09,6,0,0,COUPON,197,649.3,108,192.0,176.25,14.700000000000006,677.22,587.5174999999999,3.3501037212790012,7.0,4.0,1,1
2,Dairy & Eggs,2025-02-16,7,0,0,MANAGER_SPECIAL,214,743.2,119,197.0,188.75,6.299999999999989,649.3,614.88,3.2559762479546466,7.0,4.0,1,0
2,Dairy & Eggs,2025-02-23,8,0,0,COUPON,170,597.42,99,214.0,198.0,7.9999999999999964,743.2,657.0625,3.312802241935321,8.0,4.0,1,0
2,Dairy & Eggs,2025-03-02,9,0,0,COUPON,217,741.83,119,170.0,193.25,-4.899999999999984,597.42,666.7850000000001,3.4525647691684367,8.0,4.0,1,1
2,Dairy & Eggs,2025-03-09,10,0,0,MANAGER_SPECIAL,201,718.39,106,217.0,199.5,1.600000000000019,741.83,682.9375,3.4254107513112935,8.0,4.0,1,0
2,Dairy & Eggs,2025-03-16,11,0,0,MANAGER_SPECIAL,200,708.68,113,201.0,200.5,0.7999999999999983,718.39,700.2099999999999,3.4949458802352016,8.0,4.0,1,0
2,Dairy & Eggs,2025-03-23,12,0,0,MANAGER_SPECIAL,190,690.91,104,200.0,197.0,7.400000000000026,708.68,691.5799999999999,3.512571581169781,8.0,3.0,1,0
2,Dairy & Eggs,2025-03-30,13,0,0,COUPON,234,816.67,132,190.0,202.0,-8.199999999999989,690.91,714.9525,3.5431048629035273,8.0,2.0,1,0
2,Dairy & Eggs,2025-04-06,14,0,0,MANAGER_SPECIAL,184,622.1800000000001,97,234.0,206.25,8.900000000000015,816.67,733.6624999999999,3.5609726895213543,8.0,2.0,1,0
2,Dairy & Eggs,2025-04-13,15,0,0,BUNDLE,149,520.02,77,184.0,202.0,-0.3999999999999871,622.1800000000001,709.61,3.512806049893407,8.0,1.0,1,0
2,Dairy & Eggs,2025-04-20,16,0,0,BUNDLE,179,641.19,89,149.0,189.25,-17.299999999999997,520.02,662.445,3.4994728284168968,8.0,1.0,1,0
2,Dairy & Eggs,2025-04-27,17,0,0,BUNDLE,201,718.15,113,179.0,186.5,-19.99999999999999,641.19,650.015,3.4858974829302753,8.0,1.0,1,0
2,Dairy & Eggs,2025-05-04,18,0,0,BUNDLE,199,722.7,108,201.0,178.25,8.100000000000001,718.15,625.385,3.506608192204417,8.0,0.0,1,0
2,Dairy & Eggs,2025-05-11,19,0,0,COUPON,177,440.75,98,199.0,182.0,17.200000000000003,722.7,650.515,3.5691695041991736,8.0,0.0,1,1
2,Dairy & Eggs,2025-05-18,20,0,0,BUNDLE,206,723.09,98,177.0,189.0,-0.7999999999999895,440.75,630.6975,3.3191809742632543,8.0,1.0,1,0
2,Dairy & Eggs,2025-05-25,21,0,0,BUNDLE,165,616.9300000000001,86,206.0,195.75,-0.6999999999999957,723.09,651.1725,3.3012006222537083,8.0,1.0,1,0
2,Dairy & Eggs,2025-06-01,22,0,0,COUPON,161,577.64,94,165.0,186.75,-7.299999999999995,616.9300000000001,625.8675000000001,3.3427216534613073,8.0,1.0,1,0
2,Dairy & Eggs,2025-06-08,23,0,0,MANAGER_SPECIAL,173,616.24,101,161.0,177.25,-8.899999999999997,577.64,589.6025000000001,3.3317636023361157,8.0,1.0,1,0
2,Dairy & Eggs,2025-06-15,24,0,0,COUPON,197,577.32,101,173.0,176.25,-10.300000000000006,616.24,633.475,3.5997555849624177,8.0,1.0,1,1
2,Dairy & Eggs,2025-06-22,25,0,0,MANAGER_SPECIAL,195,671.68,109,197.0,174.0,10.80000000000002,577.32,597.0325,3.4548587711040573,8.0,2.0,1,0
2,Dairy & Eggs,2025-06-29,26,0,0,BUNDLE,184,659.49,103,195.0,181.5,12.600000000000001,671.68,610.72,3.3812445519898375,8.0,2.0,1,0
2,Dairy & Eggs,2025-07-06,27,0,0,COUPON,197,717.37,108,184.0,187.25,3.1000000000000085,659.49,631.1825,3.3803342259028812,8.0,2.0,1,0
2,Dairy & Eggs,2025-07-13,28,0,0,COUPON,177,656.82,89,197.0,193.25,-1.1000000000000092,717.37,656.4649999999999,3.400182014993577,8.0,1.0,1,0
2,Dairy & Eggs,2025-07-20,29,0,0,MANAGER_SPECIAL,219,776.64,114,177.0,188.25,-4.10000000000001,656.82,676.34,3.5952542854917273,8.0,1.0,1,0
2,Dairy & Eggs,2025-07-27,30,0,0,MANAGER_SPECIAL,248,870.95,130,219.0,194.25,8.499999999999996,776.64,702.5799999999999,3.620701422829276,8.0,1.0,1,1
2,Dairy & Eggs,2025-08-03,31,0,0,BUNDLE,191,691.86,108,248.0,210.25,19.49999999999999,870.95,755.445,3.6026290174996825,8.0,2.0,1,0
2,Dairy & Eggs,2025-08-10,32,0,0,COUPON,174,605.96,100,191.0,208.75,7.100000000000001,691.86,749.0675,3.5978369134254806,8.0,2.0,1,0
2,Dairy & Eggs,2025-08-17,33,0,0,MANAGER_SPECIAL,168,594.89,104,174.0,208.0,-19.199999999999985,605.96,736.3525000000001,3.5407572329267465,8.0,1.0,1,0
2,Dairy & Eggs,2025-08-24,34,0,0,COUPON,178,526.58,102,168.0,195.25,-25.69999999999999,594.89,690.9150000000001,3.5394348666514697,8.0,1.0,1,1
2,Dairy & Eggs,2025-08-31,35,0,0,MANAGER_SPECIAL,177,441.83,99,178.0,177.75,-4.500000000000006,526.58,604.8225,3.4010397280142817,8.0,2.0,1,1
2,Dairy & Eggs,2025-09-07,36,0,0,COUPON,198,694.23,106,177.0,174.25,1.8999999999999835,441.83,542.3149999999999,3.1195174841002995,8.0,3.0,1,0
2,Dairy & Eggs,2025-09-14,37,0,0,MANAGER_SPECIAL,179,680.23,101,198.0,180.25,8.900000000000011,694.23,564.3824999999999,3.125438330495284,8.0,3.0,1,0
2,Dairy & Eggs,2025-09-21,38,0,0,MANAGER_SPECIAL,189,704.87,101,179.0,183.0,2.4000000000000083,680.23,585.7175,3.1902272537461487,8.0,3.0,1,0
2,Dairy & Eggs,2025-09-28,39,0,0,COUPON,199,739.83,113,189.0,185.75,1.7000000000000106,704.87,630.2900000000001,3.3830163269284803,8.0,2.0,1,0
2,Dairy & Eggs,2025-10-05,40,0,0,NONE,193,704.87,103,199.0,191.25,1.300000000000005,739.83,704.7900000000001,3.6883973279789304,8.0,2.0,0,0
2,Dairy & Eggs,2025-10-12,41,0,0,BOGO,209,769.42,117,193.0,190.0,5.200000000000001,704.87,707.45,3.7248883391266774,7.0,2.0,1,0
2,Dairy & Eggs,2025-10-19,42,0,0,COUPON,156,546.42,92,209.0,197.5,5.400000000000004,769.42,729.7475,3.6952052913599776,7.0,2.0,1,0
2,Dairy & Eggs,2025-10-26,43,0,0,COUPON,191,691.48,103,156.0,189.25,-11.299999999999978,546.42,690.135,3.6385106434153296,7.0,1.0,1,0
2,Deli,2024-12-29,52,0,1,MANAGER_SPECIAL,109,594.49,66,,186.0,,,673.57,3.6121012933979935,6.0,0.0,1,1
2,Deli,2025-01-05,1,1,0,BUNDLE,176,1039.21,96,109.0,158.0,,594.49,636.7766666666666,4.212721470546192,6.0,1.0,1,0
2,Deli,2025-01-12,2,1,0,COUPON,218,1358.89,113,176.0,147.0,,1039.21,726.7066666666666,4.953777092555762,6.0,1.0,1,0
2,Deli,2025-01-19,3,0,0,COUPON,184,1162.34,104,218.0,167.66666666666666,,1358.89,997.5300000000001,5.864026445649152,6.0,1.0,1,0
2,Deli,2025-01-26,4,0,0,BOGO,207,1268.91,108,184.0,171.75,26.699999999999985,1162.34,1038.7325,5.97728613858469,6.0,1.0,1,0
2,Deli,2025-02-02,5,0,0,MANAGER_SPECIAL,212,1320.04,122,207.0,196.25,5.899999999999995,1268.91,1207.3375,6.146276964272763,7.0,1.0,1,0
2,Deli,2025-02-09,6,0,0,COUPON,232,1450.6,121,212.0,205.25,0.5000000000000144,1320.04,1277.545,6.226777339487171,7.0,1.0,1,0
2,Deli,2025-02-16,7,0,0,MANAGER_SPECIAL,210,1277.07,113,232.0,208.75,14.9,1450.6,1300.4724999999999,6.23156379946819,7.0,1.0,1,0
2,Deli,2025-02-23,8,0,0,COUPON,178,1107.88,101,210.0,215.25,2.8999999999999977,1277.07,1329.155,6.172618923691793,8.0,1.0,1,0
2,Deli,2025-03-02,9,0,0,COUPON,221,1363.49,115,178.0,208.0,-12.399999999999972,1107.88,1288.8975,6.196130159646849,8.0,0.0,1,0
2,Deli,2025-03-09,10,0,0,COUPON,208,1280.83,117,221.0,210.25,-6.500000000000009,1363.49,1299.76,6.181888718513066,8.0,0.0,1,0
2,Deli,2025-03-16,11,0,0,MANAGER_SPECIAL,211,1346.08,113,208.0,204.25,3.700000000000014,1280.83,1257.3174999999999,6.158201301404313,8.0,0.0,1,0
2,Deli,2025-03-23,12,0,0,BUNDLE,201,1085.47,117,211.0,204.5,8.59999999999999,1346.08,1274.57,6.232761389420562,8.0,0.0,1,1
2,Deli,2025-03-30,13,0,0,COUPON,177,1088.23,101,201.0,210.25,-5.7000000000000215,1085.47,1268.9675,6.026837218142123,8.0,1.0,1,0
2,Deli,2025-04-06,14,0,0,MANAGER_SPECIAL,204,1252.08,114,177.0,199.25,-10.30000000000001,1088.23,1200.1525000000001,6.02147573847855,8.0,1.0,1,0
2,Deli,2025-04-13,15,0,0,BUNDLE,187,1158.71,108,204.0,198.25,-4.499999999999999,1252.08,1192.9650000000001,6.016428368569048,8.0,1.0,1,0
2,Deli,2025-04-20,16,0,0,BUNDLE,218,1312.57,114,187.0,192.25,-1.4999999999999893,1158.71,1146.1225,5.970624392088322,8.0,1.0,1,0
2,Deli,2025-04-27,17,0,0,MANAGER_SPECIAL,189,1206.41,107,218.0,196.5,10.599999999999998,1312.57,1202.8975,6.125778153099778,8.0,1.0,1,0
2,Deli,2025-05-04,18,0,0,BUNDLE,218,1364.45,133,189.0,199.5,-1.4000000000000064,1206.41,1232.4425,6.184510553781331,8.0,1.0,1,0
2,Deli,2025-05-11,19,0,0,COUPON,231,1431.9,124,218.0,203.0,6.400000000000023,1364.45,1260.535,6.214835027607559,8.0,1.0,1,0
2,Deli,2025-05-18,20,0,0,BUNDLE,211,1328.22,119,231.0,214.0,6.7999999999999945,1431.9,1328.8325,6.215432812175932,8.0,1.0,1,0
2,Deli,2025-05-25,21,0,0,BUNDLE,218,1403.27,117,211.0,212.25,7.900000000000004,1328.22,1332.7450000000001,6.283912365634778,8.0,0.0,1,0
2,Deli,2025-06-01,22,0,0,COUPON,213,1347.65,119,218.0,219.5,-1.999999999999996,1403.27,1381.96,6.297386529510318,8.0,0.0,1,0
2,Deli,2025-06-08,23,0,0,MANAGER_SPECIAL,217,1269.35,117,213.0,218.25,-4.700000000000001,1347.65,1377.76,6.3143991172692875,8.0,0.0,1,0
2,Deli,2025-06-15,24,0,0,COUPON,242,1532.08,133,217.0,214.75,1.3000000000000165,1269.35,1337.1225,6.227108585220691,8.0,0.0,1,0
2,Deli,2025-06-22,25,0,0,MANAGER_SPECIAL,216,1213.79,125,242.0,222.5,7.600000000000009,1532.08,1388.0875,6.236115478801043,8.0,0.0,1,1
2,Deli,2025-06-29,26,0,0,BUNDLE,185,1121.28,109,216.0,222.0,3.399999999999988,1213.79,1340.7174999999997,6.031710428682118,8.0,1.0,1,0
2,Deli,2025-07-06,27,0,0,COUPON,222,1433.3700000000001,124,185.0,215.0,-12.200000000000024,1121.28,1284.125,5.965204845634281,8.0,1.0,1,0
2,Deli,2025-07-13,28,0,0,COUPON,221,1337.61,125,222.0,216.25,-9.099999999999996,1433.3700000000001,1325.13,6.116975458412958,8.0,1.0,1,0
2,Deli,2025-07-20,29,0,0,MANAGER_SPECIAL,231,1457.26,116,221.0,211.0,5.199999999999988,1337.61,1276.5125,6.047381669848582,8.0,1.0,1,0
2,Deli,2025-07-27,30,0,0,MANAGER_SPECIAL,223,1392.07,127,231.0,214.75,13.699999999999996,1457.26,1337.38,6.219653344932757,8.0,1.0,1,0
2,Deli,2025-08-03,31,0,0,BUNDLE,217,1385.1,119,223.0,224.25,1.3000000000000336,1392.07,1405.0775,6.265026693617765,8.0,1.0,1,0
2,Deli,2025-08-10,32,0,0,COUPON,193,1303.64,110,217.0,223.0,-2.0000000000000036,1385.1,1393.01,6.246608615401299,8.0,1.0,1,0
2,Deli,2025-08-17,33,0,0,MANAGER_SPECIAL,259,1675.65,131,193.0,216.0,-12.000000000000014,1303.64,1384.5175,6.422127980979337,8.0,1.0,1,0
2,Deli,2025-08-24,34,0,0,COUPON,187,1103.83,103,259.0,223.0,8.400000000000015,1675.65,1439.115,6.462429548780904,8.0,0.0,1,1
2,Deli,2025-08-31,35,0,0,MANAGER_SPECIAL,204,1253.41,109,187.0,214.0,-2.4000000000000083,1103.83,1367.055,6.377521513002385,8.0,1.0,1,0
2,Deli,2025-09-07,36,0,0,COUPON,198,1263.43,103,204.0,210.75,-3.899999999999993,1253.41,1334.1325,6.317825852480112,8.0,1.0,1,0
2,Deli,2025-09-14,37,0,0,MANAGER_SPECIAL,244,1501.82,133,198.0,212.0,-16.599999999999994,1263.43,1324.08,6.224412901729078,8.0,1.0,1,0
2,Deli,2025-09-21,38,0,0,MANAGER_SPECIAL,233,1427.6,123,244.0,208.25,16.499999999999996,1501.82,1280.6225,6.145740121806298,8.0,1.0,1,0
2,Deli,2025-09-28,39,0,0,COUPON,218,1374.94,114,233.0,219.75,13.3,1427.6,1361.565,6.201791222308926,8.0,1.0,1,0
2,Deli,2025-10-05,40,0,0,NONE,239,1447.56,127,218.0,223.25,4.900000000000013,1374.94,1391.9475,6.24251561068813,8.0,1.0,0,0
2,Deli,2025-10-12,41,0,0,BOGO,234,1424.68,121,239.0,233.5,-3.0000000000000013,1447.56,1437.98,6.161459812116641,7.0,1.0,1,1
2,Deli,2025-10-19,42,0,0,COUPON,213,1260.99,114,234.0,231.0,2.3999999999999946,1424.68,1418.6950000000002,6.144803829210659,7.0,2.0,1,1
2,Deli,2025-10-26,43,0,0,COUPON,211,1325.65,119,213.0,226.0,-1.9999999999999807,1260.99,1377.0425,6.093079383825904,7.0,2.0,1,0
2,Frozen Foods,2024-12-29,52,0,1,MANAGER_SPECIAL,110,752.28,62,,228.66666666666666,,,1377.7433333333336,6.021751105040043,6.0,2.0,1,0
2,Frozen Foods,2025-01-05,1,1,0,BUNDLE,143,838.16,83,110.0,185.66666666666666,,752.28,1145.9833333333333,6.282475334785194,6.0,2.0,1,1
2,Frozen Foods,2025-01-12,2,1,0,COUPON,165,1132.73,91,143.0,155.33333333333334,,838.16,950.4766666666666,6.206769559079419,6.0,3.0,1,0
2,Frozen Foods,2025-01-19,3,0,0,COUPON,151,969.68,92,165.0,139.33333333333334,,1132.73,907.7233333333334,6.521732711732711,6.0,3.0,1,0
2,Frozen Foods,2025-01-26,4,0,0,BOGO,157,1105.05,91,151.0,142.25,14.499999999999998,969.68,923.2125,6.4967299973756925,6.0,3.0,1,0
2,Frozen Foods,2025-02-02,5,0,0,MANAGER_SPECIAL,185,1119.03,98,157.0,154.0,2.799999999999997,1105.05,1011.4049999999999,6.546636482610203,7.0,3.0,1,1
2,Frozen Foods,2025-02-09,6,0,0,COUPON,189,1291.41,110,185.0,164.5,6.599999999999994,1119.03,1081.6225,6.593524499998221,7.0,3.0,1,0
2,Frozen Foods,2025-02-16,7,0,0,MANAGER_SPECIAL,184,1221.3700000000001,98,189.0,170.5,14.19999999999999,1291.41,1121.2925,6.585481209954931,7.0,2.0,1,0
2,Frozen Foods,2025-02-23,8,0,0,COUPON,156,870.94,84,184.0,178.75,8.500000000000021,1221.3700000000001,1184.215,6.639520855074425,8.0,2.0,1,1
2,Frozen Foods,2025-03-02,9,0,0,COUPON,168,1099.83,92,156.0,178.5,-9.200000000000014,870.94,1125.6875,6.275624276599821,8.0,3.0,1,0
2,Frozen Foods,2025-03-09,10,0,0,MANAGER_SPECIAL,146,945.13,89,168.0,174.25,-9.100000000000012,1099.83,1120.8875,6.400073359611403,8.0,2.0,1,0
2,Frozen Foods,2025-03-16,11,0,0,MANAGER_SPECIAL,180,1250.79,102,146.0,163.5,-10.199999999999989,945.13,1034.3174999999999,6.3102323615683495,8.0,2.0,1,0
2,Frozen Foods,2025-03-23,12,0,0,MANAGER_SPECIAL,209,1449.05,106,180.0,162.5,5.000000000000011,1250.79,1041.6725,6.3879705862060305,8.0,2.0,1,0
2,Frozen Foods,2025-03-30,13,0,0,COUPON,196,1333.04,109,209.0,175.75,15.699999999999987,1449.05,1186.1999999999998,6.725546803848038,8.0,2.0,1,0
2,Frozen Foods,2025-04-06,14,0,0,MANAGER_SPECIAL,166,1006.97,95,196.0,182.75,17.90000000000003,1333.04,1244.5024999999998,6.789201140582732,8.0,1.0,1,1
2,Frozen Foods,2025-04-13,15,0,0,BUNDLE,186,1308.52,97,166.0,187.75,-5.499999999999984,1006.97,1259.9624999999999,6.687348937248848,8.0,2.0,1,0
2,Frozen Foods,2025-04-20,16,0,0,BUNDLE,191,1276.64,107,186.0,189.25,-9.899999999999995,1308.52,1274.395,6.708904044775731,8.0,2.0,1,0
2,Frozen Foods,2025-04-27,17,0,0,MANAGER_SPECIAL,199,1369.71,109,191.0,184.75,0.5000000000000061,1276.64,1231.2924999999998,6.64658541204445,8.0,1.0,1,0
2,Frozen Foods,2025-05-04,18,0,0,BUNDLE,175,1176.82,96,199.0,185.5,10.39999999999999,1369.71,1240.4599999999998,6.667020495625621,8.0,1.0,1,1
2,Frozen Foods,2025-05-11,19,0,0,COUPON,145,1032.03,77,175.0,187.75,-2.499999999999993,1176.82,1282.9225,6.8316708398597,8.0,2.0,1,0
2,Frozen Foods,2025-05-18,20,0,0,BUNDLE,201,1369.83,104,145.0,177.5,-16.199999999999978,1032.03,1213.8,6.8522694679650025,8.0,2.0,1,0
2,Frozen Foods,2025-05-25,21,0,0,BUNDLE,180,1217.26,103,201.0,180.0,-2.4000000000000026,1369.83,1237.0974999999999,6.885043360283514,8.0,2.0,1,0
2,Frozen Foods,2025-06-01,22,0,0,COUPON,189,1106.63,100,180.0,175.25,7.09999999999999,1217.26,1198.9849999999997,6.854941043142253,8.0,2.0,1,1
2,Frozen Foods,2025-06-08,23,0,0,MANAGER_SPECIAL,206,1438.69,105,189.0,178.75,11.099999999999993,1106.63,1181.4375,6.637565910867121,8.0,2.0,1,0
2,Frozen Foods,2025-06-15,24,0,0,COUPON,183,1228.6,110,206.0,194.0,2.4000000000000057,1438.69,1283.1025,6.604186851610341,8.0,2.0,1,0
2,Frozen Foods,2025-06-22,25,0,0,MANAGER_SPECIAL,173,1178.28,98,183.0,189.5,2.6000000000000134,1228.6,1247.795,6.578833495440371,8.0,2.0,1,0
2,Frozen Foods,2025-06-29,26,0,0,COUPON,187,1061.98,103,173.0,187.75,-7.1,1178.28,1238.05,6.590911369557262,8.0,2.0,1,1
2,Frozen Foods,2025-07-06,27,0,0,COUPON,226,1560.57,119,187.0,187.25,-6.699999999999983,1061.98,1226.8874999999998,6.546874431549735,8.0,2.0,1,0
2,Frozen Foods,2025-07-13,28,0,0,COUPON,221,1484.69,121,226.0,192.25,14.29999999999999,1560.57,1257.3574999999998,6.527185669628609,8.0,2.0,1,0
2,Frozen Foods,2025-07-20,29,0,0,MANAGER_SPECIAL,191,1315.56,101,221.0,201.75,18.300000000000004,1484.69,1321.3799999999999,6.528283943742794,8.0,2.0,1,0
2,Frozen Foods,2025-07-27,30,0,0,MANAGER_SPECIAL,254,1641.57,144,191.0,206.25,0.7000000000000217,1315.56,1355.6999999999998,6.547504353511883,8.0,2.0,1,1
2,Frozen Foods,2025-08-03,31,0,0,BUNDLE,180,1226.97,100,254.0,223.0,5.400000000000012,1641.57,1500.5974999999999,6.7434634991601206,8.0,2.0,1,0
2,Frozen Foods,2025-08-10,32,0,0,COUPON,175,1155.77,101,180.0,211.5,-5.999999999999999,1226.97,1417.1974999999998,6.721294251372511,8.0,2.0,1,0
2,Frozen Foods,2025-08-17,33,0,0,MANAGER_SPECIAL,186,1016.98,105,175.0,200.0,-12.200000000000003,1155.77,1334.9674999999997,6.6928806767118765,8.0,2.0,1,1
2,Frozen Foods,2025-08-24,34,0,0,COUPON,170,1167.99,92,186.0,198.75,-20.90000000000001,1016.98,1260.3224999999998,6.337852106087546,8.0,3.0,1,0
2,Frozen Foods,2025-08-31,35,0,0,MANAGER_SPECIAL,201,1398.49,119,170.0,177.75,-1.899999999999997,1167.99,1141.9275,6.439765955091715,8.0,2.0,1,0
2,Frozen Foods,2025-09-07,36,0,0,COUPON,202,1374.45,113,201.0,183.0,6.200000000000002,1398.49,1184.8075,6.475056377977286,8.0,2.0,1,0
2,Frozen Foods,2025-09-14,37,0,0,MANAGER_SPECIAL,205,1404.36,108,202.0,189.75,7.900000000000004,1374.45,1239.4775,6.525008358175306,8.0,2.0,1,0
2,Frozen Foods,2025-09-21,38,0,0,MANAGER_SPECIAL,183,1090.71,96,205.0,194.5,10.600000000000012,1404.36,1336.3224999999998,6.870733902366232,8.0,2.0,1,1
2,Frozen Foods,2025-09-28,39,0,0,COUPON,220,1467.24,119,183.0,197.75,-5.10000000000001,1090.71,1317.0025,6.643142533031613,8.0,2.0,1,0
2,Frozen Foods,2025-10-05,40,0,0,NONE,222,1498.63,121,220.0,202.5,3.199999999999995,1467.24,1334.1899999999998,6.571045291964222,8.0,2.0,0,0
2,Frozen Foods,2025-10-12,41,0,0,BOGO,166,1151.82,94,222.0,207.5,8.799999999999997,1498.63,1365.235,6.557639708162599,7.0,2.0,1,0
2,Frozen Foods,2025-10-19,42,0,0,COUPON,178,1243.97,99,166.0,197.75,-4.899999999999971,1151.82,1302.1,6.579674236519931,7.0,1.0,1,0
2,Frozen Foods,2025-10-26,43,0,0,COUPON,188,1314.56,102,178.0,196.5,-18.200000000000006,1243.97,1340.415,6.836782129317868,7.0,1.0,1,0
2,Grains and Pasta,2024-12-29,52,0,1,MANAGER_SPECIAL,143,263.11,77,,188.66666666666666,,,1298.14,6.8926185966662485,6.0,1.0,1,1
2,Grains and Pasta,2025-01-05,1,1,0,BUNDLE,203,551.29,107,143.0,162.33333333333334,,263.11,886.2999999999998,5.255733424781076,6.0,2.0,1,0
2,Grains and Pasta,2025-01-12,2,1,0,COUPON,228,582.64,122,203.0,174.66666666666666,,551.29,686.1233333333331,3.848079953754111,6.0,2.0,1,1
2,Grains and Pasta,2025-01-19,3,0,0,COUPON,253,665.13,133,228.0,191.33333333333334,,582.64,465.67999999999984,2.370360984045195,6.0,2.0,1,0
2,Grains and Pasta,2025-01-26,4,0,0,BOGO,218,590.05,133,253.0,206.75,35.50000000000002,665.13,515.5424999999999,2.4350138210378485,6.0,2.0,1,0
2,Grains and Pasta,2025-02-02,5,0,0,MANAGER_SPECIAL,226,603.54,123,218.0,225.5,6.99999999999998,590.05,597.2774999999998,2.6516941475920284,7.0,2.0,1,0
2,Grains and Pasta,2025-02-09,6,0,0,COUPON,200,476.68,116,226.0,231.25,-4.099999999999994,603.54,610.3399999999998,2.6403983195262883,7.0,2.0,1,1
2,Grains and Pasta,2025-02-16,7,0,0,MANAGER_SPECIAL,240,602.31,127,200.0,224.25,-15.099999999999987,476.68,583.8499999999999,2.5973886704034816,7.0,3.0,1,1
2,Grains and Pasta,2025-02-23,8,0,0,COUPON,195,518.91,102,240.0,221.0,4.000000000000026,602.31,568.1449999999998,2.567551837399529,8.0,4.0,1,0
2,Grains and Pasta,2025-03-02,9,0,0,COUPON,234,614.15,125,195.0,215.25,-5.3000000000000105,518.91,550.3599999999999,2.556158224132062,8.0,3.0,1,0
2,Grains and Pasta,2025-03-09,10,0,0,MANAGER_SPECIAL,263,553.24,142,234.0,217.25,5.699999999999987,614.15,553.0124999999998,2.5446686431623933,8.0,3.0,1,1
2,Grains and Pasta,2025-03-16,11,0,0,MANAGER_SPECIAL,249,558.58,128,263.0,233.0,10.799999999999997,553.24,572.1524999999999,2.474712179284066,8.0,3.0,1,1
2,Grains and Pasta,2025-03-23,12,0,0,MANAGER_SPECIAL,271,708.6,147,249.0,235.25,19.099999999999998,558.58,561.2199999999999,2.4081292224567568,8.0,4.0,1,0
2,Grains and Pasta,2025-03-30,13,0,0,COUPON,218,560.84,129,271.0,254.25,9.700000000000033,708.6,608.6424999999999,2.396550028587895,8.0,4.0,1,0
2,Grains and Pasta,2025-04-06,14,0,0,MANAGER_SPECIAL,197,517.48,118,218.0,250.25,-11.30000000000001,560.84,595.3149999999999,2.3835720038094115,8.0,4.0,1,0
2,Grains and Pasta,2025-04-13,15,0,0,BUNDLE,205,460.32,117,197.0,233.75,-20.900000000000002,517.48,586.3749999999999,2.514378975301952,8.0,3.0,1,1
2,Grains and Pasta,2025-04-20,16,0,0,BUNDLE,208,549.26,112,205.0,222.75,-21.899999999999984,460.32,561.81,2.514921535787798,8.0,3.0,1,0
2,Grains and Pasta,2025-04-27,17,0,0,MANAGER_SPECIAL,265,689.59,136,208.0,207.0,-2.1999999999999966,549.26,521.9749999999999,2.521399768118198,8.0,3.0,1,0
2,Grains and Pasta,2025-05-04,18,0,0,BUNDLE,223,581.97,124,265.0,218.75,20.70000000000001,689.59,554.1624999999999,2.528791234277104,8.0,3.0,1,0
2,Grains and Pasta,2025-05-11,19,0,0,COUPON,288,745.97,155,223.0,225.25,11.099999999999989,581.97,570.2849999999999,2.5245234620889,8.0,2.0,1,0
2,Grains and Pasta,2025-05-18,20,0,0,BUNDLE,212,512.16,107,288.0,246.0,19.80000000000001,745.97,641.6974999999999,2.610701011208141,8.0,1.0,1,1
2,Grains and Pasta,2025-05-25,21,0,0,BUNDLE,225,596.57,118,212.0,247.0,-9.39999999999999,512.16,632.4224999999999,2.554495006128315,8.0,2.0,1,0
2,Grains and Pasta,2025-06-01,22,0,0,COUPON,234,593.72,127,225.0,237.0,-7.0,596.57,609.1674999999999,2.566793957910286,8.0,2.0,1,0
2,Grains and Pasta,2025-06-08,23,0,0,MANAGER_SPECIAL,231,583.7,129,234.0,239.75,-14.900000000000015,593.72,612.1049999999999,2.548677461800516,8.0,2.0,1,0
2,Grains and Pasta,2025-06-15,24,0,0,COUPON,224,571.74,118,231.0,225.5,6.600000000000014,583.7,571.5374999999999,2.532844015732695,8.0,1.0,1,0
2,Grains and Pasta,2025-06-22,25,0,0,COUPON,241,462.85,142,224.0,228.5,-0.5999999999999893,571.74,586.4324999999999,2.5669844301531803,8.0,1.0,1,1
2,Grains and Pasta,2025-06-29,26,0,0,BUNDLE,217,537.05,116,241.0,232.5,1.3999999999999957,462.85,553.0024999999998,2.384263729369409,8.0,2.0,1,0
2,Grains and Pasta,2025-07-06,27,0,0,COUPON,306,768.07,162,217.0,228.25,-2.499999999999973,537.05,538.8349999999999,2.3686686882098513,8.0,2.0,1,0
2,Grains and Pasta,2025-07-13,28,0,0,COUPON,220,592.81,126,306.0,247.0,22.19999999999999,768.07,584.9274999999999,2.364466901434535,8.0,2.0,1,0
2,Grains and Pasta,2025-07-20,29,0,0,MANAGER_SPECIAL,261,707.29,136,220.0,246.0,2.6000000000000085,592.81,590.1949999999999,2.400011950135834,8.0,1.0,1,0
2,Grains and Pasta,2025-07-27,30,0,0,MANAGER_SPECIAL,271,716.95,146,261.0,251.0,4.60000000000002,707.29,651.3049999999998,2.5973579382759273,8.0,1.0,1,0
2,Grains and Pasta,2025-08-03,31,0,0,BUNDLE,285,737.51,145,271.0,264.5,-6.399999999999994,716.95,696.2799999999999,2.6400297290491346,8.0,1.0,1,0
2,Grains and Pasta,2025-08-10,32,0,0,COUPON,235,620.13,136,285.0,259.25,20.500000000000018,737.51,688.6399999999999,2.659460155605722,8.0,1.0,1,0
2,Grains and Pasta,2025-08-17,33,0,0,MANAGER_SPECIAL,251,647.45,134,235.0,263.0,-6.400000000000027,620.13,695.4699999999999,2.6455251942904416,8.0,1.0,1,0
2,Grains and Pasta,2025-08-24,34,0,0,COUPON,181,476.12,106,251.0,260.5,-10.999999999999996,647.45,680.51,2.6129148693068514,8.0,0.0,1,0
2,Grains and Pasta,2025-08-31,35,0,0,MANAGER_SPECIAL,251,668.81,146,181.0,238.0,-29.599999999999998,476.12,620.3024999999999,2.609146189769227,8.0,0.0,1,0
2,Grains and Pasta,2025-09-07,36,0,0,COUPON,203,514.37,107,251.0,229.5,-2.2000000000000024,668.81,603.1274999999999,2.628353011604692,8.0,0.0,1,0
2,Grains and Pasta,2025-09-14,37,0,0,MANAGER_SPECIAL,211,539.92,119,203.0,221.5,-7.399999999999985,514.37,576.6874999999999,2.6021008367802505,8.0,0.0,1,0
2,Grains and Pasta,2025-09-21,38,0,0,MANAGER_SPECIAL,229,619.2,128,211.0,211.5,4.200000000000013,539.92,549.8049999999998,2.5969459586623898,8.0,0.0,1,0
2,Grains and Pasta,2025-09-28,39,0,0,COUPON,231,424.96,123,229.0,223.5,-5.800000000000001,619.2,585.5749999999999,2.615304182021216,8.0,0.0,1,1
2,Grains and Pasta,2025-10-05,40,0,0,NONE,264,692.76,136,231.0,218.5,10.20000000000001,424.96,524.6125,2.409072183607943,8.0,1.0,0,0
2,Grains and Pasta,2025-10-12,41,0,0,BOGO,211,532.95,115,264.0,233.75,16.099999999999994,692.76,569.2099999999998,2.4316343197476655,7.0,1.0,1,0
2,Grains and Pasta,2025-10-19,42,0,0,COUPON,227,595.19,129,211.0,233.75,-2.0999999999999805,532.95,567.4674999999999,2.423376025908803,7.0,1.0,1,0
2,Grains and Pasta,2025-10-26,43,0,0,COUPON,216,548.63,119,227.0,233.25,-6.500000000000001,595.19,561.4649999999999,2.4028890878713676,7.0,1.0,1,1
2,Meat and Seafood,2024-12-29,52,0,1,MANAGER_SPECIAL,131,1231.75,75,,234.0,,,606.9666666666666,2.59063422394393,6.0,1.0,1,0
2,Meat and Seafood,2025-01-05,1,1,0,BUNDLE,191,1775.48,110,131.0,189.66666666666666,,1231.75,786.6299999999998,4.850161172822024,6.0,1.0,1,0
2,Meat and Seafood,2025-01-12,2,1,0,COUPON,194,1789.65,112,191.0,183.0,,1775.48,1200.8066666666666,7.106786980287514,6.0,1.0,1,1
2,Meat and Seafood,2025-01-19,3,0,0,COUPON,216,1975.68,117,194.0,172.0,,1789.65,1598.9599999999998,9.307792854002638,6.0,2.0,1,0
2,Meat and Seafood,2025-01-26,4,0,0,BOGO,222,2046.9,125,216.0,183.0,25.800000000000015,1975.68,1693.1399999999999,9.267511307168645,6.0,1.0,1,0
2,Meat and Seafood,2025-02-02,5,0,0,MANAGER_SPECIAL,214,1994.75,118,222.0,205.75,11.499999999999993,2046.9,1896.9275,9.221910935804916,7.0,1.0,1,0
2,Meat and Seafood,2025-02-09,6,0,0,COUPON,217,1972.42,119,214.0,211.5,6.599999999999998,1994.75,1951.745,9.228299654794982,7.0,1.0,1,0
2,Meat and Seafood,2025-02-16,7,0,0,MANAGER_SPECIAL,187,1738.67,101,217.0,217.25,-0.49999999999999534,1972.42,1997.4375,9.194422926684384,7.0,1.0,1,1
2,Meat and Seafood,2025-02-23,8,0,0,COUPON,219,2091.68,119,187.0,210.0,-10.199999999999978,1738.67,1938.185,9.232181393707556,8.0,2.0,1,0
2,Meat and Seafood,2025-03-02,9,0,0,COUPON,183,1711.01,101,219.0,209.25,-1.5000000000000002,2091.68,1949.3799999999999,9.314876383217616,8.0,2.0,1,0
2,Meat and Seafood,2025-03-09,10,0,0,MANAGER_SPECIAL,233,2208.35,120,183.0,201.5,-6.999999999999979,1711.01,1878.445,9.322006317848125,8.0,2.0,1,0
2,Meat and Seafood,2025-03-16,11,0,0,MANAGER_SPECIAL,196,1803.32,112,233.0,205.5,10.200000000000012,2208.35,1937.4274999999998,9.41910729488576,8.0,1.0,1,0
2,Meat and Seafood,2025-03-23,12,0,0,COUPON,222,2096.75,125,196.0,207.75,-1.8999999999999924,1803.32,1953.5899999999997,9.394835222420411,8.0,1.0,1,0
2,Meat and Seafood,2025-03-30,13,0,0,COUPON,215,2014.5,122,222.0,208.5,8.000000000000012,2096.75,1954.8574999999996,9.368277620297741,8.0,1.0,1,0
2,Meat and Seafood,2025-04-06,14,0,0,MANAGER_SPECIAL,210,1970.69,119,215.0,216.5,-2.7999999999999887,2014.5,2030.7299999999996,9.373274125571601,8.0,1.0,1,0
2,Meat and Seafood,2025-04-13,15,0,0,BUNDLE,171,1508.8,106,210.0,210.75,3.499999999999985,1970.69,1971.3149999999996,9.349859400454086,8.0,1.0,1,0
2,Meat and Seafood,2025-04-20,16,0,0,BUNDLE,221,2121.69,130,171.0,204.5,-15.799999999999967,1508.8,1897.6849999999997,9.25555429244597,8.0,0.0,1,0
2,Meat and Seafood,2025-04-27,17,0,0,COUPON,182,1712.65,92,221.0,204.25,-2.0999999999999894,2121.69,1903.9199999999998,9.294451147445766,8.0,0.0,1,0
2,Meat and Seafood,2025-05-04,18,0,0,BUNDLE,200,1792.86,108,182.0,196.0,-3.3999999999999906,1712.65,1828.4575,9.304550495771858,8.0,0.0,1,0
2,Meat and Seafood,2025-05-11,19,0,0,COUPON,202,1903.77,119,200.0,193.5,4.800000000000012,1792.86,1783.9999999999998,9.199565971962334,8.0,0.0,1,0
2,Meat and Seafood,2025-05-18,20,0,0,BUNDLE,178,1739.38,103,202.0,201.25,-3.8999999999999906,1903.77,1882.7424999999998,9.34986900884497,8.0,0.0,1,0
2,Meat and Seafood,2025-05-25,21,0,0,BUNDLE,195,1878.97,108,178.0,190.5,-1.0000000000000067,1739.38,1787.1649999999997,9.392716637092466,8.0,0.0,1,0
2,Meat and Seafood,2025-06-01,22,0,0,COUPON,203,1907.64,119,195.0,193.75,-3.9,1878.97,1828.7449999999997,9.449111325737155,8.0,0.0,1,0
2,Meat and Seafood,2025-06-08,23,0,0,MANAGER_SPECIAL,181,1673.22,97,203.0,194.5,2.0000000000000044,1907.64,1857.4399999999998,9.557346670564742,8.0,0.0,1,0
2,Meat and Seafood,2025-06-15,24,0,0,MANAGER_SPECIAL,179,1744.06,106,181.0,189.25,1.6999999999999955,1673.22,1799.8024999999998,9.51227302853203,8.0,0.0,1,0
2,Meat and Seafood,2025-06-22,25,0,0,MANAGER_SPECIAL,216,2062.75,115,179.0,189.5,-7.00000000000001,1744.06,1800.9724999999999,9.5051615791566,8.0,0.0,1,0
2,Meat and Seafood,2025-06-29,26,0,0,BUNDLE,189,1814.69,104,216.0,194.75,3.699999999999997,2062.75,1846.9174999999998,9.483667811350331,8.0,0.0,1,0
2,Meat and Seafood,2025-07-06,27,0,0,COUPON,194,1899.93,109,189.0,191.25,6.100000000000008,1814.69,1823.6799999999998,9.534741064406342,8.0,0.0,1,0
2,Meat and Seafood,2025-07-13,28,0,0,COUPON,196,1828.52,113,194.0,194.5,1.800000000000009,1899.93,1880.3574999999998,9.6720271184019,8.0,0.0,1,0
2,Meat and Seafood,2025-07-20,29,0,0,MANAGER_SPECIAL,203,1904.58,117,196.0,198.75,-5.499999999999992,1828.52,1901.4724999999999,9.568485047942431,8.0,0.0,1,1
2,Meat and Seafood,2025-07-27,30,0,0,MANAGER_SPECIAL,219,2052.49,127,203.0,195.5,4.400000000000006,1904.58,1861.9299999999998,9.526584790233983,8.0,1.0,1,0
2,Meat and Seafood,2025-08-03,31,0,0,BUNDLE,208,1970.05,117,219.0,203.0,8.199999999999982,2052.49,1921.3799999999997,9.469226306505636,8.0,1.0,1,0
2,Meat and Seafood,2025-08-10,32,0,0,COUPON,199,1804.29,105,208.0,206.5,5.200000000000001,1970.05,1938.9099999999999,9.388711462136088,8.0,1.0,1,0
2,Meat and Seafood,2025-08-17,33,0,0,MANAGER_SPECIAL,213,2057.93,115,199.0,207.25,-2.2999999999999847,1804.29,1932.8524999999997,9.323111523668238,8.0,1.0,1,0
2,Meat and Seafood,2025-08-24,34,0,0,COUPON,202,1939.6,104,213.0,209.75,-2.699999999999991,2057.93,1971.1899999999996,9.392980449869121,8.0,1.0,1,0
2,Meat and Seafood,2025-08-31,35,0,0,MANAGER_SPECIAL,211,1365.31,110,202.0,205.5,-0.4000000000000132,1939.6,1942.9674999999997,9.45045038521882,8.0,1.0,1,1
2,Meat and Seafood,2025-09-07,36,0,0,COUPON,199,1804.29,107,211.0,206.25,2.500000000000013,1365.31,1791.7824999999996,8.700267704303766,8.0,2.0,1,1
2,Meat and Seafood,2025-09-14,37,0,0,MANAGER_SPECIAL,182,1582.86,99,199.0,206.25,-3.3000000000000167,1804.29,1791.7824999999996,8.700267704303766,8.0,3.0,1,1
2,Meat and Seafood,2025-09-21,38,0,0,MANAGER_SPECIAL,198,1828.15,115,182.0,198.5,-7.200000000000009,1582.86,1673.0149999999996,8.45911514793994,8.0,3.0,1,0
2,Meat and Seafood,2025-09-28,39,0,0,COUPON,214,1998.94,114,198.0,197.5,-5.600000000000016,1828.15,1645.1525,8.366890300455193,8.0,3.0,1,0
2,Meat and Seafood,2025-10-05,40,0,0,NONE,182,1675.8,106,214.0,198.25,6.099999999999978,1998.94,1803.5599999999997,9.084434704051773,8.0,3.0,0,0
2,Meat and Seafood,2025-10-12,41,0,0,BUNDLE,195,1691.95,111,182.0,194.0,1.6000000000000179,1675.8,1771.4374999999998,9.119661801075353,7.0,3.0,1,1
2,Meat and Seafood,2025-10-19,42,0,0,COUPON,194,1827.06,111,195.0,197.25,-4.100000000000002,1691.95,1798.7099999999998,9.114570225983778,7.0,4.0,1,0
2,Meat and Seafood,2025-10-26,43,0,0,COUPON,204,1805.55,115,194.0,196.25,-4.70000000000001,1827.06,1798.4374999999998,9.160758786850174,7.0,4.0,1,1
2,Pet Food,2024-12-29,52,0,1,MANAGER_SPECIAL,136,1015.5,77,,190.33333333333334,,,1731.6033333333332,9.100731341968457,6.0,3.0,1,0
2,Pet Food,2025-01-05,1,1,0,BUNDLE,201,1478.29,113,136.0,175.0,,1015.5,1511.503333333333,8.520471160972981,6.0,2.0,1,0
2,Pet Food,2025-01-12,2,1,0,COUPON,170,1229.77,90,201.0,177.0,,1478.29,1440.283333333333,8.0798078110559,6.0,1.0,1,0
2,Pet Food,2025-01-19,3,0,0,BOGO,190,1463.86,108,170.0,169.0,,1229.77,1241.1866666666663,7.351843186030632,6.0,1.0,1,0
2,Pet Food,2025-01-26,4,0,0,BOGO,168,1270.19,90,190.0,174.25,13.100000000000003,1463.86,1296.8549999999996,7.440013968470343,6.0,1.0,1,0
2,Pet Food,2025-02-02,5,0,0,MANAGER_SPECIAL,142,1052.28,85,168.0,182.25,-7.899999999999992,1270.19,1360.5274999999997,7.463449717770062,7.0,1.0,1,0
2,Pet Food,2025-02-09,6,0,0,COUPON,172,1324.33,97,142.0,167.5,-10.599999999999996,1052.28,1254.0249999999996,7.477386197344024,7.0,0.0,1,0
2,Pet Food,2025-02-16,7,0,0,MANAGER_SPECIAL,166,1228.23,88,172.0,168.0,-8.000000000000005,1324.33,1277.6649999999997,7.59379915904033,7.0,0.0,1,0
2,Pet Food,2025-02-23,8,0,0,COUPON,152,1116.47,81,166.0,162.0,2.399999999999997,1228.23,1218.7574999999997,7.517411555996576,8.0,0.0,1,0
2,Pet Food,2025-03-02,9,0,0,COUPON,182,1358.86,104,152.0,158.0,2.399999999999997,1116.47,1180.3274999999999,7.463547207625648,8.0,0.0,1,0
2,Pet Food,2025-03-09,10,0,0,MANAGER_SPECIAL,201,1503.92,117,182.0,168.0,1.5999999999999865,1358.86,1256.9724999999999,7.477507507888766,8.0,0.0,1,0
2,Pet Food,2025-03-16,11,0,0,MANAGER_SPECIAL,196,1107.49,102,201.0,175.25,13.500000000000004,1503.92,1301.87,7.423156515756405,8.0,0.0,1,1
2,Pet Food,2025-03-23,12,0,0,MANAGER_SPECIAL,200,1522.4,112,196.0,182.75,15.09999999999999,1107.49,1271.6849999999997,6.9860273357711575,8.0,1.0,1,0
2,Pet Food,2025-03-30,13,0,0,COUPON,195,1041.76,115,200.0,194.75,4.900000000000009,1522.4,1373.1674999999998,7.052727993665894,8.0,1.0,1,1
2,Pet Food,2025-04-06,14,0,0,MANAGER_SPECIAL,193,1260.68,111,195.0,198.0,-1.399999999999993,1041.76,1293.8925,6.521751803189703,8.0,2.0,1,1
2,Pet Food,2025-04-13,15,0,0,BUNDLE,165,1293.58,92,193.0,196.0,-1.4000000000000061,1260.68,1233.0825,6.284209720855262,8.0,3.0,1,0
2,Pet Food,2025-04-20,16,0,0,BUNDLE,144,1059.33,78,165.0,188.25,-10.700000000000001,1293.58,1279.6049999999998,6.831564621906591,8.0,3.0,1,0
2,Pet Food,2025-04-27,17,0,0,MANAGER_SPECIAL,154,1115.5,87,144.0,174.25,-18.099999999999998,1059.33,1163.8374999999996,6.767679205239925,8.0,3.0,1,0
2,Pet Food,2025-05-04,18,0,0,BUNDLE,192,1418.68,107,154.0,164.0,-13.800000000000011,1115.5,1182.2724999999996,7.242966085026804,8.0,3.0,1,0
2,Pet Food,2025-05-11,19,0,0,COUPON,223,1663.71,120,192.0,163.75,9.1,1418.68,1221.7724999999998,7.457200487012988,8.0,3.0,1,0
2,Pet Food,2025-05-18,20,0,0,BUNDLE,181,1386.39,100,223.0,178.25,27.500000000000007,1663.71,1314.3049999999998,7.362376529953605,8.0,2.0,1,0
2,Pet Food,2025-05-25,21,0,0,BUNDLE,143,1066.84,86,181.0,187.5,11.20000000000001,1386.39,1396.0699999999997,7.438165261537399,8.0,2.0,1,0
2,Pet Food,2025-06-01,22,0,0,COUPON,156,1177.26,97,143.0,184.75,-18.899999999999984,1066.84,1383.9049999999997,7.492393533265671,8.0,1.0,1,0
2,Pet Food,2025-06-08,23,0,0,MANAGER_SPECIAL,171,1233.85,91,156.0,175.75,-23.900000000000013,1177.26,1323.5499999999997,7.531788565316952,8.0,0.0,1,0
2,Pet Food,2025-06-15,24,0,0,COUPON,160,1187.21,87,171.0,162.75,-1.700000000000008,1233.85,1216.0849999999996,7.470517094412487,8.0,0.0,1,0
2,Pet Food,2025-06-22,25,0,0,MANAGER_SPECIAL,195,1466.42,113,160.0,157.5,6.600000000000017,1187.21,1166.2899999999997,7.410629404495359,8.0,0.0,1,0
2,Pet Food,2025-06-29,26,0,0,BUNDLE,164,1222.73,96,195.0,170.5,10.599999999999996,1466.42,1266.1849999999997,7.425550150416106,8.0,0.0,1,0
2,Pet Food,2025-07-06,27,0,0,COUPON,182,1386.32,104,164.0,172.5,1.4000000000000055,1222.73,1277.5524999999998,7.402833217958319,8.0,0.0,1,0
2,Pet Food,2025-07-13,28,0,0,COUPON,148,1111.51,93,182.0,175.25,3.500000000000001,1386.32,1315.6699999999998,7.503244663238185,8.0,0.0,1,0
2,Pet Food,2025-07-20,29,0,0,MANAGER_SPECIAL,156,1218.57,88,148.0,172.25,-12.300000000000008,1111.51,1296.745,7.525779713913861,8.0,0.0,1,0
2,Pet Food,2025-07-27,30,0,0,MANAGER_SPECIAL,193,1417.4,118,156.0,162.5,-5.799999999999993,1218.57,1234.7824999999998,7.598590611349758,8.0,0.0,1,0
2,Pet Food,2025-08-03,31,0,0,BOGO,180,1344.04,97,193.0,169.75,4.099999999999992,1417.4,1283.4499999999998,7.57068329111723,8.0,0.0,1,0
2,Pet Food,2025-08-10,32,0,0,COUPON,164,1120.65,89,180.0,169.25,13.300000000000006,1344.04,1272.8799999999999,7.533119799053738,8.0,0.0,1,1
2,Pet Food,2025-08-17,33,0,0,MANAGER_SPECIAL,177,1394.51,96,164.0,173.25,1.100000000000025,1120.65,1275.1649999999997,7.36387705020733,8.0,1.0,1,0
2,Pet Food,2025-08-24,34,0,0,COUPON,143,1103.76,89,177.0,178.5,-6.399999999999996,1394.51,1319.1499999999999,7.38068740440116,8.0,1.0,1,0
2,Pet Food,2025-08-31,35,0,0,MANAGER_SPECIAL,177,1365.97,99,143.0,166.0,-9.8,1103.76,1240.7399999999998,7.474327391357209,8.0,1.0,1,0
2,Pet Food,2025-09-07,36,0,0,COUPON,188,1432.38,98,177.0,165.25,0.49999999999998557,1365.97,1246.2224999999999,7.536941327327077,8.0,1.0,1,0
2,Pet Food,2025-09-14,37,0,0,MANAGER_SPECIAL,180,1408.37,101,188.0,171.25,6.699999999999995,1432.38,1324.1549999999997,7.73339403879568,8.0,1.0,1,0
2,Pet Food,2025-09-21,38,0,0,MANAGER_SPECIAL,146,958.83,83,180.0,172.0,12.200000000000006,1408.37,1327.62,7.719816590584758,8.0,1.0,1,1
2,Pet Food,2025-09-28,39,0,0,COUPON,198,1488.26,111,146.0,172.75,-10.099999999999994,958.83,1291.3874999999998,7.43199843271523,8.0,2.0,1,0
2,Pet Food,2025-10-05,40,0,0,COUPON,164,891.02,100,198.0,178.0,-0.39999999999999003,1488.26,1321.9599999999998,7.381778436139301,8.0,2.0,1,1
2,Pet Food,2025-10-12,41,0,0,BOGO,164,1249.96,90,164.0,172.0,0.4000000000000178,891.02,1186.62,6.835279992963379,8.0,2.0,1,0
2,Pet Food,2025-10-19,42,0,0,COUPON,176,1319.84,101,164.0,168.0,2.0000000000000027,1249.96,1147.0175,6.784637377787229,8.0,2.0,1,0
2,Pet Food,2025-10-26,43,0,0,COUPON,229,1690.51,126,176.0,175.5,-6.6000000000000005,1319.84,1237.2699999999998,7.017577913279133,8.0,2.0,1,0
2,Prepared Meals,2024-12-29,52,0,1,MANAGER_SPECIAL,132,1020.61,80,,168.0,,,1153.6066666666663,6.8512823355506285,7.0,2.0,1,0
2,Prepared Meals,2025-01-05,1,1,0,BUNDLE,207,1598.9,113,132.0,157.33333333333334,,1020.61,1196.803333333333,7.617564055186008,7.0,2.0,1,1
2,Prepared Meals,2025-01-12,2,1,0,COUPON,233,1792.12,136,207.0,171.66666666666666,,1598.9,1313.1166666666663,7.651713145952279,7.0,3.0,1,1
2,Prepared Meals,2025-01-19,3,0,0,COUPON,285,2325.99,135,233.0,190.66666666666666,,1792.12,1470.543333333333,7.715850224896223,7.0,3.0,1,0
2,Prepared Meals,2025-01-26,4,0,0,BOGO,245,1946.79,141,285.0,214.25,48.5,2325.99,1684.4049999999997,7.827229773935326,7.0,3.0,1,0
2,Prepared Meals,2025-02-02,5,0,0,MANAGER_SPECIAL,235,1930.92,119,245.0,242.5,16.599999999999977,1946.79,1915.9499999999996,7.880776697250106,7.0,2.0,1,0
2,Prepared Meals,2025-02-09,6,0,0,COUPON,254,2030.92,121,235.0,249.5,-3.3999999999999866,1930.92,1998.9549999999997,8.003908262673068,7.0,2.0,1,0
2,Prepared Meals,2025-02-16,7,0,0,MANAGER_SPECIAL,239,1934.32,130,254.0,254.75,-10.300000000000033,2030.92,2058.6549999999997,8.079969734066397,7.0,2.0,1,0
2,Prepared Meals,2025-02-23,8,0,0,COUPON,231,1908.02,117,239.0,243.25,0.09999999999999697,1934.32,1960.7374999999997,8.062974909137967,8.0,2.0,1,0
2,Prepared Meals,2025-03-02,9,0,0,COUPON,232,1820.12,137,231.0,239.75,-2.7000000000000037,1908.02,1951.0449999999998,8.141411210931413,8.0,2.0,1,0
2,Prepared Meals,2025-03-09,10,0,0,MANAGER_SPECIAL,289,2290.82,155,232.0,239.0,-7.399999999999996,1820.12,1923.3449999999998,8.048577205062006,8.0,1.0,1,0
2,Prepared Meals,2025-03-16,11,0,0,COUPON,209,1381.72,124,289.0,247.75,15.099999999999996,2290.82,1988.3199999999997,8.031318397880032,8.0,0.0,1,1
2,Prepared Meals,2025-03-23,12,0,0,MANAGER_SPECIAL,254,2062.33,141,209.0,240.25,-0.9000000000000037,1381.72,1850.1699999999998,7.660746237162529,8.0,1.0,1,0
2,Prepared Meals,2025-03-30,13,0,0,COUPON,207,1205.17,119,254.0,246.0,-1.399999999999995,2062.33,1888.7474999999997,7.625641889410543,8.0,1.0,1,1
2,Prepared Meals,2025-04-06,14,0,0,MANAGER_SPECIAL,211,1755.2,125,207.0,239.75,-20.10000000000003,1205.17,1735.0099999999998,7.119825006185489,8.0,2.0,1,0
2,Prepared Meals,2025-04-13,15,0,0,BUNDLE,224,1825.63,129,211.0,220.25,-4.100000000000015,1755.2,1601.1049999999998,7.217767658574016,8.0,2.0,1,0
2,Prepared Meals,2025-04-20,16,0,0,BUNDLE,252,1962.61,136,224.0,224.0,-8.600000000000007,1825.63,1712.0824999999998,7.602526021099649,8.0,2.0,1,1
2,Prepared Meals,2025-04-27,17,0,0,MANAGER_SPECIAL,244,1972.59,126,252.0,223.5,14.799999999999994,1962.61,1687.1524999999997,7.519707389053655,8.0,3.0,1,0
2,Prepared Meals,2025-05-04,18,0,0,BUNDLE,219,1738.94,121,244.0,232.75,12.700000000000005,1972.59,1879.0074999999997,8.085284376857567,8.0,3.0,1,0
2,Prepared Meals,2025-05-11,19,0,0,COUPON,221,1640.72,131,219.0,234.75,-2.2999999999999803,1738.94,1874.9424999999999,7.990754847977912,8.0,3.0,1,1
2,Prepared Meals,2025-05-18,20,0,0,MANAGER_SPECIAL,265,1898.92,135,221.0,234.0,-11.799999999999976,1640.72,1828.7149999999997,7.809239465382565,8.0,3.0,1,1
2,Prepared Meals,2025-05-25,21,0,0,BUNDLE,246,1813.19,134,265.0,237.25,6.499999999999982,1898.92,1812.7924999999996,7.653639697487986,8.0,4.0,1,1
2,Prepared Meals,2025-06-01,22,0,0,COUPON,225,1764.37,128,246.0,237.75,12.499999999999995,1813.19,1772.9424999999999,7.47521615024022,8.0,4.0,1,0
2,Prepared Meals,2025-06-08,23,0,0,MANAGER_SPECIAL,211,1693.59,118,225.0,239.25,-0.7000000000000071,1764.37,1779.2999999999997,7.450535937150416,8.0,4.0,1,0
2,Prepared Meals,2025-06-15,24,0,0,COUPON,213,1729.12,107,211.0,236.75,-18.299999999999983,1693.59,1792.5175,7.60114106035172,8.0,4.0,1,0
2,Prepared Meals,2025-06-22,25,0,0,MANAGER_SPECIAL,238,1911.13,139,213.0,223.75,-11.299999999999997,1729.12,1750.0674999999999,7.839190666162686,8.0,3.0,1,0
2,Prepared Meals,2025-06-29,26,0,0,BUNDLE,240,1968.73,128,238.0,221.75,4.10000000000002,1911.13,1774.5524999999998,8.004007397733362,8.0,3.0,1,0
2,Prepared Meals,2025-07-06,27,0,0,COUPON,286,2168.54,151,240.0,225.5,11.200000000000008,1968.73,1825.6424999999997,8.09435670328892,8.0,3.0,1,0
2,Prepared Meals,2025-07-13,28,0,0,COUPON,218,1407.33,117,286.0,244.25,22.100000000000023,2168.54,1944.3799999999997,7.983310403617027,8.0,2.0,1,1
2,Prepared Meals,2025-07-20,29,0,0,MANAGER_SPECIAL,236,1952.7,128,218.0,245.5,-1.3999999999999941,1407.33,1863.9324999999997,7.567737386000626,8.0,2.0,1,0
2,Prepared Meals,2025-07-27,30,0,0,MANAGER_SPECIAL,266,2139.2,149,236.0,245.0,-7.999999999999984,1952.7,1874.3249999999996,7.628786025795527,8.0,1.0,1,0
2,Prepared Meals,2025-08-03,31,0,0,BUNDLE,283,2308.94,147,266.0,251.5,-4.200000000000001,2139.2,1916.9424999999997,7.588551924918333,8.0,1.0,1,0
2,Prepared Meals,2025-08-10,32,0,0,COUPON,247,1988.4,131,283.0,250.75,22.499999999999996,2308.94,1952.0424999999996,7.732674648484521,8.0,1.0,1,0
2,Prepared Meals,2025-08-17,33,0,0,MANAGER_SPECIAL,237,1940.65,129,247.0,258.0,5.000000000000021,1988.4,2097.3099999999995,8.131314705313255,8.0,1.0,1,0
2,Prepared Meals,2025-08-24,34,0,0,COUPON,229,1858.46,123,237.0,258.25,-12.299999999999963,1940.65,2094.2974999999997,8.109875725838176,8.0,1.0,1,0
2,Prepared Meals,2025-08-31,35,0,0,MANAGER_SPECIAL,246,1901.15,135,229.0,249.0,-17.200000000000028,1858.46,2024.1124999999997,8.1282358729308,8.0,1.0,1,1
2,Prepared Meals,2025-09-07,36,0,0,COUPON,276,2185.08,141,246.0,239.75,-1.0999999999999763,1901.15,1922.1649999999997,8.020599234417771,8.0,2.0,1,0
2,Prepared Meals,2025-09-14,37,0,0,MANAGER_SPECIAL,286,2353.09,150,276.0,247.0,13.399999999999979,2185.08,1971.3349999999998,7.987287757565104,8.0,1.0,1,0
2,Prepared Meals,2025-09-21,38,0,0,MANAGER_SPECIAL,213,1719.36,120,286.0,259.25,20.100000000000005,2353.09,2074.4449999999997,7.997085454593814,8.0,1.0,1,0
2,Prepared Meals,2025-09-28,39,0,0,COUPON,251,1968.35,136,213.0,255.25,-8.900000000000006,1719.36,2039.6699999999998,7.986227160725802,8.0,1.0,1,0
2,Prepared Meals,2025-10-05,40,0,0,BUNDLE,241,1879.05,134,251.0,256.5,-14.79999999999995,1968.35,2056.47,8.014672120723212,8.0,1.0,1,0
2,Prepared Meals,2025-10-12,41,0,0,BOGO,228,1822.99,126,241.0,247.75,-9.70000000000002,1879.05,1979.9624999999996,7.9846549819896735,8.0,1.0,1,0
2,Prepared Meals,2025-10-19,42,0,0,BUNDLE,199,1539.14,107,228.0,233.25,3.5000000000000067,1822.99,1847.4374999999998,7.926650672702469,8.0,1.0,1,1
2,Prepared Meals,2025-10-26,43,0,0,COUPON,241,1971.27,131,199.0,229.75,-16.899999999999988,1539.14,1802.3824999999997,7.842215468512505,8.0,2.0,1,0
2,Snacks/Cookies/Chips,2024-12-29,52,0,1,MANAGER_SPECIAL,137,455.6,77,,222.66666666666666,,,1747.0599999999995,7.842276667180021,7.0,1.0,1,0
2,Snacks/Cookies/Chips,2025-01-05,1,1,0,BUNDLE,191,615.75,96,137.0,188.0,,455.6,1272.5766666666664,6.351829826663519,7.0,1.0,1,0
2,Snacks/Cookies/Chips,2025-01-12,2,1,0,COUPON,226,720.51,121,191.0,175.66666666666666,,615.75,870.1633333333331,4.761247098026918,7.0,1.0,1,0
2,Snacks/Cookies/Chips,2025-01-19,3,0,0,COUPON,221,711.8,118,226.0,184.66666666666666,,720.51,597.2866666666664,3.245822259972339,7.0,1.0,1,0
2,Snacks/Cookies/Chips,2025-01-26,4,0,0,BOGO,196,570.72,107,221.0,193.75,28.700000000000003,711.8,625.9149999999997,3.2395703148887565,7.0,1.0,1,1
2,Snacks/Cookies/Chips,2025-02-02,5,0,0,MANAGER_SPECIAL,187,599.39,108,196.0,208.5,0.9999999999999838,570.72,654.6949999999998,3.1361426372483576,7.0,2.0,1,0
2,Snacks/Cookies/Chips,2025-02-09,6,0,0,COUPON,207,668.71,109,187.0,207.5,-14.200000000000003,599.39,650.6049999999998,3.131510669277923,7.0,2.0,1,0
2,Snacks/Cookies/Chips,2025-02-16,7,0,0,MANAGER_SPECIAL,221,573.22,118,207.0,202.75,-5.100000000000026,668.71,637.6549999999997,3.142107105941597,7.0,1.0,1,1
2,Snacks/Cookies/Chips,2025-02-23,8,0,0,COUPON,161,512.79,92,221.0,202.75,9.500000000000012,573.22,603.0099999999998,2.9853424000592446,8.0,2.0,1,0
2,Snacks/Cookies/Chips,2025-03-02,9,0,0,COUPON,188,443.76,101,161.0,194.0,-6.399999999999993,512.79,588.5274999999997,3.05364098036093,8.0,2.0,1,1
2,Snacks/Cookies/Chips,2025-03-09,10,0,0,MANAGER_SPECIAL,221,700.33,115,188.0,194.25,-11.700000000000006,443.76,549.6199999999998,2.8424238339278887,8.0,3.0,1,0
2,Snacks/Cookies/Chips,2025-03-16,11,0,0,MANAGER_SPECIAL,162,513.6,94,221.0,197.75,2.6999999999999758,700.33,557.5249999999997,2.8270315677683593,8.0,3.0,1,0
2,Snacks/Cookies/Chips,2025-03-23,12,0,0,MANAGER_SPECIAL,210,653.98,126,162.0,183.0,3.6,513.6,542.6199999999998,2.9711852463338024,8.0,3.0,1,0
2,Snacks/Cookies/Chips,2025-03-30,13,0,0,COUPON,223,723.71,121,210.0,195.25,0.6999999999999893,653.98,577.9174999999998,2.9534751014062666,8.0,2.0,1,0
2,Snacks/Cookies/Chips,2025-04-06,14,0,0,MANAGER_SPECIAL,209,649.45,115,223.0,204.0,5.399999999999985,723.71,647.9049999999997,3.174702799145032,8.0,2.0,1,0
2,Snacks/Cookies/Chips,2025-04-13,15,0,0,BUNDLE,172,547.21,93,209.0,201.0,15.400000000000006,649.45,635.1849999999998,3.1593283593433474,8.0,2.0,1,0
2,Snacks/Cookies/Chips,2025-04-20,16,0,0,BUNDLE,195,640.53,104,172.0,203.5,-12.800000000000004,547.21,643.5874999999999,3.162099138843778,8.0,1.0,1,0
2,Snacks/Cookies/Chips,2025-04-27,17,0,0,MANAGER_SPECIAL,193,619.22,104,195.0,199.75,-12.099999999999989,640.53,640.2249999999998,3.2047438274884668,8.0,1.0,1,0
2,Snacks/Cookies/Chips,2025-05-04,18,0,0,BUNDLE,205,652.43,110,193.0,192.25,-2.500000000000002,619.22,614.1024999999997,3.195508192366833,8.0,0.0,1,0
2,Snacks/Cookies/Chips,2025-05-11,19,0,0,COUPON,181,576.95,99,205.0,191.25,9.69999999999998,652.43,614.8474999999997,3.2143004668446014,8.0,0.0,1,0
2,Snacks/Cookies/Chips,2025-05-18,20,0,0,BUNDLE,186,621.09,100,181.0,193.5,-2.9999999999999933,576.95,622.2824999999998,3.2158293599449483,8.0,0.0,1,0
2,Snacks/Cookies/Chips,2025-05-25,21,0,0,BUNDLE,201,631.33,114,186.0,191.25,-4.499999999999992,621.09,617.4224999999998,3.229435439349415,8.0,0.0,1,0
2,Snacks/Cookies/Chips,2025-06-01,22,0,0,COUPON,172,550.73,94,201.0,193.25,-0.7000000000000024,631.33,620.4499999999998,3.21257331216152,8.0,0.0,1,0
2,Snacks/Cookies/Chips,2025-06-08,23,0,0,MANAGER_SPECIAL,175,560.5600000000001,102,172.0,185.0,-1.1999999999999944,550.73,595.0249999999999,3.2174066218608965,8.0,0.0,1,0
2,Snacks/Cookies/Chips,2025-06-15,24,0,0,COUPON,195,611.99,104,175.0,183.5,-6.200000000000007,560.5600000000001,590.9274999999998,3.221314356667526,8.0,0.0,1,0
2,Snacks/Cookies/Chips,2025-06-22,25,0,0,MANAGER_SPECIAL,207,636.41,111,195.0,185.75,-1.499999999999988,611.99,588.6524999999998,3.171118533673316,8.0,0.0,1,0
2,Snacks/Cookies/Chips,2025-06-29,26,0,0,BUNDLE,193,531.99,103,207.0,187.25,12.5,636.41,589.9224999999998,3.1544933263764667,8.0,0.0,1,1
2,Snacks/Cookies/Chips,2025-07-06,27,0,0,COUPON,198,494.08,108,193.0,192.5,6.599999999999994,531.99,585.2374999999998,3.0431198928302567,8.0,1.0,1,1
2,Snacks/Cookies/Chips,2025-07-13,28,0,0,COUPON,201,626.56,105,198.0,198.25,-0.5000000000000004,494.08,568.6174999999997,2.8661582766686404,8.0,2.0,1,0
2,Snacks/Cookies/Chips,2025-07-20,29,0,0,MANAGER_SPECIAL,193,609.59,106,201.0,199.75,-1.300000000000019,626.56,572.2599999999998,2.860859195153141,8.0,2.0,1,0
2,Snacks/Cookies/Chips,2025-07-27,30,0,0,MANAGER_SPECIAL,213,688.96,126,193.0,196.25,0.3000000000000117,609.59,565.5549999999998,2.881872436373636,8.0,2.0,1,0
2,Snacks/Cookies/Chips,2025-08-03,31,0,0,BUNDLE,232,752.07,124,213.0,201.25,3.700000000000012,688.96,604.7974999999998,3.001404716409638,8.0,2.0,1,0
2,Snacks/Cookies/Chips,2025-08-10,32,0,0,COUPON,190,598.48,103,232.0,209.75,11.299999999999997,752.07,669.2949999999998,3.1879865911919434,8.0,2.0,1,0
2,Snacks/Cookies/Chips,2025-08-17,33,0,0,MANAGER_SPECIAL,209,670.05,123,190.0,207.0,1.0000000000000002,598.48,662.2749999999999,3.196156792815405,8.0,2.0,1,0
2,Snacks/Cookies/Chips,2025-08-24,34,0,0,COUPON,217,713.86,119,209.0,211.0,-5.400000000000001,670.05,677.3899999999998,3.2080276557948038,8.0,2.0,1,0
2,Snacks/Cookies/Chips,2025-08-31,35,0,0,MANAGER_SPECIAL,223,711.33,123,217.0,212.0,-2.599999999999996,713.86,683.6149999999998,3.2218085129809313,8.0,1.0,1,0
2,Snacks/Cookies/Chips,2025-09-07,36,0,0,COUPON,199,623.34,110,223.0,209.75,10.699999999999994,711.33,673.4299999999998,3.2088434113109146,8.0,0.0,1,0
2,Snacks/Cookies/Chips,2025-09-14,37,0,0,MANAGER_SPECIAL,195,615.01,107,199.0,212.0,-2.3999999999999866,623.34,679.6449999999998,3.2044601793616945,8.0,0.0,1,0
2,Snacks/Cookies/Chips,2025-09-21,38,0,0,MANAGER_SPECIAL,197,606.51,111,195.0,208.5,-8.99999999999998,615.01,665.8849999999998,3.191439323025049,8.0,0.0,1,0
2,Snacks/Cookies/Chips,2025-09-28,39,0,0,COUPON,192,591.02,105,197.0,203.5,-8.20000000000001,606.51,639.0474999999998,3.1387027093030904,8.0,0.0,1,0
2,Snacks/Cookies/Chips,2025-10-05,40,0,0,NONE,211,675.55,117,192.0,195.75,-1.900000000000007,591.02,608.9699999999998,3.1108048440190843,8.0,0.0,0,0
2,Snacks/Cookies/Chips,2025-10-12,41,0,0,BOGO,208,492.47,112,211.0,198.75,4.300000000000009,675.55,622.0224999999997,3.1281290837009053,7.0,0.0,1,1
2,Snacks/Cookies/Chips,2025-10-19,42,0,0,COUPON,224,709.76,127,208.0,202.0,5.20000000000001,492.47,591.3874999999998,2.9315657824188546,7.0,1.0,1,0
2,Snacks/Cookies/Chips,2025-10-26,43,0,0,COUPON,268,842.88,150,224.0,208.75,9.300000000000018,709.76,617.1999999999997,2.95402589844496,7.0,1.0,1,0
3,Alcohol,2024-12-29,52,0,1,MANAGER_SPECIAL,164,1968.32,87,,214.33333333333334,,,625.9266666666663,2.9126248090377245,6.0,1.0,1,1
3,Alcohol,2025-01-05,1,1,0,BUNDLE,266,3274.61,152,164.0,198.66666666666666,,1968.32,1056.8499999999997,5.846055626284286,6.0,2.0,1,0
3,Alcohol,2025-01-12,2,1,0,COUPON,294,3557.0099999999998,160,266.0,218.0,,3274.61,1984.2299999999996,9.160362185952687,6.0,2.0,1,0
3,Alcohol,2025-01-19,3,0,0,COUPON,293,3492.04,157,294.0,241.33333333333334,,3557.0099999999998,2933.313333333333,12.137062866224797,6.0,2.0,1,0
3,Alcohol,2025-01-26,4,0,0,BOGO,287,3621.91,153,293.0,254.25,41.50000000000001,3492.04,3072.995,12.082353463661772,6.0,2.0,1,0
3,Alcohol,2025-02-02,5,0,0,MANAGER_SPECIAL,240,3050.09,140,287.0,285.0,6.1999999999999895,3621.91,3486.3925,12.236839526379542,7.0,2.0,1,0
3,Alcohol,2025-02-09,6,0,0,COUPON,277,3481.49,155,240.0,278.5,-16.8,3050.09,3430.2625,12.336375632269267,7.0,1.0,1,0
3,Alcohol,2025-02-16,7,0,0,MANAGER_SPECIAL,308,3801.07,172,277.0,274.25,-9.500000000000014,3481.49,3411.3824999999997,12.453846254092003,7.0,1.0,1,0
3,Alcohol,2025-02-23,8,0,0,COUPON,299,3707.68,151,308.0,278.0,9.999999999999977,3801.07,3488.64,12.55957403100792,8.0,1.0,1,0
3,Alcohol,2025-03-02,9,0,0,COUPON,237,3048.85,132,299.0,281.0,20.800000000000022,3707.68,3510.0824999999995,12.504667053044209,8.0,0.0,1,0
3,Alcohol,2025-03-09,10,0,0,MANAGER_SPECIAL,224,2712.0,128,237.0,280.25,-12.899999999999974,3048.85,3509.7724999999996,12.54357646760117,8.0,0.0,1,0
3,Alcohol,2025-03-16,11,0,0,MANAGER_SPECIAL,277,3359.16,137,224.0,267.0,-31.39999999999997,2712.0,3317.3999999999996,12.428223192717208,8.0,0.0,1,0
3,Alcohol,2025-03-23,12,0,0,MANAGER_SPECIAL,298,3657.09,163,277.0,259.25,-7.899999999999984,3359.16,3206.9224999999997,12.374671953793676,8.0,0.0,1,0
3,Alcohol,2025-03-30,13,0,0,COUPON,272,3398.17,147,298.0,259.0,23.599999999999994,3657.09,3194.2749999999996,12.342633587651504,8.0,0.0,1,0
3,Alcohol,2025-04-06,14,0,0,MANAGER_SPECIAL,308,3735.0,158,272.0,267.75,16.50000000000001,3398.17,3281.6049999999996,12.24986510446709,8.0,0.0,1,0
3,Alcohol,2025-04-13,15,0,0,BUNDLE,240,2880.5,127,308.0,288.75,6.699999999999991,3735.0,3537.3549999999996,12.25473523433722,8.0,0.0,1,1
3,Alcohol,2025-04-20,16,0,0,BUNDLE,326,4043.15,174,240.0,279.5,-13.800000000000031,2880.5,3417.6899999999996,12.223523215684994,8.0,1.0,1,1
3,Alcohol,2025-04-27,17,0,0,MANAGER_SPECIAL,231,2835.93,133,326.0,286.5,9.399999999999974,4043.15,3514.205,12.256069845569295,8.0,2.0,1,0
3,Alcohol,2025-05-04,18,0,0,BUNDLE,294,3294.62,170,231.0,276.25,-14.5,2835.93,3373.6449999999995,12.201940142551724,8.0,2.0,1,1
3,Alcohol,2025-05-11,19,0,0,COUPON,233,2807.68,127,294.0,272.75,6.699999999999997,3294.62,3263.5499999999997,11.971831917443499,8.0,3.0,1,1
3,Alcohol,2025-05-18,20,0,0,BUNDLE,273,3343.22,152,233.0,271.0,-21.600000000000026,2807.68,3245.3449999999993,11.983843272951368,8.0,4.0,1,0
3,Alcohol,2025-05-25,21,0,0,BUNDLE,285,3465.13,155,273.0,257.75,6.499999999999973,3343.22,3070.3624999999997,11.94482489613391,8.0,4.0,1,1
3,Alcohol,2025-06-01,22,0,0,COUPON,295,3563.65,163,285.0,271.25,1.3000000000000158,3465.13,3227.6624999999995,11.915224303743845,8.0,5.0,1,0
3,Alcohol,2025-06-08,23,0,0,MANAGER_SPECIAL,312,3735.09,165,295.0,271.5,19.80000000000002,3563.65,3294.92,12.133719057577583,8.0,5.0,1,0
3,Alcohol,2025-06-15,24,0,0,COUPON,263,3349.99,149,312.0,291.25,12.700000000000037,3735.09,3526.7725,12.114047445659457,8.0,4.0,1,0
3,Alcohol,2025-06-22,25,0,0,MANAGER_SPECIAL,249,3159.97,136,263.0,288.75,-4.899999999999988,3349.99,3528.465,12.236891809787092,8.0,3.0,1,0
3,Alcohol,2025-06-29,26,0,0,BUNDLE,222,2578.18,130,249.0,279.75,-18.699999999999974,3159.97,3452.1749999999997,12.369964733059126,8.0,3.0,1,1
3,Alcohol,2025-07-06,27,0,0,COUPON,285,3619.06,161,222.0,261.5,-28.39999999999997,2578.18,3205.8075,12.253278216033625,8.0,3.0,1,0
3,Alcohol,2025-07-13,28,0,0,COUPON,284,3405.29,160,285.0,254.75,3.899999999999998,3619.06,3176.7999999999997,12.435031674198267,8.0,2.0,1,0
3,Alcohol,2025-07-20,29,0,0,MANAGER_SPECIAL,221,2770.07,133,284.0,260.0,16.800000000000008,3405.29,3190.6249999999995,12.248244970133575,8.0,2.0,1,0
3,Alcohol,2025-07-27,30,0,0,MANAGER_SPECIAL,226,2729.3,125,221.0,253.0,-0.4000000000000129,2770.07,3093.1499999999996,12.209147675979585,8.0,1.0,1,0
3,Alcohol,2025-08-03,31,0,0,BUNDLE,284,3608.51,155,226.0,254.0,-23.999999999999996,2729.3,3130.93,12.324928988265322,8.0,1.0,1,0
3,Alcohol,2025-08-10,32,0,0,COUPON,248,3070.88,140,284.0,253.75,0.49999999999999856,3608.51,3128.2925,12.326820234867743,8.0,1.0,1,0
3,Alcohol,2025-08-17,33,0,0,MANAGER_SPECIAL,268,3279.67,154,248.0,244.75,13.899999999999993,3070.88,3044.6899999999996,12.424850959538349,8.0,1.0,1,0
3,Alcohol,2025-08-24,34,0,0,COUPON,249,2689.3,149,268.0,256.5,9.000000000000002,3279.67,3172.09,12.350681267838477,8.0,1.0,1,1
3,Alcohol,2025-08-31,35,0,0,MANAGER_SPECIAL,259,3103.73,145,249.0,262.25,-8.499999999999984,2689.3,3162.09,12.031644501303308,8.0,1.0,1,0
3,Alcohol,2025-09-07,36,0,0,COUPON,288,3644.81,156,259.0,256.0,1.3999999999999966,3103.73,3035.8949999999995,11.851017597991547,8.0,1.0,1,0
3,Alcohol,2025-09-14,37,0,0,MANAGER_SPECIAL,293,3494.44,160,288.0,266.0,7.0000000000000036,3644.81,3179.3774999999996,11.919270006145666,8.0,1.0,1,1
3,Alcohol,2025-09-21,38,0,0,MANAGER_SPECIAL,275,3372.28,159,293.0,272.25,16.099999999999987,3494.44,3233.0699999999997,11.84148044499239,8.0,2.0,1,0
3,Alcohol,2025-09-28,39,0,0,COUPON,266,2338.47,149,275.0,278.75,5.30000000000001,3372.28,3403.815,12.207089134295055,8.0,2.0,1,1
3,Alcohol,2025-10-05,40,0,0,BUNDLE,215,2562.91,128,266.0,280.5,-8.399999999999988,2338.47,3212.4999999999995,11.409020906292618,8.0,3.0,1,1
3,Alcohol,2025-10-12,41,0,0,BOGO,247,3117.4,146,215.0,262.25,-24.3,2562.91,2942.0249999999996,11.225251243824916,8.0,4.0,1,0
3,Alcohol,2025-10-19,42,0,0,COUPON,216,2598.05,122,247.0,250.75,-13.499999999999998,3117.4,2847.7649999999994,11.398910306156512,8.0,4.0,1,1
3,Alcohol,2025-10-26,43,0,0,COUPON,250,3177.98,143,216.0,236.0,-11.800000000000013,2598.05,2654.2074999999995,11.340203530062237,8.0,4.0,1,0
3,Bakery,2024-12-29,52,0,1,MANAGER_SPECIAL,143,537.54,78,,226.0,,,2759.453333333333,12.189857839581729,7.0,4.0,1,1
3,Bakery,2025-01-05,1,1,0,BUNDLE,255,1013.0,137,143.0,202.0,,537.54,2084.33,9.469360956619731,7.0,5.0,1,0
3,Bakery,2025-01-12,2,1,0,COUPON,266,1016.89,153,255.0,204.66666666666666,,1013.0,1382.863333333333,6.586526419296029,7.0,4.0,1,1
3,Bakery,2025-01-19,3,0,0,COUPON,293,1216.96,161,266.0,221.33333333333334,,1016.89,855.8099999999996,3.8514882451569776,7.0,5.0,1,0
3,Bakery,2025-01-26,4,0,0,BOGO,257,1034.62,143,293.0,239.25,46.1,1216.96,946.0974999999997,3.9269779586117606,7.0,4.0,1,0
3,Bakery,2025-02-02,5,0,0,MANAGER_SPECIAL,220,781.9399999999999,124,257.0,267.75,3.3000000000000336,1034.62,1070.3674999999998,3.993662402572469,7.0,3.0,1,1
3,Bakery,2025-02-09,6,0,0,COUPON,271,1088.87,146,220.0,259.0,-17.400000000000016,781.9399999999999,1012.6024999999997,3.88909332948869,7.0,4.0,1,0
3,Bakery,2025-02-16,7,0,0,MANAGER_SPECIAL,232,926.71,135,271.0,260.25,-10.300000000000006,1088.87,1030.5974999999999,3.937862265204363,7.0,3.0,1,0
3,Bakery,2025-02-23,8,0,0,COUPON,268,1063.22,145,232.0,245.0,-2.3999999999999577,926.71,958.0349999999997,3.898110404253439,8.0,3.0,1,0
3,Bakery,2025-03-02,9,0,0,COUPON,242,976.38,135,268.0,247.75,10.500000000000012,1063.22,965.1849999999997,3.883480417030023,8.0,2.0,1,0
3,Bakery,2025-03-09,10,0,0,MANAGER_SPECIAL,281,1115.32,147,242.0,253.25,-5.100000000000025,976.38,1013.7949999999997,4.0035692600052295,8.0,2.0,1,0
3,Bakery,2025-03-16,11,0,0,MANAGER_SPECIAL,279,1098.8,154,281.0,255.75,12.099999999999978,1115.32,1020.4074999999998,3.991354220150205,8.0,1.0,1,0
3,Bakery,2025-03-23,12,0,0,MANAGER_SPECIAL,250,976.28,141,279.0,267.5,7.199999999999979,1098.8,1063.4299999999998,3.9773321199771727,8.0,1.0,1,0
3,Bakery,2025-03-30,13,0,0,COUPON,254,1002.16,140,250.0,263.0,2.2000000000000117,976.28,1041.6949999999997,3.9618024184846354,8.0,1.0,1,0
3,Bakery,2025-04-06,14,0,0,MANAGER_SPECIAL,279,1071.2,146,254.0,266.0,-11.000000000000005,1002.16,1048.1399999999999,3.939523346447152,8.0,0.0,1,1
3,Bakery,2025-04-13,15,0,0,BUNDLE,290,1153.58,152,279.0,265.5,0.4000000000000164,1071.2,1037.1099999999997,3.9071023972003514,8.0,1.0,1,0
3,Bakery,2025-04-20,16,0,0,BUNDLE,248,980.22,146,290.0,268.25,14.500000000000012,1153.58,1050.8049999999998,3.916980100821659,8.0,1.0,1,0
3,Bakery,2025-04-27,17,0,0,MANAGER_SPECIAL,240,926.39,141,248.0,267.75,-0.6999999999999847,980.22,1051.7899999999997,3.928825100821659,8.0,1.0,1,1
3,Bakery,2025-05-04,18,0,0,BUNDLE,243,967.3,136,240.0,264.25,-15.899999999999965,926.39,1032.8474999999999,3.9074367313990863,8.0,2.0,1,0
3,Bakery,2025-05-11,19,0,0,COUPON,213,867.62,114,243.0,255.25,-14.899999999999995,967.3,1006.8724999999997,3.9427447096282116,8.0,2.0,1,0
3,Bakery,2025-05-18,20,0,0,BUNDLE,302,1170.82,163,213.0,236.0,-10.199999999999994,867.62,935.3824999999997,3.9666125257201656,8.0,2.0,1,1
3,Bakery,2025-05-25,21,0,0,BUNDLE,229,929.14,130,302.0,249.5,15.600000000000005,1170.82,983.0324999999997,3.9477093800248015,8.0,3.0,1,0
3,Bakery,2025-06-01,22,0,0,COUPON,247,952.3199999999999,140,229.0,246.75,4.700000000000018,929.14,983.7199999999997,3.997064774857407,8.0,3.0,1,0
3,Bakery,2025-06-08,23,0,0,BUNDLE,248,932.2,147,247.0,247.75,2.9000000000000146,952.3199999999999,979.9749999999998,3.9657868054800227,8.0,2.0,1,1
3,Bakery,2025-06-15,24,0,0,COUPON,242,962.4,133,248.0,256.5,-14.40000000000001,932.2,996.1199999999997,3.887171214082173,8.0,3.0,1,0
3,Bakery,2025-06-22,25,0,0,MANAGER_SPECIAL,257,932.27,140,242.0,241.5,4.000000000000004,962.4,944.0149999999998,3.9121642358105952,8.0,3.0,1,1
3,Bakery,2025-06-29,26,0,0,BUNDLE,184,718.38,102,257.0,248.5,2.4000000000000012,932.27,944.7974999999998,3.804696689551271,8.0,3.0,1,0
3,Bakery,2025-07-06,27,0,0,COUPON,208,811.07,116,184.0,232.75,-17.700000000000014,718.38,886.3124999999998,3.8168698324838535,8.0,3.0,1,1
3,Bakery,2025-07-13,28,0,0,COUPON,310,1217.64,168,208.0,222.75,-17.500000000000018,811.07,856.0299999999997,3.851995840548369,8.0,4.0,1,0
3,Bakery,2025-07-20,29,0,0,MANAGER_SPECIAL,276,1136.81,156,310.0,239.75,18.299999999999986,1217.64,919.8399999999998,3.839748706450796,8.0,3.0,1,0
3,Bakery,2025-07-27,30,0,0,MANAGER_SPECIAL,215,858.6,121,276.0,244.5,37.79999999999998,1136.81,970.9749999999998,3.9625904774427316,8.0,3.0,1,0
3,Bakery,2025-08-03,31,0,0,BUNDLE,262,1047.2,145,215.0,252.25,-1.299999999999976,858.6,1006.0299999999997,3.9849027878572914,8.0,3.0,1,0
3,Bakery,2025-08-10,32,0,0,COUPON,247,973.43,119,262.0,265.75,-20.499999999999982,1047.2,1065.0625,4.009295679078666,8.0,2.0,1,0
3,Bakery,2025-08-17,33,0,0,MANAGER_SPECIAL,225,935.85,131,247.0,250.0,-4.000000000000016,973.43,1004.0099999999998,4.0125809735804285,8.0,2.0,1,0
3,Bakery,2025-08-24,34,0,0,COUPON,209,817.08,125,225.0,237.25,1.5000000000000095,935.85,953.7699999999998,4.022695104015211,8.0,1.0,1,0
3,Bakery,2025-08-31,35,0,0,MANAGER_SPECIAL,263,1030.08,139,209.0,235.75,-18.09999999999999,817.08,943.3899999999999,4.001691432044588,8.0,1.0,1,0
3,Bakery,2025-09-07,36,0,0,COUPON,260,1012.81,151,263.0,236.0,3.1999999999999793,1030.08,939.1099999999998,3.9816182889220726,8.0,0.0,1,0
3,Bakery,2025-09-14,37,0,0,MANAGER_SPECIAL,266,1068.03,143,260.0,239.25,15.900000000000011,1012.81,948.9549999999998,3.970221021715595,8.0,0.0,1,0
3,Bakery,2025-09-21,38,0,0,MANAGER_SPECIAL,238,945.21,136,266.0,249.5,16.799999999999994,1068.03,981.9999999999998,3.9341752823672236,8.0,0.0,1,0
3,Bakery,2025-09-28,39,0,0,COUPON,228,942.88,130,238.0,256.75,-6.9,945.21,1014.0324999999998,3.9496745083734157,8.0,0.0,1,0
3,Bakery,2025-10-05,40,0,0,NONE,245,952.71,133,228.0,248.0,-12.399999999999979,942.88,992.2324999999997,4.004370659397363,8.0,0.0,0,0
3,Bakery,2025-10-12,41,0,0,BOGO,267,1116.96,147,245.0,244.25,-7.299999999999994,952.71,977.2074999999998,4.002667951391084,7.0,0.0,1,0
3,Bakery,2025-10-19,42,0,0,COUPON,270,1089.0,150,267.0,244.5,10.400000000000025,1116.96,989.4399999999998,4.044723054035336,7.0,0.0,1,0
3,Bakery,2025-10-26,43,0,0,COUPON,269,1070.77,151,270.0,252.5,14.800000000000031,1089.0,1025.3874999999998,4.060188740309846,7.0,0.0,1,0
3,Baking,2024-12-29,52,0,1,COUPON,139,349.6,78,,260.6666666666667,,,1052.8899999999996,4.035105454916052,6.0,0.0,1,1
3,Baking,2025-01-05,1,1,0,BUNDLE,244,910.65,140,139.0,225.33333333333334,,349.6,851.853333333333,3.5772706778397527,6.0,1.0,1,0
3,Baking,2025-01-12,2,1,0,COUPON,273,1018.28,153,244.0,217.66666666666666,,910.65,783.083333333333,3.4268711260499813,6.0,1.0,1,0
3,Baking,2025-01-19,3,0,0,COUPON,314,1161.46,169,273.0,218.66666666666666,,1018.28,759.5099999999996,3.3257478049266602,6.0,1.0,1,0
3,Baking,2025-01-26,4,0,0,BOGO,271,1020.96,149,314.0,242.5,55.40000000000003,1161.46,859.9974999999997,3.4190401530580528,6.0,1.0,1,0
3,Baking,2025-02-02,5,0,0,MANAGER_SPECIAL,240,842.56,143,271.0,275.5,12.20000000000001,1020.96,1027.8374999999999,3.732108193090971,7.0,1.0,1,1
3,Baking,2025-02-09,6,0,0,COUPON,249,904.28,141,240.0,274.5,-14.19999999999998,842.56,1010.8149999999998,3.6767318269707525,7.0,2.0,1,0
3,Baking,2025-02-16,7,0,0,MANAGER_SPECIAL,301,1102.79,151,249.0,268.5,-22.600000000000016,904.28,982.3149999999998,3.6521526310662553,7.0,2.0,1,0
3,Baking,2025-02-23,8,0,0,COUPON,244,904.12,136,301.0,265.25,9.899999999999974,1102.79,967.6474999999998,3.6433618699091777,8.0,2.0,1,0
3,Baking,2025-03-02,9,0,0,COUPON,257,936.12,142,244.0,258.5,6.400000000000035,904.12,938.4374999999998,3.6278693104753867,8.0,1.0,1,0
3,Baking,2025-03-09,10,0,0,MANAGER_SPECIAL,236,894.42,132,257.0,262.75,-3.3000000000000096,936.12,961.8274999999996,3.660825211902105,8.0,1.0,1,0
3,Baking,2025-03-16,11,0,0,MANAGER_SPECIAL,262,983.4399999999999,157,236.0,259.5,-18.19999999999998,894.42,959.3624999999997,3.700392378875082,8.0,1.0,1,0
3,Baking,2025-03-23,12,0,0,MANAGER_SPECIAL,240,859.92,136,262.0,249.75,3.300000000000032,983.4399999999999,929.5249999999997,3.7228507872339875,8.0,1.0,1,1
3,Baking,2025-03-30,13,0,0,COUPON,264,936.15,136,240.0,248.75,-2.499999999999995,859.92,918.4749999999998,3.692248328217594,8.0,2.0,1,1
3,Baking,2025-04-06,14,0,0,MANAGER_SPECIAL,281,1003.6899999999999,152,264.0,250.5,6.200000000000011,936.15,918.4824999999996,3.6681314419423905,8.0,2.0,1,1
3,Baking,2025-04-13,15,0,0,BUNDLE,259,952.26,143,281.0,261.75,8.100000000000021,1003.6899999999999,945.7999999999997,3.613615261835026,8.0,3.0,1,0
3,Baking,2025-04-20,16,0,0,BUNDLE,259,976.41,157,259.0,261.0,7.399999999999988,952.26,938.0049999999998,3.5943881994400244,8.0,3.0,1,0
3,Baking,2025-04-27,17,0,0,MANAGER_SPECIAL,309,1157.16,161,259.0,265.75,-3.699999999999998,976.41,967.1274999999997,3.6411188944207193,8.0,3.0,1,0
3,Baking,2025-05-04,18,0,0,BUNDLE,233,920.45,136,309.0,277.0,8.39999999999998,1157.16,1022.3799999999997,3.690826804835548,8.0,3.0,1,1
3,Baking,2025-05-11,19,0,0,COUPON,230,798.26,126,233.0,265.0,-2.7999999999999954,920.45,1001.5699999999998,3.7854714675209293,8.0,4.0,1,1
3,Baking,2025-05-18,20,0,0,BUNDLE,296,1104.41,161,230.0,257.75,-16.299999999999983,798.26,963.0699999999997,3.7339754963945238,8.0,5.0,1,0
3,Baking,2025-05-25,21,0,0,BUNDLE,232,882.44,132,296.0,267.0,-4.199999999999974,1104.41,995.0699999999998,3.7242735176300448,8.0,4.0,1,0
3,Baking,2025-06-01,22,0,0,COUPON,245,941.74,131,232.0,247.75,6.2999999999999785,882.44,926.3899999999998,3.738965097810828,8.0,3.0,1,0
3,Baking,2025-06-08,23,0,0,MANAGER_SPECIAL,216,650.95,123,245.0,250.75,-1.9000000000000155,941.74,931.7124999999999,3.7123169853469586,8.0,2.0,1,1
3,Baking,2025-06-15,24,0,0,COUPON,235,863.67,138,216.0,247.25,-22.700000000000003,650.95,894.8849999999998,3.598057424155332,8.0,3.0,1,0
3,Baking,2025-06-22,25,0,0,MANAGER_SPECIAL,231,887.09,138,235.0,232.0,-2.000000000000007,863.67,834.6999999999998,3.5840765802795413,8.0,3.0,1,0
3,Baking,2025-06-29,26,0,0,BUNDLE,204,792.0699999999999,127,231.0,231.75,-2.2999999999999985,887.09,835.8624999999997,3.593225520419861,8.0,3.0,1,0
3,Baking,2025-07-06,27,0,0,BUNDLE,241,815.56,133,204.0,221.5,-3.99999999999998,792.0699999999999,798.4449999999998,3.6029403563542344,8.0,2.0,1,1
3,Baking,2025-07-13,28,0,0,COUPON,266,1002.02,153,241.0,227.75,-0.9000000000000057,815.56,839.5974999999997,3.6955426020127558,8.0,2.0,1,0
3,Baking,2025-07-20,29,0,0,MANAGER_SPECIAL,220,798.16,127,266.0,235.5,14.200000000000014,1002.02,874.1849999999997,3.7184928499730825,8.0,2.0,1,1
3,Baking,2025-07-27,30,0,0,MANAGER_SPECIAL,248,977.61,133,220.0,232.75,7.300000000000015,798.16,851.9524999999996,3.6654387374189694,8.0,3.0,1,0
3,Baking,2025-08-03,31,0,0,COUPON,260,787.08,127,248.0,243.75,-2.499999999999984,977.61,898.3374999999997,3.68025866942403,8.0,3.0,1,1
3,Baking,2025-08-10,32,0,0,COUPON,221,845.52,124,260.0,248.5,1.0000000000000149,787.08,891.2174999999997,3.591049764221349,8.0,3.0,1,0
3,Baking,2025-08-17,33,0,0,MANAGER_SPECIAL,203,763.57,111,221.0,237.25,1.5000000000000082,845.52,852.0924999999997,3.605772232155891,8.0,3.0,1,1
3,Baking,2025-08-24,34,0,0,COUPON,270,994.07,146,203.0,233.0,-17.399999999999977,763.57,843.4449999999998,3.6391293750130336,8.0,4.0,1,0
3,Baking,2025-08-31,35,0,0,MANAGER_SPECIAL,279,1005.31,148,270.0,238.5,1.2000000000000157,994.07,847.5599999999998,3.574070608585316,8.0,4.0,1,1
3,Baking,2025-09-07,36,0,0,COUPON,205,755.89,116,279.0,243.25,24.09999999999999,1005.31,902.1174999999998,3.7180783284640033,8.0,4.0,1,0
3,Baking,2025-09-14,37,0,0,MANAGER_SPECIAL,306,1169.14,163,205.0,239.25,1.4999999999999942,755.89,879.7099999999998,3.6834248133994407,8.0,4.0,1,0
3,Baking,2025-09-21,38,0,0,MANAGER_SPECIAL,258,940.89,147,306.0,265.0,3.400000000000003,1169.14,981.1024999999997,3.6982474091043898,8.0,3.0,1,0
3,Baking,2025-09-28,39,0,0,COUPON,268,989.48,140,258.0,262.0,3.799999999999999,940.89,967.8074999999998,3.689527340198274,8.0,3.0,1,0
3,Baking,2025-10-05,40,0,0,COUPON,232,903.85,127,268.0,259.25,14.099999999999987,989.48,963.8499999999998,3.711734316071596,8.0,2.0,1,0
3,Baking,2025-10-12,41,0,0,BOGO,262,968.16,152,232.0,266.0,-21.199999999999996,903.85,1000.8399999999998,3.7638935360043124,8.0,2.0,1,0
3,Baking,2025-10-19,42,0,0,BUNDLE,253,950.06,150,262.0,255.0,-2.400000000000041,968.16,950.5949999999998,3.7325305913353506,8.0,1.0,1,0
3,Baking,2025-10-26,43,0,0,COUPON,241,898.2,142,253.0,253.75,-1.4999999999999793,950.06,952.8874999999997,3.759609941459443,8.0,1.0,1,0
3,Beverages,2024-12-29,52,0,1,MANAGER_SPECIAL,168,535.62,89,,249.0,,,940.6899999999996,3.7821167378663216,7.0,0.0,1,0
3,Beverages,2025-01-05,1,1,0,BUNDLE,252,814.37,135,168.0,227.66666666666666,,535.62,817.9466666666664,3.546219775633153,7.0,0.0,1,0
3,Beverages,2025-01-12,2,1,0,COUPON,276,869.61,160,252.0,224.33333333333334,,814.37,766.683333333333,3.3916730451513075,7.0,0.0,1,0
3,Beverages,2025-01-19,3,0,0,COUPON,313,959.24,162,276.0,232.0,,869.61,739.8666666666664,3.1902007131354977,7.0,0.0,1,1
3,Beverages,2025-01-26,4,0,0,BOGO,216,703.44,126,313.0,252.25,45.900000000000006,959.24,794.7099999999998,3.158816669036927,7.0,1.0,1,0
3,Beverages,2025-02-02,5,0,0,MANAGER_SPECIAL,220,567.98,129,216.0,264.25,-7.099999999999981,703.44,836.6649999999998,3.175929764275022,7.0,1.0,1,1
3,Beverages,2025-02-09,6,0,0,COUPON,304,799.5,159,220.0,256.25,-26.500000000000004,567.98,775.0674999999998,3.0134548364250944,7.0,2.0,1,1
3,Beverages,2025-02-16,7,0,0,MANAGER_SPECIAL,273,903.82,151,304.0,263.25,-2.300000000000014,799.5,757.5399999999997,2.883248171665369,7.0,3.0,1,0
3,Beverages,2025-02-23,8,0,0,COUPON,301,1005.33,158,273.0,253.25,25.500000000000007,903.82,743.6849999999998,2.944756030154058,8.0,3.0,1,0
3,Beverages,2025-03-02,9,0,0,COUPON,227,775.49,126,301.0,274.5,21.200000000000006,1005.33,819.1574999999998,2.9655810578395507,8.0,3.0,1,0
3,Beverages,2025-03-09,10,0,0,MANAGER_SPECIAL,245,806.17,136,227.0,276.25,-20.30000000000002,775.49,871.0349999999999,3.1742131163097147,8.0,3.0,1,0
3,Beverages,2025-03-16,11,0,0,MANAGER_SPECIAL,286,892.41,158,245.0,261.5,-15.799999999999995,806.17,872.7024999999998,3.339352012657728,8.0,3.0,1,0
3,Beverages,2025-03-23,12,0,0,MANAGER_SPECIAL,264,834.24,155,286.0,264.75,-2.699999999999969,892.41,869.8499999999997,3.2917566913124063,8.0,2.0,1,0
3,Beverages,2025-03-30,13,0,0,COUPON,254,805.45,142,264.0,255.5,15.200000000000015,834.24,827.0774999999998,3.2467649969602466,8.0,2.0,1,0
3,Beverages,2025-04-06,14,0,0,MANAGER_SPECIAL,287,931.69,157,254.0,262.25,0.49999999999999517,805.45,834.5674999999997,3.185466868339761,8.0,1.0,1,0
3,Beverages,2025-04-13,15,0,0,BUNDLE,242,792.87,132,287.0,272.75,-0.7000000000000197,931.69,865.9474999999998,3.1744210744124333,8.0,0.0,1,0
3,Beverages,2025-04-20,16,0,0,BUNDLE,278,906.65,152,242.0,261.75,-3.3000000000000007,792.87,841.0624999999999,3.213422981596159,8.0,0.0,1,1
3,Beverages,2025-04-27,17,0,0,BUNDLE,315,978.51,169,278.0,265.25,2.700000000000018,906.65,859.1649999999997,3.2387557154091087,8.0,1.0,1,1
3,Beverages,2025-05-04,18,0,0,BUNDLE,276,892.6899999999999,145,315.0,280.5,11.999999999999961,978.51,902.4299999999998,3.2225852054728508,8.0,2.0,1,0
3,Beverages,2025-05-11,19,0,0,COUPON,250,817.42,149,276.0,277.75,13.900000000000002,892.6899999999999,892.6799999999997,3.2196045649133396,8.0,2.0,1,0
3,Beverages,2025-05-18,20,0,0,BUNDLE,300,973.97,165,250.0,279.75,-12.299999999999999,817.42,898.8174999999997,3.2179439864009427,8.0,2.0,1,0
3,Beverages,2025-05-25,21,0,0,BUNDLE,190,613.76,108,300.0,285.25,-7.099999999999991,973.97,915.6474999999998,3.2142529192546596,8.0,2.0,1,0
3,Beverages,2025-06-01,22,0,0,COUPON,256,805.63,144,190.0,254.0,-20.800000000000015,613.76,824.4599999999998,3.2452366285278424,8.0,2.0,1,1
3,Beverages,2025-06-08,23,0,0,MANAGER_SPECIAL,282,929.32,153,256.0,249.0,-9.199999999999957,805.63,802.6949999999997,3.2233886609100892,8.0,3.0,1,0
3,Beverages,2025-06-15,24,0,0,COUPON,251,829.08,131,282.0,257.0,1.2000000000000077,929.32,830.6699999999997,3.2298339091370396,8.0,3.0,1,0
3,Beverages,2025-06-22,25,0,0,MANAGER_SPECIAL,264,859.9,146,251.0,244.75,20.90000000000001,829.08,794.4474999999998,3.243969134900652,8.0,2.0,1,0
3,Beverages,2025-06-29,26,0,0,BUNDLE,200,658.32,109,264.0,263.25,-0.6999999999999836,859.9,855.9824999999997,3.2506894299564735,8.0,1.0,1,0
3,Beverages,2025-07-06,27,0,0,COUPON,257,845.4,143,200.0,249.25,-23.300000000000004,658.32,819.1549999999999,3.286841383081473,8.0,1.0,1,0
3,Beverages,2025-07-13,28,0,0,COUPON,282,773.1,149,257.0,243.0,-4.600000000000012,845.4,798.1749999999997,3.285349675710554,8.0,1.0,1,1
3,Beverages,2025-07-20,29,0,0,MANAGER_SPECIAL,229,717.07,122,282.0,250.75,11.100000000000009,773.1,784.1799999999998,3.144945123705807,8.0,2.0,1,0
3,Beverages,2025-07-27,30,0,0,MANAGER_SPECIAL,209,682.96,114,229.0,242.0,11.200000000000019,717.07,748.4724999999999,3.1134733921985953,8.0,2.0,1,0
3,Beverages,2025-08-03,31,0,0,BUNDLE,243,807.33,135,209.0,244.25,-19.700000000000003,682.96,754.6324999999997,3.1075111912416573,8.0,1.0,1,0
3,Beverages,2025-08-10,32,0,0,COUPON,238,782.79,129,243.0,240.75,-13.700000000000001,807.33,745.1149999999999,3.1157240701387128,8.0,1.0,1,0
3,Beverages,2025-08-17,33,0,0,MANAGER_SPECIAL,271,896.0,137,238.0,229.75,6.100000000000015,782.79,747.5374999999998,3.2526101330745254,8.0,1.0,1,0
3,Beverages,2025-08-24,34,0,0,COUPON,288,912.96,163,271.0,240.25,18.1,896.0,792.2699999999998,3.2963508878401515,8.0,1.0,1,0
3,Beverages,2025-08-31,35,0,0,MANAGER_SPECIAL,259,817.85,139,288.0,260.0,16.799999999999983,912.96,849.7699999999998,3.2719130887970893,8.0,1.0,1,0
3,Beverages,2025-09-07,36,0,0,COUPON,294,926.05,143,259.0,264.0,8.0,817.85,852.3999999999997,3.2307571709745044,8.0,1.0,1,0
3,Beverages,2025-09-14,37,0,0,MANAGER_SPECIAL,275,928.43,138,294.0,278.0,4.000000000000045,926.05,888.2149999999997,3.1959562506063577,8.0,0.0,1,0
3,Beverages,2025-09-21,38,0,0,MANAGER_SPECIAL,248,827.0,141,275.0,279.0,-0.3999999999999902,928.43,896.3224999999998,3.213415257650973,8.0,0.0,1,0
3,Beverages,2025-09-28,39,0,0,COUPON,275,910.07,150,248.0,269.0,-5.19999999999997,827.0,874.8324999999998,3.254584612489683,8.0,0.0,1,0
3,Beverages,2025-10-05,40,0,0,NONE,274,864.06,140,275.0,273.0,-8.399999999999999,910.07,897.8874999999998,3.2924904741955445,8.0,0.0,0,0
3,Beverages,2025-10-12,41,0,0,BOGO,259,878.65,149,274.0,268.0,2.3999999999999844,864.06,882.3899999999996,3.2934089036111063,7.0,0.0,1,0
3,Beverages,2025-10-19,42,0,0,COUPON,247,797.87,137,259.0,264.0,3.1999999999999837,878.65,869.9449999999997,3.2974993915015944,7.0,0.0,1,0
3,Beverages,2025-10-26,43,0,0,COUPON,267,847.15,139,247.0,263.75,-9.900000000000006,797.87,862.6624999999997,3.2713907654078236,7.0,0.0,1,0
3,Breakfast & Cereal,2024-12-29,52,0,1,MANAGER_SPECIAL,137,669.5,74,,260.0,,,846.8599999999997,3.2587392023619466,6.0,0.0,1,0
3,Breakfast & Cereal,2025-01-05,1,1,0,BUNDLE,288,1330.43,146,137.0,214.33333333333334,,669.5,782.0066666666663,3.8365250904398063,6.0,0.0,1,0
3,Breakfast & Cereal,2025-01-12,2,1,0,COUPON,299,1228.28,165,288.0,224.0,,1330.43,932.5999999999998,4.245550946653162,6.0,0.0,1,1
3,Breakfast & Cereal,2025-01-19,3,0,0,COUPON,285,1321.24,153,299.0,241.33333333333334,,1228.28,1076.0699999999997,4.538123263733489,6.0,1.0,1,0
3,Breakfast & Cereal,2025-01-26,4,0,0,BOGO,275,1315.85,145,285.0,252.25,45.500000000000014,1321.24,1137.3624999999997,4.562574903940467,6.0,1.0,1,0
3,Breakfast & Cereal,2025-02-02,5,0,0,MANAGER_SPECIAL,271,1212.33,141,275.0,286.75,-5.299999999999975,1315.85,1298.9499999999998,4.537086848200587,7.0,1.0,1,0
3,Breakfast & Cereal,2025-02-09,6,0,0,COUPON,241,1161.45,139,271.0,282.5,-9.400000000000038,1212.33,1269.4249999999997,4.500585304278897,7.0,1.0,1,0
3,Breakfast & Cereal,2025-02-16,7,0,0,MANAGER_SPECIAL,266,1198.33,148,241.0,268.0,-13.600000000000016,1161.45,1252.7174999999997,4.678418989175995,7.0,1.0,1,1
3,Breakfast & Cereal,2025-02-23,8,0,0,COUPON,247,1155.91,130,266.0,263.25,-5.69999999999995,1198.33,1221.9899999999998,4.6456865330356445,8.0,2.0,1,0
3,Breakfast & Cereal,2025-03-02,9,0,0,COUPON,287,1395.11,156,247.0,256.25,-4.700000000000011,1155.91,1182.0049999999997,4.619408653020923,8.0,2.0,1,0
3,Breakfast & Cereal,2025-03-09,10,0,0,MANAGER_SPECIAL,264,1232.69,144,287.0,260.25,11.899999999999963,1395.11,1227.6999999999998,4.716275657405252,8.0,2.0,1,0
3,Breakfast & Cereal,2025-03-16,11,0,0,MANAGER_SPECIAL,276,1267.02,154,264.0,266.0,3.400000000000026,1232.69,1245.5099999999998,4.678772081710546,8.0,1.0,1,0
3,Breakfast & Cereal,2025-03-23,12,0,0,MANAGER_SPECIAL,269,1146.25,151,276.0,268.5,6.400000000000017,1267.02,1262.6825,4.700185125188807,8.0,1.0,1,1
3,Breakfast & Cereal,2025-03-30,13,0,0,COUPON,275,1226.69,148,269.0,274.0,-4.199999999999987,1146.25,1260.2675,4.595523836565476,8.0,2.0,1,1
3,Breakfast & Cereal,2025-04-06,14,0,0,MANAGER_SPECIAL,239,1130.87,144,275.0,271.0,2.599999999999982,1226.69,1218.1625,4.495443950597785,8.0,3.0,1,0
3,Breakfast & Cereal,2025-04-13,15,0,0,BUNDLE,295,1335.77,154,239.0,264.75,-10.500000000000004,1130.87,1192.7074999999998,4.51104228488205,8.0,3.0,1,1
3,Breakfast & Cereal,2025-04-20,16,0,0,BUNDLE,244,1163.94,143,295.0,269.5,4.199999999999977,1335.77,1209.8949999999998,4.49538771598006,8.0,3.0,1,0
3,Breakfast & Cereal,2025-04-27,17,0,0,MANAGER_SPECIAL,229,1101.49,132,244.0,263.25,-3.7000000000000077,1163.94,1214.3174999999997,4.622661087300677,8.0,3.0,1,0
3,Breakfast & Cereal,2025-05-04,18,0,0,BUNDLE,274,1275.93,159,229.0,251.75,-8.09999999999999,1101.49,1183.0174999999997,4.70998836002795,8.0,3.0,1,0
3,Breakfast & Cereal,2025-05-11,19,0,0,COUPON,197,963.01,118,274.0,260.5,-7.800000000000046,1275.93,1219.2824999999998,4.691239658015306,8.0,3.0,1,0
3,Breakfast & Cereal,2025-05-18,20,0,0,BUNDLE,282,1339.41,148,197.0,236.0,-9.600000000000009,963.01,1126.0924999999997,4.781325092068476,8.0,3.0,1,0
3,Breakfast & Cereal,2025-05-25,21,0,0,BUNDLE,217,1036.96,122,282.0,245.5,8.200000000000019,1339.41,1169.9599999999998,4.776183829424597,8.0,2.0,1,1
3,Breakfast & Cereal,2025-06-01,22,0,0,COUPON,288,1363.91,156,217.0,242.5,-8.599999999999994,1036.96,1153.8274999999999,4.768338207304781,8.0,2.0,1,0
3,Breakfast & Cereal,2025-06-08,23,0,0,MANAGER_SPECIAL,285,1366.28,143,288.0,246.0,20.80000000000004,1363.91,1175.8224999999998,4.788118152053363,8.0,2.0,1,0
3,Breakfast & Cereal,2025-06-15,24,0,0,COUPON,280,1329.31,158,285.0,268.0,7.999999999999988,1366.28,1276.6399999999999,4.7645154714940965,8.0,1.0,1,0
3,Breakfast & Cereal,2025-06-22,25,0,0,MANAGER_SPECIAL,264,1238.87,153,280.0,267.5,18.600000000000016,1329.31,1274.1149999999998,4.763979187299567,8.0,1.0,1,0
3,Breakfast & Cereal,2025-06-29,26,0,0,BUNDLE,248,1208.87,134,264.0,279.25,-7.699999999999982,1238.87,1324.5924999999997,4.742497157904231,8.0,1.0,1,0
3,Breakfast & Cereal,2025-07-06,27,0,0,COUPON,274,1213.24,156,248.0,269.25,-12.700000000000019,1208.87,1285.8324999999998,4.777166456739357,8.0,1.0,1,1
3,Breakfast & Cereal,2025-07-13,28,0,0,COUPON,305,1459.23,158,274.0,266.5,-3.399999999999998,1213.24,1247.5724999999998,4.68564603158889,8.0,2.0,1,0
3,Breakfast & Cereal,2025-07-20,29,0,0,MANAGER_SPECIAL,254,1190.0,143,305.0,272.75,14.900000000000027,1459.23,1280.0524999999998,4.694852266951887,8.0,2.0,1,0
3,Breakfast & Cereal,2025-07-27,30,0,0,MANAGER_SPECIAL,226,742.89,125,254.0,270.25,4.899999999999997,1190.0,1267.8349999999998,4.692939760986724,8.0,1.0,1,1
3,Breakfast & Cereal,2025-08-03,31,0,0,BUNDLE,243,1104.1399999999999,130,226.0,264.75,-19.499999999999996,742.89,1151.3399999999997,4.296101782825148,8.0,2.0,1,0
3,Breakfast & Cereal,2025-08-10,32,0,0,COUPON,265,1218.99,147,243.0,257.0,-21.40000000000001,1104.1399999999999,1124.0649999999998,4.325077481963053,8.0,2.0,1,0
3,Breakfast & Cereal,2025-08-17,33,0,0,MANAGER_SPECIAL,240,1088.5,128,265.0,247.0,4.999999999999999,1218.99,1064.0049999999997,4.278977884066363,8.0,2.0,1,0
3,Breakfast & Cereal,2025-08-24,34,0,0,COUPON,282,1315.67,147,240.0,243.5,6.400000000000005,1088.5,1038.6299999999997,4.241572208213344,8.0,2.0,1,0
3,Breakfast & Cereal,2025-08-31,35,0,0,MANAGER_SPECIAL,219,1024.52,119,282.0,257.5,9.20000000000002,1315.67,1181.8249999999998,4.586165348237194,8.0,2.0,1,0
3,Breakfast & Cereal,2025-09-07,36,0,0,COUPON,284,1368.02,156,219.0,251.5,-9.600000000000007,1024.52,1161.9199999999998,4.619762225175014,8.0,1.0,1,0
3,Breakfast & Cereal,2025-09-14,37,0,0,MANAGER_SPECIAL,259,1227.46,151,284.0,256.25,6.8999999999999835,1368.02,1199.1774999999998,4.674014616883758,8.0,1.0,1,1
3,Breakfast & Cereal,2025-09-21,38,0,0,MANAGER_SPECIAL,282,1365.46,155,259.0,261.0,-0.400000000000016,1227.46,1233.9174999999998,4.724967400024041,8.0,2.0,1,0
3,Breakfast & Cereal,2025-09-28,39,0,0,COUPON,272,1247.04,150,282.0,261.0,16.39999999999999,1365.46,1246.3649999999998,4.769107470946027,8.0,1.0,1,0
3,Breakfast & Cereal,2025-10-05,40,0,0,BOGO,223,1056.13,132,272.0,274.25,-1.3000000000000025,1247.04,1301.9949999999997,4.7457405625388285,8.0,1.0,1,0
3,Breakfast & Cereal,2025-10-12,41,0,0,BOGO,275,1297.02,149,223.0,259.0,-11.800000000000002,1056.13,1224.0224999999998,4.725499846944816,8.0,1.0,1,0
3,Breakfast & Cereal,2025-10-19,42,0,0,COUPON,265,1224.59,153,275.0,263.0,-7.000000000000013,1297.02,1241.4125,4.7198019880469575,8.0,1.0,1,0
3,Breakfast & Cereal,2025-10-26,43,0,0,COUPON,267,1084.98,145,265.0,258.75,3.099999999999996,1224.59,1206.1949999999997,4.664561388555454,8.0,1.0,1,1
3,Candy,2024-12-29,52,0,1,MANAGER_SPECIAL,152,372.21,74,,254.33333333333334,,,1192.5799999999997,4.6911798906229585,7.0,1.0,1,0
3,Candy,2025-01-05,1,1,0,BUNDLE,230,561.4399999999999,123,152.0,230.66666666666666,,372.21,964.6066666666665,3.92876023441967,7.0,1.0,1,1
3,Candy,2025-01-12,2,1,0,COUPON,279,687.76,161,230.0,215.66666666666666,,561.4399999999999,719.413333333333,3.170295939294505,7.0,1.0,1,0
3,Candy,2025-01-19,3,0,0,COUPON,244,610.58,144,279.0,220.33333333333334,,687.76,540.4699999999997,2.451627694665214,7.0,1.0,1,0
3,Candy,2025-01-26,4,0,0,BOGO,228,548.73,131,244.0,226.25,32.500000000000014,610.58,557.9974999999997,2.4643150332939925,7.0,1.0,1,0
3,Candy,2025-02-02,5,0,0,MANAGER_SPECIAL,276,707.34,154,228.0,245.25,-4.0999999999999766,548.73,602.1274999999997,2.4538051648729398,7.0,1.0,1,0
3,Candy,2025-02-09,6,0,0,COUPON,260,650.33,146,276.0,256.75,-2.4999999999999827,707.34,638.6024999999997,2.4842508170468527,7.0,1.0,1,0
3,Candy,2025-02-16,7,0,0,MANAGER_SPECIAL,285,762.35,156,260.0,252.0,9.599999999999996,650.33,629.2449999999998,2.4932957233054687,7.0,1.0,1,0
3,Candy,2025-02-23,8,0,0,COUPON,264,667.66,148,285.0,262.25,15.499999999999998,762.35,667.1874999999998,2.5364295311858256,8.0,1.0,1,0
3,Candy,2025-03-02,9,0,0,COUPON,208,507.96999999999997,119,264.0,271.25,-1.0999999999999812,667.66,696.9199999999998,2.5670056874856657,8.0,1.0,1,0
3,Candy,2025-03-09,10,0,0,BOGO,262,647.45,148,208.0,254.25,-17.69999999999996,507.96999999999997,647.0774999999998,2.5368400311311508,8.0,0.0,1,0
3,Candy,2025-03-16,11,0,0,COUPON,231,397.03,129,262.0,254.75,-12.50000000000001,647.45,646.3574999999998,2.5293185249655608,8.0,0.0,1,1
3,Candy,2025-03-23,12,0,0,MANAGER_SPECIAL,256,561.85,137,231.0,241.25,-4.499999999999983,397.03,555.0274999999997,2.2902766019762693,8.0,1.0,1,1
3,Candy,2025-03-30,13,0,0,COUPON,239,602.61,137,256.0,239.25,11.299999999999995,561.85,528.5749999999998,2.2067044547224817,8.0,2.0,1,0
3,Candy,2025-04-06,14,0,0,MANAGER_SPECIAL,274,686.97,141,239.0,247.0,-4.400000000000007,602.61,552.2349999999998,2.226508777622385,8.0,2.0,1,0
3,Candy,2025-04-13,15,0,0,BUNDLE,288,662.22,142,274.0,250.0,11.199999999999973,686.97,562.1149999999998,2.235510421351142,8.0,2.0,1,1
3,Candy,2025-04-20,16,0,0,BUNDLE,282,705.74,159,288.0,264.25,13.100000000000032,662.22,628.4124999999998,2.3806680241649945,8.0,3.0,1,0
3,Candy,2025-04-27,17,0,0,MANAGER_SPECIAL,303,771.02,157,282.0,270.75,14.299999999999995,705.74,664.3849999999998,2.4576424119087887,8.0,3.0,1,0
3,Candy,2025-05-04,18,0,0,BUNDLE,248,619.33,139,303.0,286.75,8.100000000000016,771.02,706.4874999999997,2.4634523391358214,8.0,3.0,1,0
3,Candy,2025-05-11,19,0,0,COUPON,234,583.86,122,248.0,280.25,-9.89999999999999,619.33,689.5774999999998,2.46097949065454,8.0,3.0,1,0
3,Candy,2025-05-18,20,0,0,BUNDLE,304,756.4,166,234.0,266.75,-19.90000000000001,583.86,669.9874999999997,2.5099177919365916,8.0,2.0,1,0
3,Candy,2025-05-25,21,0,0,BUNDLE,241,608.32,131,304.0,272.25,-1.1000000000000094,756.4,682.6524999999998,2.506301237252008,8.0,1.0,1,0
3,Candy,2025-06-01,22,0,0,COUPON,245,605.08,146,241.0,256.75,4.899999999999986,608.32,641.9774999999997,2.501183466138797,8.0,1.0,1,0
3,Candy,2025-06-08,23,0,0,MANAGER_SPECIAL,266,617.65,153,245.0,256.0,-3.0000000000000147,605.08,638.4149999999998,2.4942874407931748,8.0,1.0,1,1
3,Candy,2025-06-15,24,0,0,COUPON,228,530.02,131,266.0,264.0,-10.999999999999984,617.65,646.8624999999997,2.4510035098118754,8.0,1.0,1,1
3,Candy,2025-06-22,25,0,0,MANAGER_SPECIAL,273,646.93,150,228.0,245.0,-1.7999999999999856,530.02,590.2674999999997,2.410126316829419,8.0,2.0,1,0
3,Candy,2025-06-29,26,0,0,BUNDLE,187,493.86,107,273.0,253.0,4.599999999999985,646.93,599.9199999999997,2.371515712357819,8.0,2.0,1,0
3,Candy,2025-07-06,27,0,0,COUPON,236,590.4,137,187.0,238.5,-19.200000000000014,493.86,572.1149999999998,2.4143277826404774,8.0,2.0,1,0
3,Candy,2025-07-13,28,0,0,COUPON,297,751.86,155,236.0,231.0,-6.199999999999972,590.4,565.3024999999998,2.459253391153285,8.0,2.0,1,0
3,Candy,2025-07-20,29,0,0,MANAGER_SPECIAL,255,629.84,137,297.0,248.25,12.100000000000012,751.86,620.7624999999998,2.510969898330319,8.0,2.0,1,0
3,Candy,2025-07-27,30,0,0,MANAGER_SPECIAL,237,588.49,130,255.0,243.75,26.500000000000014,629.84,616.4899999999998,2.5360333544820097,8.0,2.0,1,0
3,Candy,2025-08-03,31,0,0,BOGO,241,610.91,138,237.0,256.25,-3.8999999999999577,588.49,640.1474999999998,2.496562754964873,8.0,2.0,1,0
3,Candy,2025-08-10,32,0,0,COUPON,277,681.96,139,241.0,257.5,-18.59999999999998,610.91,645.2749999999997,2.504863092541355,8.0,1.0,1,0
3,Candy,2025-08-17,33,0,0,MANAGER_SPECIAL,248,625.05,134,277.0,252.5,6.999999999999988,681.96,627.7999999999997,2.4874716692835057,8.0,0.0,1,0
3,Candy,2025-08-24,34,0,0,COUPON,284,721.48,150,248.0,250.75,6.899999999999999,625.05,626.6024999999997,2.5000721990115258,8.0,0.0,1,0
3,Candy,2025-08-31,35,0,0,MANAGER_SPECIAL,236,577.21,127,284.0,262.5,10.000000000000009,721.48,659.8499999999998,2.5144077906202495,8.0,0.0,1,0
3,Candy,2025-09-07,36,0,0,COUPON,265,646.79,141,236.0,261.25,-8.700000000000008,577.21,651.4249999999997,2.492134995416649,8.0,0.0,1,0
3,Candy,2025-09-14,37,0,0,MANAGER_SPECIAL,250,601.75,136,265.0,258.25,0.29999999999999993,646.79,642.6324999999997,2.4868268760787293,8.0,0.0,1,0
3,Candy,2025-09-21,38,0,0,MANAGER_SPECIAL,244,614.08,144,250.0,258.75,-7.299999999999974,601.75,636.8074999999998,2.458486150272278,8.0,0.0,1,0
3,Candy,2025-09-28,39,0,0,COUPON,231,551.55,133,244.0,248.75,0.900000000000048,614.08,609.9574999999998,2.452560844338313,8.0,0.0,1,1
3,Candy,2025-10-05,40,0,0,NONE,244,585.54,144,231.0,247.5,-10.799999999999986,551.55,603.5424999999998,2.438025157567457,8.0,1.0,0,0
3,Candy,2025-10-12,41,0,0,BOGO,292,656.73,159,244.0,242.25,-3.0999999999999734,585.54,588.2299999999998,2.427784436874602,7.0,1.0,1,1
3,Candy,2025-10-19,42,0,0,COUPON,237,595.97,130,292.0,252.75,15.700000000000003,656.73,601.9749999999998,2.3883032724910405,7.0,2.0,1,0
3,Candy,2025-10-26,43,0,0,COUPON,274,699.13,153,237.0,251.0,6.600000000000016,595.97,597.4474999999998,2.3877832821749307,7.0,2.0,1,0
3,Condiments/Sauces/Spices,2024-12-29,52,0,1,COUPON,106,299.18,60,,257.6666666666667,,,612.7466666666663,2.3878235970124617,6.0,2.0,1,1
3,Condiments/Sauces/Spices,2025-01-05,1,1,0,BUNDLE,245,908.15,135,106.0,211.66666666666666,,299.18,517.293333333333,2.5287231742884697,6.0,3.0,1,0
3,Condiments/Sauces/Spices,2025-01-12,2,1,0,COUPON,309,1106.15,160,245.0,196.0,,908.15,601.0999999999998,3.014609624759069,6.0,3.0,1,0
3,Condiments/Sauces/Spices,2025-01-19,3,0,0,COUPON,249,949.13,144,309.0,220.0,,1106.15,771.1599999999999,3.369653662283136,6.0,3.0,1,0
3,Condiments/Sauces/Spices,2025-01-26,4,0,0,BOGO,227,838.07,127,249.0,227.25,49.300000000000004,949.13,815.6524999999998,3.4801820137806248,6.0,2.0,1,0
3,Condiments/Sauces/Spices,2025-02-02,5,0,0,MANAGER_SPECIAL,212,800.98,123,227.0,257.5,-11.399999999999956,838.07,950.3749999999999,3.6975533877312525,7.0,2.0,1,0
3,Condiments/Sauces/Spices,2025-02-09,6,0,0,COUPON,293,1066.08,165,212.0,249.25,-31.3,800.98,923.5824999999999,3.7154216010543175,7.0,1.0,1,0
3,Condiments/Sauces/Spices,2025-02-16,7,0,0,MANAGER_SPECIAL,273,982.76,150,293.0,245.25,11.70000000000002,1066.08,913.5649999999998,3.7301028087373638,7.0,1.0,1,0
3,Condiments/Sauces/Spices,2025-02-23,8,0,0,COUPON,263,939.66,143,273.0,251.25,21.900000000000013,982.76,921.9724999999999,3.677124411632461,8.0,1.0,1,1
3,Condiments/Sauces/Spices,2025-03-02,9,0,0,COUPON,243,878.54,131,263.0,260.25,13.29999999999999,939.66,947.3699999999999,3.6473527578913174,8.0,1.0,1,0
3,Condiments/Sauces/Spices,2025-03-09,10,0,0,MANAGER_SPECIAL,217,809.23,128,243.0,268.0,-15.99999999999999,878.54,966.7599999999998,3.606648607724379,8.0,1.0,1,0
3,Condiments/Sauces/Spices,2025-03-16,11,0,0,MANAGER_SPECIAL,230,802.33,136,217.0,249.0,-18.80000000000002,809.23,902.5474999999998,3.6293166610736503,8.0,1.0,1,1
3,Condiments/Sauces/Spices,2025-03-23,12,0,0,MANAGER_SPECIAL,230,818.1,134,230.0,238.25,-12.499999999999984,802.33,857.4399999999998,3.6014511171972368,8.0,2.0,1,0
3,Condiments/Sauces/Spices,2025-03-30,13,0,0,COUPON,247,952.13,134,230.0,230.0,-2.599999999999994,818.1,827.0499999999998,3.597477319875366,8.0,2.0,1,0
3,Condiments/Sauces/Spices,2025-04-06,14,0,0,MANAGER_SPECIAL,232,830.68,135,247.0,231.0,9.000000000000004,952.13,845.4474999999999,3.657323915233657,8.0,2.0,1,0
3,Condiments/Sauces/Spices,2025-04-13,15,0,0,BUNDLE,228,860.18,124,232.0,234.75,2.3000000000000136,830.68,850.8099999999998,3.6201605988503736,8.0,2.0,1,0
3,Condiments/Sauces/Spices,2025-04-20,16,0,0,BUNDLE,260,981.76,134,228.0,234.25,-2.099999999999979,860.18,865.2724999999998,3.6912425973248206,8.0,2.0,1,1
3,Condiments/Sauces/Spices,2025-04-27,17,0,0,MANAGER_SPECIAL,251,953.86,139,260.0,241.75,3.5000000000000036,981.76,906.1874999999998,3.7460034668900377,8.0,2.0,1,0
3,Condiments/Sauces/Spices,2025-05-04,18,0,0,BUNDLE,279,728.21,149,251.0,242.75,8.899999999999995,953.86,906.6199999999998,3.7323688958624075,8.0,2.0,1,1
3,Condiments/Sauces/Spices,2025-05-11,19,0,0,COUPON,235,861.04,127,279.0,254.5,14.400000000000015,728.21,881.0024999999998,3.4897575066645334,8.0,3.0,1,0
3,Condiments/Sauces/Spices,2025-05-18,20,0,0,BUNDLE,253,973.25,143,235.0,256.25,-4.69999999999998,861.04,881.2174999999999,3.46257768210313,8.0,2.0,1,0
3,Condiments/Sauces/Spices,2025-05-25,21,0,0,BUNDLE,239,864.52,133,253.0,254.5,-3.800000000000001,973.25,879.0899999999999,3.480287168269138,8.0,2.0,1,0
3,Condiments/Sauces/Spices,2025-06-01,22,0,0,COUPON,249,868.57,134,239.0,251.5,-10.199999999999985,864.52,856.7549999999999,3.434537030743925,8.0,2.0,1,0
3,Condiments/Sauces/Spices,2025-06-08,23,0,0,MANAGER_SPECIAL,237,660.18,130,249.0,244.0,2.8000000000000274,868.57,891.8449999999998,3.6540773425286983,8.0,2.0,1,1
3,Condiments/Sauces/Spices,2025-06-15,24,0,0,COUPON,245,881.95,135,237.0,244.5,-3.8000000000000256,660.18,841.6299999999999,3.4344697475919896,8.0,3.0,1,0
3,Condiments/Sauces/Spices,2025-06-22,25,0,0,MANAGER_SPECIAL,211,824.64,118,245.0,242.5,0.5999999999999773,881.95,818.8049999999998,3.3727092410178185,8.0,2.0,1,0
3,Condiments/Sauces/Spices,2025-06-29,26,0,0,BUNDLE,184,716.88,112,211.0,235.5,-10.600000000000007,824.64,808.8349999999998,3.4454612289612636,8.0,2.0,1,0
3,Condiments/Sauces/Spices,2025-07-06,27,0,0,COUPON,193,730.19,118,184.0,219.25,-19.300000000000022,716.88,770.9124999999998,3.5474247351599715,8.0,1.0,1,0
3,Condiments/Sauces/Spices,2025-07-13,28,0,0,COUPON,259,902.87,149,193.0,208.25,-18.300000000000015,730.19,788.4149999999998,3.7968742990085973,8.0,1.0,1,1
3,Condiments/Sauces/Spices,2025-07-20,29,0,0,MANAGER_SPECIAL,234,634.51,144,259.0,211.75,15.300000000000008,902.87,793.6449999999998,3.7684214584128997,8.0,2.0,1,1
3,Condiments/Sauces/Spices,2025-07-27,30,0,0,MANAGER_SPECIAL,183,714.24,105,234.0,217.5,21.599999999999987,634.51,746.1124999999998,3.4692551461837913,8.0,3.0,1,0
3,Condiments/Sauces/Spices,2025-08-03,31,0,0,BUNDLE,235,802.32,137,183.0,217.25,-5.500000000000001,714.24,745.4524999999999,3.4709711119713895,8.0,3.0,1,1
3,Condiments/Sauces/Spices,2025-08-10,32,0,0,COUPON,269,961.23,141,235.0,227.75,-12.29999999999998,802.32,763.4849999999998,3.3786610579530896,8.0,3.0,1,0
3,Condiments/Sauces/Spices,2025-08-17,33,0,0,MANAGER_SPECIAL,232,836.54,127,269.0,230.25,15.699999999999994,961.23,778.0749999999998,3.4005013501837165,8.0,3.0,1,1
3,Condiments/Sauces/Spices,2025-08-24,34,0,0,COUPON,245,883.13,136,232.0,229.75,18.10000000000001,836.54,828.5824999999998,3.6240500165556586,8.0,4.0,1,0
3,Condiments/Sauces/Spices,2025-08-31,35,0,0,MANAGER_SPECIAL,213,809.41,126,245.0,245.25,-0.6999999999999975,883.13,870.8049999999998,3.5494653728621155,8.0,4.0,1,0
3,Condiments/Sauces/Spices,2025-09-07,36,0,0,COUPON,241,823.29,137,213.0,239.75,-15.49999999999997,809.41,872.5774999999998,3.6459451950577,8.0,4.0,1,1
3,Condiments/Sauces/Spices,2025-09-14,37,0,0,MANAGER_SPECIAL,250,717.51,148,241.0,232.75,-0.5000000000000021,823.29,838.0924999999997,3.6066440335404777,8.0,4.0,1,1
3,Condiments/Sauces/Spices,2025-09-21,38,0,0,MANAGER_SPECIAL,273,1017.3,153,250.0,237.25,4.299999999999989,717.51,808.3349999999998,3.4227100680232363,8.0,4.0,1,0
3,Condiments/Sauces/Spices,2025-09-28,39,0,0,COUPON,255,957.16,136,273.0,244.25,18.899999999999995,1017.3,841.8774999999997,3.4531504133921533,8.0,4.0,1,0
3,Condiments/Sauces/Spices,2025-10-05,40,0,0,MANAGER_SPECIAL,213,583.26,126,255.0,254.75,6.500000000000004,957.16,878.8149999999998,3.441530833165696,8.0,3.0,1,1
3,Condiments/Sauces/Spices,2025-10-12,41,0,0,BOGO,270,1025.51,157,213.0,247.75,-12.900000000000004,583.26,818.8074999999998,3.2720730282448853,8.0,4.0,1,0
3,Condiments/Sauces/Spices,2025-10-19,42,0,0,COUPON,229,791.9,135,270.0,252.75,-5.099999999999992,1025.51,895.8074999999999,3.5041093245411816,8.0,3.0,1,1
3,Condiments/Sauces/Spices,2025-10-26,43,0,0,COUPON,243,903.51,133,229.0,241.75,-2.1000000000000165,791.9,839.4574999999998,3.4370355686027967,8.0,4.0,1,0
3,Dairy & Eggs,2024-12-29,52,0,1,MANAGER_SPECIAL,135,475.17,75,,237.33333333333334,,,800.223333333333,3.3315245489867356,7.0,4.0,1,0
3,Dairy & Eggs,2025-01-05,1,1,0,BUNDLE,185,541.8100000000001,109,135.0,211.33333333333334,,475.17,764.1933333333332,3.592013855194352,7.0,3.0,1,1
3,Dairy & Eggs,2025-01-12,2,1,0,COUPON,273,1004.14,157,185.0,183.0,,541.8100000000001,602.9599999999998,3.302186361033525,7.0,3.0,1,0
3,Dairy & Eggs,2025-01-19,3,0,0,COUPON,271,923.0,143,273.0,197.66666666666666,,1004.14,673.7066666666665,3.375549659549662,7.0,3.0,1,1
3,Dairy & Eggs,2025-01-26,4,0,0,BOGO,238,812.04,132,271.0,216.0,49.60000000000001,923.0,736.0299999999999,3.3831382594223935,7.0,4.0,1,0
3,Dairy & Eggs,2025-02-02,5,0,0,MANAGER_SPECIAL,257,957.71,139,238.0,241.75,15.700000000000005,812.04,820.2474999999998,3.35617700825526,7.0,3.0,1,0
3,Dairy & Eggs,2025-02-09,6,0,0,COUPON,295,957.8199999999999,161,257.0,259.75,-8.099999999999996,957.71,924.2224999999999,3.5556258461982613,7.0,3.0,1,1
3,Dairy & Eggs,2025-02-16,7,0,0,MANAGER_SPECIAL,252,904.98,139,295.0,265.25,9.10000000000001,957.8199999999999,912.6424999999999,3.447795586062916,7.0,3.0,1,0
3,Dairy & Eggs,2025-02-23,8,0,0,COUPON,273,962.93,153,252.0,260.5,7.999999999999986,904.98,908.1374999999998,3.494117190350388,8.0,3.0,1,0
3,Dairy & Eggs,2025-03-02,9,0,0,COUPON,190,670.86,110,273.0,269.25,0.49999999999998423,962.93,945.8599999999999,3.522938026377106,8.0,3.0,1,1
3,Dairy & Eggs,2025-03-09,10,0,0,MANAGER_SPECIAL,214,776.34,117,190.0,252.5,-29.4,670.86,874.1474999999998,3.4740240390742185,8.0,3.0,1,0
3,Dairy & Eggs,2025-03-16,11,0,0,MANAGER_SPECIAL,223,793.5,128,214.0,232.25,-19.700000000000003,776.34,828.7774999999998,3.5692514270038878,8.0,3.0,1,0
3,Dairy & Eggs,2025-03-23,12,0,0,MANAGER_SPECIAL,242,810.36,150,223.0,225.0,-12.599999999999998,793.5,800.9074999999998,3.561027798987659,8.0,2.0,1,0
3,Dairy & Eggs,2025-03-30,13,0,0,COUPON,218,799.75,136,242.0,217.25,16.5,810.36,762.7649999999999,3.516372530014208,8.0,2.0,1,0
3,Dairy & Eggs,2025-04-06,14,0,0,MANAGER_SPECIAL,266,925.45,149,218.0,224.25,3.10000000000001,799.75,794.9874999999998,3.5508064991112627,8.0,2.0,1,0
3,Dairy & Eggs,2025-04-13,15,0,0,BUNDLE,275,976.24,154,266.0,237.25,10.499999999999988,925.45,832.2649999999999,3.5136510813612802,8.0,1.0,1,0
3,Dairy & Eggs,2025-04-20,16,0,0,BUNDLE,258,806.44,146,275.0,250.25,14.70000000000002,976.24,877.9499999999999,3.5115679994207993,8.0,1.0,1,1
3,Dairy & Eggs,2025-04-27,17,0,0,BUNDLE,258,848.15,143,258.0,254.25,12.899999999999999,806.44,876.9699999999999,3.4558533476173525,8.0,2.0,1,1
3,Dairy & Eggs,2025-05-04,18,0,0,BUNDLE,248,905.73,130,258.0,264.25,-4.099999999999979,848.15,889.0699999999999,3.360559627398307,8.0,2.0,1,0
3,Dairy & Eggs,2025-05-11,19,0,0,COUPON,214,616.22,118,248.0,259.75,-8.099999999999996,905.73,884.1399999999999,3.4038100670053892,8.0,2.0,1,1
3,Dairy & Eggs,2025-05-18,20,0,0,BUNDLE,304,1106.8,169,214.0,244.5,-14.200000000000005,616.22,794.1349999999999,3.2362023354845735,8.0,3.0,1,0
3,Dairy & Eggs,2025-05-25,21,0,0,BUNDLE,235,884.33,127,304.0,256.0,10.400000000000013,1106.8,869.2249999999999,3.3649655953784943,8.0,3.0,1,0
3,Dairy & Eggs,2025-06-01,22,0,0,COUPON,252,884.86,136,235.0,250.25,5.100000000000011,884.33,878.2699999999999,3.4838914159293766,8.0,3.0,1,0
3,Dairy & Eggs,2025-06-08,23,0,0,MANAGER_SPECIAL,209,695.43,122,252.0,251.25,4.500000000000031,884.86,873.0524999999999,3.44869444332313,8.0,3.0,1,0
3,Dairy & Eggs,2025-06-15,24,0,0,COUPON,247,748.78,138,209.0,250.0,-26.800000000000008,695.43,892.8549999999999,3.560665332738682,8.0,3.0,1,1
3,Dairy & Eggs,2025-06-22,25,0,0,MANAGER_SPECIAL,229,810.0600000000001,137,247.0,235.75,-0.6999999999999658,748.78,803.3499999999999,3.4083424582447552,8.0,3.0,1,0
3,Dairy & Eggs,2025-06-29,26,0,0,BUNDLE,221,806.96,127,229.0,234.25,-3.099999999999999,810.0600000000001,784.7824999999999,3.3519108406660134,8.0,2.0,1,0
3,Dairy & Eggs,2025-07-06,27,0,0,COUPON,230,837.67,136,221.0,226.5,1.7999999999999943,806.96,765.3074999999999,3.3869242178117434,8.0,2.0,1,0
3,Dairy & Eggs,2025-07-13,28,0,0,COUPON,229,842.54,136,230.0,231.75,-5.900000000000016,837.67,800.8675,3.4655810203913147,8.0,1.0,1,0
3,Dairy & Eggs,2025-07-20,29,0,0,MANAGER_SPECIAL,207,752.22,127,229.0,227.25,0.9000000000000102,842.54,824.3074999999999,3.627510019913971,8.0,1.0,1,0
3,Dairy & Eggs,2025-07-27,30,0,0,MANAGER_SPECIAL,198,717.11,112,207.0,221.75,-4.300000000000006,752.22,809.8474999999999,3.651643302617597,8.0,1.0,1,1
3,Dairy & Eggs,2025-08-03,31,0,0,BUNDLE,198,677.64,110,198.0,216.0,-11.799999999999999,717.11,787.3849999999999,3.6442345430764846,8.0,2.0,1,0
3,Dairy & Eggs,2025-08-10,32,0,0,COUPON,222,805.4,127,198.0,208.0,-10.200000000000001,677.64,747.3774999999998,3.589329734117328,8.0,2.0,1,0
3,Dairy & Eggs,2025-08-17,33,0,0,MANAGER_SPECIAL,225,773.46,122,222.0,206.25,4.500000000000007,805.4,738.0924999999999,3.576508222649528,8.0,1.0,1,0
3,Dairy & Eggs,2025-08-24,34,0,0,COUPON,231,804.51,138,225.0,210.75,10.500000000000016,773.46,743.4024999999999,3.527429961779963,8.0,1.0,1,0
3,Dairy & Eggs,2025-08-31,35,0,0,MANAGER_SPECIAL,264,672.82,142,231.0,219.0,10.200000000000019,804.51,765.2524999999998,3.4926698607698623,8.0,1.0,1,1
3,Dairy & Eggs,2025-09-07,36,0,0,COUPON,223,784.47,126,264.0,235.5,13.199999999999992,672.82,764.0474999999999,3.2742039516789534,8.0,2.0,1,0
3,Dairy & Eggs,2025-09-14,37,0,0,MANAGER_SPECIAL,228,861.78,130,223.0,235.75,2.7000000000000073,784.47,758.8149999999999,3.2466726423427112,8.0,2.0,1,0
3,Dairy & Eggs,2025-09-21,38,0,0,MANAGER_SPECIAL,254,947.5600000000001,142,228.0,236.5,-5.000000000000018,861.78,780.8949999999999,3.3322068528690267,8.0,2.0,1,0
3,Dairy & Eggs,2025-09-28,39,0,0,COUPON,212,722.63,119,254.0,242.25,-2.4999999999999796,947.5600000000001,816.6575,3.394162829962799,8.0,1.0,1,0
3,Dairy & Eggs,2025-10-05,40,0,0,NONE,208,806.83,122,212.0,229.25,-0.7000000000000038,722.63,829.1099999999999,3.6091806973155722,8.0,1.0,0,0
3,Dairy & Eggs,2025-10-12,41,0,0,BOGO,242,836.54,143,208.0,225.5,-10.200000000000019,806.83,834.6999999999998,3.6994776208236786,7.0,1.0,1,0
3,Dairy & Eggs,2025-10-19,42,0,0,COUPON,253,906.95,133,242.0,229.0,-4.000000000000005,836.54,828.3899999999999,3.6187376251733956,7.0,1.0,1,0
3,Dairy & Eggs,2025-10-26,43,0,0,COUPON,267,927.97,145,253.0,228.75,15.700000000000003,906.95,818.2374999999998,3.5822954820717183,7.0,1.0,1,0
3,Deli,2024-12-29,52,0,1,MANAGER_SPECIAL,117,642.16,73,,234.33333333333334,,,850.1066666666666,3.6401832842717248,6.0,0.0,1,1
3,Deli,2025-01-05,1,1,0,BUNDLE,269,1590.06,153,117.0,204.0,,642.16,795.2166666666666,4.176702158915599,6.0,1.0,1,0
3,Deli,2025-01-12,2,1,0,COUPON,290,1810.0,162,269.0,213.0,,1590.06,1046.3899999999999,4.994777778238261,6.0,1.0,1,0
3,Deli,2025-01-19,3,0,0,COUPON,317,2032.52,171,290.0,225.33333333333334,,1810.0,1347.4066666666665,5.88031001212132,6.0,1.0,1,0
3,Deli,2025-01-26,4,0,0,BOGO,242,1520.08,140,317.0,248.25,62.10000000000002,2032.52,1518.685,6.013166263034208,6.0,1.0,1,0
3,Deli,2025-02-02,5,0,0,MANAGER_SPECIAL,238,1392.38,138,242.0,279.5,-5.399999999999976,1520.08,1738.165,6.211360089409852,7.0,1.0,1,1
3,Deli,2025-02-09,6,0,0,COUPON,324,1971.19,180,238.0,271.75,-23.100000000000012,1392.38,1688.745,6.196193193655268,7.0,2.0,1,0
3,Deli,2025-02-16,7,0,0,MANAGER_SPECIAL,317,1959.99,172,324.0,280.25,1.6999999999999824,1971.19,1729.0425,6.1568283043406655,7.0,2.0,1,0
3,Deli,2025-02-23,8,0,0,COUPON,273,1768.5,150,317.0,280.25,31.099999999999998,1959.99,1710.9099999999999,6.0996279888832525,8.0,2.0,1,0
3,Deli,2025-03-02,9,0,0,COUPON,280,1713.64,154,273.0,288.0,9.799999999999985,1768.5,1773.0149999999999,6.148802904876351,8.0,1.0,1,0
3,Deli,2025-03-09,10,0,0,COUPON,251,1604.36,136,280.0,298.5,-17.599999999999998,1713.64,1853.33,6.2162545855486195,8.0,1.0,1,0
3,Deli,2025-03-16,11,0,0,MANAGER_SPECIAL,285,1827.86,153,251.0,280.25,-19.10000000000001,1604.36,1761.6224999999997,6.293242774767054,8.0,1.0,1,0
3,Deli,2025-03-23,12,0,0,BUNDLE,286,1589.8,151,285.0,272.25,0.7000000000000229,1827.86,1728.5899999999997,6.35089530119353,8.0,1.0,1,1
3,Deli,2025-03-30,13,0,0,COUPON,293,1810.05,158,286.0,275.5,5.199999999999997,1589.8,1683.9149999999997,6.121075121373351,8.0,2.0,1,0
3,Deli,2025-04-06,14,0,0,MANAGER_SPECIAL,286,1758.51,152,293.0,278.75,12.700000000000003,1810.05,1708.0174999999997,6.135450669886271,8.0,1.0,1,0
3,Deli,2025-04-13,15,0,0,BUNDLE,291,1787.55,158,286.0,287.5,1.0000000000000047,1758.51,1746.5549999999998,6.074641633305323,8.0,1.0,1,0
3,Deli,2025-04-20,16,0,0,BUNDLE,255,1653.05,140,291.0,289.0,0.8000000000000167,1787.55,1736.4775,6.0069515446817014,8.0,1.0,1,0
3,Deli,2025-04-27,17,0,0,MANAGER_SPECIAL,286,1692.07,147,255.0,281.25,-10.900000000000007,1653.05,1752.2899999999997,6.2379034848983475,8.0,1.0,1,1
3,Deli,2025-05-04,18,0,0,BUNDLE,285,1765.54,161,286.0,279.5,-3.5999999999999934,1692.07,1722.7949999999996,6.17257438993188,8.0,2.0,1,0
3,Deli,2025-05-11,19,0,0,COUPON,209,1278.57,123,285.0,279.25,1.299999999999972,1765.54,1724.5524999999998,6.184134597268403,8.0,2.0,1,0
3,Deli,2025-05-18,20,0,0,BUNDLE,284,1828.73,152,209.0,258.75,-13.899999999999983,1278.57,1597.3075,6.177828673132854,8.0,2.0,1,0
3,Deli,2025-05-25,21,0,0,BUNDLE,248,1580.93,133,284.0,266.0,-8.200000000000033,1828.73,1641.2274999999997,6.166988953442161,8.0,1.0,1,1
3,Deli,2025-06-01,22,0,0,COUPON,264,1655.25,145,248.0,256.5,-3.5999999999999885,1580.93,1613.4424999999999,6.281586221093864,8.0,2.0,1,0
3,Deli,2025-06-08,23,0,0,MANAGER_SPECIAL,229,1402.71,125,264.0,251.25,12.900000000000011,1655.25,1585.87,6.3003385137573416,8.0,2.0,1,0
3,Deli,2025-06-15,24,0,0,COUPON,281,1781.19,148,229.0,256.25,-14.900000000000016,1402.71,1616.905,6.302291356364057,8.0,2.0,1,0
3,Deli,2025-06-22,25,0,0,MANAGER_SPECIAL,252,1366.23,132,281.0,255.5,6.399999999999998,1781.19,1605.02,6.277182433252433,8.0,2.0,1,1
3,Deli,2025-06-29,26,0,0,BUNDLE,191,1140.12,108,252.0,256.5,1.600000000000015,1366.23,1551.3449999999998,6.0388899025304665,8.0,2.0,1,0
3,Deli,2025-07-06,27,0,0,COUPON,280,1756.19,151,191.0,238.25,-14.299999999999988,1140.12,1422.5624999999998,5.963721976542842,8.0,2.0,1,0
3,Deli,2025-07-13,28,0,0,COUPON,292,1793.81,159,280.0,251.0,-6.399999999999975,1756.19,1510.9325,6.000405967497302,8.0,2.0,1,0
3,Deli,2025-07-20,29,0,0,MANAGER_SPECIAL,249,1586.53,132,292.0,253.75,20.899999999999974,1793.81,1514.0874999999999,5.95151358827437,8.0,2.0,1,0
3,Deli,2025-07-27,30,0,0,MANAGER_SPECIAL,271,1728.67,144,249.0,253.0,18.60000000000001,1586.53,1569.1624999999997,6.189028289938168,8.0,1.0,1,0
3,Deli,2025-08-03,31,0,0,BUNDLE,231,1487.07,131,271.0,273.0,-7.00000000000002,1728.67,1716.2999999999997,6.291438647156924,8.0,1.0,1,0
3,Deli,2025-08-10,32,0,0,COUPON,245,1555.43,139,231.0,260.75,-16.100000000000005,1487.07,1649.02,6.332794978325754,8.0,1.0,1,0
3,Deli,2025-08-17,33,0,0,MANAGER_SPECIAL,219,1396.44,126,245.0,249.0,-5.199999999999975,1555.43,1589.425,6.384172214836798,8.0,1.0,1,0
3,Deli,2025-08-24,34,0,0,COUPON,294,1717.78,152,219.0,241.5,-14.200000000000015,1396.44,1541.9025,6.385380197452191,8.0,0.0,1,1
3,Deli,2025-08-31,35,0,0,MANAGER_SPECIAL,304,1930.6399999999999,160,294.0,247.25,16.300000000000008,1717.78,1539.1799999999998,6.251363454223533,8.0,1.0,1,0
3,Deli,2025-09-07,36,0,0,COUPON,299,1915.15,160,304.0,265.5,25.2,1930.6399999999999,1650.0724999999998,6.22967770576147,8.0,1.0,1,0
3,Deli,2025-09-14,37,0,0,MANAGER_SPECIAL,282,1716.87,159,299.0,279.0,25.00000000000001,1915.15,1740.0024999999998,6.243800222995787,8.0,1.0,1,0
3,Deli,2025-09-21,38,0,0,MANAGER_SPECIAL,262,1595.91,144,282.0,294.75,-4.100000000000002,1716.87,1820.11,6.171738506295117,8.0,1.0,1,0
3,Deli,2025-09-28,39,0,0,COUPON,276,1731.44,152,262.0,286.75,-14.29999999999997,1595.91,1789.6425,6.233856112879736,8.0,1.0,1,0
3,Deli,2025-10-05,40,0,0,NONE,252,1592.47,138,276.0,279.75,-8.900000000000023,1731.44,1739.8425,6.214492077792017,8.0,1.0,0,0
3,Deli,2025-10-12,41,0,0,BOGO,311,1876.95,161,252.0,268.0,-7.59999999999998,1592.47,1659.1724999999997,6.193027440376293,7.0,1.0,1,1
3,Deli,2025-10-19,42,0,0,COUPON,225,1330.24,118,311.0,275.25,12.299999999999997,1876.95,1699.1925,6.179781818839725,7.0,2.0,1,1
3,Deli,2025-10-26,43,0,0,COUPON,243,1508.92,126,225.0,266.0,-9.399999999999975,1330.24,1632.7749999999999,6.135011377787986,7.0,2.0,1,0
3,Frozen Foods,2024-12-29,52,0,1,MANAGER_SPECIAL,142,939.23,76,,262.6666666666667,,,1599.8866666666665,6.0889040592728705,6.0,2.0,1,0
3,Frozen Foods,2025-01-05,1,1,0,BUNDLE,201,1215.31,123,142.0,226.0,,939.23,1382.14,6.187227518547036,6.0,2.0,1,1
3,Frozen Foods,2025-01-12,2,1,0,COUPON,267,1852.47,142,201.0,189.33333333333334,,1215.31,1161.5933333333332,6.190930653461957,6.0,3.0,1,0
3,Frozen Foods,2025-01-19,3,0,0,COUPON,293,1933.96,155,267.0,203.33333333333334,,1852.47,1335.6699999999998,6.532901356749513,6.0,3.0,1,0
3,Frozen Foods,2025-01-26,4,0,0,BOGO,220,1492.6,125,293.0,225.75,51.90000000000001,1933.96,1485.2424999999998,6.549812536333466,6.0,3.0,1,0
3,Frozen Foods,2025-02-02,5,0,0,MANAGER_SPECIAL,281,1684.15,146,220.0,245.25,8.30000000000003,1492.6,1623.585,6.592374956307858,7.0,3.0,1,1
3,Frozen Foods,2025-02-09,6,0,0,COUPON,270,1827.67,155,281.0,265.25,-3.099999999999978,1684.15,1740.7949999999998,6.579149446844498,7.0,3.0,1,0
3,Frozen Foods,2025-02-16,7,0,0,MANAGER_SPECIAL,184,1211.06,111,270.0,266.0,-0.8000000000000458,1827.67,1734.5949999999998,6.536914011971423,7.0,2.0,1,0
3,Frozen Foods,2025-02-23,8,0,0,COUPON,225,1189.04,121,184.0,238.75,-11.899999999999958,1211.06,1553.87,6.532239449721832,8.0,2.0,1,1
3,Frozen Foods,2025-03-02,9,0,0,COUPON,213,1468.05,118,225.0,240.0,-25.399999999999984,1189.04,1477.98,6.1572586416410235,8.0,3.0,1,0
3,Frozen Foods,2025-03-09,10,0,0,MANAGER_SPECIAL,249,1682.48,135,213.0,223.0,-13.00000000000003,1468.05,1423.955,6.381967929396023,8.0,2.0,1,0
3,Frozen Foods,2025-03-16,11,0,0,MANAGER_SPECIAL,231,1592.75,129,249.0,217.75,18.300000000000008,1682.48,1387.6574999999998,6.378917840150151,8.0,2.0,1,0
3,Frozen Foods,2025-03-23,12,0,0,MANAGER_SPECIAL,237,1603.29,123,231.0,229.5,5.400000000000024,1592.75,1483.08,6.457211294883823,8.0,2.0,1,0
3,Frozen Foods,2025-03-30,13,0,0,COUPON,219,1452.21,122,237.0,232.5,5.4000000000000234,1603.29,1586.6425,6.827289916543457,8.0,2.0,1,0
3,Frozen Foods,2025-04-06,14,0,0,MANAGER_SPECIAL,259,1764.72,143,219.0,234.0,-8.40000000000001,1452.21,1582.6825,6.7620005088645065,8.0,1.0,1,0
3,Frozen Foods,2025-04-13,15,0,0,BUNDLE,284,1965.5,153,259.0,236.5,6.600000000000005,1764.72,1603.2425,6.776161244471026,8.0,1.0,1,0
3,Frozen Foods,2025-04-20,16,0,0,BUNDLE,271,1734.75,149,284.0,249.75,18.100000000000016,1965.5,1696.4299999999998,6.782599495187445,8.0,1.0,1,0
3,Frozen Foods,2025-04-27,17,0,0,MANAGER_SPECIAL,229,1569.01,134,271.0,258.25,18.10000000000003,1734.75,1729.295,6.691688196201038,8.0,0.0,1,0
3,Frozen Foods,2025-05-04,18,0,0,BUNDLE,231,1564.29,131,229.0,260.75,-10.299999999999994,1569.01,1758.495,6.746807236698736,8.0,0.0,1,1
3,Frozen Foods,2025-05-11,19,0,0,COUPON,213,1453.03,116,231.0,253.75,-20.09999999999999,1564.29,1708.3874999999998,6.736364098755597,8.0,1.0,1,0
3,Frozen Foods,2025-05-18,20,0,0,BUNDLE,237,1582.15,134,213.0,236.0,-17.199999999999985,1453.03,1580.27,6.711604709084235,8.0,1.0,1,0
3,Frozen Foods,2025-05-25,21,0,0,BUNDLE,181,1193.64,113,237.0,227.5,0.5999999999999928,1582.15,1542.12,6.780216430011571,8.0,1.0,1,0
3,Frozen Foods,2025-06-01,22,0,0,COUPON,199,1192.29,121,181.0,215.5,-12.59999999999999,1193.64,1448.2775,6.715997450060305,8.0,1.0,1,1
3,Frozen Foods,2025-06-08,23,0,0,MANAGER_SPECIAL,248,1639.1299999999999,145,199.0,207.5,-9.799999999999983,1192.29,1355.2775,6.52089466339973,8.0,2.0,1,0
3,Frozen Foods,2025-06-15,24,0,0,COUPON,237,1525.76,131,248.0,216.25,5.100000000000002,1639.1299999999999,1401.8025,6.467809181421841,8.0,2.0,1,0
3,Frozen Foods,2025-06-22,25,0,0,MANAGER_SPECIAL,209,1347.51,111,237.0,216.25,21.700000000000003,1525.76,1387.705,6.408326059058972,8.0,2.0,1,0
3,Frozen Foods,2025-06-29,26,0,0,COUPON,207,1183.43,109,209.0,223.25,1.9000000000000035,1347.51,1426.1725,6.371506092895446,8.0,2.0,1,1
3,Frozen Foods,2025-07-06,27,0,0,COUPON,222,1486.53,117,207.0,225.25,-15.1,1183.43,1423.9575,6.3029176191256315,8.0,2.0,1,0
3,Frozen Foods,2025-07-13,28,0,0,COUPON,237,1652.86,136,222.0,218.75,-4.700000000000013,1486.53,1385.8075,6.324589099073321,8.0,2.0,1,0
3,Frozen Foods,2025-07-20,29,0,0,MANAGER_SPECIAL,205,1356.78,122,237.0,218.75,9.899999999999988,1652.86,1417.5825,6.4586608290311265,8.0,2.0,1,0
3,Frozen Foods,2025-07-27,30,0,0,MANAGER_SPECIAL,178,1172.67,108,205.0,217.75,0.9000000000000083,1356.78,1419.8999999999999,6.501416518143041,8.0,2.0,1,1
3,Frozen Foods,2025-08-03,31,0,0,BUNDLE,257,1714.49,142,178.0,210.5,-16.39999999999998,1172.67,1417.21,6.719161660085179,8.0,2.0,1,0
3,Frozen Foods,2025-08-10,32,0,0,COUPON,242,1663.75,122,257.0,219.25,3.2999999999999963,1714.49,1474.1999999999998,6.712933218608683,8.0,2.0,1,0
3,Frozen Foods,2025-08-17,33,0,0,MANAGER_SPECIAL,233,1232.42,129,242.0,220.5,19.000000000000014,1663.75,1476.9225,6.6881600118576285,8.0,2.0,1,1
3,Frozen Foods,2025-08-24,34,0,0,COUPON,215,1456.42,120,233.0,227.5,15.00000000000003,1232.42,1445.8325,6.355889311554059,8.0,3.0,1,0
3,Frozen Foods,2025-08-31,35,0,0,MANAGER_SPECIAL,261,1721.0,137,215.0,236.75,-13.499999999999966,1456.42,1516.77,6.402392512494744,8.0,2.0,1,0
3,Frozen Foods,2025-09-07,36,0,0,COUPON,263,1724.78,149,261.0,237.75,3.899999999999994,1721.0,1518.3975,6.383068116651161,8.0,2.0,1,0
3,Frozen Foods,2025-09-14,37,0,0,MANAGER_SPECIAL,280,1882.6,159,263.0,243.0,13.599999999999996,1724.78,1533.655,6.3038428314800585,8.0,2.0,1,0
3,Frozen Foods,2025-09-21,38,0,0,MANAGER_SPECIAL,286,1671.76,156,280.0,254.75,19.700000000000024,1882.6,1696.1999999999998,6.662396632828925,8.0,2.0,1,1
3,Frozen Foods,2025-09-28,39,0,0,COUPON,274,1760.79,142,286.0,272.5,9.200000000000022,1671.76,1750.0349999999999,6.430213676250618,8.0,2.0,1,0
3,Frozen Foods,2025-10-05,40,0,0,NONE,249,1741.8600000000001,143,274.0,275.75,3.8999999999999804,1760.79,1759.9824999999996,6.388306462278529,8.0,2.0,0,0
3,Frozen Foods,2025-10-12,41,0,0,BOGO,240,1654.72,129,249.0,272.25,-10.49999999999999,1741.8600000000001,1764.2524999999998,6.497637169136379,7.0,2.0,1,0
3,Frozen Foods,2025-10-19,42,0,0,COUPON,247,1673.75,132,240.0,262.25,-16.300000000000004,1654.72,1707.2825,6.540410978660189,7.0,1.0,1,0
3,Frozen Foods,2025-10-26,43,0,0,COUPON,238,1609.35,130,247.0,252.5,-9.000000000000007,1673.75,1707.78,6.773161254699938,7.0,1.0,1,0
3,Grains and Pasta,2024-12-29,52,0,1,MANAGER_SPECIAL,149,265.3,87,,245.33333333333334,,,1690.11,6.888801380962448,6.0,1.0,1,1
3,Grains and Pasta,2025-01-05,1,1,0,BUNDLE,312,814.29,167,149.0,212.0,,265.3,1197.9233333333332,5.150506456297345,6.0,2.0,1,0
3,Grains and Pasta,2025-01-12,2,1,0,COUPON,316,787.11,177,312.0,236.0,,814.29,917.7799999999997,3.7222521827930706,6.0,2.0,1,1
3,Grains and Pasta,2025-01-19,3,0,0,COUPON,330,853.09,184,316.0,259.0,,787.11,622.2333333333331,2.2937650630950923,6.0,2.0,1,0
3,Grains and Pasta,2025-01-26,4,0,0,BOGO,298,779.05,169,330.0,276.75,54.70000000000001,853.09,679.9474999999999,2.3666041003516223,6.0,2.0,1,0
3,Grains and Pasta,2025-02-02,5,0,0,MANAGER_SPECIAL,294,731.83,153,298.0,314.0,-2.7999999999999723,779.05,808.3849999999998,2.5750353084053135,7.0,2.0,1,1
3,Grains and Pasta,2025-02-09,6,0,0,COUPON,292,678.51,167,294.0,309.5,-9.800000000000013,731.83,787.7699999999999,2.544863768635559,7.0,3.0,1,1
3,Grains and Pasta,2025-02-16,7,0,0,MANAGER_SPECIAL,311,789.39,170,292.0,303.5,-11.800000000000013,678.51,760.6199999999999,2.5030662569310334,7.0,4.0,1,1
3,Grains and Pasta,2025-02-23,8,0,0,COUPON,353,939.29,191,311.0,298.75,3.7000000000000086,789.39,744.6949999999999,2.4913438317142353,8.0,5.0,1,0
3,Grains and Pasta,2025-03-02,9,0,0,COUPON,345,900.62,179,353.0,312.5,19.600000000000005,939.29,784.7549999999999,2.5029979422148343,8.0,4.0,1,0
3,Grains and Pasta,2025-03-09,10,0,0,MANAGER_SPECIAL,273,578.68,149,345.0,325.25,20.099999999999994,900.62,826.9524999999999,2.533316708851924,8.0,4.0,1,1
3,Grains and Pasta,2025-03-16,11,0,0,MANAGER_SPECIAL,271,725.6,152,273.0,320.5,-12.200000000000019,578.68,801.9949999999999,2.4823273528882526,8.0,4.0,1,0
3,Grains and Pasta,2025-03-23,12,0,0,MANAGER_SPECIAL,311,800.82,161,271.0,310.5,-31.799999999999983,725.6,786.0474999999998,2.5171421688016853,8.0,4.0,1,0
3,Grains and Pasta,2025-03-30,13,0,0,COUPON,277,715.43,168,311.0,300.0,-10.399999999999991,800.82,751.43,2.4956686027668713,8.0,4.0,1,0
3,Grains and Pasta,2025-04-06,14,0,0,MANAGER_SPECIAL,335,860.84,173,277.0,283.0,5.199999999999971,715.43,705.1324999999998,2.4887403602094498,8.0,3.0,1,0
3,Grains and Pasta,2025-04-13,15,0,0,BUNDLE,300,665.99,166,335.0,298.5,15.799999999999986,860.84,775.6724999999999,2.6012315307304705,8.0,2.0,1,1
3,Grains and Pasta,2025-04-20,16,0,0,BUNDLE,256,632.06,147,300.0,305.75,2.4999999999999862,665.99,760.77,2.4868505036702,8.0,2.0,1,0
3,Grains and Pasta,2025-04-27,17,0,0,MANAGER_SPECIAL,322,853.77,184,256.0,292.0,-9.799999999999988,632.06,718.5799999999999,2.4603506167128044,8.0,2.0,1,0
3,Grains and Pasta,2025-05-04,18,0,0,BUNDLE,322,829.17,175,322.0,303.25,-8.299999999999995,853.77,753.165,2.477520577696727,8.0,2.0,1,1
3,Grains and Pasta,2025-05-11,19,0,0,COUPON,272,703.63,143,322.0,300.0,13.200000000000003,829.17,745.2474999999998,2.4788681951992766,8.0,2.0,1,0
3,Grains and Pasta,2025-05-18,20,0,0,BUNDLE,343,842.5,184,272.0,293.0,4.799999999999998,703.63,754.6574999999998,2.5705952785326103,8.0,2.0,1,1
3,Grains and Pasta,2025-05-25,21,0,0,BUNDLE,297,779.91,165,343.0,314.75,1.300000000000012,842.5,807.2674999999999,2.567416240176196,8.0,3.0,1,0
3,Grains and Pasta,2025-06-01,22,0,0,COUPON,247,649.47,143,297.0,308.5,-0.3999999999999917,779.91,788.8024999999998,2.561041232333797,8.0,3.0,1,0
3,Grains and Pasta,2025-06-08,23,0,0,MANAGER_SPECIAL,315,834.01,169,247.0,289.75,-12.099999999999957,649.47,743.8774999999999,2.5746340039786277,8.0,3.0,1,0
3,Grains and Pasta,2025-06-15,24,0,0,COUPON,278,745.78,153,315.0,300.5,-13.399999999999958,834.01,776.4724999999999,2.5898279523913263,8.0,2.0,1,0
3,Grains and Pasta,2025-06-22,25,0,0,COUPON,313,619.46,166,278.0,284.25,1.1000000000000247,745.78,752.2924999999999,2.6464263646236397,8.0,2.0,1,1
3,Grains and Pasta,2025-06-29,26,0,0,BUNDLE,250,676.98,137,313.0,288.25,16.09999999999999,619.46,712.18,2.4847128234612166,8.0,3.0,1,0
3,Grains and Pasta,2025-07-06,27,0,0,COUPON,296,802.65,160,250.0,289.0,-15.999999999999988,676.98,719.0574999999999,2.504334523866075,8.0,2.0,1,0
3,Grains and Pasta,2025-07-13,28,0,0,COUPON,344,887.2,187,296.0,284.25,-0.8999999999999988,802.65,711.2175,2.520335676804728,8.0,2.0,1,0
3,Grains and Pasta,2025-07-20,29,0,0,MANAGER_SPECIAL,327,850.12,168,344.0,300.75,13.900000000000011,887.2,746.5724999999999,2.494437651039294,8.0,1.0,1,0
3,Grains and Pasta,2025-07-27,30,0,0,MANAGER_SPECIAL,266,713.34,144,327.0,304.25,27.9,850.12,804.2374999999998,2.649600131132307,8.0,1.0,1,0
3,Grains and Pasta,2025-08-03,31,0,0,BUNDLE,274,718.66,146,266.0,308.25,-10.70000000000001,713.34,813.3274999999999,2.6430524619593747,8.0,1.0,1,0
3,Grains and Pasta,2025-08-10,32,0,0,COUPON,278,703.99,154,274.0,302.75,-27.099999999999987,718.66,792.3299999999999,2.62085028944014,8.0,1.0,1,0
3,Grains and Pasta,2025-08-17,33,0,0,MANAGER_SPECIAL,304,812.8,164,278.0,286.25,-13.899999999999988,703.99,746.5274999999999,2.609167379953776,8.0,1.0,1,0
3,Grains and Pasta,2025-08-24,34,0,0,COUPON,299,803.72,166,304.0,280.5,11.800000000000006,812.8,737.1974999999999,2.6276495946648653,8.0,0.0,1,0
3,Grains and Pasta,2025-08-31,35,0,0,MANAGER_SPECIAL,284,741.17,168,299.0,288.75,10.100000000000012,803.72,759.7924999999999,2.6292239528010084,8.0,0.0,1,0
3,Grains and Pasta,2025-09-07,36,0,0,COUPON,280,736.43,160,284.0,291.25,1.3000000000000065,741.17,765.4199999999998,2.6259506542505817,8.0,0.0,1,0
3,Grains and Pasta,2025-09-14,37,0,0,MANAGER_SPECIAL,337,879.46,176,280.0,291.75,-8.70000000000002,736.43,773.5299999999999,2.6503929075907666,8.0,0.0,1,1
3,Grains and Pasta,2025-09-21,38,0,0,MANAGER_SPECIAL,328,848.45,176,337.0,300.0,10.99999999999997,879.46,790.1949999999999,2.6343902525853005,8.0,1.0,1,0
3,Grains and Pasta,2025-09-28,39,0,0,COUPON,240,428.25,132,328.0,307.25,18.900000000000006,848.45,801.3774999999998,2.6090680148416023,8.0,1.0,1,1
3,Grains and Pasta,2025-10-05,40,0,0,NONE,283,715.6,154,240.0,296.25,-12.899999999999983,428.25,723.1474999999998,2.402723384559912,8.0,2.0,0,0
3,Grains and Pasta,2025-10-12,41,0,0,BOGO,313,824.73,177,283.0,297.0,-24.999999999999968,715.6,717.9399999999998,2.377352075877429,7.0,2.0,1,0
3,Grains and Pasta,2025-10-19,42,0,0,COUPON,276,726.23,149,313.0,291.0,-0.20000000000001453,824.73,704.2574999999999,2.3836637102001976,7.0,2.0,1,0
3,Grains and Pasta,2025-10-26,43,0,0,COUPON,276,721.22,163,276.0,278.0,13.800000000000022,726.23,673.7024999999999,2.3947962879661926,7.0,2.0,1,1
3,Meat and Seafood,2024-12-29,52,0,1,MANAGER_SPECIAL,161,1530.96,90,,290.6666666666667,,,755.5199999999999,2.5982700506215903,6.0,2.0,1,0
3,Meat and Seafood,2025-01-05,1,1,0,BUNDLE,278,2463.4,148,161.0,250.0,,1530.96,1027.3066666666666,4.925085522239643,6.0,2.0,1,1
3,Meat and Seafood,2025-01-12,2,1,0,COUPON,283,2704.74,154,278.0,238.33333333333334,,2463.4,1573.53,7.000495839353365,6.0,2.0,1,1
3,Meat and Seafood,2025-01-19,3,0,0,COUPON,258,2401.73,141,283.0,240.66666666666666,,2704.74,2233.0333333333333,9.30920152037622,6.0,3.0,1,0
3,Meat and Seafood,2025-01-26,4,0,0,BOGO,223,2184.92,124,258.0,245.0,29.599999999999994,2401.73,2275.2075,9.30915889222015,6.0,2.0,1,0
3,Meat and Seafood,2025-02-02,5,0,0,MANAGER_SPECIAL,248,2404.77,133,223.0,260.5,-18.999999999999986,2184.92,2438.6974999999998,9.38135369488288,7.0,2.0,1,0
3,Meat and Seafood,2025-02-09,6,0,0,COUPON,292,2652.73,150,248.0,253.0,-14.000000000000016,2404.77,2424.04,9.590229231550321,7.0,2.0,1,0
3,Meat and Seafood,2025-02-16,7,0,0,MANAGER_SPECIAL,304,2822.75,168,292.0,255.25,12.69999999999997,2652.73,2411.0375,9.472055887003151,7.0,2.0,1,1
3,Meat and Seafood,2025-02-23,8,0,0,COUPON,226,2183.83,122,304.0,266.75,28.70000000000001,2822.75,2516.2925,9.466138595591481,8.0,3.0,1,0
3,Meat and Seafood,2025-03-02,9,0,0,COUPON,236,2209.86,132,226.0,267.5,-5.399999999999988,2183.83,2516.02,9.432417862625888,8.0,3.0,1,0
3,Meat and Seafood,2025-03-09,10,0,0,MANAGER_SPECIAL,222,2063.93,125,236.0,264.5,-24.600000000000016,2209.86,2467.2924999999996,9.349207946004784,8.0,2.0,1,0
3,Meat and Seafood,2025-03-16,11,0,0,MANAGER_SPECIAL,219,2040.33,139,222.0,247.0,-23.600000000000026,2063.93,2320.0924999999997,9.402280496294798,8.0,1.0,1,0
3,Meat and Seafood,2025-03-23,12,0,0,COUPON,226,1806.47,122,219.0,225.75,-3.4999999999999925,2040.33,2124.4874999999997,9.410083871384922,8.0,1.0,1,1
3,Meat and Seafood,2025-03-30,13,0,0,COUPON,236,2259.59,135,226.0,225.75,-3.2999999999999905,1806.47,2030.1474999999998,8.992650243066338,8.0,2.0,1,0
3,Meat and Seafood,2025-04-06,14,0,0,MANAGER_SPECIAL,265,2528.92,149,236.0,225.75,4.900000000000002,2259.59,2042.58,9.045330327812101,8.0,2.0,1,0
3,Meat and Seafood,2025-04-13,15,0,0,BUNDLE,237,2284.92,142,265.0,236.5,14.800000000000026,2528.92,2158.8275,9.106858417222266,8.0,2.0,1,0
3,Meat and Seafood,2025-04-20,16,0,0,BUNDLE,253,2174.5,138,237.0,241.0,6.200000000000008,2284.92,2219.975,9.187967746162789,8.0,1.0,1,1
3,Meat and Seafood,2025-04-27,17,0,0,COUPON,279,1927.24,151,253.0,247.75,2.299999999999994,2174.5,2311.9825,9.338375639058658,8.0,2.0,1,1
3,Meat and Seafood,2025-05-04,18,0,0,BUNDLE,308,2863.99,167,279.0,258.5,5.799999999999995,1927.24,2228.895,8.671659727206402,8.0,3.0,1,0
3,Meat and Seafood,2025-05-11,19,0,0,COUPON,247,2279.9,135,308.0,269.25,23.899999999999988,2863.99,2312.6624999999995,8.61055335009295,8.0,3.0,1,0
3,Meat and Seafood,2025-05-18,20,0,0,BUNDLE,271,2450.84,151,247.0,271.75,1.0999999999999754,2279.9,2311.4075,8.507891278653394,8.0,3.0,1,0
3,Meat and Seafood,2025-05-25,21,0,0,BUNDLE,270,2041.1299999999999,144,271.0,276.25,-8.500000000000039,2450.84,2380.4925,8.620098372858726,8.0,2.0,1,1
3,Meat and Seafood,2025-06-01,22,0,0,COUPON,243,2258.83,132,270.0,274.0,-8.999999999999975,2041.1299999999999,2408.9649999999997,8.783115995319895,8.0,3.0,1,0
3,Meat and Seafood,2025-06-08,23,0,0,MANAGER_SPECIAL,270,2524.75,141,243.0,257.75,-1.299999999999995,2258.83,2257.6749999999997,8.78234796448242,8.0,3.0,1,0
3,Meat and Seafood,2025-06-15,24,0,0,MANAGER_SPECIAL,233,2300.44,126,270.0,263.5,-2.9999999999999853,2524.75,2318.8875,8.812488352846493,8.0,3.0,1,0
3,Meat and Seafood,2025-06-22,25,0,0,MANAGER_SPECIAL,234,2195.56,134,233.0,254.0,-8.400000000000016,2300.44,2281.2875,9.019849105423976,8.0,2.0,1,0
3,Meat and Seafood,2025-06-29,26,0,0,BUNDLE,180,1701.92,107,234.0,245.0,-6.399999999999995,2195.56,2319.8949999999995,9.47559768092255,8.0,1.0,1,0
3,Meat and Seafood,2025-07-06,27,0,0,COUPON,245,2369.27,138,180.0,229.25,-26.9,1701.92,2180.6674999999996,9.515476281745597,8.0,1.0,1,0
3,Meat and Seafood,2025-07-13,28,0,0,COUPON,287,2645.64,161,245.0,223.0,-1.8000000000000018,2369.27,2141.7974999999997,9.595367249243708,8.0,1.0,1,0
3,Meat and Seafood,2025-07-20,29,0,0,MANAGER_SPECIAL,216,1851.02,126,287.0,236.5,22.399999999999988,2645.64,2228.0975,9.431648447371446,8.0,1.0,1,1
3,Meat and Seafood,2025-07-27,30,0,0,MANAGER_SPECIAL,239,2320.58,130,216.0,232.0,14.999999999999996,1851.02,2141.9624999999996,9.228348945946944,8.0,1.0,1,0
3,Meat and Seafood,2025-08-03,31,0,0,BUNDLE,235,2207.19,132,239.0,246.75,-8.900000000000007,2320.58,2296.6274999999996,9.29195610540766,8.0,1.0,1,0
3,Meat and Seafood,2025-08-10,32,0,0,COUPON,250,2370.11,132,235.0,244.25,-13.300000000000015,2207.19,2256.1074999999996,9.222408124513175,8.0,1.0,1,0
3,Meat and Seafood,2025-08-17,33,0,0,MANAGER_SPECIAL,251,2380.95,139,250.0,235.0,9.799999999999981,2370.11,2187.225,9.287953664582862,8.0,1.0,1,0
3,Meat and Seafood,2025-08-24,34,0,0,COUPON,231,2173.26,137,251.0,243.75,5.099999999999997,2380.95,2319.7074999999995,9.517033548749897,8.0,1.0,1,0
3,Meat and Seafood,2025-08-31,35,0,0,MANAGER_SPECIAL,228,2065.8,130,231.0,241.75,-1.0999999999999828,2173.26,2282.8774999999996,9.44166159852439,8.0,1.0,1,0
3,Meat and Seafood,2025-09-07,36,0,0,COUPON,305,2851.55,168,228.0,240.0,-8.600000000000005,2065.8,2247.5299999999997,9.358718709386652,8.0,1.0,1,1
3,Meat and Seafood,2025-09-14,37,0,0,MANAGER_SPECIAL,293,2671.29,160,305.0,253.75,15.899999999999988,2851.55,2367.89,9.325944774960423,8.0,2.0,1,1
3,Meat and Seafood,2025-09-21,38,0,0,MANAGER_SPECIAL,291,2743.91,159,293.0,264.25,26.299999999999972,2671.29,2440.475,9.233738310715015,8.0,2.0,1,0
3,Meat and Seafood,2025-09-28,39,0,0,COUPON,239,2315.68,125,291.0,279.25,17.700000000000045,2743.91,2583.1375,9.239036320265603,8.0,2.0,1,0
3,Meat and Seafood,2025-10-05,40,0,0,NONE,216,2015.35,125,239.0,282.0,-20.000000000000014,2315.68,2645.6074999999996,9.396164155544176,8.0,2.0,0,0
3,Meat and Seafood,2025-10-12,41,0,0,BUNDLE,286,2663.75,159,216.0,259.75,-28.3,2015.35,2436.5575,9.391409108488922,7.0,2.0,1,0
3,Meat and Seafood,2025-10-19,42,0,0,COUPON,213,2002.97,125,286.0,258.0,-3.8000000000000136,2663.75,2434.6724999999997,9.440604226510832,7.0,2.0,1,0
3,Meat and Seafood,2025-10-26,43,0,0,COUPON,220,2045.33,135,213.0,238.5,-0.7999999999999761,2002.97,2249.4374999999995,9.434196985815802,7.0,2.0,1,1
3,Pet Food,2024-12-29,52,0,1,MANAGER_SPECIAL,133,992.4399999999999,74,,238.33333333333334,,,2227.356666666666,9.349250095453149,6.0,2.0,1,0
3,Pet Food,2025-01-05,1,1,0,BUNDLE,219,1578.17,128,133.0,210.66666666666666,,992.4399999999999,1886.3866666666665,8.72646036650114,6.0,1.0,1,0
3,Pet Food,2025-01-12,2,1,0,COUPON,252,1868.59,146,219.0,188.33333333333334,,1578.17,1524.5266666666664,8.023941872818263,6.0,0.0,1,0
3,Pet Food,2025-01-19,3,0,0,BOGO,253,1942.31,139,252.0,201.33333333333334,,1868.59,1479.733333333333,7.361083425840097,6.0,0.0,1,0
3,Pet Food,2025-01-26,4,0,0,BOGO,208,1560.07,116,253.0,214.25,39.29999999999998,1942.31,1595.3774999999996,7.4400912255065546,6.0,0.0,1,0
3,Pet Food,2025-02-02,5,0,0,MANAGER_SPECIAL,215,1579.58,122,208.0,233.0,-3.199999999999997,1560.07,1737.2849999999999,7.449686638317428,7.0,0.0,1,0
3,Pet Food,2025-02-09,6,0,0,COUPON,267,2018.89,149,215.0,232.0,-15.600000000000017,1579.58,1737.6374999999998,7.484843641609348,7.0,0.0,1,0
3,Pet Food,2025-02-16,7,0,0,MANAGER_SPECIAL,236,1534.95,127,267.0,235.75,4.900000000000015,2018.89,1775.2124999999996,7.521430162921993,7.0,0.0,1,1
3,Pet Food,2025-02-23,8,0,0,COUPON,196,1487.6299999999999,107,236.0,231.5,13.60000000000002,1534.95,1673.3725,7.228157862727714,8.0,1.0,1,0
3,Pet Food,2025-03-02,9,0,0,COUPON,238,1814.35,126,196.0,228.5,-8.800000000000006,1487.6299999999999,1655.2624999999998,7.250560973010288,8.0,1.0,1,0
3,Pet Food,2025-03-09,10,0,0,MANAGER_SPECIAL,209,1644.04,109,238.0,234.25,-12.699999999999964,1814.35,1713.955,7.3196698747105025,8.0,1.0,1,0
3,Pet Food,2025-03-16,11,0,0,MANAGER_SPECIAL,207,1146.19,120,209.0,219.75,-3.9000000000000057,1644.04,1620.2424999999998,7.395878456686382,8.0,1.0,1,1
3,Pet Food,2025-03-23,12,0,0,MANAGER_SPECIAL,242,1750.94,144,207.0,212.5,0.3999999999999847,1146.19,1523.0524999999996,7.154159540367705,8.0,2.0,1,1
3,Pet Food,2025-03-30,13,0,0,COUPON,248,1299.25,125,242.0,224.0,1.0000000000000042,1750.94,1588.8799999999999,7.065494609519334,8.0,3.0,1,1
3,Pet Food,2025-04-06,14,0,0,MANAGER_SPECIAL,200,1536.72,108,248.0,226.5,15.200000000000003,1299.25,1460.1049999999998,6.469392600167206,8.0,4.0,1,0
3,Pet Food,2025-04-13,15,0,0,BUNDLE,233,1743.55,134,200.0,224.25,-1.5000000000000222,1536.72,1433.2749999999996,6.423737576243761,8.0,4.0,1,0
3,Pet Food,2025-04-20,16,0,0,BUNDLE,217,1686.28,130,233.0,230.75,-7.499999999999992,1743.55,1582.6149999999998,6.910211939205341,8.0,3.0,1,0
3,Pet Food,2025-04-27,17,0,0,MANAGER_SPECIAL,247,1820.66,129,217.0,224.5,-6.000000000000023,1686.28,1566.4499999999998,7.04410851916497,8.0,3.0,1,0
3,Pet Food,2025-05-04,18,0,0,BUNDLE,193,1461.94,118,247.0,224.25,12.499999999999998,1820.66,1696.8024999999998,7.577153975936552,8.0,3.0,1,0
3,Pet Food,2025-05-11,19,0,0,COUPON,203,1515.07,114,193.0,222.5,-8.999999999999979,1461.94,1678.1074999999998,7.549958639148988,8.0,3.0,1,0
3,Pet Food,2025-05-18,20,0,0,BUNDLE,252,1877.01,145,203.0,215.0,-9.59999999999998,1515.07,1620.9874999999997,7.545046590268462,8.0,2.0,1,0
3,Pet Food,2025-05-25,21,0,0,BUNDLE,208,1585.2,118,252.0,223.75,2.5000000000000093,1877.01,1668.6699999999996,7.46444079149734,8.0,1.0,1,0
3,Pet Food,2025-06-01,22,0,0,COUPON,194,1461.73,109,208.0,214.0,9.4,1585.2,1609.8049999999998,7.526955973683576,8.0,0.0,1,0
3,Pet Food,2025-06-08,23,0,0,MANAGER_SPECIAL,233,1748.53,126,194.0,214.25,-7.100000000000009,1461.73,1609.7524999999998,7.516923990883511,8.0,0.0,1,0
3,Pet Food,2025-06-15,24,0,0,COUPON,263,1968.11,147,233.0,221.75,-7.1000000000000085,1748.53,1668.1174999999996,7.527179387403522,8.0,0.0,1,0
3,Pet Food,2025-06-22,25,0,0,MANAGER_SPECIAL,209,1605.05,121,263.0,224.5,20.4,1968.11,1690.8925,7.535893288363145,8.0,0.0,1,0
3,Pet Food,2025-06-29,26,0,0,BUNDLE,200,1521.19,113,209.0,224.75,7.500000000000012,1605.05,1695.8549999999996,7.550521094767268,8.0,0.0,1,0
3,Pet Food,2025-07-06,27,0,0,COUPON,229,1717.17,123,200.0,226.25,-15.29999999999996,1521.19,1710.7199999999998,7.568335914354897,8.0,0.0,1,0
3,Pet Food,2025-07-13,28,0,0,COUPON,208,1479.49,120,229.0,225.25,-11.100000000000023,1717.17,1702.8799999999999,7.566870502131571,8.0,0.0,1,0
3,Pet Food,2025-07-20,29,0,0,MANAGER_SPECIAL,201,1505.23,120,208.0,211.5,2.599999999999998,1479.49,1580.725,7.474276679010775,8.0,0.0,1,0
3,Pet Food,2025-07-27,30,0,0,MANAGER_SPECIAL,195,1457.75,111,201.0,209.5,-1.799999999999983,1505.23,1555.77,7.426537027983614,8.0,0.0,1,0
3,Pet Food,2025-08-03,31,0,0,BOGO,251,1916.43,138,195.0,208.25,-10.899999999999999,1457.75,1539.9099999999999,7.3939597843938705,8.0,0.0,1,0
3,Pet Food,2025-08-10,32,0,0,COUPON,214,1413.32,120,251.0,213.75,12.299999999999992,1916.43,1589.7249999999997,7.428114867119735,8.0,0.0,1,1
3,Pet Food,2025-08-17,33,0,0,MANAGER_SPECIAL,240,1799.33,131,214.0,215.25,9.500000000000007,1413.32,1573.1825,7.300956460397953,8.0,1.0,1,0
3,Pet Food,2025-08-24,34,0,0,COUPON,210,1515.93,124,240.0,225.0,9.800000000000018,1799.33,1646.7075,7.303081926815863,8.0,1.0,1,0
3,Pet Food,2025-08-31,35,0,0,MANAGER_SPECIAL,192,1473.0,110,210.0,228.75,-9.700000000000012,1515.93,1661.2524999999998,7.238850241834179,8.0,1.0,1,0
3,Pet Food,2025-09-07,36,0,0,COUPON,201,1510.56,122,192.0,214.0,-9.600000000000012,1473.0,1550.3949999999998,7.248024171117047,8.0,1.0,1,0
3,Pet Food,2025-09-14,37,0,0,MANAGER_SPECIAL,221,1543.01,127,201.0,210.75,-13.500000000000014,1510.56,1574.7049999999997,7.47575537491116,8.0,1.0,1,1
3,Pet Food,2025-09-21,38,0,0,MANAGER_SPECIAL,269,1912.23,136,221.0,206.0,4.200000000000009,1543.01,1510.625,7.346939716917193,8.0,2.0,1,1
3,Pet Food,2025-09-28,39,0,0,COUPON,223,1644.79,115,269.0,220.75,25.099999999999998,1912.23,1609.6999999999998,7.319426572997916,8.0,3.0,1,0
3,Pet Food,2025-10-05,40,0,0,COUPON,226,1203.25,124,223.0,228.5,11.399999999999999,1644.79,1652.6474999999998,7.245392800576392,8.0,3.0,1,1
3,Pet Food,2025-10-12,41,0,0,BOGO,226,1656.99,126,226.0,234.75,-3.0999999999999877,1203.25,1575.8199999999997,6.697615591489084,8.0,3.0,1,0
3,Pet Food,2025-10-19,42,0,0,COUPON,218,1657.96,122,226.0,236.0,-12.599999999999975,1656.99,1604.3149999999996,6.785082705972726,8.0,3.0,1,0
3,Pet Food,2025-10-26,43,0,0,COUPON,199,1446.85,116,218.0,223.25,-1.500000000000006,1657.96,1540.7474999999997,6.909247553692791,8.0,3.0,1,0
3,Prepared Meals,2024-12-29,52,0,1,MANAGER_SPECIAL,162,1297.73,93,,223.33333333333334,,,1506.0666666666664,6.753750101485754,7.0,3.0,1,0
3,Prepared Meals,2025-01-05,1,1,0,BUNDLE,315,2332.09,172,162.0,202.0,,1297.73,1537.5599999999997,7.649271424185051,7.0,3.0,1,1
3,Prepared Meals,2025-01-12,2,1,0,COUPON,345,2662.03,195,315.0,231.66666666666666,,2332.09,1762.5933333333332,7.673153476907813,7.0,3.0,1,1
3,Prepared Meals,2025-01-19,3,0,0,COUPON,383,3105.15,206,345.0,274.0,,2662.03,2097.2833333333333,7.710056105104417,7.0,3.0,1,0
3,Prepared Meals,2025-01-26,4,0,0,BOGO,279,2257.62,154,383.0,301.25,69.30000000000003,3105.15,2349.25,7.80940239214424,7.0,3.0,1,0
3,Prepared Meals,2025-02-02,5,0,0,MANAGER_SPECIAL,306,2439.19,165,279.0,330.5,-7.00000000000002,2257.62,2589.2225,7.8296896283051325,7.0,2.0,1,0
3,Prepared Meals,2025-02-09,6,0,0,COUPON,309,2530.41,171,306.0,328.25,-22.09999999999998,2439.19,2615.9975,7.971626836521752,7.0,2.0,1,0
3,Prepared Meals,2025-02-16,7,0,0,MANAGER_SPECIAL,272,1651.18,171,309.0,319.25,-19.499999999999993,2530.41,2583.0924999999997,8.089876871698337,7.0,2.0,1,1
3,Prepared Meals,2025-02-23,8,0,0,COUPON,311,2564.47,174,272.0,291.5,-1.7999999999999874,1651.18,2219.6,7.580645234852999,8.0,3.0,1,0
3,Prepared Meals,2025-03-02,9,0,0,COUPON,285,2181.42,166,311.0,299.5,-2.200000000000011,2564.47,2296.3125,7.6191593066989345,8.0,3.0,1,0
3,Prepared Meals,2025-03-09,10,0,0,MANAGER_SPECIAL,322,2542.89,171,285.0,294.25,-3.3000000000000176,2181.42,2231.87,7.539883334906708,8.0,2.0,1,0
3,Prepared Meals,2025-03-16,11,0,0,COUPON,266,2093.04,156,322.0,297.5,12.40000000000002,2542.89,2234.99,7.466919531614181,8.0,1.0,1,0
3,Prepared Meals,2025-03-23,12,0,0,MANAGER_SPECIAL,292,2355.0,168,266.0,296.0,-9.8,2093.04,2345.455,7.91643371228645,8.0,1.0,1,0
3,Prepared Meals,2025-03-30,13,0,0,COUPON,370,2059.3,190,292.0,291.25,-3.4999999999999845,2355.0,2293.0874999999996,7.871229774480874,8.0,1.0,1,1
3,Prepared Meals,2025-04-06,14,0,0,MANAGER_SPECIAL,333,2684.62,181,370.0,312.5,16.999999999999968,2059.3,2262.5575,7.349122377610319,8.0,2.0,1,0
3,Prepared Meals,2025-04-13,15,0,0,BUNDLE,257,2034.89,140,333.0,315.25,27.90000000000002,2684.62,2297.99,7.3903093798299295,8.0,2.0,1,0
3,Prepared Meals,2025-04-20,16,0,0,BUNDLE,350,2779.45,186,257.0,313.0,-14.199999999999983,2034.89,2283.4525,7.402631503231819,8.0,1.0,1,1
3,Prepared Meals,2025-04-27,17,0,0,MANAGER_SPECIAL,338,2752.1,188,350.0,327.5,-13.600000000000001,2779.45,2389.5649999999996,7.371685808515577,8.0,2.0,1,0
3,Prepared Meals,2025-05-04,18,0,0,BUNDLE,332,2628.38,183,338.0,319.5,10.799999999999997,2752.1,2562.765,8.01584381267358,8.0,2.0,1,0
3,Prepared Meals,2025-05-11,19,0,0,COUPON,260,1967.07,140,332.0,319.25,21.300000000000022,2628.38,2548.7049999999995,7.979565139422016,8.0,2.0,1,1
3,Prepared Meals,2025-05-18,20,0,0,MANAGER_SPECIAL,301,2211.95,174,260.0,320.0,-27.59999999999998,1967.07,2531.7499999999995,7.891513620415731,8.0,3.0,1,1
3,Prepared Meals,2025-05-25,21,0,0,BUNDLE,284,2198.75,145,301.0,307.75,-18.300000000000043,2211.95,2389.875,7.743359965930681,8.0,4.0,1,1
3,Prepared Meals,2025-06-01,22,0,0,COUPON,301,2451.04,164,284.0,294.25,-10.299999999999988,2198.75,2251.5374999999995,7.64330240905094,8.0,4.0,1,0
3,Prepared Meals,2025-06-08,23,0,0,MANAGER_SPECIAL,312,2487.82,173,301.0,286.5,10.600000000000035,2451.04,2207.2025,7.699848110127673,8.0,4.0,1,0
3,Prepared Meals,2025-06-15,24,0,0,COUPON,306,2485.32,159,312.0,299.5,5.0000000000000115,2487.82,2337.39,7.8018801614097235,8.0,4.0,1,0
3,Prepared Meals,2025-06-22,25,0,0,MANAGER_SPECIAL,261,2077.62,145,306.0,300.75,7.700000000000016,2485.32,2405.7325,7.9952025834017775,8.0,3.0,1,0
3,Prepared Meals,2025-06-29,26,0,0,BUNDLE,255,2039.99,137,261.0,295.0,-12.599999999999959,2077.62,2375.45,8.049740688468962,8.0,3.0,1,0
3,Prepared Meals,2025-07-06,27,0,0,COUPON,314,2525.68,165,255.0,283.5,-21.600000000000026,2039.99,2272.6875,8.013983376241745,8.0,3.0,1,0
3,Prepared Meals,2025-07-13,28,0,0,COUPON,300,1876.0,166,314.0,284.0,1.7999999999999914,2525.68,2282.1525,8.031429583166457,8.0,2.0,1,1
3,Prepared Meals,2025-07-20,29,0,0,MANAGER_SPECIAL,321,2464.4,172,300.0,282.5,17.599999999999994,1876.0,2129.8224999999998,7.564272720421357,8.0,2.0,1,0
3,Prepared Meals,2025-07-27,30,0,0,MANAGER_SPECIAL,251,1974.28,144,321.0,297.5,18.40000000000001,2464.4,2226.5175,7.493529890901537,8.0,1.0,1,0
3,Prepared Meals,2025-08-03,31,0,0,BUNDLE,318,2561.54,173,251.0,296.5,-16.799999999999994,1974.28,2210.0899999999997,7.459954037452588,8.0,1.0,1,0
3,Prepared Meals,2025-08-10,32,0,0,COUPON,273,2138.14,152,318.0,297.5,-1.6000000000000356,2561.54,2219.055,7.4628516258834665,8.0,1.0,1,0
3,Prepared Meals,2025-08-17,33,0,0,MANAGER_SPECIAL,266,2154.91,151,273.0,290.75,-7.7,2138.14,2284.5899999999997,7.857521955553795,8.0,1.0,1,0
3,Prepared Meals,2025-08-24,34,0,0,COUPON,294,2290.9,171,266.0,277.0,4.919559283351271e-15,2154.91,2207.2174999999997,7.963498667192706,8.0,1.0,1,0
3,Prepared Meals,2025-08-31,35,0,0,MANAGER_SPECIAL,361,2775.34,195,294.0,287.75,-7.899999999999992,2290.9,2286.3724999999995,7.945128542250298,8.0,1.0,1,1
3,Prepared Meals,2025-09-07,36,0,0,COUPON,302,2369.67,160,361.0,298.5,29.19999999999999,2775.34,2339.8224999999998,7.85331984349248,8.0,2.0,1,0
3,Prepared Meals,2025-09-14,37,0,0,MANAGER_SPECIAL,380,2954.55,193,302.0,305.75,17.5,2369.67,2397.705,7.8569635314821955,8.0,1.0,1,0
3,Prepared Meals,2025-09-21,38,0,0,MANAGER_SPECIAL,349,2784.84,179,380.0,334.25,19.900000000000002,2954.55,2597.615,7.775455072835579,8.0,1.0,1,0
3,Prepared Meals,2025-09-28,39,0,0,COUPON,249,1952.5,142,349.0,348.0,4.199999999999981,2784.84,2721.1,7.822281915320424,8.0,1.0,1,0
3,Prepared Meals,2025-10-05,40,0,0,BUNDLE,309,2427.36,162,249.0,320.0,-18.999999999999996,1952.5,2515.39,7.860642671363989,8.0,1.0,1,0
3,Prepared Meals,2025-10-12,41,0,0,BOGO,363,2923.22,190,309.0,321.75,-31.299999999999976,2427.36,2529.8125,7.862878815516243,8.0,1.0,1,0
3,Prepared Meals,2025-10-19,42,0,0,BUNDLE,339,2525.22,176,363.0,317.5,10.200000000000003,2923.22,2521.9799999999996,7.932332835379951,8.0,1.0,1,1
3,Prepared Meals,2025-10-26,43,0,0,COUPON,294,2349.58,170,339.0,315.0,32.40000000000002,2525.22,2457.075,7.799718412376173,8.0,2.0,1,0
3,Snacks/Cookies/Chips,2024-12-29,52,0,1,MANAGER_SPECIAL,159,487.88,81,,337.0,,,2625.2666666666664,7.785836062552434,7.0,1.0,1,0
3,Snacks/Cookies/Chips,2025-01-05,1,1,0,BUNDLE,271,788.88,143,159.0,287.0,,487.88,1978.7733333333326,6.19013396001025,7.0,1.0,1,1
3,Snacks/Cookies/Chips,2025-01-12,2,1,0,COUPON,261,822.23,145,271.0,256.3333333333333,,788.88,1267.3266666666661,4.476150177197216,7.0,2.0,1,0
3,Snacks/Cookies/Chips,2025-01-19,3,0,0,COUPON,292,928.17,157,261.0,230.33333333333334,,822.23,699.663333333333,3.0432434987763473,7.0,2.0,1,0
3,Snacks/Cookies/Chips,2025-01-26,4,0,0,BOGO,224,656.54,129,292.0,245.75,38.90000000000003,928.17,756.7899999999997,3.0770987199726716,7.0,2.0,1,1
3,Snacks/Cookies/Chips,2025-02-02,5,0,0,MANAGER_SPECIAL,264,853.84,137,224.0,262.0,-10.999999999999993,656.54,798.9549999999997,3.0427373374479636,7.0,3.0,1,0
3,Snacks/Cookies/Chips,2025-02-09,6,0,0,COUPON,304,943.72,160,264.0,260.25,-5.899999999999993,853.84,815.1949999999997,3.123548866017795,7.0,3.0,1,0
3,Snacks/Cookies/Chips,2025-02-16,7,0,0,MANAGER_SPECIAL,262,688.27,149,304.0,271.0,7.600000000000025,943.72,845.5674999999999,3.1120577639810936,7.0,2.0,1,1
3,Snacks/Cookies/Chips,2025-02-23,8,0,0,COUPON,287,941.71,154,262.0,263.5,15.400000000000002,688.27,785.5924999999997,2.97413785129679,8.0,3.0,1,0
3,Snacks/Cookies/Chips,2025-03-02,9,0,0,COUPON,254,625.28,146,287.0,279.25,2.7000000000000415,941.71,856.8849999999998,3.061697193631285,8.0,3.0,1,1
3,Snacks/Cookies/Chips,2025-03-09,10,0,0,MANAGER_SPECIAL,220,690.18,124,254.0,276.75,-12.500000000000007,625.28,799.7449999999998,2.8685696584368205,8.0,3.0,1,0
3,Snacks/Cookies/Chips,2025-03-16,11,0,0,MANAGER_SPECIAL,259,827.58,142,220.0,255.75,-15.899999999999967,690.18,736.3599999999998,2.8767795866664856,8.0,3.0,1,0
3,Snacks/Cookies/Chips,2025-03-23,12,0,0,MANAGER_SPECIAL,242,742.99,137,259.0,255.0,-11.799999999999988,827.58,771.1874999999998,3.018855797282772,8.0,3.0,1,0
3,Snacks/Cookies/Chips,2025-03-30,13,0,0,COUPON,253,834.2,144,242.0,243.75,0.3000000000000272,742.99,721.5074999999998,2.9661025721265535,8.0,2.0,1,0
3,Snacks/Cookies/Chips,2025-04-06,14,0,0,MANAGER_SPECIAL,250,783.39,139,253.0,243.5,8.200000000000006,834.2,773.7374999999997,3.174977801655669,8.0,2.0,1,0
3,Snacks/Cookies/Chips,2025-04-13,15,0,0,BUNDLE,240,746.99,132,250.0,251.0,-1.599999999999986,783.39,797.0399999999998,3.1740723471102146,8.0,2.0,1,0
3,Snacks/Cookies/Chips,2025-04-20,16,0,0,BUNDLE,290,896.56,151,240.0,246.25,-0.9000000000000048,746.99,776.8924999999997,3.1533645366211545,8.0,1.0,1,0
3,Snacks/Cookies/Chips,2025-04-27,17,0,0,MANAGER_SPECIAL,247,712.71,146,290.0,258.25,10.099999999999996,896.56,815.2849999999997,3.15870943545273,8.0,1.0,1,1
3,Snacks/Cookies/Chips,2025-05-04,18,0,0,BUNDLE,250,798.01,143,247.0,256.75,4.100000000000006,712.71,784.9124999999997,3.055767531818607,8.0,1.0,1,0
3,Snacks/Cookies/Chips,2025-05-11,19,0,0,COUPON,226,714.04,129,250.0,256.75,-1.2999999999999774,798.01,788.5674999999998,3.0703875318186067,8.0,1.0,1,0
3,Snacks/Cookies/Chips,2025-05-18,20,0,0,BUNDLE,260,820.48,142,226.0,253.25,-18.9,714.04,780.3299999999998,3.082140205122441,8.0,1.0,1,0
3,Snacks/Cookies/Chips,2025-05-25,21,0,0,BUNDLE,222,695.9,120,260.0,245.75,1.5000000000000169,820.48,761.3099999999998,3.0981667303213802,8.0,1.0,1,0
3,Snacks/Cookies/Chips,2025-06-01,22,0,0,COUPON,259,811.72,146,222.0,239.5,-5.0,695.9,757.1074999999998,3.160471504731418,8.0,1.0,1,0
3,Snacks/Cookies/Chips,2025-06-08,23,0,0,MANAGER_SPECIAL,275,837.5,160,259.0,241.75,6.10000000000002,811.72,760.5349999999997,3.1459750182449313,8.0,1.0,1,0
3,Snacks/Cookies/Chips,2025-06-15,24,0,0,COUPON,238,767.7,131,275.0,254.0,8.200000000000042,837.5,791.3999999999997,3.1174713979714,8.0,1.0,1,0
3,Snacks/Cookies/Chips,2025-06-22,25,0,0,MANAGER_SPECIAL,257,809.61,137,238.0,248.5,6.400000000000008,767.7,778.2049999999997,3.134955884073533,8.0,1.0,1,0
3,Snacks/Cookies/Chips,2025-06-29,26,0,0,BUNDLE,217,624.52,117,257.0,257.25,-4.300000000000004,809.61,806.6324999999998,3.1388430786611163,8.0,0.0,1,1
3,Snacks/Cookies/Chips,2025-07-06,27,0,0,COUPON,275,724.46,143,217.0,246.75,-15.499999999999982,624.52,759.8324999999998,3.074822652705207,8.0,1.0,1,1
3,Snacks/Cookies/Chips,2025-07-13,28,0,0,COUPON,302,946.66,160,275.0,246.75,7.099999999999984,724.46,731.5724999999998,2.9720590163415705,8.0,2.0,1,0
3,Snacks/Cookies/Chips,2025-07-20,29,0,0,MANAGER_SPECIAL,268,868.77,136,302.0,262.75,19.299999999999983,946.66,776.3124999999998,2.949310393713711,8.0,2.0,1,0
3,Snacks/Cookies/Chips,2025-07-27,30,0,0,MANAGER_SPECIAL,250,804.24,131,268.0,265.5,18.00000000000004,868.77,791.1024999999997,2.9721718040743594,8.0,2.0,1,0
3,Snacks/Cookies/Chips,2025-08-03,31,0,0,BUNDLE,259,820.66,147,250.0,273.75,-10.90000000000002,804.24,836.0324999999998,3.0569187165167557,8.0,2.0,1,0
3,Snacks/Cookies/Chips,2025-08-10,32,0,0,COUPON,255,816.08,146,259.0,269.75,-14.699999999999983,820.66,860.0824999999998,3.190461573659613,8.0,2.0,1,0
3,Snacks/Cookies/Chips,2025-08-17,33,0,0,MANAGER_SPECIAL,223,691.87,129,255.0,258.0,-3.0000000000000058,816.08,827.4374999999998,3.206881064634811,8.0,2.0,1,0
3,Snacks/Cookies/Chips,2025-08-24,34,0,0,COUPON,264,813.95,156,223.0,246.75,-8.499999999999996,691.87,783.2124999999997,3.1721003019683227,8.0,2.0,1,0
3,Snacks/Cookies/Chips,2025-08-31,35,0,0,MANAGER_SPECIAL,208,656.55,125,264.0,250.25,-1.6999999999999886,813.95,785.6399999999998,3.1386462868168077,8.0,1.0,1,0
3,Snacks/Cookies/Chips,2025-09-07,36,0,0,COUPON,274,867.53,143,208.0,237.5,-10.000000000000027,656.55,744.6124999999998,3.1356260258277966,8.0,0.0,1,0
3,Snacks/Cookies/Chips,2025-09-14,37,0,0,MANAGER_SPECIAL,256,821.04,146,274.0,242.25,9.699999999999967,867.53,757.4749999999997,3.127089565258167,8.0,0.0,1,0
3,Snacks/Cookies/Chips,2025-09-21,38,0,0,MANAGER_SPECIAL,285,894.01,161,256.0,250.5,4.200000000000015,821.04,789.7674999999997,3.1532474268052524,8.0,0.0,1,0
3,Snacks/Cookies/Chips,2025-09-28,39,0,0,COUPON,239,753.37,131,285.0,255.75,21.300000000000033,894.01,809.7824999999998,3.1666807402023815,8.0,0.0,1,0
3,Snacks/Cookies/Chips,2025-10-05,40,0,0,NONE,314,1009.4,165,239.0,263.5,-7.599999999999973,753.37,833.9874999999997,3.1656020771029287,8.0,0.0,0,0
3,Snacks/Cookies/Chips,2025-10-12,41,0,0,BOGO,289,927.11,156,314.0,273.5,12.800000000000011,1009.4,869.4549999999998,3.177722526682175,7.0,0.0,1,0
3,Snacks/Cookies/Chips,2025-10-19,42,0,0,COUPON,234,746.03,130,289.0,281.75,8.70000000000003,927.11,895.9724999999999,3.1779239215783686,7.0,0.0,1,0
3,Snacks/Cookies/Chips,2025-10-26,43,0,0,COUPON,253,786.22,144,234.0,269.0,-3.999999999999983,746.03,858.9774999999997,3.1907452216233527,7.0,0.0,1,0
4,Alcohol,2024-12-29,52,0,1,MANAGER_SPECIAL,219,2746.02,114,,279.0,,,894.1799999999997,3.203601718091946,6.0,0.0,1,1
4,Alcohol,2025-01-05,1,1,0,BUNDLE,316,3915.91,182,219.0,247.33333333333334,,2746.02,1473.053333333333,6.3116865274454055,6.0,1.0,1,0
4,Alcohol,2025-01-12,2,1,0,COUPON,317,3867.8,171,316.0,256.3333333333333,,3915.91,2469.3199999999997,9.373062251972,6.0,1.0,1,0
4,Alcohol,2025-01-19,3,0,0,COUPON,319,3922.28,179,317.0,284.0,,3867.8,3509.91,12.377428730802201,6.0,1.0,1,0
4,Alcohol,2025-01-26,4,0,0,BOGO,331,4077.05,182,319.0,292.75,30.100000000000026,3922.28,3613.0024999999996,12.356958695437074,6.0,1.0,1,0
4,Alcohol,2025-02-02,5,0,0,MANAGER_SPECIAL,300,3736.06,170,331.0,320.75,4.6999999999999815,4077.05,3945.7599999999998,12.301575568341928,7.0,1.0,1,0
4,Alcohol,2025-02-09,6,0,0,COUPON,336,4179.57,186,300.0,316.75,-3.8999999999999724,3736.06,3900.7975,12.316928838384122,7.0,1.0,1,0
4,Alcohol,2025-02-16,7,0,0,MANAGER_SPECIAL,310,3675.54,171,336.0,321.5,2.000000000000007,4179.57,3978.74,12.37641248811373,7.0,1.0,1,0
4,Alcohol,2025-02-23,8,0,0,COUPON,261,3292.76,146,310.0,319.25,-2.699999999999986,3675.54,3917.0549999999994,12.26667050206863,8.0,1.0,1,0
4,Alcohol,2025-03-02,9,0,0,COUPON,356,4455.28,189,261.0,301.75,-14.299999999999985,3292.76,3720.9825,12.341312276096017,8.0,0.0,1,0
4,Alcohol,2025-03-09,10,0,0,MANAGER_SPECIAL,312,3988.41,168,356.0,315.75,1.0999999999999683,4455.28,3900.7874999999995,12.356636807931224,8.0,0.0,1,0
4,Alcohol,2025-03-16,11,0,0,MANAGER_SPECIAL,331,4105.8,178,312.0,309.75,10.100000000000005,3988.41,3852.9974999999995,12.44267904694221,8.0,0.0,1,0
4,Alcohol,2025-03-23,12,0,0,MANAGER_SPECIAL,373,4647.07,193,331.0,315.0,16.600000000000012,4105.8,3960.5625,12.579591287464577,8.0,0.0,1,0
4,Alcohol,2025-03-30,13,0,0,COUPON,309,3864.55,171,373.0,343.0,6.999999999999993,4647.07,4299.139999999999,12.540264790078776,8.0,0.0,1,0
4,Alcohol,2025-04-06,14,0,0,MANAGER_SPECIAL,317,3889.62,181,309.0,331.25,3.300000000000014,3864.55,4151.4575,12.538215500962016,8.0,0.0,1,0
4,Alcohol,2025-04-13,15,0,0,BUNDLE,235,2822.1,131,317.0,332.5,-10.600000000000009,3889.62,4126.76,12.409897814114164,8.0,0.0,1,0
4,Alcohol,2025-04-20,16,0,0,BUNDLE,313,3874.73,182,235.0,308.5,-40.599999999999994,2822.1,3805.8349999999996,12.311074454854667,8.0,0.0,1,1
4,Alcohol,2025-04-27,17,0,0,MANAGER_SPECIAL,288,3488.09,162,313.0,293.5,-7.000000000000024,3874.73,3612.75,12.291248546281572,8.0,1.0,1,0
4,Alcohol,2025-05-04,18,0,0,BUNDLE,352,4241.54,189,288.0,288.25,-0.8999999999999903,3488.09,3518.635,12.192445873007571,8.0,1.0,1,0
4,Alcohol,2025-05-11,19,0,0,COUPON,301,3750.08,170,352.0,297.0,32.599999999999994,4241.54,3606.615,12.137379600065213,8.0,1.0,1,1
4,Alcohol,2025-05-18,20,0,0,BUNDLE,385,4631.86,201,301.0,313.5,2.8000000000000087,3750.08,3838.6099999999997,12.249829942894081,8.0,2.0,1,0
4,Alcohol,2025-05-25,21,0,0,BUNDLE,329,3825.59,191,385.0,331.5,24.000000000000032,4631.86,4027.8925,12.162698973224774,8.0,2.0,1,1
4,Alcohol,2025-06-01,22,0,0,COUPON,351,4376.72,186,329.0,341.75,1.5000000000000133,3825.59,4112.2675,12.041826353121769,8.0,3.0,1,0
4,Alcohol,2025-06-08,23,0,0,MANAGER_SPECIAL,291,3512.04,164,351.0,341.5,9.399999999999993,4376.72,4146.0625,12.14669090408007,8.0,3.0,1,0
4,Alcohol,2025-06-15,24,0,0,COUPON,307,3763.73,176,291.0,339.0,-26.000000000000004,3512.04,4086.5525,12.049223013543372,8.0,3.0,1,0
4,Alcohol,2025-06-22,25,0,0,MANAGER_SPECIAL,350,4274.81,199,307.0,319.5,-12.6,3763.73,3869.52,12.106448424939792,8.0,2.0,1,0
4,Alcohol,2025-06-29,26,0,0,BUNDLE,344,4002.33,191,350.0,324.75,1.2999999999999985,4274.81,3981.825,12.252900856550735,8.0,2.0,1,1
4,Alcohol,2025-07-06,27,0,0,COUPON,314,3940.2,173,344.0,323.0,20.200000000000014,4002.33,3888.2274999999995,12.044248977368333,8.0,3.0,1,0
4,Alcohol,2025-07-13,28,0,0,COUPON,273,3435.52,153,314.0,328.75,1.5000000000000222,3940.2,3995.2675,12.164134393350997,8.0,2.0,1,0
4,Alcohol,2025-07-20,29,0,0,MANAGER_SPECIAL,354,4392.03,191,273.0,320.25,-26.099999999999977,3435.52,3913.2149999999997,12.245288269333862,8.0,2.0,1,0
4,Alcohol,2025-07-27,30,0,0,MANAGER_SPECIAL,294,3475.12,158,354.0,321.25,-1.0999999999999925,4392.03,3942.5199999999995,12.293568656743062,8.0,1.0,1,0
4,Alcohol,2025-08-03,31,0,0,BUNDLE,305,3718.79,172,294.0,308.75,2.0999999999999934,3475.12,3810.7174999999997,12.339932612208969,8.0,1.0,1,0
4,Alcohol,2025-08-10,32,0,0,COUPON,315,3864.83,176,305.0,306.5,3.600000000000003,3718.79,3755.3649999999993,12.25101922597111,8.0,1.0,1,0
4,Alcohol,2025-08-17,33,0,0,MANAGER_SPECIAL,266,3260.96,153,315.0,317.0,-10.599999999999978,3864.83,3862.6924999999997,12.17226403671592,8.0,1.0,1,0
4,Alcohol,2025-08-24,34,0,0,COUPON,335,3705.13,191,266.0,295.0,-7.399999999999974,3260.96,3579.9249999999993,12.135359965096193,8.0,1.0,1,1
4,Alcohol,2025-08-31,35,0,0,MANAGER_SPECIAL,314,3776.2,183,335.0,305.25,4.100000000000016,3705.13,3637.4275,11.945348339550453,8.0,1.0,1,0
4,Alcohol,2025-09-07,36,0,0,COUPON,354,4385.94,199,314.0,307.5,6.600000000000009,3776.2,3651.7799999999997,11.903688477380669,8.0,1.0,1,0
4,Alcohol,2025-09-14,37,0,0,MANAGER_SPECIAL,350,4315.17,188,354.0,317.25,24.299999999999986,4385.94,3782.0574999999994,11.933778334792562,8.0,1.0,1,0
4,Alcohol,2025-09-21,38,0,0,MANAGER_SPECIAL,332,4135.95,180,350.0,338.25,8.500000000000007,4315.17,4045.609999999999,11.95123059043166,8.0,1.0,1,0
4,Alcohol,2025-09-28,39,0,0,COUPON,338,3061.14,190,332.0,337.5,5.000000000000018,4135.95,4153.315,12.30062838309485,8.0,1.0,1,1
4,Alcohol,2025-10-05,40,0,0,BUNDLE,320,3753.54,188,338.0,343.5,-6.600000000000014,3061.14,3974.5499999999993,11.558256525408193,8.0,2.0,1,1
4,Alcohol,2025-10-12,41,0,0,BOGO,300,3727.95,168,320.0,335.0,-8.399999999999999,3753.54,3816.4499999999994,11.393294396170907,8.0,3.0,1,0
4,Alcohol,2025-10-19,42,0,0,COUPON,258,2995.22,153,300.0,322.5,-11.39999999999998,3727.95,3669.6449999999995,11.41765511045662,8.0,3.0,1,1
4,Alcohol,2025-10-26,43,0,0,COUPON,301,3884.93,169,258.0,304.0,-25.99999999999996,2995.22,3384.462499999999,11.20557989097404,8.0,3.0,1,0
4,Bakery,2024-12-29,52,0,1,MANAGER_SPECIAL,181,689.17,104,,292.6666666666667,,,3492.2366666666658,11.921897448320415,7.0,3.0,1,0
4,Bakery,2025-01-05,1,1,0,BUNDLE,275,1109.86,160,181.0,246.33333333333334,,689.17,2470.7799999999993,9.281149635244908,7.0,3.0,1,0
4,Bakery,2025-01-12,2,1,0,COUPON,274,1104.59,153,275.0,238.0,,1109.86,1598.0833333333328,6.484267817063091,7.0,3.0,1,0
4,Bakery,2025-01-19,3,0,0,COUPON,314,1214.77,179,274.0,243.33333333333334,,1104.59,967.8733333333327,3.958257990397179,7.0,3.0,1,0
4,Bakery,2025-01-26,4,0,0,BOGO,287,1134.79,158,314.0,261.0,39.79999999999998,1214.77,1029.5974999999994,3.9358670596768652,7.0,2.0,1,0
4,Bakery,2025-02-02,5,0,0,MANAGER_SPECIAL,293,1224.77,165,287.0,287.5,7.599999999999968,1134.79,1141.0024999999994,3.97246782584238,7.0,1.0,1,0
4,Bakery,2025-02-09,6,0,0,COUPON,297,1193.03,169,293.0,292.0,2.999999999999983,1224.77,1169.7299999999996,4.008529786748368,7.0,1.0,1,0
4,Bakery,2025-02-16,7,0,0,MANAGER_SPECIAL,311,1203.18,176,297.0,297.75,-4.49999999999999,1193.03,1191.8399999999995,4.004926202241498,7.0,0.0,1,0
4,Bakery,2025-02-23,8,0,0,COUPON,309,1244.32,171,311.0,297.0,7.599999999999997,1203.18,1188.9424999999997,4.004939130539366,8.0,0.0,1,0
4,Bakery,2025-03-02,9,0,0,COUPON,308,1213.74,163,309.0,302.5,6.200000000000014,1244.32,1216.3249999999996,4.023177490766242,8.0,0.0,1,0
4,Bakery,2025-03-09,10,0,0,MANAGER_SPECIAL,263,1092.44,143,308.0,306.25,3.099999999999978,1213.74,1213.5674999999994,3.9633304649251895,8.0,0.0,1,0
4,Bakery,2025-03-16,11,0,0,MANAGER_SPECIAL,293,1166.3799999999999,157,263.0,297.75,-14.499999999999972,1092.44,1188.4199999999996,3.997537522829966,8.0,0.0,1,0
4,Bakery,2025-03-23,12,0,0,MANAGER_SPECIAL,357,1381.8,199,293.0,293.25,-9.30000000000002,1166.3799999999999,1179.2199999999993,4.0255558058101135,8.0,0.0,1,0
4,Bakery,2025-03-30,13,0,0,COUPON,268,1062.18,147,357.0,305.25,17.69999999999996,1381.8,1213.5899999999995,3.9864714730478825,8.0,0.0,1,0
4,Bakery,2025-04-06,14,0,0,MANAGER_SPECIAL,307,1187.19,160,268.0,295.25,7.900000000000022,1062.18,1175.6999999999996,3.992132453858117,8.0,0.0,1,1
4,Bakery,2025-04-13,15,0,0,BUNDLE,273,1077.09,151,307.0,306.25,-4.700000000000012,1187.19,1199.3874999999994,3.9204584901965323,8.0,1.0,1,0
4,Bakery,2025-04-20,16,0,0,BUNDLE,269,1032.44,152,273.0,301.25,-21.30000000000001,1077.09,1177.0649999999996,3.91159986588569,8.0,1.0,1,0
4,Bakery,2025-04-27,17,0,0,MANAGER_SPECIAL,283,1149.47,158,269.0,279.25,-3.100000000000015,1032.44,1089.7249999999995,3.9034695356866957,8.0,1.0,1,0
4,Bakery,2025-05-04,18,0,0,BUNDLE,314,1293.24,173,283.0,283.0,-7.599999999999974,1149.47,1111.5474999999997,3.9280628456387023,8.0,1.0,1,0
4,Bakery,2025-05-11,19,0,0,COUPON,296,1176.47,172,314.0,284.75,13.700000000000028,1293.24,1138.0599999999995,3.9909454261901662,8.0,1.0,1,0
4,Bakery,2025-05-18,20,0,0,BUNDLE,346,1354.03,178,296.0,290.5,11.200000000000015,1176.47,1162.9049999999995,3.9982394750467147,8.0,1.0,1,1
4,Bakery,2025-05-25,21,0,0,BUNDLE,352,1401.33,193,346.0,309.75,17.10000000000004,1354.03,1243.3024999999996,4.017068122144723,8.0,2.0,1,0
4,Bakery,2025-06-01,22,0,0,COUPON,346,1362.35,197,352.0,327.0,16.39999999999999,1401.33,1306.2674999999995,3.996898044044819,8.0,2.0,1,0
4,Bakery,2025-06-08,23,0,0,BUNDLE,311,1222.95,170,346.0,335.0,15.599999999999994,1362.35,1323.5449999999996,3.951605298932342,8.0,1.0,1,1
4,Bakery,2025-06-15,24,0,0,COUPON,311,1227.36,153,311.0,338.75,-11.100000000000003,1222.95,1335.1649999999995,3.9410438743646874,8.0,2.0,1,0
4,Bakery,2025-06-22,25,0,0,MANAGER_SPECIAL,268,982.73,154,311.0,330.0,-15.799999999999994,1227.36,1303.4974999999995,3.9493222928543625,8.0,2.0,1,1
4,Bakery,2025-06-29,26,0,0,BUNDLE,276,1110.01,146,268.0,309.0,-23.399999999999974,982.73,1198.8474999999996,3.8707852550321107,8.0,3.0,1,0
4,Bakery,2025-07-06,27,0,0,COUPON,249,957.25,142,276.0,291.5,-14.799999999999995,1110.01,1135.7624999999994,3.8918721591956356,8.0,3.0,1,1
4,Bakery,2025-07-13,28,0,0,COUPON,294,1159.27,156,249.0,276.0,-17.799999999999986,957.25,1069.3374999999996,3.8698877585706275,8.0,4.0,1,0
4,Bakery,2025-07-20,29,0,0,MANAGER_SPECIAL,302,1224.99,172,294.0,271.75,5.09999999999995,1159.27,1052.3149999999996,3.8690377738822184,8.0,3.0,1,0
4,Bakery,2025-07-27,30,0,0,MANAGER_SPECIAL,280,1105.42,151,302.0,280.25,12.299999999999997,1224.99,1112.8799999999994,3.9663765971499854,8.0,3.0,1,0
4,Bakery,2025-08-03,31,0,0,BUNDLE,294,1184.52,159,280.0,281.25,10.100000000000003,1105.42,1111.7324999999996,3.9479148994274182,8.0,3.0,1,0
4,Bakery,2025-08-10,32,0,0,COUPON,334,1348.47,189,294.0,292.5,-2.1999999999999695,1184.52,1168.5499999999995,3.994065419876562,8.0,2.0,1,0
4,Bakery,2025-08-17,33,0,0,MANAGER_SPECIAL,266,1060.63,154,334.0,302.5,11.000000000000039,1348.47,1215.8499999999995,4.017625442688082,8.0,2.0,1,0
4,Bakery,2025-08-24,34,0,0,COUPON,309,1260.75,177,266.0,293.5,-0.199999999999994,1060.63,1174.7599999999998,4.000393579918575,8.0,1.0,1,0
4,Bakery,2025-08-31,35,0,0,MANAGER_SPECIAL,301,1170.46,157,309.0,300.75,-2.2999999999999834,1260.75,1213.5924999999997,4.033435708906093,8.0,1.0,1,0
4,Bakery,2025-09-07,36,0,0,COUPON,290,1192.0,172,301.0,302.5,-5.600000000000012,1170.46,1210.0774999999994,3.998333668089766,8.0,0.0,1,0
4,Bakery,2025-09-14,37,0,0,MANAGER_SPECIAL,312,1232.75,177,290.0,291.5,6.4000000000000234,1192.0,1170.9599999999996,4.016586042650989,8.0,0.0,1,0
4,Bakery,2025-09-21,38,0,0,MANAGER_SPECIAL,294,1163.56,167,312.0,303.0,-0.19999999999999518,1232.75,1213.9899999999996,4.007533784602019,8.0,0.0,1,0
4,Bakery,2025-09-28,39,0,0,COUPON,306,1221.62,177,294.0,299.25,0.1000000000000104,1163.56,1189.6924999999997,3.9769312814648425,8.0,0.0,1,0
4,Bakery,2025-10-05,40,0,0,NONE,312,1270.05,177,306.0,300.5,3.00000000000001,1221.62,1202.4824999999996,4.00284397987754,8.0,0.0,0,0
4,Bakery,2025-10-12,41,0,0,BOGO,289,1187.77,160,312.0,306.0,1.2000000000000137,1270.05,1221.9949999999994,3.9929260422117583,7.0,0.0,1,0
4,Bakery,2025-10-19,42,0,0,COUPON,279,1103.62,146,289.0,300.25,-0.8999999999999969,1187.77,1210.7499999999995,4.0326282924557475,7.0,0.0,1,0
4,Bakery,2025-10-26,43,0,0,COUPON,367,1394.85,205,279.0,296.5,-10.399999999999974,1103.62,1195.7649999999994,4.032113333784107,7.0,0.0,1,1
4,Baking,2024-12-29,52,0,1,COUPON,164,612.9,87,,293.3333333333333,,,1187.1466666666659,4.0454103709714015,6.0,0.0,1,0
4,Baking,2025-01-05,1,1,0,BUNDLE,323,1199.92,172,164.0,244.0,,612.9,968.0966666666659,3.934251052647449,6.0,0.0,1,0
4,Baking,2025-01-12,2,1,0,COUPON,302,1153.5,165,323.0,255.33333333333334,,1199.92,972.146666666666,3.80258165423793,6.0,0.0,1,0
4,Baking,2025-01-19,3,0,0,COUPON,333,1228.59,189,302.0,263.0,,1153.5,988.7733333333326,3.757218048803827,6.0,0.0,1,0
4,Baking,2025-01-26,4,0,0,BOGO,316,1175.02,185,333.0,280.5,48.60000000000002,1228.59,1048.7274999999995,3.740278401467735,6.0,0.0,1,0
4,Baking,2025-02-02,5,0,0,MANAGER_SPECIAL,284,1025.32,159,316.0,318.5,1.0000000000000233,1175.02,1189.2574999999995,3.735584051359677,7.0,0.0,1,1
4,Baking,2025-02-09,6,0,0,COUPON,289,1032.21,162,284.0,308.75,-7.100000000000014,1025.32,1145.6074999999994,3.7094238237400896,7.0,1.0,1,0
4,Baking,2025-02-16,7,0,0,MANAGER_SPECIAL,301,1083.1299999999999,164,289.0,305.5,-16.400000000000013,1032.21,1115.2849999999994,3.647454942693319,7.0,1.0,1,0
4,Baking,2025-02-23,8,0,0,COUPON,266,1018.4,155,301.0,297.5,-3.9999999999999454,1083.1299999999999,1078.9199999999994,3.6246997123799494,8.0,1.0,1,0
4,Baking,2025-03-02,9,0,0,COUPON,330,1193.32,183,266.0,285.0,-4.2,1018.4,1039.7649999999994,3.65223813914306,8.0,1.0,1,0
4,Baking,2025-03-09,10,0,0,MANAGER_SPECIAL,305,1171.66,161,330.0,296.5,8.799999999999986,1193.32,1081.7649999999994,3.653698019638152,8.0,1.0,1,0
4,Baking,2025-03-16,11,0,0,MANAGER_SPECIAL,296,1096.91,159,305.0,300.5,7.599999999999977,1171.66,1116.6274999999994,3.7211598439049847,8.0,1.0,1,0
4,Baking,2025-03-23,12,0,0,MANAGER_SPECIAL,313,1159.87,174,296.0,299.25,6.500000000000017,1096.91,1120.0724999999993,3.7479944661102462,8.0,1.0,1,0
4,Baking,2025-03-30,13,0,0,COUPON,294,1041.58,163,313.0,311.0,-6.000000000000013,1159.87,1155.4399999999996,3.717265346986559,8.0,1.0,1,1
4,Baking,2025-04-06,14,0,0,MANAGER_SPECIAL,326,1109.51,170,294.0,302.0,-1.5999999999999848,1041.58,1117.5049999999994,3.6989323228678206,8.0,1.0,1,1
4,Baking,2025-04-13,15,0,0,BUNDLE,252,944.8,138,326.0,307.25,7.100000000000018,1109.51,1101.9674999999995,3.5894065006813576,8.0,2.0,1,0
4,Baking,2025-04-20,16,0,0,BUNDLE,277,1032.45,162,252.0,296.25,-15.099999999999998,944.8,1063.9399999999994,3.6002638312261883,8.0,2.0,1,0
4,Baking,2025-04-27,17,0,0,MANAGER_SPECIAL,262,977.06,136,277.0,287.25,-12.499999999999995,1032.45,1032.0849999999994,3.6056641726294014,8.0,2.0,1,0
4,Baking,2025-05-04,18,0,0,BUNDLE,345,1301.77,200,262.0,279.25,-16.699999999999985,977.06,1015.9549999999995,3.6522760540231802,8.0,2.0,1,0
4,Baking,2025-05-11,19,0,0,COUPON,273,922.91,147,345.0,284.0,26.399999999999995,1301.77,1064.0199999999993,3.744736421232214,8.0,2.0,1,1
4,Baking,2025-05-18,20,0,0,BUNDLE,273,999.0,155,273.0,289.25,7.099999999999996,922.91,1058.5474999999994,3.652590511586304,8.0,3.0,1,0
4,Baking,2025-05-25,21,0,0,BUNDLE,290,1092.62,178,273.0,288.25,-3.899999999999938,999.0,1050.1849999999995,3.635611596999086,8.0,3.0,1,0
4,Baking,2025-06-01,22,0,0,COUPON,335,1227.78,187,290.0,295.25,-16.500000000000018,1092.62,1079.0749999999994,3.645216229797191,8.0,2.0,1,0
4,Baking,2025-06-08,23,0,0,MANAGER_SPECIAL,305,962.5600000000001,167,335.0,292.75,20.300000000000015,1227.78,1060.5774999999994,3.618158366937576,8.0,1.0,1,1
4,Baking,2025-06-15,24,0,0,COUPON,272,1027.69,160,305.0,300.75,14.100000000000021,962.5600000000001,1070.4899999999993,3.5619862958392754,8.0,2.0,1,0
4,Baking,2025-06-22,25,0,0,MANAGER_SPECIAL,316,1165.76,166,272.0,300.5,-8.399999999999979,1027.69,1077.6624999999995,3.591719145709993,8.0,2.0,1,0
4,Baking,2025-06-29,26,0,0,BUNDLE,320,1134.68,170,316.0,307.0,-8.99999999999998,1165.76,1095.9474999999995,3.572083833619203,8.0,2.0,1,0
4,Baking,2025-07-06,27,0,0,BUNDLE,292,957.05,163,320.0,303.25,8.900000000000027,1134.68,1072.6724999999997,3.54229885227592,8.0,2.0,1,1
4,Baking,2025-07-13,28,0,0,COUPON,300,1096.86,167,292.0,300.0,6.399999999999987,957.05,1071.2949999999994,3.5727073690062134,8.0,2.0,1,0
4,Baking,2025-07-20,29,0,0,MANAGER_SPECIAL,338,1238.52,183,300.0,307.0,-7.600000000000002,1096.86,1088.5874999999994,3.5421893543003313,8.0,2.0,1,1
4,Baking,2025-07-27,30,0,0,MANAGER_SPECIAL,285,1089.01,163,338.0,312.5,6.199999999999995,1238.52,1106.7774999999992,3.535975962045069,8.0,3.0,1,0
4,Baking,2025-08-03,31,0,0,COUPON,336,998.6899999999999,187,285.0,303.75,1.7000000000000244,1089.01,1095.3599999999994,3.604779141869631,8.0,3.0,1,1
4,Baking,2025-08-10,32,0,0,COUPON,357,1350.4,194,336.0,314.75,5.500000000000054,998.6899999999999,1105.7699999999993,3.5284599352486263,8.0,3.0,1,0
4,Baking,2025-08-17,33,0,0,MANAGER_SPECIAL,308,1128.1,170,357.0,329.0,10.799999999999981,1350.4,1169.1549999999993,3.5600681985539486,8.0,3.0,1,1
4,Baking,2025-08-24,34,0,0,COUPON,339,1270.31,182,308.0,321.5,9.0,1128.1,1141.5499999999993,3.559668694212136,8.0,4.0,1,0
4,Baking,2025-08-31,35,0,0,MANAGER_SPECIAL,306,1102.63,174,339.0,335.0,-3.9999999999999516,1270.31,1186.8749999999993,3.5412035490483422,8.0,4.0,1,1
4,Baking,2025-09-07,36,0,0,COUPON,338,1243.95,186,306.0,327.5,-12.200000000000005,1102.63,1212.8599999999994,3.698972135649649,8.0,4.0,1,0
4,Baking,2025-09-14,37,0,0,MANAGER_SPECIAL,259,939.2,151,338.0,322.75,5.7000000000000055,1243.95,1186.2474999999995,3.6733952332910724,8.0,4.0,1,0
4,Baking,2025-09-21,38,0,0,MANAGER_SPECIAL,340,1257.6,191,259.0,310.5,-20.79999999999998,939.2,1139.0224999999996,3.664293355439195,8.0,3.0,1,0
4,Baking,2025-09-28,39,0,0,COUPON,323,1187.71,175,340.0,310.75,2.300000000000004,1257.6,1135.8449999999993,3.652192453131369,8.0,3.0,1,0
4,Baking,2025-10-05,40,0,0,COUPON,318,1180.35,173,323.0,315.0,3.6000000000000103,1187.71,1157.1149999999993,3.6706311356219095,8.0,2.0,1,0
4,Baking,2025-10-12,41,0,0,BOGO,304,1131.17,173,318.0,310.0,16.000000000000032,1180.35,1141.2149999999995,3.6784978878827106,8.0,2.0,1,0
4,Baking,2025-10-19,42,0,0,BUNDLE,289,1101.65,164,304.0,321.25,-11.300000000000008,1131.17,1189.2074999999995,3.702172668161109,8.0,1.0,1,0
4,Baking,2025-10-26,43,0,0,COUPON,366,1387.03,203,289.0,308.5,-11.600000000000012,1101.65,1150.2199999999993,3.7304512148739124,8.0,1.0,1,0
4,Beverages,2024-12-29,52,0,1,MANAGER_SPECIAL,217,724.5600000000001,122,,303.6666666666667,,,1137.7233333333324,3.7482280388205305,7.0,0.0,1,0
4,Beverages,2025-01-05,1,1,0,BUNDLE,266,836.97,156,217.0,270.0,,724.5600000000001,985.7933333333326,3.6239592795822038,7.0,0.0,1,0
4,Beverages,2025-01-12,2,1,0,COUPON,278,916.73,158,266.0,257.3333333333333,,836.97,887.726666666666,3.432475883592229,7.0,0.0,1,0
4,Beverages,2025-01-19,3,0,0,COUPON,371,1168.08,205,278.0,253.66666666666666,,916.73,826.086666666666,3.261026620857088,7.0,0.0,1,1
4,Beverages,2025-01-26,4,0,0,BOGO,300,992.26,174,371.0,283.0,47.40000000000001,1168.08,911.5849999999995,3.2328858686077755,7.0,1.0,1,0
4,Beverages,2025-02-02,5,0,0,MANAGER_SPECIAL,319,811.47,178,300.0,303.75,19.499999999999993,992.26,978.5099999999995,3.225022658162307,7.0,1.0,1,1
4,Beverages,2025-02-09,6,0,0,COUPON,268,697.46,156,319.0,317.0,5.2000000000000455,811.47,972.1349999999994,3.0743449941747523,7.0,2.0,1,1
4,Beverages,2025-02-16,7,0,0,MANAGER_SPECIAL,296,978.25,167,268.0,314.5,-28.99999999999997,697.46,917.3174999999994,2.900563183802155,7.0,3.0,1,0
4,Beverages,2025-02-23,8,0,0,COUPON,329,1119.04,182,296.0,295.75,-6.299999999999996,978.25,869.8599999999994,2.9396719429993574,8.0,3.0,1,0
4,Beverages,2025-03-02,9,0,0,COUPON,364,1169.4,199,329.0,303.0,5.799999999999996,1119.04,901.5549999999994,2.9631229561705834,8.0,3.0,1,0
4,Beverages,2025-03-09,10,0,0,MANAGER_SPECIAL,307,967.21,171,364.0,314.25,32.09999999999997,1169.4,991.0374999999995,3.130334020967855,8.0,3.0,1,0
4,Beverages,2025-03-16,11,0,0,MANAGER_SPECIAL,323,1058.22,181,307.0,324.0,6.800000000000003,967.21,1058.4749999999995,3.267348642485673,8.0,3.0,1,0
4,Beverages,2025-03-23,12,0,0,MANAGER_SPECIAL,338,1116.37,189,323.0,330.75,-7.499999999999998,1058.22,1078.4674999999995,3.26017970787769,8.0,2.0,1,0
4,Beverages,2025-03-30,13,0,0,COUPON,257,816.41,140,338.0,333.0,-6.199999999999977,1116.37,1077.7999999999995,3.235562816994433,8.0,2.0,1,0
4,Beverages,2025-04-06,14,0,0,MANAGER_SPECIAL,322,1062.2,178,257.0,306.25,-13.50000000000002,816.41,989.5524999999994,3.226576628086065,8.0,1.0,1,0
4,Beverages,2025-04-13,15,0,0,BUNDLE,239,759.89,131,322.0,310.0,-8.400000000000034,1062.2,1013.2999999999994,3.263635775920245,8.0,0.0,1,0
4,Beverages,2025-04-20,16,0,0,BUNDLE,279,908.24,159,239.0,289.0,-23.200000000000017,759.89,938.7174999999994,3.2394440651024667,8.0,0.0,1,0
4,Beverages,2025-04-27,17,0,0,BUNDLE,294,951.21,160,279.0,274.25,-1.6999999999999866,908.24,886.6849999999994,3.2275617349291936,8.0,0.0,1,0
4,Beverages,2025-05-04,18,0,0,BUNDLE,303,980.04,175,294.0,283.5,-4.400000000000019,951.21,920.3849999999994,3.2422406239945474,8.0,0.0,1,0
4,Beverages,2025-05-11,19,0,0,COUPON,291,894.7,163,303.0,278.75,20.700000000000035,980.04,899.8449999999995,3.226165044386897,8.0,0.0,1,0
4,Beverages,2025-05-18,20,0,0,BUNDLE,330,1088.43,190,291.0,291.75,4.5000000000000275,894.7,933.5474999999994,3.1999436393343443,8.0,0.0,1,0
4,Beverages,2025-05-25,21,0,0,BUNDLE,351,1157.38,192,330.0,304.5,9.600000000000007,1088.43,978.5949999999995,3.210676695704498,8.0,0.0,1,0
4,Beverages,2025-06-01,22,0,0,COUPON,312,985.07,174,351.0,318.75,18.30000000000002,1157.38,1030.1374999999994,3.2261693842329002,8.0,0.0,1,1
4,Beverages,2025-06-08,23,0,0,MANAGER_SPECIAL,318,1045.73,177,312.0,321.0,8.400000000000002,985.07,1031.3949999999995,3.206874433103172,8.0,1.0,1,0
4,Beverages,2025-06-15,24,0,0,COUPON,273,882.62,153,318.0,327.75,-7.500000000000001,1045.73,1069.1524999999997,3.2603466012935374,8.0,1.0,1,0
4,Beverages,2025-06-22,25,0,0,MANAGER_SPECIAL,297,968.36,163,273.0,313.5,-22.79999999999999,882.62,1017.6999999999995,3.244038492735429,8.0,1.0,1,0
4,Beverages,2025-06-29,26,0,0,BUNDLE,359,1217.91,195,297.0,300.0,-8.99999999999997,968.36,970.4449999999995,3.2348116085085445,8.0,1.0,1,0
4,Beverages,2025-07-06,27,0,0,COUPON,319,1017.86,173,359.0,311.75,14.70000000000001,1217.91,1028.6549999999995,3.2936194391992095,8.0,1.0,1,0
4,Beverages,2025-07-13,28,0,0,COUPON,253,685.73,150,319.0,312.0,20.00000000000002,1017.86,1021.6874999999994,3.2692005840898855,8.0,1.0,1,1
4,Beverages,2025-07-20,29,0,0,MANAGER_SPECIAL,369,1177.5,194,253.0,307.0,-17.199999999999985,685.73,972.4649999999995,3.138539325059061,8.0,2.0,1,0
4,Beverages,2025-07-27,30,0,0,MANAGER_SPECIAL,277,902.84,170,369.0,325.0,-3.600000000000008,1177.5,1024.7499999999995,3.121185707583493,8.0,2.0,1,0
4,Beverages,2025-08-03,31,0,0,BUNDLE,320,1018.62,169,277.0,304.5,-0.9999999999999799,902.84,945.9824999999995,3.0878965117627715,8.0,1.0,1,0
4,Beverages,2025-08-10,32,0,0,COUPON,391,1325.66,213,320.0,304.75,10.900000000000002,1018.62,946.1724999999994,3.0859974619978807,8.0,1.0,1,0
4,Beverages,2025-08-17,33,0,0,MANAGER_SPECIAL,303,984.53,166,391.0,339.25,10.89999999999998,1325.66,1106.1549999999995,3.256007343420806,8.0,1.0,1,0
4,Beverages,2025-08-24,34,0,0,COUPON,330,1051.5,183,303.0,322.75,14.900000000000029,984.53,1057.9124999999995,3.2705615976267146,8.0,1.0,1,0
4,Beverages,2025-08-31,35,0,0,MANAGER_SPECIAL,329,1076.53,193,330.0,336.0,-5.7999999999999465,1051.5,1095.0774999999994,3.2523149615912694,8.0,1.0,1,0
4,Beverages,2025-09-07,36,0,0,COUPON,336,1114.56,187,329.0,338.25,-15.900000000000002,1076.53,1109.5549999999994,3.274550001484887,8.0,1.0,1,0
4,Beverages,2025-09-14,37,0,0,MANAGER_SPECIAL,291,887.44,157,336.0,324.5,9.800000000000015,1114.56,1056.7799999999995,3.256227020118427,8.0,0.0,1,0
4,Beverages,2025-09-21,38,0,0,MANAGER_SPECIAL,319,1024.57,184,291.0,321.5,-10.999999999999995,887.44,1032.5074999999995,3.206314036552029,8.0,0.0,1,0
4,Beverages,2025-09-28,39,0,0,COUPON,300,951.3,165,319.0,318.75,-7.499999999999997,1024.57,1025.7749999999994,3.2126776729156656,8.0,0.0,1,0
4,Beverages,2025-10-05,40,0,0,NONE,317,1043.24,176,300.0,311.5,-7.999999999999966,951.3,994.4674999999995,3.187395758022048,8.0,0.0,0,0
4,Beverages,2025-10-12,41,0,0,BOGO,382,1199.09,197,317.0,306.75,5.899999999999984,1043.24,976.6374999999994,3.180854523231602,7.0,0.0,1,0
4,Beverages,2025-10-19,42,0,0,COUPON,310,1011.67,166,382.0,329.5,20.600000000000016,1199.09,1054.5499999999995,3.203193789347721,7.0,0.0,1,0
4,Beverages,2025-10-26,43,0,0,COUPON,323,1072.77,171,310.0,327.25,9.500000000000005,1011.67,1051.3249999999994,3.216102147118982,7.0,0.0,1,0
4,Breakfast & Cereal,2024-12-29,52,0,1,MANAGER_SPECIAL,197,909.33,101,,336.3333333333333,,,1084.6666666666658,3.231136196158643,6.0,0.0,1,0
4,Breakfast & Cereal,2025-01-05,1,1,0,BUNDLE,249,1167.47,150,197.0,296.3333333333333,,909.33,1040.029999999999,3.6727729984559843,6.0,0.0,1,0
4,Breakfast & Cereal,2025-01-12,2,1,0,COUPON,349,1616.02,192,249.0,252.0,,1167.47,1029.489999999999,4.1893248253096464,6.0,0.0,1,0
4,Breakfast & Cereal,2025-01-19,3,0,0,COUPON,277,1285.37,165,349.0,265.0,,1616.02,1230.9399999999994,4.644984220817549,6.0,0.0,1,0
4,Breakfast & Cereal,2025-01-26,4,0,0,BOGO,307,1465.82,174,277.0,268.0,33.999999999999964,1285.37,1244.5474999999994,4.643819393049985,6.0,0.0,1,0
4,Breakfast & Cereal,2025-02-02,5,0,0,MANAGER_SPECIAL,320,1507.0,181,307.0,295.5,10.2,1465.82,1383.6699999999994,4.683511806945718,7.0,0.0,1,0
4,Breakfast & Cereal,2025-02-09,6,0,0,COUPON,330,1551.99,194,320.0,313.25,-5.699999999999975,1507.0,1468.5524999999993,4.688696922407565,7.0,0.0,1,0
4,Breakfast & Cereal,2025-02-16,7,0,0,MANAGER_SPECIAL,340,1607.53,185,330.0,308.5,17.19999999999999,1551.99,1452.5449999999994,4.706839472550831,7.0,0.0,1,0
4,Breakfast & Cereal,2025-02-23,8,0,0,COUPON,268,1268.48,153,340.0,324.25,10.900000000000013,1607.53,1533.0849999999996,4.728765598055185,8.0,0.0,1,0
4,Breakfast & Cereal,2025-03-02,9,0,0,COUPON,287,1302.76,174,268.0,314.5,-14.600000000000009,1268.48,1483.7499999999995,4.71838468503073,8.0,0.0,1,0
4,Breakfast & Cereal,2025-03-09,10,0,0,MANAGER_SPECIAL,306,1456.58,170,287.0,306.25,-20.09999999999998,1302.76,1432.6899999999996,4.6758492974000685,8.0,0.0,1,0
4,Breakfast & Cereal,2025-03-16,11,0,0,MANAGER_SPECIAL,286,1346.77,165,306.0,300.25,-8.299999999999972,1456.58,1408.8374999999994,4.69011563726935,8.0,0.0,1,0
4,Breakfast & Cereal,2025-03-23,12,0,0,MANAGER_SPECIAL,308,1479.95,175,286.0,286.75,7.300000000000023,1346.77,1343.6474999999994,4.685354787824676,8.0,0.0,1,0
4,Breakfast & Cereal,2025-03-30,13,0,0,COUPON,328,1541.5,176,308.0,296.75,4.299999999999995,1479.95,1396.5149999999994,4.7033293226182415,8.0,0.0,1,1
4,Breakfast & Cereal,2025-04-06,14,0,0,MANAGER_SPECIAL,295,1386.16,164,328.0,307.0,8.799999999999997,1541.5,1456.1999999999994,4.743444740736708,8.0,1.0,1,0
4,Breakfast & Cereal,2025-04-13,15,0,0,BUNDLE,287,1286.15,158,295.0,304.25,4.700000000000039,1386.16,1438.5949999999996,4.728140265274206,8.0,1.0,1,1
4,Breakfast & Cereal,2025-04-20,16,0,0,BUNDLE,323,1514.41,166,287.0,304.5,-9.6,1286.15,1423.4399999999994,4.671233483032059,8.0,2.0,1,0
4,Breakfast & Cereal,2025-04-27,17,0,0,MANAGER_SPECIAL,302,1422.37,177,323.0,308.25,-2.2999999999999994,1514.41,1432.0549999999994,4.642119328997239,8.0,2.0,1,0
4,Breakfast & Cereal,2025-05-04,18,0,0,BUNDLE,340,1648.3,183,302.0,301.75,5.6999999999999735,1422.37,1402.2724999999996,4.644654157780957,8.0,2.0,1,0
4,Breakfast & Cereal,2025-05-11,19,0,0,COUPON,300,1382.65,166,340.0,313.0,13.800000000000013,1648.3,1467.8074999999994,4.681927587491825,8.0,2.0,1,0
4,Breakfast & Cereal,2025-05-18,20,0,0,BUNDLE,344,1570.83,189,300.0,316.25,-3.100000000000005,1382.65,1491.9324999999994,4.713796199570803,8.0,2.0,1,0
4,Breakfast & Cereal,2025-05-25,21,0,0,BUNDLE,314,1478.83,176,344.0,321.5,8.599999999999978,1570.83,1506.0374999999995,4.683243806489948,8.0,2.0,1,0
4,Breakfast & Cereal,2025-06-01,22,0,0,COUPON,382,1755.4,201,314.0,324.5,-3.400000000000003,1478.83,1520.1524999999995,4.683197617600589,8.0,1.0,1,0
4,Breakfast & Cereal,2025-06-08,23,0,0,MANAGER_SPECIAL,363,1696.27,199,382.0,335.0,21.60000000000003,1755.4,1546.9274999999993,4.620034313011739,8.0,1.0,1,0
4,Breakfast & Cereal,2025-06-15,24,0,0,COUPON,317,1538.16,173,363.0,350.75,12.500000000000004,1696.27,1625.3324999999995,4.636056007226615,8.0,0.0,1,0
4,Breakfast & Cereal,2025-06-22,25,0,0,MANAGER_SPECIAL,321,1494.03,177,317.0,344.0,-0.9999999999999754,1538.16,1617.1649999999995,4.70752437436769,8.0,0.0,1,0
4,Breakfast & Cereal,2025-06-29,26,0,0,BUNDLE,349,1639.04,208,321.0,345.75,-22.899999999999995,1494.03,1620.9649999999995,4.693686720340665,8.0,0.0,1,0
4,Breakfast & Cereal,2025-07-06,27,0,0,COUPON,314,1428.08,174,349.0,337.5,-3.8000000000000003,1639.04,1591.8749999999993,4.718962152015307,8.0,0.0,1,1
4,Breakfast & Cereal,2025-07-13,28,0,0,COUPON,322,1502.19,189,314.0,325.25,1.9000000000000337,1428.08,1524.8274999999994,4.68773849389385,8.0,1.0,1,0
4,Breakfast & Cereal,2025-07-20,29,0,0,MANAGER_SPECIAL,334,1509.81,181,322.0,326.5,-3.200000000000001,1502.19,1515.8349999999996,4.640975140836264,8.0,1.0,1,0
4,Breakfast & Cereal,2025-07-27,30,0,0,MANAGER_SPECIAL,271,882.22,147,334.0,329.75,-3.7000000000000206,1509.81,1519.7799999999993,4.607497679870345,8.0,1.0,1,1
4,Breakfast & Cereal,2025-08-03,31,0,0,BUNDLE,328,1581.51,188,271.0,310.25,-11.700000000000038,882.22,1330.5749999999994,4.247256347227792,8.0,2.0,1,0
4,Breakfast & Cereal,2025-08-10,32,0,0,COUPON,307,1436.49,176,328.0,313.75,-4.499999999999973,1581.51,1368.9324999999994,4.315669185118114,8.0,2.0,1,0
4,Breakfast & Cereal,2025-08-17,33,0,0,MANAGER_SPECIAL,265,1231.47,153,307.0,310.0,-2.400000000000012,1436.49,1352.5074999999995,4.319152731560342,8.0,2.0,1,1
4,Breakfast & Cereal,2025-08-24,34,0,0,COUPON,345,1574.06,190,265.0,292.75,-3.9000000000000155,1231.47,1282.9224999999994,4.350819577114516,8.0,3.0,1,0
4,Breakfast & Cereal,2025-08-31,35,0,0,MANAGER_SPECIAL,334,1587.42,189,345.0,311.25,0.9000000000000418,1574.06,1455.8824999999993,4.677586676959428,8.0,3.0,1,0
4,Breakfast & Cereal,2025-09-07,36,0,0,COUPON,310,1495.09,171,334.0,312.75,16.10000000000002,1587.42,1457.3599999999994,4.660356092396846,8.0,2.0,1,0
4,Breakfast & Cereal,2025-09-14,37,0,0,MANAGER_SPECIAL,358,1613.66,199,310.0,313.5,12.40000000000003,1495.09,1472.0099999999993,4.69629370403917,8.0,2.0,1,1
4,Breakfast & Cereal,2025-09-21,38,0,0,MANAGER_SPECIAL,341,1606.67,186,358.0,336.75,1.499999999999983,1613.66,1567.5574999999994,4.661387094995215,8.0,3.0,1,0
4,Breakfast & Cereal,2025-09-28,39,0,0,COUPON,375,1785.71,199,341.0,335.75,6.900000000000038,1606.67,1575.7099999999994,4.698674463774169,8.0,2.0,1,0
4,Breakfast & Cereal,2025-10-05,40,0,0,BOGO,308,1488.06,175,375.0,346.0,17.800000000000036,1785.71,1625.2824999999993,4.700959174353011,8.0,2.0,1,0
4,Breakfast & Cereal,2025-10-12,41,0,0,BOGO,305,1457.01,169,308.0,345.5,-11.600000000000003,1488.06,1623.5249999999994,4.703082341508436,8.0,2.0,1,0
4,Breakfast & Cereal,2025-10-19,42,0,0,COUPON,269,1256.8,148,305.0,332.25,-17.500000000000018,1457.01,1584.3624999999993,4.770495291412273,8.0,1.0,1,0
4,Breakfast & Cereal,2025-10-26,43,0,0,COUPON,339,1409.24,179,269.0,314.25,-32.1,1256.8,1496.8949999999993,4.760614474004475,8.0,1.0,1,1
4,Candy,2024-12-29,52,0,1,MANAGER_SPECIAL,201,490.38,107,,294.0,,,1400.6233333333323,4.760188187561522,7.0,1.0,1,0
4,Candy,2025-01-05,1,1,0,BUNDLE,275,666.2,140,201.0,258.3333333333333,,490.38,1068.0633333333326,3.9629674729527475,7.0,1.0,1,0
4,Candy,2025-01-12,2,1,0,COUPON,283,701.93,157,275.0,248.33333333333334,,666.2,804.4599999999992,3.178121968730194,7.0,0.0,1,0
4,Candy,2025-01-19,3,0,0,COUPON,339,855.21,188,283.0,253.0,,701.93,619.5033333333325,2.4475216560947293,7.0,0.0,1,0
4,Candy,2025-01-26,4,0,0,BOGO,293,754.18,175,339.0,274.5,42.20000000000001,855.21,678.4299999999994,2.466327082779012,7.0,0.0,1,0
4,Candy,2025-02-02,5,0,0,MANAGER_SPECIAL,292,731.11,158,293.0,297.5,10.999999999999995,754.18,744.3799999999994,2.499900003160042,7.0,0.0,1,0
4,Candy,2025-02-09,6,0,0,COUPON,318,781.11,178,292.0,301.75,-1.9000000000000183,731.11,760.6074999999994,2.520213981989431,7.0,0.0,1,0
4,Candy,2025-02-16,7,0,0,MANAGER_SPECIAL,303,785.19,161,318.0,310.5,-6.399999999999994,781.11,780.4024999999993,2.5142146653683235,7.0,0.0,1,0
4,Candy,2025-02-23,8,0,0,COUPON,288,728.96,155,303.0,301.5,5.599999999999992,785.19,762.8974999999995,2.531375359313824,8.0,0.0,1,0
4,Candy,2025-03-02,9,0,0,COUPON,324,815.94,179,288.0,300.25,-2.6999999999999704,728.96,756.5924999999994,2.5206548435762435,8.0,0.0,1,0
4,Candy,2025-03-09,10,0,0,BOGO,323,787.06,165,324.0,308.25,0.29999999999997523,815.94,777.7999999999994,2.5242878344438235,8.0,0.0,1,0
4,Candy,2025-03-16,11,0,0,COUPON,264,456.43,148,323.0,309.5,9.600000000000012,787.06,779.2874999999995,2.519387212328046,8.0,0.0,1,1
4,Candy,2025-03-23,12,0,0,MANAGER_SPECIAL,309,712.86,170,264.0,299.75,-7.300000000000009,456.43,697.0974999999995,2.303766056462459,8.0,1.0,1,1
4,Candy,2025-03-30,13,0,0,COUPON,262,674.1,150,309.0,305.0,-10.400000000000013,712.86,693.0724999999995,2.2477358515002157,8.0,2.0,1,0
4,Candy,2025-04-06,14,0,0,MANAGER_SPECIAL,322,807.85,189,262.0,289.5,-13.799999999999976,674.1,657.6124999999995,2.2613777090065765,8.0,2.0,1,0
4,Candy,2025-04-13,15,0,0,BUNDLE,272,655.0,148,322.0,289.25,12.699999999999957,807.85,662.8099999999995,2.279410875362364,8.0,2.0,1,1
4,Candy,2025-04-20,16,0,0,BUNDLE,299,768.05,171,272.0,291.25,-5.0999999999999845,655.0,712.4524999999994,2.4492075553980146,8.0,3.0,1,0
4,Candy,2025-04-27,17,0,0,MANAGER_SPECIAL,333,806.12,181,299.0,288.75,6.100000000000001,768.05,726.2499999999995,2.5146422568299722,8.0,3.0,1,0
4,Candy,2025-05-04,18,0,0,BUNDLE,289,711.51,160,333.0,306.5,6.000000000000029,806.12,759.2549999999994,2.4766122611854726,8.0,3.0,1,0
4,Candy,2025-05-11,19,0,0,COUPON,287,711.03,162,289.0,298.25,8.499999999999973,711.51,735.1699999999994,2.4648926078509934,8.0,3.0,1,0
4,Candy,2025-05-18,20,0,0,BUNDLE,337,737.95,184,287.0,302.0,-7.999999999999975,711.03,749.1774999999994,2.4822346605257213,8.0,2.0,1,1
4,Candy,2025-05-25,21,0,0,BUNDLE,323,799.49,174,337.0,311.5,0.9999999999999887,737.95,741.6524999999995,2.3874930390972207,8.0,2.0,1,0
4,Candy,2025-06-01,22,0,0,COUPON,343,833.3199999999999,180,323.0,309.0,15.200000000000006,799.49,739.9949999999994,2.401098153499549,8.0,2.0,1,0
4,Candy,2025-06-08,23,0,0,MANAGER_SPECIAL,345,779.4399999999999,179,343.0,322.5,15.400000000000006,833.3199999999999,770.4474999999994,2.3929811672092347,8.0,2.0,1,1
4,Candy,2025-06-15,24,0,0,COUPON,247,566.26,136,345.0,337.0,4.399999999999981,779.4399999999999,787.5499999999994,2.338428649913875,8.0,2.0,1,1
4,Candy,2025-06-22,25,0,0,MANAGER_SPECIAL,315,785.52,174,247.0,314.5,-22.600000000000005,566.26,744.6274999999994,2.3641256489167466,8.0,3.0,1,0
4,Candy,2025-06-29,26,0,0,BUNDLE,289,690.49,163,315.0,312.5,-18.200000000000003,785.52,741.1349999999993,2.368753910747795,8.0,3.0,1,0
4,Candy,2025-07-06,27,0,0,COUPON,346,868.91,192,289.0,299.0,-10.000000000000037,690.49,705.4274999999994,2.358687506034649,8.0,3.0,1,0
4,Candy,2025-07-13,28,0,0,COUPON,317,797.66,172,346.0,299.25,27.100000000000048,868.91,727.7949999999994,2.421701056340421,8.0,3.0,1,0
4,Candy,2025-07-20,29,0,0,MANAGER_SPECIAL,297,751.7,159,317.0,316.75,6.299999999999963,797.66,785.6449999999993,2.477632805149473,8.0,2.0,1,0
4,Candy,2025-07-27,30,0,0,MANAGER_SPECIAL,286,703.4399999999999,162,297.0,312.25,-0.499999999999989,751.7,777.1899999999995,2.48694834146501,8.0,2.0,1,0
4,Candy,2025-08-03,31,0,0,BOGO,264,657.43,153,286.0,311.5,-19.99999999999997,703.4399999999999,780.4274999999994,2.5045337577788,8.0,2.0,1,0
4,Candy,2025-08-10,32,0,0,COUPON,348,872.48,178,264.0,291.0,-17.000000000000004,657.43,727.5574999999994,2.499274901148917,8.0,1.0,1,0
4,Candy,2025-08-17,33,0,0,MANAGER_SPECIAL,300,749.93,164,348.0,298.75,13.100000000000014,872.48,746.2624999999995,2.4969871097134044,8.0,0.0,1,0
4,Candy,2025-08-24,34,0,0,COUPON,305,743.33,157,300.0,299.5,12.599999999999973,749.93,745.8199999999994,2.4891846686359633,8.0,0.0,1,0
4,Candy,2025-08-31,35,0,0,MANAGER_SPECIAL,341,854.43,188,305.0,304.25,7.500000000000026,743.33,755.7924999999993,2.48357644898676,8.0,0.0,1,0
4,Candy,2025-09-07,36,0,0,COUPON,274,708.53,148,341.0,323.5,-1.5999999999999925,854.43,805.0424999999994,2.4874251171197024,8.0,0.0,1,0
4,Candy,2025-09-14,37,0,0,MANAGER_SPECIAL,333,840.92,176,274.0,305.0,-4.199999999999998,708.53,764.0549999999994,2.50711248602649,8.0,0.0,1,0
4,Candy,2025-09-21,38,0,0,MANAGER_SPECIAL,326,798.88,179,333.0,313.25,1.7000000000000126,840.92,786.8024999999994,2.5134921406811443,8.0,0.0,1,0
4,Candy,2025-09-28,39,0,0,COUPON,284,664.89,163,326.0,318.5,1.3999999999999753,798.88,800.6899999999994,2.516843292245059,8.0,0.0,1,1
4,Candy,2025-10-05,40,0,0,NONE,318,797.35,179,284.0,304.25,2.300000000000005,664.89,753.3049999999994,2.475718829191075,8.0,1.0,0,0
4,Candy,2025-10-12,41,0,0,BOGO,321,755.28,181,318.0,315.25,-8.699999999999987,797.35,775.5099999999994,2.456097335365615,7.0,1.0,1,1
4,Candy,2025-10-19,42,0,0,COUPON,311,795.26,167,321.0,312.25,1.9000000000000077,755.28,754.0999999999995,2.4130003131097144,7.0,2.0,1,0
4,Candy,2025-10-26,43,0,0,COUPON,307,603.52,171,311.0,308.5,8.39999999999998,795.26,753.1949999999994,2.439638803631088,7.0,2.0,1,1
4,Condiments/Sauces/Spices,2024-12-29,52,0,1,COUPON,166,627.7,99,,316.6666666666667,,,782.6299999999992,2.4724644142311223,6.0,2.0,1,0
4,Condiments/Sauces/Spices,2025-01-05,1,1,0,BUNDLE,289,1084.34,153,166.0,266.0,,627.7,726.0799999999994,2.8971095355970893,6.0,2.0,1,0
4,Condiments/Sauces/Spices,2025-01-12,2,1,0,COUPON,294,1077.14,163,289.0,255.33333333333334,,1084.34,835.7666666666659,3.3634909776736444,6.0,2.0,1,0
4,Condiments/Sauces/Spices,2025-01-19,3,0,0,COUPON,283,1021.0,167,294.0,249.66666666666666,,1077.14,929.7266666666659,3.7323694400982723,6.0,2.0,1,0
4,Condiments/Sauces/Spices,2025-01-26,4,0,0,BOGO,293,1117.58,160,283.0,258.0,35.60000000000001,1021.0,952.5449999999994,3.7012205429712304,6.0,1.0,1,0
4,Condiments/Sauces/Spices,2025-02-02,5,0,0,MANAGER_SPECIAL,319,1214.89,177,293.0,289.75,0.1000000000000116,1117.58,1075.0149999999994,3.7094557705710494,7.0,1.0,1,0
4,Condiments/Sauces/Spices,2025-02-09,6,0,0,COUPON,308,1152.23,173,319.0,297.25,8.50000000000001,1214.89,1107.6524999999995,3.7235535404184317,7.0,0.0,1,0
4,Condiments/Sauces/Spices,2025-02-16,7,0,0,MANAGER_SPECIAL,307,1137.66,165,308.0,300.75,10.099999999999964,1152.23,1126.4249999999993,3.742869789645395,7.0,0.0,1,0
4,Condiments/Sauces/Spices,2025-02-23,8,0,0,COUPON,233,787.29,135,307.0,306.75,3.1000000000000245,1137.66,1155.5899999999995,3.767359551503569,8.0,0.0,1,1
4,Condiments/Sauces/Spices,2025-03-02,9,0,0,COUPON,324,1208.33,175,233.0,291.75,-25.899999999999984,787.29,1073.0174999999995,3.6585247582591975,8.0,1.0,1,0
4,Condiments/Sauces/Spices,2025-03-09,10,0,0,MANAGER_SPECIAL,292,1071.78,166,324.0,293.0,-2.599999999999972,1208.33,1071.3774999999994,3.6387700028507064,8.0,1.0,1,0
4,Condiments/Sauces/Spices,2025-03-16,11,0,0,MANAGER_SPECIAL,305,1085.04,167,292.0,289.0,4.599999999999996,1071.78,1051.2649999999994,3.6211382424877816,8.0,1.0,1,1
4,Condiments/Sauces/Spices,2025-03-23,12,0,0,MANAGER_SPECIAL,310,1168.3700000000001,175,305.0,288.5,18.40000000000001,1085.04,1038.1099999999994,3.584082066912409,8.0,2.0,1,0
4,Condiments/Sauces/Spices,2025-03-30,13,0,0,COUPON,296,1077.68,161,310.0,307.75,-2.9000000000000106,1168.3700000000001,1133.3799999999994,3.681584178223499,8.0,2.0,1,0
4,Condiments/Sauces/Spices,2025-04-06,14,0,0,MANAGER_SPECIAL,310,1134.57,167,296.0,300.75,1.699999999999994,1077.68,1100.7174999999995,3.659433485864473,8.0,2.0,1,0
4,Condiments/Sauces/Spices,2025-04-13,15,0,0,BUNDLE,237,920.97,129,310.0,305.25,0.09999999999999726,1134.57,1116.4149999999995,3.6567894293023873,8.0,2.0,1,0
4,Condiments/Sauces/Spices,2025-04-20,16,0,0,BUNDLE,268,978.0,151,237.0,288.25,-20.500000000000007,920.97,1075.3974999999996,3.738899721894211,8.0,2.0,1,1
4,Condiments/Sauces/Spices,2025-04-27,17,0,0,MANAGER_SPECIAL,266,965.64,141,268.0,277.75,-15.69999999999997,978.0,1027.8049999999994,3.70897928376229,8.0,2.0,1,0
4,Condiments/Sauces/Spices,2025-05-04,18,0,0,BUNDLE,289,1066.23,170,266.0,270.25,-10.100000000000003,965.64,999.7949999999994,3.706332972037031,8.0,2.0,1,0
4,Condiments/Sauces/Spices,2025-05-11,19,0,0,COUPON,260,960.31,148,289.0,265.0,15.400000000000022,1066.23,982.7099999999995,3.7137014562428576,8.0,2.0,1,0
4,Condiments/Sauces/Spices,2025-05-18,20,0,0,BUNDLE,311,1137.83,174,260.0,270.75,-0.10000000000000309,960.31,992.5449999999994,3.6655891144707056,8.0,1.0,1,0
4,Condiments/Sauces/Spices,2025-05-25,21,0,0,BUNDLE,342,1278.6,186,311.0,281.5,10.600000000000035,1137.83,1032.5024999999994,3.6679300224708977,8.0,1.0,1,0
4,Condiments/Sauces/Spices,2025-06-01,22,0,0,COUPON,333,1230.1,195,342.0,300.5,21.000000000000014,1278.6,1110.7424999999994,3.6950227543004717,8.0,1.0,1,0
4,Condiments/Sauces/Spices,2025-06-08,23,0,0,MANAGER_SPECIAL,297,806.64,156,333.0,311.5,25.00000000000002,1230.1,1151.7099999999994,3.6961769621415304,8.0,1.0,1,1
4,Condiments/Sauces/Spices,2025-06-15,24,0,0,COUPON,282,1078.1,152,297.0,320.75,-5.099999999999975,806.64,1113.2924999999993,3.4517918611314293,8.0,2.0,1,0
4,Condiments/Sauces/Spices,2025-06-22,25,0,0,MANAGER_SPECIAL,289,1089.97,168,282.0,313.5,-21.600000000000044,1078.1,1098.3599999999992,3.4928999316429343,8.0,1.0,1,0
4,Condiments/Sauces/Spices,2025-06-29,26,0,0,BUNDLE,340,1260.95,178,289.0,300.25,-14.699999999999974,1089.97,1051.2024999999994,3.5011314316732873,8.0,1.0,1,0
4,Condiments/Sauces/Spices,2025-07-06,27,0,0,COUPON,256,930.38,142,340.0,302.0,13.600000000000009,1260.95,1058.9149999999995,3.504802050821848,8.0,1.0,1,0
4,Condiments/Sauces/Spices,2025-07-13,28,0,0,COUPON,255,935.79,141,256.0,291.75,-2.6999999999999758,930.38,1089.8499999999995,3.734386370581949,8.0,1.0,1,1
4,Condiments/Sauces/Spices,2025-07-20,29,0,0,MANAGER_SPECIAL,323,879.15,177,255.0,285.0,-18.600000000000005,935.79,1054.2724999999994,3.696065135705019,8.0,2.0,1,1
4,Condiments/Sauces/Spices,2025-07-27,30,0,0,MANAGER_SPECIAL,298,1122.36,163,323.0,293.5,-5.200000000000035,879.15,1001.5674999999994,3.4336411692143978,8.0,3.0,1,0
4,Condiments/Sauces/Spices,2025-08-03,31,0,0,BUNDLE,272,916.77,152,298.0,283.0,19.40000000000003,1122.36,966.9199999999994,3.448049232775393,8.0,3.0,1,1
4,Condiments/Sauces/Spices,2025-08-10,32,0,0,COUPON,305,1084.22,177,272.0,287.0,2.600000000000045,916.77,963.5174999999994,3.38209449931951,8.0,3.0,1,0
4,Condiments/Sauces/Spices,2025-08-17,33,0,0,MANAGER_SPECIAL,261,993.49,158,305.0,299.5,-7.999999999999966,1084.22,1000.6249999999993,3.3533582408817093,8.0,3.0,1,1
4,Condiments/Sauces/Spices,2025-08-24,34,0,0,COUPON,295,1111.11,159,261.0,284.0,-7.799999999999995,993.49,1029.2099999999996,3.6245203584813206,8.0,4.0,1,0
4,Condiments/Sauces/Spices,2025-08-31,35,0,0,MANAGER_SPECIAL,314,1209.97,171,295.0,283.25,2.500000000000007,1111.11,1026.3974999999994,3.6245618213410635,8.0,4.0,1,0
4,Condiments/Sauces/Spices,2025-09-07,36,0,0,COUPON,313,1135.75,169,314.0,293.75,6.100000000000001,1209.97,1099.6974999999993,3.745294246874971,8.0,4.0,1,1
4,Condiments/Sauces/Spices,2025-09-14,37,0,0,MANAGER_SPECIAL,343,1240.79,183,313.0,295.75,17.5,1135.75,1112.5799999999995,3.7637378911425037,8.0,4.0,1,0
4,Condiments/Sauces/Spices,2025-09-21,38,0,0,MANAGER_SPECIAL,359,1360.55,190,343.0,316.25,14.299999999999992,1240.79,1174.4049999999993,3.7164850064089716,8.0,3.0,1,0
4,Condiments/Sauces/Spices,2025-09-28,39,0,0,COUPON,317,1148.68,175,359.0,332.25,16.5,1360.55,1236.7649999999994,3.72232457961137,8.0,3.0,1,0
4,Condiments/Sauces/Spices,2025-10-05,40,0,0,MANAGER_SPECIAL,230,635.96,142,317.0,333.0,2.8000000000000393,1148.68,1221.4424999999994,3.6648717224111045,8.0,2.0,1,1
4,Condiments/Sauces/Spices,2025-10-12,41,0,0,BOGO,296,1091.17,181,230.0,312.25,-38.09999999999999,635.96,1096.4949999999994,3.4489840296760024,8.0,3.0,1,0
4,Condiments/Sauces/Spices,2025-10-19,42,0,0,COUPON,263,887.88,142,296.0,300.5,-27.6,1091.17,1059.0899999999995,3.4662144242469584,8.0,2.0,1,1
4,Condiments/Sauces/Spices,2025-10-26,43,0,0,COUPON,284,800.04,154,263.0,276.5,-9.599999999999957,887.88,940.9224999999994,3.362748602414026,8.0,3.0,1,1
4,Dairy & Eggs,2024-12-29,52,0,1,MANAGER_SPECIAL,181,676.55,105,,263.0,,,871.6699999999993,3.2757993983816878,7.0,3.0,1,0
4,Dairy & Eggs,2025-01-05,1,1,0,BUNDLE,263,749.76,154,181.0,246.66666666666666,,676.55,885.1999999999992,3.6000666735838647,7.0,2.0,1,1
4,Dairy & Eggs,2025-01-12,2,1,0,COUPON,258,935.93,161,263.0,235.66666666666666,,749.76,771.396666666666,3.3215377882346373,7.0,3.0,1,0
4,Dairy & Eggs,2025-01-19,3,0,0,COUPON,317,1039.86,175,258.0,234.0,,935.93,787.4133333333325,3.405426480623197,7.0,3.0,1,1
4,Dairy & Eggs,2025-01-26,4,0,0,BOGO,280,1008.84,152,317.0,254.75,40.3,1039.86,850.5249999999994,3.37414872482071,7.0,4.0,1,0
4,Dairy & Eggs,2025-02-02,5,0,0,MANAGER_SPECIAL,281,983.67,161,280.0,279.5,11.00000000000001,1008.84,933.5974999999994,3.3404373988538594,7.0,3.0,1,0
4,Dairy & Eggs,2025-02-09,6,0,0,COUPON,299,1015.56,171,281.0,284.0,3.2,983.67,992.0749999999994,3.5028890246335975,7.0,3.0,1,1
4,Dairy & Eggs,2025-02-16,7,0,0,MANAGER_SPECIAL,346,1244.29,186,299.0,294.25,-5.3,1015.56,1011.9824999999994,3.445110544687524,7.0,3.0,1,0
4,Dairy & Eggs,2025-02-23,8,0,0,COUPON,252,916.13,145,346.0,301.5,21.600000000000023,1244.29,1063.0899999999995,3.524085148542304,8.0,3.0,1,0
4,Dairy & Eggs,2025-03-02,9,0,0,COUPON,300,1043.08,171,252.0,294.5,-4.000000000000023,916.13,1039.9124999999995,3.5321942755264315,8.0,3.0,1,1
4,Dairy & Eggs,2025-03-09,10,0,0,MANAGER_SPECIAL,295,1059.51,179,300.0,299.25,-9.099999999999957,1043.08,1054.7649999999994,3.5262763633081633,8.0,3.0,1,0
4,Dairy & Eggs,2025-03-16,11,0,0,MANAGER_SPECIAL,288,1041.58,161,295.0,298.25,-10.500000000000012,1059.51,1065.7524999999994,3.575035759034029,8.0,3.0,1,0
4,Dairy & Eggs,2025-03-23,12,0,0,MANAGER_SPECIAL,313,1090.52,166,288.0,283.75,10.299999999999981,1041.58,1015.0749999999994,3.5801315963814924,8.0,2.0,1,0
4,Dairy & Eggs,2025-03-30,13,0,0,COUPON,285,988.02,159,313.0,299.0,3.2000000000000046,1090.52,1058.6724999999994,3.542294833614618,8.0,2.0,1,0
4,Dairy & Eggs,2025-04-06,14,0,0,MANAGER_SPECIAL,259,897.12,146,285.0,295.25,-0.4999999999999779,988.02,1044.9074999999993,3.5397457108076003,8.0,2.0,1,0
4,Dairy & Eggs,2025-04-13,15,0,0,BUNDLE,246,900.42,139,259.0,286.25,-11.499999999999991,897.12,1004.3099999999994,3.5078018262450716,8.0,1.0,1,0
4,Dairy & Eggs,2025-04-20,16,0,0,BUNDLE,278,964.02,157,246.0,275.75,-22.700000000000017,900.42,969.0199999999995,3.518713496299272,8.0,1.0,1,0
4,Dairy & Eggs,2025-04-27,17,0,0,BUNDLE,279,1018.61,158,278.0,267.0,-3.400000000000032,964.02,937.3949999999993,3.514615592513674,8.0,1.0,1,0
4,Dairy & Eggs,2025-05-04,18,0,0,BUNDLE,304,1116.53,152,279.0,265.5,9.199999999999966,1018.61,945.0424999999994,3.5606643568977527,8.0,0.0,1,0
4,Dairy & Eggs,2025-05-11,19,0,0,COUPON,252,698.41,154,304.0,276.75,17.499999999999982,1116.53,999.8949999999994,3.6129174241097015,8.0,0.0,1,1
4,Dairy & Eggs,2025-05-18,20,0,0,BUNDLE,307,929.29,174,252.0,278.25,-5.299999999999971,698.41,949.3924999999995,3.390723511992009,8.0,1.0,1,1
4,Dairy & Eggs,2025-05-25,21,0,0,BUNDLE,243,845.33,139,307.0,285.5,3.199999999999997,929.29,940.7099999999994,3.280549865892602,8.0,2.0,1,0
4,Dairy & Eggs,2025-06-01,22,0,0,COUPON,348,1260.66,196,243.0,276.5,-12.799999999999976,845.33,897.3899999999994,3.2374979609410555,8.0,2.0,1,0
4,Dairy & Eggs,2025-06-08,23,0,0,MANAGER_SPECIAL,289,1054.7,174,348.0,287.5,22.39999999999998,1260.66,933.4224999999994,3.2249454995072986,8.0,2.0,1,0
4,Dairy & Eggs,2025-06-15,24,0,0,COUPON,284,851.01,142,289.0,296.75,5.099999999999987,1054.7,1022.4949999999994,3.444448678229768,8.0,2.0,1,1
4,Dairy & Eggs,2025-06-22,25,0,0,MANAGER_SPECIAL,288,1036.68,155,284.0,291.0,6.400000000000009,851.01,1002.9249999999995,3.436826385024281,8.0,3.0,1,0
4,Dairy & Eggs,2025-06-29,26,0,0,BUNDLE,252,682.24,148,288.0,302.25,-18.499999999999996,1036.68,1050.7624999999996,3.467041148398766,8.0,3.0,1,1
4,Dairy & Eggs,2025-07-06,27,0,0,COUPON,318,1158.8700000000001,173,252.0,278.25,-10.699999999999992,682.24,906.1574999999995,3.2382199935000253,8.0,4.0,1,0
4,Dairy & Eggs,2025-07-13,28,0,0,COUPON,266,946.52,157,318.0,285.5,6.600000000000029,1158.8700000000001,932.1999999999994,3.2369110720402094,8.0,3.0,1,0
4,Dairy & Eggs,2025-07-20,29,0,0,MANAGER_SPECIAL,264,933.58,153,266.0,281.0,-1.6925873209815138e-14,946.52,956.0774999999994,3.3773690170788626,8.0,2.0,1,0
4,Dairy & Eggs,2025-07-27,30,0,0,MANAGER_SPECIAL,260,888.61,141,264.0,275.0,-1.599999999999993,933.58,930.3024999999994,3.3615451534424987,8.0,2.0,1,1
4,Dairy & Eggs,2025-08-03,31,0,0,BUNDLE,280,1000.76,157,260.0,277.0,-17.600000000000016,888.61,981.8949999999995,3.5391524489247947,8.0,3.0,1,0
4,Dairy & Eggs,2025-08-10,32,0,0,COUPON,332,1210.12,190,280.0,267.5,3.800000000000018,1000.76,942.3674999999995,3.5216268424557917,8.0,3.0,1,0
4,Dairy & Eggs,2025-08-17,33,0,0,MANAGER_SPECIAL,285,995.4300000000001,151,332.0,284.0,22.400000000000038,1210.12,1008.2674999999995,3.5432753160494146,8.0,2.0,1,1
4,Dairy & Eggs,2025-08-24,34,0,0,COUPON,281,985.3,157,285.0,289.25,12.700000000000019,995.4300000000001,1023.7299999999993,3.5323875568787604,8.0,3.0,1,0
4,Dairy & Eggs,2025-08-31,35,0,0,MANAGER_SPECIAL,282,725.46,164,281.0,294.5,-4.399999999999977,985.3,1047.9024999999995,3.5545562880586123,8.0,2.0,1,1
4,Dairy & Eggs,2025-09-07,36,0,0,COUPON,276,983.84,167,282.0,295.0,-15.39999999999999,725.46,979.0774999999994,3.304158871645239,8.0,3.0,1,0
4,Dairy & Eggs,2025-09-14,37,0,0,MANAGER_SPECIAL,310,1064.32,175,276.0,281.0,-2.6000000000000068,983.84,922.5074999999995,3.2840833521760575,8.0,3.0,1,0
4,Dairy & Eggs,2025-09-21,38,0,0,MANAGER_SPECIAL,273,968.04,154,310.0,287.25,8.100000000000012,1064.32,939.7299999999993,3.269221722294903,8.0,3.0,1,0
4,Dairy & Eggs,2025-09-28,39,0,0,COUPON,264,980.62,151,273.0,285.25,0.6999999999999988,968.04,935.4149999999994,3.279103815290875,8.0,2.0,1,0
4,Dairy & Eggs,2025-10-05,40,0,0,NONE,304,1090.09,174,264.0,280.75,-7.299999999999995,980.62,999.2049999999994,3.5645829416609587,8.0,2.0,0,0
4,Dairy & Eggs,2025-10-12,41,0,0,BOGO,319,1116.23,164,304.0,287.75,-2.699999999999993,1090.09,1025.7674999999995,3.5698791134763663,7.0,2.0,1,0
4,Dairy & Eggs,2025-10-19,42,0,0,COUPON,235,856.1700000000001,133,319.0,290.0,17.80000000000003,1116.23,1038.7449999999994,3.586344934085124,7.0,1.0,1,0
4,Dairy & Eggs,2025-10-26,43,0,0,COUPON,288,1030.25,170,235.0,280.5,-7.199999999999956,856.1700000000001,1010.7774999999995,3.610680566537778,7.0,1.0,1,0
4,Deli,2024-12-29,52,0,1,MANAGER_SPECIAL,187,1070.16,114,,286.0,,,1020.8299999999994,3.5760841897271383,6.0,0.0,1,1
4,Deli,2025-01-05,1,1,0,BUNDLE,291,1846.84,147,187.0,247.0,,1070.16,1014.1866666666659,4.2884036498078215,6.0,1.0,1,0
4,Deli,2025-01-12,2,1,0,COUPON,315,1971.47,175,291.0,237.66666666666666,,1846.84,1257.7233333333327,5.237528851343261,6.0,1.0,1,0
4,Deli,2025-01-19,3,0,0,COUPON,377,2347.36,197,315.0,264.3333333333333,,1971.47,1629.489999999999,6.109314959640007,6.0,1.0,1,0
4,Deli,2025-01-26,4,0,0,BOGO,325,2054.46,175,377.0,292.5,59.39999999999998,2347.36,1808.9574999999995,6.138590994265815,6.0,1.0,1,0
4,Deli,2025-02-02,5,0,0,MANAGER_SPECIAL,328,2062.69,183,325.0,327.0,16.399999999999984,2054.46,2055.0324999999993,6.288249653253885,7.0,1.0,1,0
4,Deli,2025-02-09,6,0,0,COUPON,376,2336.68,206,328.0,336.25,-1.2999999999999445,2062.69,2108.9949999999994,6.2737896069459484,7.0,1.0,1,0
4,Deli,2025-02-16,7,0,0,MANAGER_SPECIAL,333,2027.14,189,376.0,351.5,2.4300816842100446e-14,2336.68,2200.2974999999997,6.262774493808494,7.0,1.0,1,0
4,Deli,2025-02-23,8,0,0,COUPON,298,1876.77,169,333.0,340.5,7.19999999999999,2027.14,2120.2424999999994,6.228046596149563,8.0,1.0,1,0
4,Deli,2025-03-02,9,0,0,COUPON,298,1848.69,173,298.0,333.75,-13.299999999999972,1876.77,2075.8199999999997,6.222164226505783,8.0,0.0,1,0
4,Deli,2025-03-09,10,0,0,COUPON,272,1740.84,146,298.0,326.25,-26.900000000000016,1848.69,2022.3199999999995,6.2009063999384235,8.0,0.0,1,0
4,Deli,2025-03-16,11,0,0,MANAGER_SPECIAL,356,2300.93,183,272.0,300.25,-18.299999999999965,1740.84,1873.3599999999997,6.2472995476230295,8.0,0.0,1,0
4,Deli,2025-03-23,12,0,0,BUNDLE,308,1674.42,171,356.0,306.0,14.799999999999981,2300.93,1941.8074999999994,6.3412442999596355,8.0,0.0,1,1
4,Deli,2025-03-30,13,0,0,COUPON,294,1849.38,177,308.0,308.5,11.39999999999999,1674.42,1891.2199999999996,6.1258799663067105,8.0,1.0,1,0
4,Deli,2025-04-06,14,0,0,MANAGER_SPECIAL,347,2198.09,190,294.0,307.5,1.7999999999999878,1849.38,1891.3924999999995,6.147567577592836,8.0,1.0,1,0
4,Deli,2025-04-13,15,0,0,BUNDLE,291,1794.06,159,347.0,326.25,-4.099999999999995,2198.09,2005.7049999999995,6.131169141417214,8.0,1.0,1,0
4,Deli,2025-04-20,16,0,0,BUNDLE,306,1832.6,182,291.0,310.0,0.20000000000002172,1794.06,1878.9874999999997,6.056636171997544,8.0,1.0,1,0
4,Deli,2025-04-27,17,0,0,MANAGER_SPECIAL,315,1937.21,165,306.0,309.5,-1.9999999999999527,1832.6,1918.5324999999996,6.194751251362624,8.0,1.0,1,0
4,Deli,2025-05-04,18,0,0,BUNDLE,314,1944.69,176,315.0,314.75,-8.09999999999999,1937.21,1940.4899999999996,6.159617464514552,8.0,1.0,1,0
4,Deli,2025-05-11,19,0,0,COUPON,324,2055.2,169,314.0,306.5,7.800000000000003,1944.69,1877.1399999999994,6.1242991996785605,8.0,1.0,1,0
4,Deli,2025-05-18,20,0,0,BUNDLE,280,1791.74,156,324.0,314.75,5.300000000000011,2055.2,1942.4249999999997,6.168813009020548,8.0,1.0,1,0
4,Deli,2025-05-25,21,0,0,BUNDLE,380,2410.22,205,280.0,308.25,-9.500000000000007,1791.74,1932.2099999999996,6.271358643941182,8.0,0.0,1,0
4,Deli,2025-06-01,22,0,0,COUPON,362,2255.8,207,380.0,324.5,15.399999999999965,2410.22,2050.4624999999996,6.319561442604508,8.0,0.0,1,0
4,Deli,2025-06-08,23,0,0,MANAGER_SPECIAL,348,2150.3,193,362.0,336.5,21.399999999999974,2255.8,2128.2399999999993,6.3291143070870355,8.0,0.0,1,0
4,Deli,2025-06-15,24,0,0,COUPON,268,1667.77,164,348.0,342.5,18.599999999999987,2150.3,2152.0149999999994,6.28806758507767,8.0,0.0,1,0
4,Deli,2025-06-22,25,0,0,MANAGER_SPECIAL,290,1603.11,158,268.0,339.5,-35.0,1667.77,2121.0224999999996,6.244055324949738,8.0,0.0,1,1
4,Deli,2025-06-29,26,0,0,BUNDLE,322,2009.39,180,290.0,317.0,-29.59999999999999,1603.11,1919.2449999999997,6.040375651628504,8.0,1.0,1,0
4,Deli,2025-07-06,27,0,0,COUPON,309,1963.57,168,322.0,307.0,-5.599999999999999,2009.39,1857.6424999999995,6.0425881271784165,8.0,1.0,1,0
4,Deli,2025-07-13,28,0,0,COUPON,289,1823.17,163,309.0,297.25,15.500000000000014,1963.57,1810.9599999999996,6.086481247365896,8.0,1.0,1,0
4,Deli,2025-07-20,29,0,0,MANAGER_SPECIAL,317,2005.76,173,289.0,302.5,-1.5999999999999683,1823.17,1849.8099999999995,6.107862328551662,8.0,1.0,1,0
4,Deli,2025-07-27,30,0,0,MANAGER_SPECIAL,277,1799.08,145,317.0,309.25,-3.4999999999999982,2005.76,1950.4724999999994,6.307700602238164,8.0,1.0,1,0
4,Deli,2025-08-03,31,0,0,BUNDLE,313,1965.6,177,277.0,298.0,-6.800000000000027,1799.08,1897.8949999999995,6.371333610063802,8.0,1.0,1,0
4,Deli,2025-08-10,32,0,0,COUPON,337,2126.04,190,313.0,299.0,3.2000000000000046,1965.6,1898.4024999999995,6.352652793868097,8.0,1.0,1,0
4,Deli,2025-08-17,33,0,0,MANAGER_SPECIAL,281,1698.98,156,337.0,311.0,9.600000000000033,2126.04,1974.1199999999994,6.352697124569481,8.0,1.0,1,0
4,Deli,2025-08-24,34,0,0,COUPON,306,1830.72,168,281.0,302.0,3.600000000000008,1698.98,1897.4249999999993,6.282415514277262,8.0,0.0,1,1
4,Deli,2025-08-31,35,0,0,MANAGER_SPECIAL,353,2232.69,194,306.0,309.25,-7.699999999999988,1830.72,1905.3349999999994,6.154383377234719,8.0,1.0,1,0
4,Deli,2025-09-07,36,0,0,COUPON,338,2110.47,185,353.0,319.25,7.299999999999998,2232.69,1972.1074999999996,6.165640538581098,8.0,1.0,1,0
4,Deli,2025-09-14,37,0,0,MANAGER_SPECIAL,283,1776.83,168,338.0,319.5,21.800000000000008,2110.47,1968.2149999999997,6.14945805038908,8.0,1.0,1,0
4,Deli,2025-09-21,38,0,0,MANAGER_SPECIAL,289,1852.74,176,283.0,320.0,-8.400000000000004,1776.83,1987.6774999999998,6.207547816871733,8.0,1.0,1,0
4,Deli,2025-09-28,39,0,0,COUPON,329,2064.58,179,289.0,315.75,-24.700000000000014,1852.74,1993.1824999999997,6.3145778053377075,8.0,1.0,1,0
4,Deli,2025-10-05,40,0,0,NONE,276,1743.99,157,329.0,309.75,-2.1000000000000094,2064.58,1951.1549999999995,6.302182380107161,8.0,1.0,0,0
4,Deli,2025-10-12,41,0,0,BOGO,315,1938.82,179,276.0,294.25,1.900000000000008,1743.99,1859.5349999999994,6.320884946353624,7.0,1.0,1,1
4,Deli,2025-10-19,42,0,0,COUPON,276,1719.82,161,315.0,302.25,2.5000000000000133,1938.82,1900.0324999999993,6.2899931689123765,7.0,2.0,1,1
4,Deli,2025-10-26,43,0,0,COUPON,370,2389.86,194,276.0,299.0,-12.000000000000016,1719.82,1866.8024999999996,6.24508487695109,7.0,2.0,1,0
4,Frozen Foods,2024-12-29,52,0,1,MANAGER_SPECIAL,198,1304.3799999999999,109,,289.0,,,1800.876666666666,6.2350067862893965,6.0,2.0,1,0
4,Frozen Foods,2025-01-05,1,1,0,BUNDLE,285,1717.74,160,198.0,263.0,,1304.3799999999999,1654.3399999999995,6.324664596273294,6.0,2.0,1,1
4,Frozen Foods,2025-01-12,2,1,0,COUPON,280,2004.49,164,285.0,253.0,,1717.74,1580.6466666666659,6.282055852190865,6.0,3.0,1,0
4,Frozen Foods,2025-01-19,3,0,0,COUPON,272,1923.04,153,280.0,254.33333333333334,,2004.49,1675.5366666666662,6.591276176552494,6.0,3.0,1,0
4,Frozen Foods,2025-01-26,4,0,0,BOGO,348,2454.29,174,272.0,258.75,21.700000000000024,1923.04,1737.4124999999995,6.710957132414371,6.0,3.0,1,0
4,Frozen Foods,2025-02-02,5,0,0,MANAGER_SPECIAL,318,1987.75,169,348.0,296.25,18.10000000000001,2454.29,2024.8899999999994,6.8271520557860175,7.0,3.0,1,1
4,Frozen Foods,2025-02-09,6,0,0,COUPON,282,1943.42,168,318.0,304.5,18.999999999999975,1987.75,2092.3924999999995,6.883059122982311,7.0,3.0,1,0
4,Frozen Foods,2025-02-16,7,0,0,MANAGER_SPECIAL,301,2064.44,161,282.0,305.0,2.61701904860814e-14,1943.42,2077.1249999999995,6.816225979618583,7.0,2.0,1,0
4,Frozen Foods,2025-02-23,8,0,0,COUPON,275,1440.42,153,301.0,312.25,-17.70000000000002,2064.44,2112.4749999999995,6.76337714240928,8.0,2.0,1,1
4,Frozen Foods,2025-03-02,9,0,0,COUPON,280,1887.05,163,275.0,294.0,-11.00000000000001,1440.42,1859.0074999999997,6.309710501865915,8.0,3.0,1,0
4,Frozen Foods,2025-03-09,10,0,0,MANAGER_SPECIAL,270,1798.68,152,280.0,284.5,-3.1999999999999855,1887.05,1833.8324999999998,6.431880032413984,8.0,2.0,1,0
4,Frozen Foods,2025-03-16,11,0,0,MANAGER_SPECIAL,258,1739.3,148,270.0,281.5,-8.800000000000015,1798.68,1797.6474999999996,6.374434405936443,8.0,2.0,1,0
4,Frozen Foods,2025-03-23,12,0,0,MANAGER_SPECIAL,249,1709.11,143,258.0,270.75,-6.099999999999979,1739.3,1716.3624999999995,6.345151460200008,8.0,2.0,1,0
4,Frozen Foods,2025-03-30,13,0,0,COUPON,294,1977.56,156,249.0,264.25,-10.499999999999979,1709.11,1783.5349999999994,6.75165262850961,8.0,2.0,1,0
4,Frozen Foods,2025-04-06,14,0,0,MANAGER_SPECIAL,290,1937.76,165,294.0,267.75,6.300000000000005,1977.56,1806.1624999999995,6.748385196536821,8.0,1.0,1,0
4,Frozen Foods,2025-04-13,15,0,0,BUNDLE,216,1451.94,130,290.0,272.75,14.10000000000002,1937.76,1840.9324999999994,6.753423510713066,8.0,1.0,1,0
4,Frozen Foods,2025-04-20,16,0,0,BUNDLE,279,1947.18,147,216.0,262.25,-10.299999999999981,1451.94,1769.0924999999995,6.748541404769914,8.0,1.0,1,0
4,Frozen Foods,2025-04-27,17,0,0,MANAGER_SPECIAL,295,1995.16,155,279.0,269.75,-11.900000000000011,1947.18,1828.6099999999997,6.777352455424144,8.0,0.0,1,0
4,Frozen Foods,2025-05-04,18,0,0,BUNDLE,286,1890.31,168,295.0,270.0,7.799999999999978,1995.16,1833.0099999999995,6.786567375290396,8.0,0.0,1,1
4,Frozen Foods,2025-05-11,19,0,0,COUPON,246,1688.97,147,286.0,269.0,22.60000000000001,1890.31,1821.1474999999996,6.768453497788586,8.0,1.0,1,0
4,Frozen Foods,2025-05-18,20,0,0,BUNDLE,295,1974.98,163,246.0,276.5,-10.799999999999997,1688.97,1880.4049999999997,6.8044003135067435,8.0,1.0,1,0
4,Frozen Foods,2025-05-25,21,0,0,BUNDLE,291,1988.3700000000001,167,295.0,280.5,-3.99999999999998,1974.98,1887.3549999999996,6.733327231676965,8.0,1.0,1,0
4,Frozen Foods,2025-06-01,22,0,0,COUPON,288,1664.16,155,291.0,279.5,6.399999999999986,1988.3700000000001,1885.6574999999996,6.750735321839467,8.0,1.0,1,1
4,Frozen Foods,2025-06-08,23,0,0,MANAGER_SPECIAL,283,1936.99,170,288.0,280.0,12.200000000000031,1664.16,1829.1199999999994,6.542949774053919,8.0,2.0,1,0
4,Frozen Foods,2025-06-15,24,0,0,COUPON,285,1994.3700000000001,153,283.0,289.25,-3.900000000000006,1936.99,1891.1249999999998,6.53763875535186,8.0,2.0,1,0
4,Frozen Foods,2025-06-22,25,0,0,MANAGER_SPECIAL,247,1683.1,132,285.0,286.75,-2.3000000000000065,1994.3700000000001,1895.9724999999996,6.613374259366132,8.0,2.0,1,0
4,Frozen Foods,2025-06-29,26,0,0,COUPON,261,1539.26,148,247.0,275.75,-12.099999999999975,1683.1,1819.6549999999997,6.608695120003054,8.0,2.0,1,1
4,Frozen Foods,2025-07-06,27,0,0,COUPON,294,1956.8,169,261.0,269.0,-10.399999999999993,1539.26,1788.4299999999996,6.6384987598497975,8.0,2.0,1,0
4,Frozen Foods,2025-07-13,28,0,0,COUPON,296,2056.84,170,294.0,271.75,4.1,1956.8,1793.3824999999995,6.591322429953881,8.0,2.0,1,0
4,Frozen Foods,2025-07-20,29,0,0,MANAGER_SPECIAL,318,2187.7,173,296.0,274.5,18.00000000000002,2056.84,1808.9999999999995,6.579071007478774,8.0,2.0,1,0
4,Frozen Foods,2025-07-27,30,0,0,MANAGER_SPECIAL,297,1891.64,166,318.0,292.25,17.299999999999983,2187.7,1935.1499999999994,6.595418434464235,8.0,2.0,1,1
4,Frozen Foods,2025-08-03,31,0,0,BUNDLE,279,1952.65,160,297.0,301.25,3.0999999999999823,1891.64,2023.2449999999997,6.71332102357372,8.0,2.0,1,0
4,Frozen Foods,2025-08-10,32,0,0,COUPON,331,2253.05,186,279.0,297.5,-7.200000000000008,1952.65,2022.2074999999995,6.799061825270743,8.0,2.0,1,0
4,Frozen Foods,2025-08-17,33,0,0,MANAGER_SPECIAL,271,1450.09,151,331.0,306.25,2.099999999999988,2253.05,2071.2599999999993,6.76356527509519,8.0,2.0,1,1
4,Frozen Foods,2025-08-24,34,0,0,COUPON,256,1766.89,148,271.0,294.5,-2.599999999999969,1450.09,1886.8574999999996,6.381396740202295,8.0,3.0,1,0
4,Frozen Foods,2025-08-31,35,0,0,MANAGER_SPECIAL,295,1934.01,160,256.0,284.25,-12.900000000000007,1766.89,1855.6699999999996,6.514585693537732,8.0,2.0,1,0
4,Frozen Foods,2025-09-07,36,0,0,COUPON,284,1931.27,162,295.0,288.25,-12.299999999999997,1934.01,1851.0099999999995,6.403890839033146,8.0,2.0,1,0
4,Frozen Foods,2025-09-14,37,0,0,MANAGER_SPECIAL,312,2105.02,167,284.0,276.5,7.800000000000001,1931.27,1770.5649999999996,6.402253062981062,8.0,2.0,1,0
4,Frozen Foods,2025-09-21,38,0,0,MANAGER_SPECIAL,309,1869.94,176,312.0,286.75,15.69999999999998,2105.02,1934.2974999999994,6.751246404356785,8.0,2.0,1,1
4,Frozen Foods,2025-09-28,39,0,0,COUPON,273,1881.22,145,309.0,300.0,7.000000000000003,1869.94,1960.0599999999995,6.538664328861234,8.0,2.0,1,0
4,Frozen Foods,2025-10-05,40,0,0,NONE,281,1943.44,151,273.0,294.5,-3.6000000000000196,1881.22,1946.8624999999995,6.622401741166443,8.0,2.0,0,0
4,Frozen Foods,2025-10-12,41,0,0,BOGO,240,1690.95,142,281.0,293.75,-12.899999999999974,1943.44,1949.9049999999995,6.6513792673556065,7.0,2.0,1,0
4,Frozen Foods,2025-10-19,42,0,0,COUPON,242,1700.76,131,240.0,275.75,-19.90000000000002,1690.95,1846.3874999999996,6.726070773765862,7.0,1.0,1,0
4,Frozen Foods,2025-10-26,43,0,0,COUPON,289,1955.69,165,242.0,259.0,-13.399999999999991,1700.76,1804.0924999999997,6.970157804710793,7.0,1.0,1,0
4,Grains and Pasta,2024-12-29,52,0,1,MANAGER_SPECIAL,206,372.17,117,,254.33333333333334,,,1778.383333333333,6.996571822642474,6.0,1.0,1,1
4,Grains and Pasta,2025-01-05,1,1,0,BUNDLE,346,893.67,197,206.0,229.33333333333334,,372.17,1254.6266666666659,5.293403123244807,6.0,2.0,1,0
4,Grains and Pasta,2025-01-12,2,1,0,COUPON,342,872.98,185,346.0,264.6666666666667,,893.67,988.866666666666,3.8058152138035735,6.0,2.0,1,1
4,Grains and Pasta,2025-01-19,3,0,0,COUPON,409,1050.92,226,342.0,298.0,,872.98,712.9399999999993,2.3140282855094685,6.0,2.0,1,0
4,Grains and Pasta,2025-01-26,4,0,0,BOGO,309,826.34,171,409.0,325.75,60.50000000000002,1050.92,797.4349999999995,2.3778928522739102,6.0,2.0,1,0
4,Grains and Pasta,2025-02-02,5,0,0,MANAGER_SPECIAL,365,939.28,195,309.0,351.5,-4.399999999999989,826.34,910.9774999999995,2.5947901014648487,7.0,2.0,1,0
4,Grains and Pasta,2025-02-09,6,0,0,COUPON,334,781.96,188,365.0,356.25,-3.0999999999999757,939.28,922.3799999999995,2.5924172492991984,7.0,2.0,1,1
4,Grains and Pasta,2025-02-16,7,0,0,MANAGER_SPECIAL,355,923.54,189,334.0,354.25,-16.899999999999974,781.96,899.6249999999995,2.5395733756430023,7.0,3.0,1,1
4,Grains and Pasta,2025-02-23,8,0,0,COUPON,334,896.71,181,355.0,340.75,10.7,923.54,867.7799999999995,2.5475820191913336,8.0,4.0,1,0
4,Grains and Pasta,2025-03-02,9,0,0,COUPON,362,950.76,205,334.0,347.0,-7.200000000000023,896.71,885.3724999999996,2.550212268401651,8.0,3.0,1,0
4,Grains and Pasta,2025-03-09,10,0,0,MANAGER_SPECIAL,317,660.95,178,362.0,346.25,6.299999999999978,950.76,888.2424999999995,2.5634720125929773,8.0,3.0,1,1
4,Grains and Pasta,2025-03-16,11,0,0,MANAGER_SPECIAL,353,924.11,191,317.0,342.0,-8.600000000000028,660.95,857.9899999999996,2.4994265546130383,8.0,3.0,1,0
4,Grains and Pasta,2025-03-23,12,0,0,MANAGER_SPECIAL,361,935.04,195,353.0,341.5,1.199999999999975,924.11,858.1324999999995,2.50351511144981,8.0,3.0,1,0
4,Grains and Pasta,2025-03-30,13,0,0,COUPON,331,790.43,185,361.0,348.25,3.2999999999999923,935.04,867.7149999999995,2.479859617728112,8.0,3.0,1,1
4,Grains and Pasta,2025-04-06,14,0,0,MANAGER_SPECIAL,319,880.2,174,331.0,340.5,5.0000000000000195,790.43,827.6324999999996,2.4202589183573786,8.0,4.0,1,0
4,Grains and Pasta,2025-04-13,15,0,0,BUNDLE,296,654.16,175,319.0,341.0,-13.199999999999989,880.2,882.4449999999995,2.5888168873654185,8.0,3.0,1,1
4,Grains and Pasta,2025-04-20,16,0,0,BUNDLE,348,907.6899999999999,192,296.0,326.75,-20.69999999999999,654.16,814.9574999999995,2.486848048838506,8.0,3.0,1,0
4,Grains and Pasta,2025-04-27,17,0,0,MANAGER_SPECIAL,354,952.7,188,348.0,323.5,2.799999999999995,907.6899999999999,808.1199999999995,2.491389572225012,8.0,3.0,1,0
4,Grains and Pasta,2025-05-04,18,0,0,BUNDLE,354,907.14,188,354.0,329.25,15.699999999999982,952.7,848.6874999999995,2.5671987961142713,8.0,3.0,1,0
4,Grains and Pasta,2025-05-11,19,0,0,COUPON,335,860.56,185,354.0,338.0,17.99999999999998,907.14,855.4224999999996,2.518022477108905,8.0,2.0,1,0
4,Grains and Pasta,2025-05-18,20,0,0,BUNDLE,374,930.7,212,335.0,347.75,-3.8999999999999773,860.56,907.0224999999995,2.6077314323327854,8.0,2.0,1,1
4,Grains and Pasta,2025-05-25,21,0,0,BUNDLE,381,1020.79,201,374.0,354.25,4.100000000000002,930.7,912.7749999999996,2.577780951356696,8.0,3.0,1,0
4,Grains and Pasta,2025-06-01,22,0,0,COUPON,409,1082.71,217,381.0,361.0,11.99999999999999,1020.79,929.7974999999994,2.5747799281795083,8.0,2.0,1,0
4,Grains and Pasta,2025-06-08,23,0,0,MANAGER_SPECIAL,392,1036.34,218,409.0,374.75,22.89999999999999,1082.71,973.6899999999996,2.595947513443277,8.0,2.0,1,0
4,Grains and Pasta,2025-06-15,24,0,0,COUPON,292,751.49,167,392.0,389.0,8.200000000000045,1036.34,1017.6349999999995,2.614669680668376,8.0,1.0,1,0
4,Grains and Pasta,2025-06-22,25,0,0,COUPON,367,725.29,202,292.0,368.5,-28.399999999999988,751.49,972.8324999999995,2.635942984821918,8.0,1.0,1,1
4,Grains and Pasta,2025-06-29,26,0,0,BUNDLE,318,827.43,173,367.0,365.0,-22.600000000000037,725.29,898.9574999999995,2.4602000310290166,8.0,2.0,1,0
4,Grains and Pasta,2025-07-06,27,0,0,COUPON,363,955.95,196,318.0,342.25,-14.70000000000001,827.43,835.1374999999996,2.448892135563777,8.0,2.0,1,0
4,Grains and Pasta,2025-07-13,28,0,0,COUPON,322,838.78,177,363.0,335.0,16.400000000000016,955.95,815.0399999999995,2.4463287817098385,8.0,2.0,1,0
4,Grains and Pasta,2025-07-20,29,0,0,MANAGER_SPECIAL,368,972.81,199,322.0,342.5,-8.999999999999996,838.78,836.8624999999996,2.454156517181633,8.0,1.0,1,0
4,Grains and Pasta,2025-07-27,30,0,0,MANAGER_SPECIAL,296,752.52,169,368.0,342.75,10.900000000000045,972.81,898.7424999999995,2.620966118384097,8.0,1.0,1,0
4,Grains and Pasta,2025-08-03,31,0,0,BUNDLE,343,859.3199999999999,194,296.0,337.25,-15.5,752.52,880.0149999999995,2.606045159689553,8.0,1.0,1,0
4,Grains and Pasta,2025-08-10,32,0,0,COUPON,406,1055.71,226,343.0,332.25,-0.8999999999999735,859.3199999999999,855.8574999999995,2.574003921706757,8.0,1.0,1,0
4,Grains and Pasta,2025-08-17,33,0,0,MANAGER_SPECIAL,299,766.66,167,406.0,353.25,16.099999999999955,1055.71,910.0899999999995,2.5728449476223707,8.0,1.0,1,0
4,Grains and Pasta,2025-08-24,34,0,0,COUPON,362,961.25,204,299.0,336.0,7.199999999999985,766.66,858.5524999999994,2.5529886558163506,8.0,0.0,1,0
4,Grains and Pasta,2025-08-31,35,0,0,MANAGER_SPECIAL,413,1076.95,224,362.0,352.5,-5.0000000000000115,961.25,910.7349999999994,2.5812610165748993,8.0,0.0,1,0
4,Grains and Pasta,2025-09-07,36,0,0,COUPON,377,969.32,218,413.0,370.0,8.40000000000002,1076.95,965.1424999999996,2.6068412656236712,8.0,0.0,1,0
4,Grains and Pasta,2025-09-14,37,0,0,MANAGER_SPECIAL,387,1001.87,211,377.0,362.75,28.5,969.32,943.5449999999996,2.5995586775221176,8.0,0.0,1,0
4,Grains and Pasta,2025-09-21,38,0,0,MANAGER_SPECIAL,345,883.44,194,387.0,384.75,3.900000000000001,1001.87,1002.3474999999996,2.6057414530097462,8.0,0.0,1,0
4,Grains and Pasta,2025-09-28,39,0,0,COUPON,406,724.67,215,345.0,380.5,-19.399999999999995,883.44,982.8949999999996,2.5820686809703517,8.0,0.0,1,1
4,Grains and Pasta,2025-10-05,40,0,0,NONE,355,920.25,187,406.0,378.75,4.499999999999978,724.67,894.8249999999996,2.376387270767463,8.0,1.0,0,0
4,Grains and Pasta,2025-10-12,41,0,0,BOGO,331,854.65,184,355.0,373.25,-3.4999999999999813,920.25,882.5574999999995,2.381665505160559,7.0,1.0,1,0
4,Grains and Pasta,2025-10-19,42,0,0,COUPON,331,867.42,190,331.0,359.25,-9.299999999999972,854.65,845.7524999999996,2.3799687050793707,7.0,1.0,1,0
4,Grains and Pasta,2025-10-26,43,0,0,COUPON,367,954.63,193,331.0,355.75,-24.89999999999999,867.42,841.7474999999995,2.394945849437705,7.0,1.0,1,1
4,Meat and Seafood,2024-12-29,52,0,1,MANAGER_SPECIAL,172,1579.62,97,,339.0,,,880.7733333333326,2.5982939733061023,6.0,1.0,1,0
4,Meat and Seafood,2025-01-05,1,1,0,BUNDLE,284,2666.77,162,172.0,278.0,,1579.62,1100.5633333333326,4.79548853603129,6.0,1.0,1,0
4,Meat and Seafood,2025-01-12,2,1,0,COUPON,352,3222.86,195,284.0,262.3333333333333,,2666.77,1704.6033333333326,7.064825550059062,6.0,1.0,1,1
4,Meat and Seafood,2025-01-19,3,0,0,COUPON,325,2980.54,171,352.0,269.3333333333333,,3222.86,2489.7499999999995,9.243241564432404,6.0,2.0,1,0
4,Meat and Seafood,2025-01-26,4,0,0,BOGO,313,2965.97,180,325.0,283.25,52.699999999999996,2980.54,2612.4474999999993,9.22515425024738,6.0,1.0,1,0
4,Meat and Seafood,2025-02-02,5,0,0,MANAGER_SPECIAL,308,2914.71,165,313.0,318.5,6.000000000000004,2965.97,2959.035,9.298180570924993,7.0,1.0,1,0
4,Meat and Seafood,2025-02-09,6,0,0,COUPON,300,2739.32,174,308.0,324.5,-14.399999999999986,2914.71,3021.0199999999995,9.316507807069131,7.0,1.0,1,0
4,Meat and Seafood,2025-02-16,7,0,0,MANAGER_SPECIAL,286,2547.0099999999998,160,300.0,311.5,-7.9999999999999964,2739.32,2900.1349999999993,9.310311405553978,7.0,1.0,1,1
4,Meat and Seafood,2025-02-23,8,0,0,COUPON,290,2729.5,160,286.0,301.75,-8.900000000000034,2547.0099999999998,2791.752499999999,9.243995671288246,8.0,2.0,1,0
4,Meat and Seafood,2025-03-02,9,0,0,COUPON,290,2671.24,164,290.0,296.0,-6.800000000000006,2729.5,2732.6349999999993,9.228027289664361,8.0,2.0,1,0
4,Meat and Seafood,2025-03-09,10,0,0,MANAGER_SPECIAL,316,2987.08,175,290.0,291.5,-2.599999999999999,2671.24,2671.7674999999995,9.164984354151597,8.0,2.0,1,0
4,Meat and Seafood,2025-03-16,11,0,0,MANAGER_SPECIAL,321,2980.38,175,316.0,295.5,8.999999999999991,2987.08,2733.7074999999995,9.245413890016575,8.0,1.0,1,0
4,Meat and Seafood,2025-03-23,12,0,0,COUPON,281,2652.78,161,321.0,304.25,11.900000000000007,2980.38,2842.0499999999993,9.3401747716583,8.0,1.0,1,0
4,Meat and Seafood,2025-03-30,13,0,0,COUPON,240,2329.95,142,281.0,302.0,-2.200000000000016,2652.78,2822.8699999999994,9.347282085439131,8.0,1.0,1,0
4,Meat and Seafood,2025-04-06,14,0,0,MANAGER_SPECIAL,312,3013.0,176,240.0,289.5,-26.799999999999972,2329.95,2737.5474999999997,9.471520231990855,8.0,1.0,1,0
4,Meat and Seafood,2025-04-13,15,0,0,BUNDLE,283,2721.86,156,312.0,288.5,-6.800000000000011,3013.0,2744.0274999999992,9.522586849972031,8.0,1.0,1,0
4,Meat and Seafood,2025-04-20,16,0,0,BUNDLE,273,2760.22,161,283.0,279.0,7.79999999999996,2721.86,2679.3974999999996,9.605888590337276,8.0,0.0,1,0
4,Meat and Seafood,2025-04-27,17,0,0,COUPON,318,2965.98,165,273.0,277.0,7.000000000000017,2760.22,2706.2574999999997,9.773438027851125,8.0,0.0,1,0
4,Meat and Seafood,2025-05-04,18,0,0,BUNDLE,270,2540.9900000000002,162,318.0,296.5,0.7999999999999915,2965.98,2865.2649999999994,9.678152060869994,8.0,0.0,1,0
4,Meat and Seafood,2025-05-11,19,0,0,COUPON,347,3225.85,185,270.0,286.0,0.6000000000000129,2540.9900000000002,2747.2624999999994,9.616657758875693,8.0,0.0,1,0
4,Meat and Seafood,2025-05-18,20,0,0,BUNDLE,355,3298.65,191,347.0,302.0,17.400000000000027,3225.85,2873.2599999999998,9.536287217842505,8.0,0.0,1,0
4,Meat and Seafood,2025-05-25,21,0,0,BUNDLE,279,2517.77,153,355.0,322.5,18.80000000000002,3298.65,3007.8675,9.33160618291499,8.0,0.0,1,0
4,Meat and Seafood,2025-06-01,22,0,0,COUPON,366,3485.8,195,279.0,312.75,3.49999999999997,2517.77,2895.8149999999996,9.25592720813985,8.0,0.0,1,0
4,Meat and Seafood,2025-06-08,23,0,0,MANAGER_SPECIAL,285,2783.37,159,366.0,336.75,-1.8999999999999646,3485.8,3132.0174999999995,9.28416961858308,8.0,0.0,1,0
4,Meat and Seafood,2025-06-15,24,0,0,MANAGER_SPECIAL,263,2500.25,146,285.0,321.25,-12.300000000000004,2783.37,3021.3974999999996,9.401622826530904,8.0,0.0,1,0
4,Meat and Seafood,2025-06-22,25,0,0,MANAGER_SPECIAL,286,2659.31,156,263.0,298.25,-12.899999999999974,2500.25,2821.7974999999997,9.455293366883286,8.0,0.0,1,0
4,Meat and Seafood,2025-06-29,26,0,0,BUNDLE,313,2956.6,177,286.0,300.0,-26.2,2659.31,2857.1824999999994,9.523798736961234,8.0,0.0,1,0
4,Meat and Seafood,2025-07-06,27,0,0,COUPON,300,2818.3,176,313.0,286.75,10.700000000000012,2956.6,2724.8824999999997,9.504289405443576,8.0,0.0,1,0
4,Meat and Seafood,2025-07-13,28,0,0,COUPON,365,3421.51,203,300.0,290.5,13.800000000000006,2818.3,2733.6149999999993,9.411320107197962,8.0,0.0,1,0
4,Meat and Seafood,2025-07-20,29,0,0,MANAGER_SPECIAL,283,2552.96,162,365.0,316.0,22.400000000000006,3421.51,2963.9299999999994,9.378156609099102,8.0,0.0,1,1
4,Meat and Seafood,2025-07-27,30,0,0,MANAGER_SPECIAL,277,2634.1,152,283.0,315.25,-2.499999999999967,2552.96,2937.3424999999997,9.30884994844527,8.0,1.0,1,0
4,Meat and Seafood,2025-08-03,31,0,0,BUNDLE,319,3065.4700000000003,165,277.0,306.25,-15.099999999999984,2634.1,2856.7174999999997,9.324694921398292,8.0,1.0,1,0
4,Meat and Seafood,2025-08-10,32,0,0,COUPON,359,3349.58,196,319.0,311.0,-14.399999999999977,3065.4700000000003,2918.5099999999998,9.37851754417781,8.0,1.0,1,0
4,Meat and Seafood,2025-08-17,33,0,0,MANAGER_SPECIAL,278,2569.1,150,359.0,309.5,27.00000000000003,3349.58,2900.5274999999997,9.36759414584912,8.0,1.0,1,0
4,Meat and Seafood,2025-08-24,34,0,0,COUPON,317,2921.03,176,278.0,308.25,4.300000000000009,2569.1,2904.5624999999995,9.422670854799982,8.0,1.0,1,0
4,Meat and Seafood,2025-08-31,35,0,0,MANAGER_SPECIAL,349,3238.47,177,317.0,318.25,-8.700000000000014,2921.03,2976.294999999999,9.34897570396123,8.0,1.0,1,0
4,Meat and Seafood,2025-09-07,36,0,0,COUPON,299,2802.86,162,349.0,325.75,0.899999999999986,3238.47,3019.5449999999996,9.266390664753821,8.0,1.0,1,1
4,Meat and Seafood,2025-09-14,37,0,0,MANAGER_SPECIAL,289,2571.84,167,299.0,310.75,9.499999999999995,2802.86,2882.865,9.277342491176157,8.0,2.0,1,1
4,Meat and Seafood,2025-09-21,38,0,0,MANAGER_SPECIAL,322,2982.04,164,289.0,313.5,-13.399999999999988,2571.84,2883.5499999999993,9.19177585106264,8.0,2.0,1,0
4,Meat and Seafood,2025-09-28,39,0,0,COUPON,353,3276.47,186,322.0,314.75,-9.100000000000001,2982.04,2898.8025,9.203372878709251,8.0,2.0,1,0
4,Meat and Seafood,2025-10-05,40,0,0,NONE,292,2740.31,173,353.0,315.75,19.500000000000014,3276.47,2908.3024999999993,9.2039981374412,8.0,2.0,0,0
4,Meat and Seafood,2025-10-12,41,0,0,BUNDLE,326,3014.45,176,292.0,314.0,3.999999999999997,2740.31,2892.665,9.206625531265363,7.0,2.0,1,0
4,Meat and Seafood,2025-10-19,42,0,0,COUPON,237,2228.77,133,326.0,323.25,-4.899999999999963,3014.45,3003.3174999999997,9.293545230036246,7.0,2.0,1,0
4,Meat and Seafood,2025-10-26,43,0,0,COUPON,358,3275.87,178,237.0,302.0,-31.4,2228.77,2814.9999999999995,9.329319989582332,7.0,2.0,1,1
4,Pet Food,2024-12-29,52,0,1,MANAGER_SPECIAL,158,1162.2,84,,285.0,,,2661.1766666666663,9.345165085259918,6.0,2.0,1,0
4,Pet Food,2025-01-05,1,1,0,BUNDLE,280,2159.83,151,158.0,240.33333333333334,,1162.2,2135.1399999999994,8.668856056880056,6.0,1.0,1,0
4,Pet Food,2025-01-12,2,1,0,COUPON,285,2184.64,162,280.0,225.0,,2159.83,1850.2666666666662,8.157822533654814,6.0,0.0,1,0
4,Pet Food,2025-01-19,3,0,0,BOGO,268,2053.55,145,285.0,241.0,,2184.64,1835.5566666666662,7.578259427577383,6.0,0.0,1,0
4,Pet Food,2025-01-26,4,0,0,BOGO,288,2218.53,163,268.0,247.75,33.5,2053.55,1890.0549999999996,7.599319570683038,6.0,0.0,1,0
4,Pet Food,2025-02-02,5,0,0,MANAGER_SPECIAL,248,1842.65,145,288.0,280.25,0.699999999999973,2218.53,2154.1375,7.686202811716793,7.0,0.0,1,0
4,Pet Food,2025-02-09,6,0,0,COUPON,243,1755.13,135,248.0,272.25,-9.099999999999975,1842.65,2074.8424999999997,7.615293249504813,7.0,0.0,1,0
4,Pet Food,2025-02-16,7,0,0,MANAGER_SPECIAL,259,1952.89,150,243.0,261.75,-11.499999999999998,1755.13,1967.465,7.504631672723352,7.0,0.0,1,0
4,Pet Food,2025-02-23,8,0,0,COUPON,264,1960.27,147,259.0,259.5,-9.199999999999992,1952.89,1942.3,7.4740356302523105,8.0,0.0,1,0
4,Pet Food,2025-03-02,9,0,0,COUPON,244,1826.13,135,264.0,253.5,6.399999999999997,1960.27,1877.7349999999997,7.404544626464431,8.0,0.0,1,0
4,Pet Food,2025-03-09,10,0,0,MANAGER_SPECIAL,239,1837.65,138,244.0,252.5,0.7999999999999943,1826.13,1873.6049999999998,7.418069381884844,8.0,0.0,1,0
4,Pet Food,2025-03-16,11,0,0,MANAGER_SPECIAL,294,1687.6399999999999,154,239.0,251.5,-7.999999999999987,1837.65,1894.235,7.534608114946124,8.0,0.0,1,1
4,Pet Food,2025-03-23,12,0,0,MANAGER_SPECIAL,318,2390.39,179,294.0,260.25,8.500000000000012,1687.6399999999999,1827.9224999999997,7.084647184628051,8.0,1.0,1,0
4,Pet Food,2025-03-30,13,0,0,COUPON,267,1355.63,139,318.0,273.75,27.699999999999996,2390.39,1935.4524999999996,7.107568318132911,8.0,1.0,1,1
4,Pet Food,2025-04-06,14,0,0,MANAGER_SPECIAL,234,1808.05,135,267.0,279.5,10.800000000000024,1355.63,1817.8274999999996,6.505849961468086,8.0,2.0,1,0
4,Pet Food,2025-04-13,15,0,0,BUNDLE,249,1903.72,139,234.0,278.25,-23.09999999999999,1808.05,1810.4274999999998,6.515299278422634,8.0,2.0,1,0
4,Pet Food,2025-04-20,16,0,0,BUNDLE,217,1708.63,129,249.0,267.0,-23.99999999999997,1903.72,1864.4474999999998,6.991596713059139,8.0,2.0,1,0
4,Pet Food,2025-04-27,17,0,0,MANAGER_SPECIAL,255,1864.04,137,217.0,241.75,-13.500000000000012,1708.63,1694.0074999999997,7.080827033610975,8.0,2.0,1,0
4,Pet Food,2025-05-04,18,0,0,BUNDLE,301,2272.77,167,255.0,238.75,3.0999999999999766,1864.04,1821.1099999999997,7.639000750288657,8.0,2.0,1,0
4,Pet Food,2025-05-11,19,0,0,COUPON,280,2127.64,154,301.0,255.5,19.400000000000006,2272.77,1937.2899999999997,7.595006124113798,8.0,2.0,1,0
4,Pet Food,2025-05-18,20,0,0,BUNDLE,272,1937.8899999999999,152,280.0,263.25,23.500000000000004,2127.64,1993.2699999999995,7.583319233694979,8.0,1.0,1,0
4,Pet Food,2025-05-25,21,0,0,BUNDLE,302,2225.21,171,272.0,277.0,2.9999999999999987,1937.8899999999999,2050.585,7.396000388818319,8.0,1.0,1,0
4,Pet Food,2025-06-01,22,0,0,COUPON,265,1945.65,148,302.0,288.75,-0.4999999999999766,2225.21,2140.8774999999996,7.410571451018034,8.0,0.0,1,0
4,Pet Food,2025-06-08,23,0,0,MANAGER_SPECIAL,321,2419.07,175,265.0,279.75,-1.5000000000000187,1945.65,2059.0975,7.358407594690071,8.0,0.0,1,0
4,Pet Food,2025-06-15,24,0,0,COUPON,229,1761.83,135,321.0,290.0,10.999999999999998,2419.07,2131.955,7.3427399266882905,8.0,0.0,1,0
4,Pet Food,2025-06-22,25,0,0,MANAGER_SPECIAL,269,1962.07,148,229.0,279.25,-16.3,1761.83,2087.9399999999996,7.484986226136018,8.0,0.0,1,0
4,Pet Food,2025-06-29,26,0,0,BUNDLE,247,1798.49,143,269.0,271.0,-7.999999999999982,1962.07,2022.1549999999997,7.466410097969396,8.0,0.0,1,1
4,Pet Food,2025-07-06,27,0,0,COUPON,250,1870.53,139,247.0,266.5,-18.2,1798.49,1985.3649999999998,7.451225238142033,8.0,1.0,1,0
4,Pet Food,2025-07-13,28,0,0,COUPON,240,1826.0,137,250.0,248.75,4.100000000000013,1870.53,1848.2299999999998,7.437744334715242,8.0,1.0,1,0
4,Pet Food,2025-07-20,29,0,0,MANAGER_SPECIAL,236,1731.82,141,240.0,251.5,-8.399999999999984,1826.0,1864.2724999999998,7.416432471542025,8.0,1.0,1,0
4,Pet Food,2025-07-27,30,0,0,MANAGER_SPECIAL,216,1611.1399999999999,117,236.0,243.25,-4.300000000000013,1731.82,1806.7099999999998,7.427502426176264,8.0,1.0,1,0
4,Pet Food,2025-08-03,31,0,0,BOGO,268,2018.86,160,216.0,235.5,-10.599999999999977,1611.1399999999999,1759.8724999999995,7.471913788449468,8.0,1.0,1,0
4,Pet Food,2025-08-10,32,0,0,COUPON,290,1946.34,168,268.0,240.0,6.400000000000005,2018.86,1796.9549999999997,7.484648713822602,8.0,1.0,1,1
4,Pet Food,2025-08-17,33,0,0,MANAGER_SPECIAL,223,1679.66,129,290.0,252.5,21.400000000000006,1946.34,1827.0399999999995,7.260444690834096,8.0,2.0,1,0
4,Pet Food,2025-08-24,34,0,0,COUPON,252,1904.69,150,223.0,249.25,4.300000000000009,1679.66,1813.9999999999998,7.30891651191793,8.0,2.0,1,0
4,Pet Food,2025-08-31,35,0,0,MANAGER_SPECIAL,296,2176.94,157,252.0,258.25,-11.500000000000002,1904.69,1887.3874999999996,7.333744554245973,8.0,1.0,1,0
4,Pet Food,2025-09-07,36,0,0,COUPON,283,2069.58,165,296.0,265.25,4.699999999999989,2176.94,1926.9074999999998,7.289111385629596,8.0,1.0,1,0
4,Pet Food,2025-09-14,37,0,0,MANAGER_SPECIAL,278,2103.88,157,283.0,263.5,22.400000000000002,2069.58,1957.7174999999997,7.439482958676994,8.0,1.0,1,0
4,Pet Food,2025-09-21,38,0,0,MANAGER_SPECIAL,289,1960.14,157,278.0,277.25,6.500000000000014,2103.88,2063.7725,7.448434470113584,8.0,1.0,1,1
4,Pet Food,2025-09-28,39,0,0,COUPON,321,2423.41,185,289.0,286.5,-2.6000000000000365,1960.14,2077.6349999999998,7.254483894785414,8.0,2.0,1,0
4,Pet Food,2025-10-05,40,0,0,COUPON,279,1457.82,163,321.0,292.75,12.500000000000032,2423.41,2139.2524999999996,7.303243103760745,8.0,2.0,1,1
4,Pet Food,2025-10-12,41,0,0,BOGO,279,2069.34,149,279.0,291.75,3.499999999999977,1457.82,1986.3124999999998,6.781282542949163,8.0,2.0,1,0
4,Pet Food,2025-10-19,42,0,0,COUPON,239,1736.84,139,279.0,292.0,-7.200000000000007,2069.34,1977.6774999999998,6.743551437510933,8.0,2.0,1,0
4,Pet Food,2025-10-26,43,0,0,COUPON,274,2037.76,149,239.0,279.5,-24.600000000000005,1736.84,1921.8524999999997,6.864706842818515,8.0,2.0,1,0
4,Prepared Meals,2024-12-29,52,0,1,MANAGER_SPECIAL,190,1523.45,119,,265.6666666666667,,,1754.6666666666663,6.636421169448571,7.0,2.0,1,0
4,Prepared Meals,2025-01-05,1,1,0,BUNDLE,380,2915.85,198,190.0,236.0,,1523.45,1776.543333333333,7.5674200375866585,7.0,2.0,1,1
4,Prepared Meals,2025-01-12,2,1,0,COUPON,366,2751.44,193,380.0,269.6666666666667,,2915.85,2058.713333333333,7.652853446377453,7.0,3.0,1,1
4,Prepared Meals,2025-01-19,3,0,0,COUPON,393,3131.09,213,366.0,312.0,,2751.44,2396.913333333333,7.7363476656121195,7.0,3.0,1,0
4,Prepared Meals,2025-01-26,4,0,0,BOGO,395,3201.18,212,393.0,332.25,59.49999999999998,3131.09,2580.4574999999995,7.794048281015706,7.0,3.0,1,0
4,Prepared Meals,2025-02-02,5,0,0,MANAGER_SPECIAL,383,3028.18,213,395.0,383.5,7.200000000000025,3201.18,2999.8899999999994,7.815572098470736,7.0,2.0,1,0
4,Prepared Meals,2025-02-09,6,0,0,COUPON,348,2768.53,201,383.0,384.25,5.300000000000043,3028.18,3027.9725,7.873868529005296,7.0,2.0,1,0
4,Prepared Meals,2025-02-16,7,0,0,MANAGER_SPECIAL,394,3163.72,206,348.0,379.75,-14.699999999999996,2768.53,3032.245,7.983356116154345,7.0,2.0,1,0
4,Prepared Meals,2025-02-23,8,0,0,COUPON,416,3311.81,215,394.0,380.0,-3.799999999999987,3163.72,3040.4024999999997,7.99900513257108,8.0,2.0,1,0
4,Prepared Meals,2025-03-02,9,0,0,COUPON,382,3209.22,203,416.0,385.25,14.500000000000027,3311.81,3068.0599999999995,7.963212274124147,8.0,2.0,1,0
4,Prepared Meals,2025-03-09,10,0,0,MANAGER_SPECIAL,356,2804.9,190,382.0,385.0,12.400000000000016,3209.22,3113.3199999999997,8.08686834427848,8.0,1.0,1,0
4,Prepared Meals,2025-03-16,11,0,0,COUPON,326,2690.54,185,356.0,387.0,-14.799999999999986,2804.9,3122.4125,8.067714996093024,8.0,0.0,1,0
4,Prepared Meals,2025-03-23,12,0,0,MANAGER_SPECIAL,415,3273.37,212,326.0,370.0,-29.60000000000002,2690.54,3004.1175,8.123575993881943,8.0,0.0,1,0
4,Prepared Meals,2025-03-30,13,0,0,COUPON,319,1759.71,181,415.0,369.75,6.900000000000009,3273.37,2994.5074999999997,8.105215199743853,8.0,0.0,1,1
4,Prepared Meals,2025-04-06,14,0,0,MANAGER_SPECIAL,373,2960.0099999999998,215,319.0,354.0,-2.1999999999999975,1759.71,2632.1299999999997,7.384023402734218,8.0,1.0,1,0
4,Prepared Meals,2025-04-13,15,0,0,BUNDLE,290,2365.24,161,373.0,358.25,4.500000000000019,2960.0099999999998,2670.9075,7.398211168194953,8.0,1.0,1,0
4,Prepared Meals,2025-04-20,16,0,0,BUNDLE,314,2416.7,177,290.0,349.25,-32.1,2365.24,2589.5824999999995,7.373913622182682,8.0,1.0,1,1
4,Prepared Meals,2025-04-27,17,0,0,MANAGER_SPECIAL,361,2878.65,193,314.0,324.0,-9.799999999999969,2416.7,2375.415,7.326128187450121,8.0,2.0,1,0
4,Prepared Meals,2025-05-04,18,0,0,BUNDLE,383,3037.7599999999998,214,361.0,334.5,-1.2000000000000064,2878.65,2655.1499999999996,7.940570046097729,8.0,2.0,1,0
4,Prepared Meals,2025-05-11,19,0,0,COUPON,382,2820.91,204,383.0,337.0,32.60000000000002,3037.7599999999998,2674.5874999999996,7.939521197232764,8.0,2.0,1,1
4,Prepared Meals,2025-05-18,20,0,0,MANAGER_SPECIAL,412,2952.46,219,382.0,360.0,22.599999999999987,2820.91,2788.5049999999997,7.746666485190881,8.0,3.0,1,1
4,Prepared Meals,2025-05-25,21,0,0,BUNDLE,347,2733.41,193,412.0,384.5,15.200000000000019,2952.46,2922.4449999999997,7.6140835435051475,8.0,4.0,1,1
4,Prepared Meals,2025-06-01,22,0,0,COUPON,378,2979.36,200,347.0,381.0,-7.800000000000001,2733.41,2886.1349999999993,7.589874174716879,8.0,4.0,1,0
4,Prepared Meals,2025-06-08,23,0,0,MANAGER_SPECIAL,373,2958.7,214,378.0,379.75,-7.699999999999968,2979.36,2871.535,7.577478302529884,8.0,4.0,1,0
4,Prepared Meals,2025-06-15,24,0,0,COUPON,355,2785.1,191,373.0,377.5,-8.600000000000017,2958.7,2905.9825,7.7143759100141285,8.0,4.0,1,0
4,Prepared Meals,2025-06-22,25,0,0,MANAGER_SPECIAL,377,3039.38,204,355.0,363.25,1.9000000000000243,2785.1,2864.1425,7.8841726760472195,8.0,3.0,1,0
4,Prepared Meals,2025-06-29,26,0,0,BUNDLE,388,3042.42,219,377.0,370.75,-2.0999999999999583,3039.38,2940.6349999999998,7.930361092867406,8.0,3.0,1,1
4,Prepared Meals,2025-07-06,27,0,0,COUPON,382,2993.31,219,388.0,373.25,6.7,3042.42,2956.3999999999996,7.920207067339669,8.0,4.0,1,0
4,Prepared Meals,2025-07-13,28,0,0,COUPON,310,1962.19,182,382.0,375.5,9.200000000000024,2993.31,2965.0525,7.896136684986315,8.0,3.0,1,1
4,Prepared Meals,2025-07-20,29,0,0,MANAGER_SPECIAL,433,3468.52,220,310.0,364.25,-20.699999999999996,1962.19,2759.325,7.517209947139882,8.0,3.0,1,0
4,Prepared Meals,2025-07-27,30,0,0,MANAGER_SPECIAL,314,2559.57,178,433.0,378.25,6.299999999999986,3468.52,2866.6099999999997,7.5043156681290935,8.0,2.0,1,0
4,Prepared Meals,2025-08-03,31,0,0,BUNDLE,394,3060.75,206,314.0,359.75,-8.099999999999998,2559.57,2745.8975,7.5818677070022975,8.0,2.0,1,0
4,Prepared Meals,2025-08-10,32,0,0,COUPON,345,2819.4,201,394.0,362.75,13.300000000000024,3060.75,2762.7574999999997,7.564995447720398,8.0,2.0,1,0
4,Prepared Meals,2025-08-17,33,0,0,MANAGER_SPECIAL,378,2941.79,207,345.0,371.5,-18.39999999999999,2819.4,2977.06,8.025627635658687,8.0,2.0,1,0
4,Prepared Meals,2025-08-24,34,0,0,COUPON,385,3001.81,211,378.0,357.75,14.300000000000045,2941.79,2845.3774999999996,7.9686462427679405,8.0,2.0,1,0
4,Prepared Meals,2025-08-31,35,0,0,MANAGER_SPECIAL,449,3385.06,242,385.0,375.5,0.6000000000000213,3001.81,2955.9375,7.879999311673558,8.0,1.0,1,1
4,Prepared Meals,2025-09-07,36,0,0,COUPON,372,3037.34,212,449.0,389.25,31.900000000000016,3385.06,3037.015,7.822676340717231,8.0,2.0,1,0
4,Prepared Meals,2025-09-14,37,0,0,MANAGER_SPECIAL,411,3233.74,219,372.0,396.0,4.600000000000011,3037.34,3091.5,7.820855980735931,8.0,1.0,1,0
4,Prepared Meals,2025-09-21,38,0,0,MANAGER_SPECIAL,365,2937.45,201,411.0,404.25,0.10000000000000003,3233.74,3164.4874999999997,7.842222807677575,8.0,1.0,1,0
4,Prepared Meals,2025-09-28,39,0,0,COUPON,378,3048.0,204,365.0,399.25,-21.299999999999994,2937.45,3148.3974999999996,7.904947589744823,8.0,1.0,1,0
4,Prepared Meals,2025-10-05,40,0,0,BUNDLE,424,3401.81,219,378.0,381.5,-2.7999999999999896,3048.0,3064.1324999999997,8.036043322767059,8.0,1.0,1,0
4,Prepared Meals,2025-10-12,41,0,0,BOGO,364,2893.81,207,424.0,394.5,5.200000000000023,3401.81,3155.25,8.000604402600697,8.0,1.0,1,0
4,Prepared Meals,2025-10-19,42,0,0,BUNDLE,381,2823.64,200,364.0,382.75,4.300000000000037,2893.81,3070.2675,8.021116136912614,8.0,1.0,1,1
4,Prepared Meals,2025-10-26,43,0,0,COUPON,412,3326.54,216,381.0,386.75,-5.100000000000019,2823.64,3041.8149999999996,7.861946234349064,8.0,2.0,1,0
4,Snacks/Cookies/Chips,2024-12-29,52,0,1,MANAGER_SPECIAL,189,588.91,109,,389.6666666666667,,,3039.7533333333326,7.794764291301398,7.0,1.0,1,0
4,Snacks/Cookies/Chips,2025-01-05,1,1,0,BUNDLE,274,878.05,152,189.0,311.3333333333333,,588.91,2102.1199999999994,6.15902733579243,7.0,1.0,1,0
4,Snacks/Cookies/Chips,2025-01-12,2,1,0,COUPON,298,946.72,162,274.0,281.3333333333333,,878.05,1430.1999999999996,4.577205526215145,7.0,1.0,1,0
4,Snacks/Cookies/Chips,2025-01-19,3,0,0,COUPON,338,1096.69,191,298.0,253.66666666666666,,946.72,804.5599999999996,3.1658002404664685,7.0,1.0,1,0
4,Snacks/Cookies/Chips,2025-01-26,4,0,0,BOGO,338,987.94,181,338.0,274.75,47.1,1096.69,877.5924999999997,3.1855114229534016,7.0,1.0,1,1
4,Snacks/Cookies/Chips,2025-02-02,5,0,0,MANAGER_SPECIAL,306,978.25,176,338.0,312.0,23.20000000000003,987.94,977.3499999999998,3.1372547935429265,7.0,2.0,1,0
4,Snacks/Cookies/Chips,2025-02-09,6,0,0,COUPON,272,851.54,160,306.0,320.0,2.3999999999999986,978.25,1002.3999999999997,3.1353381388031716,7.0,2.0,1,0
4,Snacks/Cookies/Chips,2025-02-16,7,0,0,MANAGER_SPECIAL,297,736.53,167,272.0,313.5,-22.999999999999993,851.54,978.6049999999998,3.123775392060179,7.0,1.0,1,1
4,Snacks/Cookies/Chips,2025-02-23,8,0,0,COUPON,341,1062.44,185,297.0,303.25,-15.699999999999985,736.53,888.5649999999998,2.9325888969313763,8.0,2.0,1,0
4,Snacks/Cookies/Chips,2025-03-02,9,0,0,COUPON,299,737.69,171,341.0,304.0,12.999999999999986,1062.44,907.1899999999998,2.9807790008721002,8.0,2.0,1,1
4,Snacks/Cookies/Chips,2025-03-09,10,0,0,MANAGER_SPECIAL,319,1015.36,177,299.0,302.25,12.499999999999998,737.69,847.0499999999997,2.7983528035258263,8.0,3.0,1,0
4,Snacks/Cookies/Chips,2025-03-16,11,0,0,MANAGER_SPECIAL,281,906.23,156,319.0,314.0,2.400000000000012,1015.36,888.0049999999998,2.811424039465343,8.0,3.0,1,0
4,Snacks/Cookies/Chips,2025-03-23,12,0,0,MANAGER_SPECIAL,309,999.56,170,281.0,310.0,-15.99999999999998,906.23,930.4299999999997,2.997703740389172,8.0,3.0,1,0
4,Snacks/Cookies/Chips,2025-03-30,13,0,0,COUPON,300,957.39,171,309.0,302.0,-0.8000000000000183,999.56,914.7099999999997,3.027494285995565,8.0,2.0,1,0
4,Snacks/Cookies/Chips,2025-04-06,14,0,0,MANAGER_SPECIAL,344,1081.12,184,300.0,302.25,-2.900000000000001,957.39,969.6349999999998,3.2085216271326886,8.0,2.0,1,0
4,Snacks/Cookies/Chips,2025-04-13,15,0,0,BUNDLE,261,817.79,151,344.0,308.5,17.999999999999993,1081.12,986.0749999999998,3.198482624435306,8.0,2.0,1,0
4,Snacks/Cookies/Chips,2025-04-20,16,0,0,BUNDLE,307,954.21,170,261.0,303.5,-9.999999999999996,817.79,963.9649999999997,3.175551930826001,8.0,1.0,1,0
4,Snacks/Cookies/Chips,2025-04-27,17,0,0,MANAGER_SPECIAL,284,901.48,162,307.0,303.0,-6.199999999999987,954.21,952.6274999999998,3.1438904031492467,8.0,1.0,1,0
4,Snacks/Cookies/Chips,2025-05-04,18,0,0,BUNDLE,309,986.6800000000001,173,284.0,299.0,-13.400000000000004,901.48,938.6499999999996,3.1396217411774154,8.0,0.0,1,0
4,Snacks/Cookies/Chips,2025-05-11,19,0,0,COUPON,304,958.35,161,309.0,290.25,12.10000000000001,986.6800000000001,915.0399999999997,3.1522088564028237,8.0,0.0,1,0
4,Snacks/Cookies/Chips,2025-05-18,20,0,0,BUNDLE,312,791.6,176,304.0,301.0,1.6000000000000132,958.35,950.1799999999997,3.1570018779293414,8.0,0.0,1,1
4,Snacks/Cookies/Chips,2025-05-25,21,0,0,BUNDLE,344,1089.07,185,312.0,302.25,7.899999999999974,791.6,909.5274999999999,3.014252775782845,8.0,1.0,1,0
4,Snacks/Cookies/Chips,2025-06-01,22,0,0,COUPON,260,829.2,153,344.0,317.25,11.299999999999967,1089.07,956.4249999999997,3.0121717284523504,8.0,1.0,1,0
4,Snacks/Cookies/Chips,2025-06-08,23,0,0,MANAGER_SPECIAL,304,960.84,173,260.0,305.0,-9.999999999999954,829.2,917.0549999999998,3.01119463111603,8.0,1.0,1,0
4,Snacks/Cookies/Chips,2025-06-15,24,0,0,COUPON,307,990.1,163,304.0,305.0,-10.799999999999981,960.84,917.6774999999998,3.013242328484451,8.0,1.0,1,0
4,Snacks/Cookies/Chips,2025-06-22,25,0,0,MANAGER_SPECIAL,308,967.5,163,307.0,303.75,-6.699999999999999,990.1,967.3024999999998,3.185217814995768,8.0,1.0,1,0
4,Snacks/Cookies/Chips,2025-06-29,26,0,0,BUNDLE,317,940.36,181,308.0,294.75,14.700000000000017,967.5,936.9099999999999,3.179050965856535,8.0,1.0,1,1
4,Snacks/Cookies/Chips,2025-07-06,27,0,0,COUPON,291,760.6,172,317.0,309.0,3.9999999999999725,940.36,964.6999999999998,3.123352106356414,8.0,2.0,1,1
4,Snacks/Cookies/Chips,2025-07-13,28,0,0,COUPON,288,890.65,164,291.0,305.75,-3.9000000000000092,760.6,914.6399999999999,2.9866240587890416,8.0,3.0,1,0
4,Snacks/Cookies/Chips,2025-07-20,29,0,0,MANAGER_SPECIAL,312,990.37,177,288.0,301.0,-8.600000000000003,890.65,889.7774999999997,2.9534873810384084,8.0,2.0,1,0
4,Snacks/Cookies/Chips,2025-07-27,30,0,0,MANAGER_SPECIAL,260,843.34,143,312.0,302.0,-1.7999999999999607,990.37,895.4949999999997,2.961744644608172,8.0,2.0,1,0
4,Snacks/Cookies/Chips,2025-08-03,31,0,0,BUNDLE,316,994.35,174,260.0,287.75,-6.8999999999999675,843.34,871.2399999999998,3.031039657954447,8.0,2.0,1,0
4,Snacks/Cookies/Chips,2025-08-10,32,0,0,COUPON,372,1164.29,204,316.0,294.0,3.200000000000035,994.35,929.6774999999998,3.164272535635077,8.0,2.0,1,0
4,Snacks/Cookies/Chips,2025-08-17,33,0,0,MANAGER_SPECIAL,274,820.48,154,372.0,315.0,23.599999999999998,1164.29,998.0874999999999,3.1735918120687687,8.0,2.0,1,1
4,Snacks/Cookies/Chips,2025-08-24,34,0,0,COUPON,279,878.82,172,274.0,305.5,9.800000000000033,820.48,955.6149999999998,3.1286392456266947,8.0,3.0,1,0
4,Snacks/Cookies/Chips,2025-08-31,35,0,0,MANAGER_SPECIAL,329,1050.08,178,279.0,310.25,-20.899999999999956,878.82,964.4849999999998,3.1052085177524185,8.0,2.0,1,0
4,Snacks/Cookies/Chips,2025-09-07,36,0,0,COUPON,343,1068.06,189,329.0,313.5,-12.400000000000025,1050.08,978.4174999999998,3.1164723446540386,8.0,1.0,1,0
4,Snacks/Cookies/Chips,2025-09-14,37,0,0,MANAGER_SPECIAL,330,1011.55,191,343.0,306.25,25.70000000000001,1068.06,954.3599999999998,3.112488775419893,8.0,1.0,1,0
4,Snacks/Cookies/Chips,2025-09-21,38,0,0,MANAGER_SPECIAL,330,1052.46,185,330.0,320.25,16.700000000000006,1011.55,1002.1274999999998,3.1302013943095197,8.0,1.0,1,0
4,Snacks/Cookies/Chips,2025-09-28,39,0,0,COUPON,337,1066.33,180,330.0,333.0,-1.0000000000000229,1052.46,1045.5374999999997,3.1400464578481313,8.0,1.0,1,0
4,Snacks/Cookies/Chips,2025-10-05,40,0,0,NONE,318,1008.37,176,337.0,335.0,-1.7999999999999805,1066.33,1049.5999999999997,3.1331593212143254,8.0,1.0,0,0
4,Snacks/Cookies/Chips,2025-10-12,41,0,0,BOGO,338,1072.99,185,318.0,328.75,-2.9000000000000044,1008.37,1034.6774999999998,3.147433644151047,7.0,1.0,1,0
4,Snacks/Cookies/Chips,2025-10-19,42,0,0,COUPON,262,810.57,138,338.0,330.75,0.5000000000000018,1072.99,1050.0374999999997,3.1747395433800234,7.0,0.0,1,0
4,Snacks/Cookies/Chips,2025-10-26,43,0,0,COUPON,302,992.05,168,262.0,313.75,-20.49999999999999,810.57,989.5649999999997,3.150866018050391,7.0,0.0,1,0
5,Alcohol,2024-12-29,52,0,1,MANAGER_SPECIAL,188,2227.81,103,,306.0,,,963.9766666666665,3.146426698646812,6.0,0.0,1,1
5,Alcohol,2025-01-05,1,1,0,BUNDLE,381,4756.51,209,188.0,262.6666666666667,,2227.81,1370.4566666666663,6.039452814887501,6.0,1.0,1,0
5,Alcohol,2025-01-12,2,1,0,COUPON,398,4832.25,220,381.0,277.0,,4756.51,2598.2966666666666,9.142703344222221,6.0,1.0,1,0
5,Alcohol,2025-01-19,3,0,0,COUPON,332,4031.34,186,398.0,322.3333333333333,,4832.25,3938.8566666666666,12.158554355001309,6.0,1.0,1,0
5,Alcohol,2025-01-26,4,0,0,BOGO,395,4880.31,207,332.0,324.75,44.90000000000003,4031.34,3961.9775,12.154563356612428,6.0,1.0,1,0
5,Alcohol,2025-02-02,5,0,0,MANAGER_SPECIAL,369,4481.44,202,395.0,376.5,-2.39999999999999,4880.31,4625.1025,12.280853856208441,7.0,1.0,1,0
5,Alcohol,2025-02-09,6,0,0,COUPON,325,4051.68,175,369.0,373.5,-2.39999999999999,4481.44,4556.335,12.195990264462289,7.0,1.0,1,0
5,Alcohol,2025-02-16,7,0,0,MANAGER_SPECIAL,396,4943.77,211,325.0,355.25,-4.700000000000014,4051.68,4361.1925,12.277334272966346,7.0,1.0,1,0
5,Alcohol,2025-02-23,8,0,0,COUPON,370,4369.3,200,396.0,371.25,-4.099999999999992,4943.77,4589.3,12.362753601796818,8.0,1.0,1,1
5,Alcohol,2025-03-02,9,0,0,COUPON,293,3571.57,166,370.0,365.0,7.400000000000015,4369.3,4461.5475,12.226179534058193,8.0,1.0,1,0
5,Alcohol,2025-03-09,10,0,0,MANAGER_SPECIAL,352,4311.74,190,293.0,346.0,-12.19999999999998,3571.57,4234.08,12.237388247766493,8.0,1.0,1,0
5,Alcohol,2025-03-16,11,0,0,MANAGER_SPECIAL,460,5633.1,243,352.0,352.75,-20.89999999999998,4311.74,4299.095,12.18302666559866,8.0,1.0,1,0
5,Alcohol,2025-03-23,12,0,0,MANAGER_SPECIAL,278,3397.74,164,460.0,368.75,32.89999999999999,5633.1,4471.4275,12.12342713771109,8.0,1.0,1,0
5,Alcohol,2025-03-30,13,0,0,COUPON,323,3917.24,174,278.0,345.75,6.300000000000042,3397.74,4228.5375,12.226718990715172,8.0,1.0,1,0
5,Alcohol,2025-04-06,14,0,0,MANAGER_SPECIAL,288,3565.91,164,323.0,353.25,-26.899999999999988,3917.24,4314.955,12.211223819591217,8.0,1.0,1,0
5,Alcohol,2025-04-13,15,0,0,BUNDLE,347,4384.29,187,288.0,337.25,-47.100000000000016,3565.91,4128.4974999999995,12.244316464793236,8.0,1.0,1,0
5,Alcohol,2025-04-20,16,0,0,BUNDLE,393,4805.6,216,347.0,309.0,17.200000000000014,4384.29,3816.295,12.34155944812866,8.0,1.0,1,1
5,Alcohol,2025-04-27,17,0,0,MANAGER_SPECIAL,367,4597.19,205,393.0,337.75,26.900000000000013,4805.6,4168.26,12.343035320865583,8.0,1.0,1,0
5,Alcohol,2025-05-04,18,0,0,BUNDLE,410,5202.89,233,367.0,348.75,28.300000000000033,4597.19,4338.2474999999995,12.442716633660313,8.0,1.0,1,0
5,Alcohol,2025-05-11,19,0,0,COUPON,403,4884.42,218,410.0,379.25,16.300000000000008,5202.89,4747.4925,12.519802549988226,8.0,1.0,1,1
5,Alcohol,2025-05-18,20,0,0,BUNDLE,353,4325.64,207,403.0,393.25,7.299999999999961,4884.42,4872.525,12.39112939619213,8.0,2.0,1,0
5,Alcohol,2025-05-25,21,0,0,BUNDLE,399,4761.84,208,353.0,383.25,-4.899999999999979,4325.64,4752.535,12.397616359984848,8.0,2.0,1,1
5,Alcohol,2025-06-01,22,0,0,COUPON,359,4395.37,201,399.0,391.25,-8.3,4761.84,4793.6975,12.249624565102547,8.0,3.0,1,0
5,Alcohol,2025-06-08,23,0,0,MANAGER_SPECIAL,345,4256.81,195,359.0,378.5,-8.600000000000005,4395.37,4591.8175,12.137973281047923,8.0,3.0,1,0
5,Alcohol,2025-06-15,24,0,0,COUPON,385,4761.07,197,345.0,364.0,-6.399999999999957,4256.81,4434.915,12.192580987740483,8.0,3.0,1,0
5,Alcohol,2025-06-22,25,0,0,MANAGER_SPECIAL,362,4360.62,194,385.0,372.0,-5.600000000000015,4761.07,4543.7725,12.220700464580922,8.0,2.0,1,0
5,Alcohol,2025-06-29,26,0,0,BUNDLE,414,4786.44,225,362.0,362.75,4.899999999999967,4360.62,4443.4675,12.248569342577017,8.0,2.0,1,1
5,Alcohol,2025-07-06,27,0,0,COUPON,379,4051.68,213,414.0,376.5,18.39999999999999,4786.44,4541.235000000001,12.078089043033195,8.0,3.0,1,1
5,Alcohol,2025-07-13,28,0,0,COUPON,376,4602.93,199,379.0,385.0,3.399999999999992,4051.68,4489.952499999999,11.66605625270013,8.0,3.0,1,0
5,Alcohol,2025-07-20,29,0,0,MANAGER_SPECIAL,401,4981.56,207,376.0,382.75,0.7000000000000054,4602.93,4450.4175,11.634911133191977,8.0,3.0,1,0
5,Alcohol,2025-07-27,30,0,0,MANAGER_SPECIAL,397,5018.09,218,401.0,392.5,-4.200000000000025,4981.56,4605.6525,11.729143955831514,8.0,2.0,1,0
5,Alcohol,2025-08-03,31,0,0,BUNDLE,317,3880.55,169,397.0,388.25,7.900000000000022,5018.09,4663.5650000000005,11.998787934220152,8.0,2.0,1,0
5,Alcohol,2025-08-10,32,0,0,COUPON,367,4534.4400000000005,215,317.0,372.75,-18.099999999999977,3880.55,4620.7825,12.386546459477554,8.0,2.0,1,0
5,Alcohol,2025-08-17,33,0,0,MANAGER_SPECIAL,385,4781.46,207,367.0,370.5,-18.19999999999997,4534.4400000000005,4603.66,12.414943268712873,8.0,2.0,1,0
5,Alcohol,2025-08-24,34,0,0,COUPON,371,4059.66,189,385.0,366.5,1.399999999999955,4781.46,4553.635,12.414076701365008,8.0,2.0,1,1
5,Alcohol,2025-08-31,35,0,0,MANAGER_SPECIAL,443,5441.98,240,371.0,360.0,18.000000000000025,4059.66,4314.0275,11.989690350227432,8.0,2.0,1,0
5,Alcohol,2025-09-07,36,0,0,COUPON,404,5035.25,215,443.0,391.5,21.39999999999999,5441.98,4704.385,12.000414495893276,8.0,1.0,1,0
5,Alcohol,2025-09-14,37,0,0,MANAGER_SPECIAL,392,4696.69,218,404.0,400.75,12.900000000000002,5035.25,4829.5875,12.027431434814687,8.0,1.0,1,0
5,Alcohol,2025-09-21,38,0,0,MANAGER_SPECIAL,343,4276.82,192,392.0,402.5,2.4000000000000163,4696.69,4808.395,11.917925289174613,8.0,1.0,1,0
5,Alcohol,2025-09-28,39,0,0,COUPON,304,2636.83,169,343.0,395.5,-31.199999999999974,4276.82,4862.6849999999995,12.299521086523203,8.0,1.0,1,1
5,Alcohol,2025-10-05,40,0,0,BUNDLE,414,4884.19,220,304.0,360.75,-34.89999999999999,2636.83,4161.3975,11.396872002081002,8.0,2.0,1,1
5,Alcohol,2025-10-12,41,0,0,BOGO,407,5090.17,220,414.0,363.25,2.700000000000002,4884.19,4123.6325,11.230389573946885,8.0,3.0,1,0
5,Alcohol,2025-10-19,42,0,0,COUPON,328,4057.92,185,407.0,367.0,30.199999999999985,5090.17,4222.0025,11.361691612882852,8.0,3.0,1,1
5,Alcohol,2025-10-26,43,0,0,COUPON,307,3887.83,175,328.0,363.25,6.499999999999999,4057.92,4167.2775,11.337402698710912,8.0,3.0,1,0
5,Bakery,2024-12-29,52,0,1,MANAGER_SPECIAL,204,768.72,117,,383.0,,,4677.426666666667,12.225275966702268,7.0,3.0,1,0
5,Bakery,2025-01-05,1,1,0,BUNDLE,321,1288.02,184,204.0,313.0,,768.72,3305.603333333333,9.54883426925034,7.0,3.0,1,0
5,Bakery,2025-01-12,2,1,0,COUPON,360,1463.82,212,321.0,284.3333333333333,,1288.02,2038.22,6.717488658558936,7.0,3.0,1,0
5,Bakery,2025-01-19,3,0,0,COUPON,378,1486.73,200,360.0,295.0,,1463.82,1173.52,3.948975108423435,7.0,3.0,1,0
5,Bakery,2025-01-26,4,0,0,BOGO,375,1474.22,209,378.0,315.75,56.10000000000002,1486.73,1251.8225,3.945018368354613,7.0,2.0,1,0
5,Bakery,2025-02-02,5,0,0,MANAGER_SPECIAL,353,1384.66,205,375.0,358.5,18.00000000000002,1474.22,1428.1975,3.985772878158535,7.0,1.0,1,0
5,Bakery,2025-02-09,6,0,0,COUPON,310,1225.36,175,353.0,366.5,-2.3999999999999897,1384.66,1452.3575,3.9632794308047448,7.0,1.0,1,0
5,Bakery,2025-02-16,7,0,0,MANAGER_SPECIAL,375,1533.08,211,310.0,354.0,-22.599999999999973,1225.36,1392.7425,3.9349313125251744,7.0,0.0,1,0
5,Bakery,2025-02-23,8,0,0,COUPON,351,1414.87,200,375.0,353.25,-4.300000000000015,1533.08,1404.33,3.973697608821471,8.0,0.0,1,0
5,Bakery,2025-03-02,9,0,0,COUPON,313,1269.55,176,351.0,347.25,5.89999999999998,1414.87,1389.4924999999998,3.9986264407303027,8.0,0.0,1,0
5,Bakery,2025-03-09,10,0,0,MANAGER_SPECIAL,355,1374.05,198,313.0,337.25,-1.5000000000000187,1269.55,1360.715,4.032006618847581,8.0,0.0,1,1
5,Bakery,2025-03-16,11,0,0,MANAGER_SPECIAL,392,1533.24,222,355.0,348.5,-9.80000000000001,1374.05,1397.8875,4.0114539155309075,8.0,1.0,1,0
5,Bakery,2025-03-23,12,0,0,MANAGER_SPECIAL,318,1290.47,168,392.0,352.75,16.499999999999996,1533.24,1397.9275,3.967232214850635,8.0,1.0,1,0
5,Bakery,2025-03-30,13,0,0,COUPON,345,1360.4,193,318.0,344.5,5.200000000000013,1290.47,1366.8275,3.974010489860042,8.0,1.0,1,0
5,Bakery,2025-04-06,14,0,0,MANAGER_SPECIAL,283,1108.8,159,345.0,352.5,-10.399999999999988,1360.4,1389.54,3.945790019424334,8.0,1.0,1,1
5,Bakery,2025-04-13,15,0,0,BUNDLE,382,1473.6,208,283.0,334.5,-29.999999999999982,1108.8,1323.2275,3.957654474707268,8.0,2.0,1,0
5,Bakery,2025-04-20,16,0,0,BUNDLE,347,1404.69,192,382.0,332.0,12.999999999999986,1473.6,1308.3175,3.944220747813369,8.0,2.0,1,0
5,Bakery,2025-04-27,17,0,0,MANAGER_SPECIAL,276,1113.04,153,347.0,339.25,10.500000000000007,1404.69,1336.8725,3.9417248032390306,8.0,2.0,1,0
5,Bakery,2025-05-04,18,0,0,BUNDLE,394,1567.62,216,276.0,322.0,-5.599999999999958,1113.04,1275.0325,3.9641161075868565,8.0,2.0,1,0
5,Bakery,2025-05-11,19,0,0,COUPON,349,1370.37,198,394.0,349.75,-3.499999999999999,1567.62,1389.7375,3.9792935483502507,8.0,1.0,1,0
5,Bakery,2025-05-18,20,0,0,BUNDLE,373,1450.08,202,349.0,341.5,12.400000000000025,1370.37,1363.9299999999998,3.99653604373722,8.0,1.0,1,1
5,Bakery,2025-05-25,21,0,0,BUNDLE,355,1418.14,193,373.0,348.0,24.600000000000023,1450.08,1375.2775,3.956415033314678,8.0,2.0,1,0
5,Bakery,2025-06-01,22,0,0,COUPON,303,1266.05,186,355.0,367.75,-9.300000000000008,1418.14,1451.5525,3.946916768362647,8.0,2.0,1,0
5,Bakery,2025-06-08,23,0,0,BUNDLE,310,1215.93,169,303.0,345.0,-15.600000000000021,1266.05,1376.1599999999999,3.996829736816853,8.0,1.0,1,1
5,Bakery,2025-06-15,24,0,0,COUPON,363,1438.34,203,310.0,335.25,-24.09999999999998,1215.93,1337.55,3.9957780453481404,8.0,2.0,1,0
5,Bakery,2025-06-22,25,0,0,MANAGER_SPECIAL,390,1430.54,217,363.0,332.75,3.0999999999999805,1438.34,1334.615,4.014466846594827,8.0,2.0,1,1
5,Bakery,2025-06-29,26,0,0,BUNDLE,329,1294.29,192,390.0,341.5,31.400000000000002,1430.54,1337.715,3.9327895262625763,8.0,3.0,1,0
5,Bakery,2025-07-06,27,0,0,COUPON,341,1340.25,194,329.0,348.0,8.399999999999979,1294.29,1344.775,3.8716968562052974,8.0,3.0,1,1
5,Bakery,2025-07-13,28,0,0,COUPON,388,1559.19,213,341.0,355.75,-12.699999999999998,1340.25,1375.855,3.873696123067467,8.0,4.0,1,0
5,Bakery,2025-07-20,29,0,0,MANAGER_SPECIAL,341,1386.58,188,388.0,362.0,0.6000000000000202,1559.19,1406.0675,3.8877365685248524,8.0,3.0,1,0
5,Bakery,2025-07-27,30,0,0,MANAGER_SPECIAL,362,1460.08,202,341.0,349.75,8.300000000000024,1386.58,1395.0774999999999,3.987278000211446,8.0,3.0,1,0
5,Bakery,2025-08-03,31,0,0,BUNDLE,364,1433.3799999999999,193,362.0,358.0,1.6000000000000016,1460.08,1436.525,4.012117502134232,8.0,3.0,1,0
5,Bakery,2025-08-10,32,0,0,COUPON,370,1550.4,209,364.0,363.75,-5.09999999999998,1433.3799999999999,1459.8075,4.013993811308929,8.0,2.0,1,0
5,Bakery,2025-08-17,33,0,0,MANAGER_SPECIAL,348,1373.01,187,370.0,359.25,8.900000000000013,1550.4,1457.61,4.056928646917733,8.0,2.0,1,0
5,Bakery,2025-08-24,34,0,0,COUPON,306,1244.12,172,348.0,361.0,-3.600000000000002,1373.01,1454.2175000000002,4.026732153339009,8.0,1.0,1,0
5,Bakery,2025-08-31,35,0,0,MANAGER_SPECIAL,377,1524.81,211,306.0,347.0,-19.59999999999997,1244.12,1400.2275,4.034827520399277,8.0,1.0,1,0
5,Bakery,2025-09-07,36,0,0,COUPON,341,1364.6299999999999,194,377.0,350.25,-2.1000000000000045,1524.81,1423.085,4.061510449539103,8.0,0.0,1,0
5,Bakery,2025-09-14,37,0,0,MANAGER_SPECIAL,402,1546.76,217,341.0,343.0,5.000000000000038,1364.6299999999999,1376.6425,4.01440475880438,8.0,0.0,1,0
5,Bakery,2025-09-21,38,0,0,MANAGER_SPECIAL,325,1315.3799999999999,180,402.0,356.5,25.20000000000001,1546.76,1420.08,3.989962423069262,8.0,0.0,1,0
5,Bakery,2025-09-28,39,0,0,COUPON,353,1434.6,202,325.0,361.25,-9.499999999999988,1315.3799999999999,1437.895,3.9853552838032993,8.0,0.0,1,0
5,Bakery,2025-10-05,40,0,0,NONE,347,1364.72,195,353.0,355.25,-4.1000000000000085,1434.6,1415.3425,3.990213734671567,8.0,0.0,0,0
5,Bakery,2025-10-12,41,0,0,BOGO,353,1428.34,201,347.0,356.75,-13.69999999999999,1364.72,1415.3649999999998,3.972979523544775,7.0,0.0,1,0
5,Bakery,2025-10-19,42,0,0,COUPON,307,1228.52,177,353.0,344.5,7.800000000000023,1428.34,1385.7599999999998,4.0226363386195425,7.0,0.0,1,0
5,Bakery,2025-10-26,43,0,0,COUPON,340,1350.92,178,307.0,340.0,-13.199999999999973,1228.52,1364.045,4.011229022157503,7.0,0.0,1,0
5,Baking,2024-12-29,52,0,1,COUPON,191,741.61,107,,335.6666666666667,,,1340.5266666666666,3.993631141913498,6.0,0.0,1,0
5,Baking,2025-01-05,1,1,0,BUNDLE,351,1311.57,201,191.0,283.6666666666667,,741.61,1132.8233333333333,3.9769192106754114,6.0,0.0,1,0
5,Baking,2025-01-12,2,1,0,COUPON,408,1503.05,216,351.0,283.0,,1311.57,1093.8999999999999,3.873711782283847,6.0,0.0,1,0
5,Baking,2025-01-19,3,0,0,COUPON,379,1394.94,219,408.0,316.6666666666667,,1503.05,1185.41,3.767795871402665,6.0,0.0,1,0
5,Baking,2025-01-26,4,0,0,BOGO,340,1289.42,182,379.0,332.25,62.10000000000001,1394.94,1237.7925,3.745992022285508,6.0,0.0,1,0
5,Baking,2025-02-02,5,0,0,MANAGER_SPECIAL,360,1297.19,194,340.0,369.5,-6.1999999999999655,1289.42,1374.7450000000001,3.7234012461844914,7.0,0.0,1,1
5,Baking,2025-02-09,6,0,0,COUPON,331,1192.83,190,360.0,371.75,-18.29999999999998,1297.19,1371.15,3.690060968406714,7.0,1.0,1,0
5,Baking,2025-02-16,7,0,0,MANAGER_SPECIAL,362,1314.8799999999999,196,331.0,352.5,-12.400000000000002,1192.83,1293.5950000000003,3.670003451820019,7.0,1.0,1,0
5,Baking,2025-02-23,8,0,0,COUPON,388,1441.52,223,362.0,348.25,3.6999999999999957,1314.8799999999999,1273.58,3.657924631429051,8.0,1.0,1,0
5,Baking,2025-03-02,9,0,0,COUPON,359,1322.72,199,388.0,360.25,11.500000000000002,1441.52,1311.605,3.638636123242271,8.0,1.0,1,0
5,Baking,2025-03-09,10,0,0,MANAGER_SPECIAL,311,961.48,168,359.0,360.0,10.999999999999979,1322.72,1317.9875000000002,3.6589239404815164,8.0,1.0,1,1
5,Baking,2025-03-16,11,0,0,MANAGER_SPECIAL,346,1287.54,185,311.0,355.0,-18.199999999999992,961.48,1260.15,3.530888828135609,8.0,2.0,1,0
5,Baking,2025-03-23,12,0,0,MANAGER_SPECIAL,326,1213.31,184,346.0,351.0,-17.40000000000002,1287.54,1253.315,3.5531259980011605,8.0,2.0,1,0
5,Baking,2025-03-30,13,0,0,COUPON,354,1251.38,193,326.0,335.5,-6.400000000000025,1213.31,1196.2625,3.5547640189991996,8.0,2.0,1,1
5,Baking,2025-04-06,14,0,0,MANAGER_SPECIAL,321,1117.84,171,354.0,334.25,10.900000000000002,1251.38,1178.4275,3.517392750724173,8.0,2.0,1,1
5,Baking,2025-04-13,15,0,0,BUNDLE,395,1502.18,214,321.0,336.75,-4.699999999999982,1117.84,1217.5175000000002,3.6150907603604585,8.0,3.0,1,0
5,Baking,2025-04-20,16,0,0,BUNDLE,379,1385.82,211,395.0,349.0,17.400000000000013,1502.18,1271.1775000000002,3.6355341275954043,8.0,3.0,1,0
5,Baking,2025-04-27,17,0,0,MANAGER_SPECIAL,278,999.97,151,379.0,362.25,14.899999999999954,1385.82,1314.305,3.6192109612066186,8.0,3.0,1,0
5,Baking,2025-05-04,18,0,0,BUNDLE,373,1397.03,203,278.0,343.25,-14.499999999999954,999.97,1251.4524999999999,3.6347216204758133,8.0,3.0,1,0
5,Baking,2025-05-11,19,0,0,COUPON,375,1323.75,213,373.0,356.25,-16.69999999999999,1397.03,1321.25,3.7004769051508823,8.0,2.0,1,1
5,Baking,2025-05-18,20,0,0,BUNDLE,299,1111.39,168,375.0,351.25,8.300000000000004,1323.75,1276.6425,3.6322300697078442,8.0,3.0,1,0
5,Baking,2025-05-25,21,0,0,BUNDLE,372,1389.44,201,299.0,331.25,6.500000000000005,1111.39,1208.035,3.6473566349517093,8.0,3.0,1,0
5,Baking,2025-06-01,22,0,0,COUPON,350,1295.52,203,372.0,354.75,-7.899999999999954,1389.44,1305.4025000000001,3.681866478689622,8.0,2.0,1,0
5,Baking,2025-06-08,23,0,0,MANAGER_SPECIAL,362,1137.09,204,350.0,349.0,-0.20000000000000887,1295.52,1280.025,3.6708907222744553,8.0,1.0,1,1
5,Baking,2025-06-15,24,0,0,COUPON,321,1188.33,183,362.0,345.75,16.7,1137.09,1233.3600000000001,3.5736738714457257,8.0,2.0,1,0
5,Baking,2025-06-22,25,0,0,MANAGER_SPECIAL,345,1308.81,197,321.0,351.25,-14.09999999999999,1188.33,1252.595,3.5699086728085243,8.0,2.0,1,0
5,Baking,2025-06-29,26,0,0,BUNDLE,383,1475.23,205,345.0,344.5,-5.599999999999979,1308.81,1232.4375,3.5845582754265695,8.0,2.0,1,0
5,Baking,2025-07-06,27,0,0,BUNDLE,356,1159.61,202,383.0,352.75,8.699999999999978,1475.23,1277.365,3.622130711084906,8.0,2.0,1,1
5,Baking,2025-07-13,28,0,0,COUPON,400,1545.33,209,356.0,351.25,14.300000000000027,1159.61,1282.995,3.6511804270821746,8.0,2.0,1,0
5,Baking,2025-07-20,29,0,0,MANAGER_SPECIAL,342,1235.96,188,400.0,371.0,13.80000000000002,1545.33,1372.245,3.691521022876567,8.0,2.0,1,1
5,Baking,2025-07-27,30,0,0,MANAGER_SPECIAL,376,1397.93,202,342.0,370.25,-7.899999999999991,1235.96,1354.0325000000003,3.6465875115620494,8.0,3.0,1,0
5,Baking,2025-08-03,31,0,0,COUPON,386,1157.22,212,376.0,368.5,0.20000000000002396,1397.93,1334.7075,3.6131183813748375,8.0,3.0,1,1
5,Baking,2025-08-10,32,0,0,COUPON,346,916.38,193,386.0,376.0,-0.7999999999999758,1157.22,1334.1100000000001,3.5482803348591476,8.0,3.0,1,1
5,Baking,2025-08-17,33,0,0,MANAGER_SPECIAL,334,1246.99,185,346.0,362.5,2.2000000000000366,916.38,1176.8725000000002,3.244573362315795,8.0,4.0,1,1
5,Baking,2025-08-24,34,0,0,COUPON,346,1311.08,191,334.0,360.5,-16.59999999999998,1246.99,1179.63,3.2744695786550464,8.0,5.0,1,0
5,Baking,2025-08-31,35,0,0,MANAGER_SPECIAL,369,1319.87,203,346.0,353.0,-13.199999999999948,1311.08,1157.9175,3.2923069833408167,8.0,5.0,1,1
5,Baking,2025-09-07,36,0,0,COUPON,355,1328.67,183,369.0,348.75,8.09999999999997,1319.87,1198.58,3.437033031896639,8.0,5.0,1,0
5,Baking,2025-09-14,37,0,0,MANAGER_SPECIAL,327,1236.79,171,355.0,351.0,8.600000000000007,1328.67,1301.6525000000001,3.7105918530315414,8.0,5.0,1,0
5,Baking,2025-09-21,38,0,0,MANAGER_SPECIAL,321,1174.48,177,327.0,349.25,-7.099999999999989,1236.79,1299.1025,3.7227742085040827,8.0,4.0,1,0
5,Baking,2025-09-28,39,0,0,COUPON,366,1365.91,193,321.0,343.0,-17.200000000000006,1174.48,1264.9524999999999,3.6901661196199957,8.0,4.0,1,0
5,Baking,2025-10-05,40,0,0,COUPON,366,1392.43,206,366.0,342.25,2.6999999999999953,1365.91,1276.4625,3.7289438862911046,8.0,3.0,1,0
5,Baking,2025-10-12,41,0,0,BOGO,346,1270.36,202,366.0,345.0,16.2,1392.43,1292.4025000000001,3.744374175677698,8.0,2.0,1,0
5,Baking,2025-10-19,42,0,0,BUNDLE,356,1371.28,194,346.0,349.75,7.500000000000016,1270.36,1300.795,3.7167062451125674,8.0,1.0,1,0
5,Baking,2025-10-26,43,0,0,COUPON,272,986.06,146,356.0,358.5,-5.000000000000001,1371.28,1349.995,3.764979723358218,8.0,1.0,1,0
5,Beverages,2024-12-29,52,0,1,MANAGER_SPECIAL,210,690.61,122,,356.0,,,1344.6899999999998,3.775974785971249,7.0,0.0,1,0
5,Beverages,2025-01-05,1,1,0,BUNDLE,339,1117.44,189,210.0,304.0,,690.61,1110.75,3.604029951206742,7.0,0.0,1,0
5,Beverages,2025-01-12,2,1,0,COUPON,371,1184.42,202,339.0,301.6666666666667,,1117.44,1059.7766666666669,3.478937448606438,7.0,0.0,1,0
5,Beverages,2025-01-19,3,0,0,COUPON,389,1266.57,209,371.0,306.6666666666667,,1184.42,997.4900000000001,3.2591363240014126,7.0,0.0,1,1
5,Beverages,2025-01-26,4,0,0,BOGO,388,1235.53,209,389.0,327.25,56.89999999999999,1266.57,1064.76,3.258343245571754,7.0,1.0,1,0
5,Beverages,2025-02-02,5,0,0,MANAGER_SPECIAL,378,953.1,219,388.0,371.75,16.50000000000005,1235.53,1200.99,3.232277401192765,7.0,1.0,1,1
5,Beverages,2025-02-09,6,0,0,COUPON,337,865.02,182,378.0,381.5,2.000000000000017,953.1,1159.905,3.038563747589731,7.0,2.0,1,1
5,Beverages,2025-02-16,7,0,0,MANAGER_SPECIAL,375,1225.79,212,337.0,373.0,-16.600000000000026,865.02,1080.055,2.882143294407618,7.0,3.0,1,0
5,Beverages,2025-02-23,8,0,0,COUPON,320,990.15,188,375.0,369.5,-8.000000000000012,1225.79,1069.8600000000001,2.8853456251702574,8.0,3.0,1,1
5,Beverages,2025-03-02,9,0,0,COUPON,291,897.22,171,320.0,352.5,-13.599999999999989,990.15,1008.515,2.8628113951444845,8.0,4.0,1,1
5,Beverages,2025-03-09,10,0,0,MANAGER_SPECIAL,378,1259.33,209,291.0,330.75,-19.30000000000001,897.22,994.545,3.0032618124247987,8.0,5.0,1,0
5,Beverages,2025-03-16,11,0,0,MANAGER_SPECIAL,402,1331.43,219,378.0,341.0,-2.000000000000006,1259.33,1093.1225,3.1944457926110044,8.0,5.0,1,0
5,Beverages,2025-03-23,12,0,0,MANAGER_SPECIAL,345,1145.89,201,402.0,347.75,33.3,1331.43,1119.5325,3.2052561906209545,8.0,4.0,1,0
5,Beverages,2025-03-30,13,0,0,COUPON,353,1139.3799999999999,183,345.0,354.0,18.600000000000026,1145.89,1158.4675,3.262056575584723,8.0,4.0,1,0
5,Beverages,2025-04-06,14,0,0,MANAGER_SPECIAL,369,1221.68,199,353.0,369.5,-13.200000000000017,1139.3799999999999,1219.0075,3.2981753610563302,8.0,3.0,1,0
5,Beverages,2025-04-13,15,0,0,BUNDLE,358,1189.33,207,369.0,367.25,-9.100000000000056,1221.68,1209.595,3.2929816263808886,8.0,2.0,1,0
5,Beverages,2025-04-20,16,0,0,BUNDLE,388,1285.01,214,358.0,356.25,5.5000000000000195,1189.33,1174.07,3.2955156045348115,8.0,2.0,1,0
5,Beverages,2025-04-27,17,0,0,BUNDLE,353,1148.09,202,388.0,367.0,9.399999999999993,1285.01,1208.85,3.293130892895786,8.0,1.0,1,0
5,Beverages,2025-05-04,18,0,0,BUNDLE,353,1158.86,206,353.0,367.0,-1.7999999999999767,1148.09,1211.0275,3.299299448136579,8.0,0.0,1,0
5,Beverages,2025-05-11,19,0,0,COUPON,385,1255.95,218,353.0,363.0,-4.999999999999996,1158.86,1195.3225,3.292325350775209,8.0,0.0,1,0
5,Beverages,2025-05-18,20,0,0,BUNDLE,385,1254.01,214,385.0,369.75,-0.9000000000000035,1255.95,1211.9775,3.2773395893299506,8.0,0.0,1,0
5,Beverages,2025-05-25,21,0,0,BUNDLE,361,1187.73,196,385.0,369.0,12.80000000000003,1254.01,1204.2275,3.2636614362974155,8.0,0.0,1,0
5,Beverages,2025-06-01,22,0,0,COUPON,298,925.34,169,361.0,371.0,2.399999999999996,1187.73,1214.1375,3.273094236278582,8.0,0.0,1,1
5,Beverages,2025-06-08,23,0,0,MANAGER_SPECIAL,344,889.91,190,298.0,357.25,-28.499999999999964,925.34,1155.7575000000002,3.228663802983908,8.0,1.0,1,1
5,Beverages,2025-06-15,24,0,0,COUPON,400,1313.37,232,344.0,347.0,-18.600000000000005,889.91,1064.2475,3.0598487735366104,8.0,2.0,1,0
5,Beverages,2025-06-22,25,0,0,MANAGER_SPECIAL,382,1245.74,206,400.0,350.75,16.30000000000001,1313.37,1079.0874999999999,3.0664128157444033,8.0,2.0,1,0
5,Beverages,2025-06-29,26,0,0,BUNDLE,367,1201.11,198,382.0,356.0,30.80000000000001,1245.74,1093.5900000000001,3.0591599840233257,8.0,2.0,1,0
5,Beverages,2025-07-06,27,0,0,COUPON,409,1305.87,229,367.0,373.25,5.1000000000000005,1201.11,1162.5325,3.101062860602884,8.0,2.0,1,0
5,Beverages,2025-07-13,28,0,0,COUPON,463,1306.11,256,409.0,389.5,1.1999999999999897,1305.87,1266.5225,3.252534988453001,8.0,2.0,1,1
5,Beverages,2025-07-20,29,0,0,MANAGER_SPECIAL,312,1012.34,179,463.0,405.25,28.500000000000036,1306.11,1264.7075,3.1369217190145555,8.0,3.0,1,0
5,Beverages,2025-07-27,30,0,0,MANAGER_SPECIAL,423,1355.78,226,312.0,387.75,-11.100000000000005,1012.34,1206.3574999999998,3.13281672169948,8.0,3.0,1,0
5,Beverages,2025-08-03,31,0,0,BUNDLE,439,1392.1299999999999,243,423.0,401.75,-10.9,1355.78,1245.025,3.1159103148868468,8.0,2.0,1,0
5,Beverages,2025-08-10,32,0,0,COUPON,342,1118.71,193,439.0,409.25,3.8999999999999946,1392.1299999999999,1266.59,3.1104860064730815,8.0,1.0,1,0
5,Beverages,2025-08-17,33,0,0,MANAGER_SPECIAL,315,1013.07,176,342.0,379.0,10.600000000000001,1118.71,1219.74,3.223013493747784,8.0,1.0,1,0
5,Beverages,2025-08-24,34,0,0,COUPON,330,1059.15,190,315.0,379.75,-42.10000000000002,1013.07,1219.9225,3.2158674314767213,8.0,1.0,1,0
5,Beverages,2025-08-31,35,0,0,MANAGER_SPECIAL,402,1332.96,230,330.0,356.5,-35.399999999999984,1059.15,1145.7649999999999,3.2169653790374353,8.0,1.0,1,0
5,Beverages,2025-09-07,36,0,0,COUPON,318,1029.22,178,402.0,347.25,19.500000000000004,1332.96,1130.9724999999999,3.25313586487703,8.0,1.0,1,0
5,Beverages,2025-09-14,37,0,0,MANAGER_SPECIAL,336,1089.21,185,318.0,341.25,8.100000000000044,1029.22,1108.6,3.2445006171665587,8.0,0.0,1,0
5,Beverages,2025-09-21,38,0,0,MANAGER_SPECIAL,361,1184.67,197,336.0,346.5,-6.599999999999999,1089.21,1127.635,3.2509009147856065,8.0,0.0,1,0
5,Beverages,2025-09-28,39,0,0,COUPON,325,1081.58,195,361.0,354.25,-10.499999999999991,1184.67,1159.015,3.26892313840686,8.0,0.0,1,0
5,Beverages,2025-10-05,40,0,0,NONE,381,1207.2,205,325.0,335.0,4.600000000000019,1081.58,1096.17,3.2719525299108785,8.0,0.0,0,0
5,Beverages,2025-10-12,41,0,0,BOGO,348,1113.19,201,381.0,350.75,9.899999999999995,1207.2,1140.665,3.2549432940370613,7.0,0.0,1,0
5,Beverages,2025-10-19,42,0,0,COUPON,344,920.28,198,348.0,353.75,1.6999999999999735,1113.19,1146.6599999999999,3.244224646664319,7.0,0.0,1,1
5,Beverages,2025-10-26,43,0,0,COUPON,305,969.15,167,344.0,349.5,2.4000000000000123,920.28,1080.5625,3.092624198941585,7.0,1.0,1,0
5,Breakfast & Cereal,2024-12-29,52,0,1,MANAGER_SPECIAL,227,1110.95,122,,357.6666666666667,,,1080.2233333333334,3.0141861114092925,6.0,1.0,1,0
5,Breakfast & Cereal,2025-01-05,1,1,0,BUNDLE,335,1589.91,192,227.0,306.3333333333333,,1110.95,1048.14,3.5893690868853754,6.0,1.0,1,0
5,Breakfast & Cereal,2025-01-12,2,1,0,COUPON,408,1968.76,223,335.0,302.0,,1589.91,1207.0466666666669,4.105095140525223,6.0,1.0,1,0
5,Breakfast & Cereal,2025-01-19,3,0,0,COUPON,435,1990.11,237,408.0,323.3333333333333,,1968.76,1556.5400000000002,4.821815006766292,6.0,1.0,1,1
5,Breakfast & Cereal,2025-01-26,4,0,0,BOGO,376,1747.2,212,435.0,351.25,69.7,1990.11,1664.9325000000001,4.760102634385064,6.0,2.0,1,0
5,Breakfast & Cereal,2025-02-02,5,0,0,MANAGER_SPECIAL,383,1855.8,195,376.0,388.5,15.000000000000018,1747.2,1823.9950000000001,4.698291546185608,7.0,2.0,1,0
5,Breakfast & Cereal,2025-02-09,6,0,0,COUPON,356,1661.43,200,383.0,400.5,-13.399999999999986,1855.8,1890.4675,4.723149248535477,7.0,2.0,1,0
5,Breakfast & Cereal,2025-02-16,7,0,0,MANAGER_SPECIAL,353,1631.43,203,356.0,387.5,-22.999999999999993,1661.43,1813.6350000000002,4.683535759881589,7.0,1.0,1,0
5,Breakfast & Cereal,2025-02-23,8,0,0,COUPON,357,1297.6,203,353.0,367.0,-9.599999999999987,1631.43,1723.965,4.695198063290791,8.0,1.0,1,1
5,Breakfast & Cereal,2025-03-02,9,0,0,COUPON,329,1529.3799999999999,186,357.0,362.25,-8.099999999999955,1297.6,1611.565,4.4421794090205715,8.0,2.0,1,0
5,Breakfast & Cereal,2025-03-09,10,0,0,MANAGER_SPECIAL,340,1599.33,196,329.0,348.75,-7.699999999999969,1529.3799999999999,1529.96,4.3929645638135595,8.0,2.0,1,0
5,Breakfast & Cereal,2025-03-16,11,0,0,MANAGER_SPECIAL,367,1713.82,210,340.0,344.75,-6.700000000000004,1599.33,1514.435,4.402207954428232,8.0,2.0,1,0
5,Breakfast & Cereal,2025-03-23,12,0,0,MANAGER_SPECIAL,301,1437.08,166,367.0,348.25,4.1,1713.82,1535.0325,4.41425658778498,8.0,1.0,1,0
5,Breakfast & Cereal,2025-03-30,13,0,0,COUPON,353,1581.46,192,301.0,334.25,-5.699999999999995,1437.08,1569.9025,4.699161154262733,8.0,1.0,1,1
5,Breakfast & Cereal,2025-04-06,14,0,0,MANAGER_SPECIAL,283,1304.41,156,353.0,340.25,-2.7000000000000406,1581.46,1582.9225,4.657032461425826,8.0,2.0,1,0
5,Breakfast & Cereal,2025-04-13,15,0,0,BUNDLE,375,1724.68,195,283.0,326.0,-19.999999999999993,1304.41,1509.1925,4.633360173959602,8.0,2.0,1,1
5,Breakfast & Cereal,2025-04-20,16,0,0,BUNDLE,358,1718.33,206,375.0,328.0,15.200000000000035,1724.68,1511.9075,4.615694524549975,8.0,3.0,1,0
5,Breakfast & Cereal,2025-04-27,17,0,0,MANAGER_SPECIAL,332,1596.48,187,358.0,342.25,10.699999999999994,1718.33,1582.22,4.622057602001301,8.0,2.0,1,0
5,Breakfast & Cereal,2025-05-04,18,0,0,BUNDLE,391,1872.03,213,332.0,337.0,13.000000000000007,1596.48,1585.975,4.704212112394147,8.0,2.0,1,0
5,Breakfast & Cereal,2025-05-11,19,0,0,COUPON,391,1802.99,213,391.0,364.0,2.1999999999999944,1872.03,1727.88,4.748856586561137,8.0,2.0,1,0
5,Breakfast & Cereal,2025-05-18,20,0,0,BUNDLE,384,1846.29,204,391.0,368.0,15.800000000000024,1802.99,1747.4575,4.751876825265315,8.0,2.0,1,0
5,Breakfast & Cereal,2025-05-25,21,0,0,BUNDLE,363,1743.33,200,384.0,374.5,15.600000000000023,1846.29,1779.4475,4.753937426696879,8.0,2.0,1,0
5,Breakfast & Cereal,2025-06-01,22,0,0,COUPON,398,1850.2,221,363.0,382.25,-9.099999999999977,1743.33,1816.16,4.752409247865852,8.0,1.0,1,1
5,Breakfast & Cereal,2025-06-08,23,0,0,MANAGER_SPECIAL,372,1716.1399999999999,204,398.0,384.0,-1.1903488403215465e-14,1850.2,1810.7025,4.7176450496368565,8.0,2.0,1,0
5,Breakfast & Cereal,2025-06-15,24,0,0,COUPON,338,1562.75,193,372.0,379.25,-0.09999999999997296,1716.1399999999999,1788.9899999999998,4.718158036739131,8.0,1.0,1,0
5,Breakfast & Cereal,2025-06-22,25,0,0,MANAGER_SPECIAL,386,1870.0,213,338.0,367.75,-10.099999999999994,1562.75,1718.105,4.672026495503923,8.0,1.0,1,0
5,Breakfast & Cereal,2025-06-29,26,0,0,BUNDLE,416,1911.27,231,386.0,373.5,-6.999999999999995,1870.0,1749.7725,4.682525896009212,8.0,1.0,1,0
5,Breakfast & Cereal,2025-07-06,27,0,0,COUPON,361,1600.98,202,416.0,378.0,18.00000000000002,1911.27,1765.04,4.668939725976355,8.0,1.0,1,1
5,Breakfast & Cereal,2025-07-13,28,0,0,COUPON,410,1929.82,218,361.0,375.25,9.900000000000006,1600.98,1736.25,4.624331744860577,8.0,2.0,1,0
5,Breakfast & Cereal,2025-07-20,29,0,0,MANAGER_SPECIAL,352,1654.97,190,410.0,393.25,1.7000000000000068,1929.82,1828.0175000000002,4.645171079540907,8.0,2.0,1,0
5,Breakfast & Cereal,2025-07-27,30,0,0,MANAGER_SPECIAL,393,1252.79,230,352.0,384.75,-14.299999999999965,1654.97,1774.2599999999998,4.609436012713304,8.0,2.0,1,1
5,Breakfast & Cereal,2025-08-03,31,0,0,BUNDLE,418,1937.83,222,393.0,379.0,3.8000000000000136,1252.79,1609.6399999999999,4.2577764566602605,8.0,2.0,1,0
5,Breakfast & Cereal,2025-08-10,32,0,0,COUPON,390,1830.19,213,418.0,393.25,6.499999999999992,1937.83,1693.8525,4.308053779752681,8.0,2.0,1,0
5,Breakfast & Cereal,2025-08-17,33,0,0,MANAGER_SPECIAL,374,1714.61,209,390.0,388.25,13.900000000000043,1830.19,1668.945,4.304532985506277,8.0,2.0,1,0
5,Breakfast & Cereal,2025-08-24,34,0,0,COUPON,340,1602.05,193,374.0,393.75,-8.499999999999982,1714.61,1683.8549999999998,4.275257835105206,8.0,2.0,1,0
5,Breakfast & Cereal,2025-08-31,35,0,0,MANAGER_SPECIAL,381,1836.04,209,340.0,380.5,-25.000000000000025,1602.05,1771.1699999999998,4.656295572719337,8.0,2.0,1,0
5,Breakfast & Cereal,2025-09-07,36,0,0,COUPON,355,1578.26,192,381.0,371.25,-6.09999999999998,1836.04,1745.7225,4.702056994437555,8.0,1.0,1,1
5,Breakfast & Cereal,2025-09-14,37,0,0,MANAGER_SPECIAL,331,1521.59,192,355.0,362.5,-1.5999999999999648,1578.26,1682.74,4.640308980714189,8.0,2.0,1,1
5,Breakfast & Cereal,2025-09-21,38,0,0,MANAGER_SPECIAL,339,1567.97,189,331.0,351.75,-5.299999999999964,1521.59,1634.4850000000001,4.6434164616906495,8.0,3.0,1,0
5,Breakfast & Cereal,2025-09-28,39,0,0,COUPON,312,1503.87,177,339.0,351.5,-14.999999999999993,1567.97,1625.965,4.62175857951123,8.0,2.0,1,0
5,Breakfast & Cereal,2025-10-05,40,0,0,BOGO,351,1666.84,201,312.0,334.25,-12.099999999999975,1503.87,1542.9225,4.6220319618047885,8.0,2.0,1,0
5,Breakfast & Cereal,2025-10-12,41,0,0,BOGO,348,1647.16,187,351.0,333.25,3.299999999999994,1666.84,1565.0674999999999,4.697789234787413,8.0,2.0,1,0
5,Breakfast & Cereal,2025-10-19,42,0,0,COUPON,327,1528.59,177,348.0,337.5,6.600000000000013,1647.16,1596.46,4.731856672367717,8.0,2.0,1,0
5,Breakfast & Cereal,2025-10-26,43,0,0,COUPON,341,1358.11,194,327.0,334.5,4.199999999999993,1528.59,1586.615,4.744183402361493,8.0,2.0,1,1
5,Candy,2024-12-29,52,0,1,MANAGER_SPECIAL,210,510.03,121,,342.0,,,1614.1966666666667,4.718879151866607,7.0,2.0,1,0
5,Candy,2025-01-05,1,1,0,BUNDLE,323,808.09,169,210.0,295.0,,510.03,1228.5933333333332,3.945506610827398,7.0,1.0,1,0
5,Candy,2025-01-12,2,1,0,COUPON,354,881.48,202,323.0,286.6666666666667,,808.09,948.9033333333333,3.201709355688198,7.0,0.0,1,0
5,Candy,2025-01-19,3,0,0,COUPON,366,911.11,203,354.0,295.6666666666667,,881.48,733.1999999999999,2.473532469425477,7.0,0.0,1,0
5,Candy,2025-01-26,4,0,0,BOGO,355,867.83,208,366.0,313.25,49.899999999999984,911.11,777.6775,2.4774922482439714,7.0,0.0,1,0
5,Candy,2025-02-02,5,0,0,MANAGER_SPECIAL,331,825.33,173,355.0,349.5,10.799999999999995,867.83,867.1275,2.4814615641393436,7.0,0.0,1,0
5,Candy,2025-02-09,6,0,0,COUPON,348,873.31,193,331.0,351.5,-7.99999999999996,825.33,871.4375,2.479365934982927,7.0,0.0,1,0
5,Candy,2025-02-16,7,0,0,MANAGER_SPECIAL,332,844.83,192,348.0,350.0,-7.800000000000025,873.31,869.395,2.48422968425236,7.0,0.0,1,0
5,Candy,2025-02-23,8,0,0,COUPON,356,884.99,206,332.0,341.5,-5.2,844.83,852.825,2.4980539567521953,8.0,0.0,1,0
5,Candy,2025-03-02,9,0,0,COUPON,356,881.52,186,356.0,341.75,5.900000000000003,884.99,857.115,2.5083878110012856,8.0,0.0,1,0
5,Candy,2025-03-09,10,0,0,BOGO,358,845.53,191,356.0,348.0,4.8000000000000025,881.52,871.1625,2.504071727631178,8.0,0.0,1,1
5,Candy,2025-03-16,11,0,0,COUPON,424,741.85,232,358.0,350.5,7.799999999999999,845.53,864.2175000000001,2.4671477646824846,8.0,1.0,1,1
5,Candy,2025-03-23,12,0,0,MANAGER_SPECIAL,300,687.86,163,424.0,373.5,20.59999999999999,741.85,838.4725,2.2683921526115594,8.0,2.0,1,1
5,Candy,2025-03-30,13,0,0,COUPON,357,891.14,194,300.0,359.5,-10.199999999999982,687.86,789.19,2.2201270777051922,8.0,3.0,1,0
5,Candy,2025-04-06,14,0,0,MANAGER_SPECIAL,302,751.43,167,357.0,359.75,-12.699999999999996,891.14,791.595,2.225129752932587,8.0,3.0,1,0
5,Candy,2025-04-13,15,0,0,BUNDLE,389,949.86,212,302.0,345.75,-30.89999999999998,751.43,768.0699999999999,2.2567205443048164,8.0,3.0,1,1
5,Candy,2025-04-20,16,0,0,BUNDLE,316,813.12,187,389.0,337.0,21.20000000000004,949.86,820.0725,2.4297588591663386,8.0,4.0,1,0
5,Candy,2025-04-27,17,0,0,MANAGER_SPECIAL,322,798.87,182,316.0,341.0,-3.59999999999998,813.12,851.3874999999999,2.499833331740178,8.0,4.0,1,0
5,Candy,2025-05-04,18,0,0,BUNDLE,408,1016.05,232,322.0,332.25,-1.299999999999988,798.87,828.3199999999999,2.4960263959223727,8.0,4.0,1,0
5,Candy,2025-05-11,19,0,0,COUPON,345,616.13,195,408.0,358.75,6.300000000000006,1016.05,894.475,2.4965613507983626,8.0,3.0,1,1
5,Candy,2025-05-18,20,0,0,BUNDLE,425,1081.07,221,345.0,347.75,17.299999999999994,616.13,811.0425,2.332582493825821,8.0,3.0,1,0
5,Candy,2025-05-25,21,0,0,BUNDLE,315,807.63,178,425.0,375.0,24.599999999999987,1081.07,878.03,2.3252148839970794,8.0,2.0,1,0
5,Candy,2025-06-01,22,0,0,COUPON,322,782.99,192,315.0,373.25,-19.89999999999999,807.63,880.22,2.345950391243456,8.0,2.0,1,0
5,Candy,2025-06-08,23,0,0,MANAGER_SPECIAL,376,868.49,203,322.0,351.75,-17.89999999999998,782.99,821.9549999999999,2.3312822250639407,8.0,2.0,1,1
5,Candy,2025-06-15,24,0,0,COUPON,394,917.52,219,376.0,359.5,-13.999999999999993,868.49,885.045,2.462264668017996,8.0,2.0,1,1
5,Candy,2025-06-22,25,0,0,MANAGER_SPECIAL,357,895.29,198,394.0,351.75,29.099999999999994,917.52,844.1575,2.408523879722982,8.0,3.0,1,0
5,Candy,2025-06-29,26,0,0,BUNDLE,355,883.92,196,357.0,362.25,12.29999999999999,895.29,866.0725,2.394501470759397,8.0,3.0,1,0
5,Candy,2025-07-06,27,0,0,COUPON,383,962.82,214,355.0,370.5,-10.000000000000009,883.92,891.3050000000001,2.409068853315604,8.0,3.0,1,0
5,Candy,2025-07-13,28,0,0,COUPON,425,1047.94,235,383.0,372.25,-3.5000000000000075,962.82,914.8874999999999,2.4600879807251923,8.0,2.0,1,0
5,Candy,2025-07-20,29,0,0,MANAGER_SPECIAL,327,811.5,182,425.0,380.0,23.2,1047.94,947.4925,2.494340533726088,8.0,2.0,1,0
5,Candy,2025-07-27,30,0,0,MANAGER_SPECIAL,408,983.1,208,327.0,372.5,-4.199999999999955,811.5,926.545,2.4877995962501798,8.0,2.0,1,0
5,Candy,2025-08-03,31,0,0,BOGO,358,883.1,203,408.0,385.75,-2.3000000000000016,983.1,951.34,2.4677104288930964,8.0,2.0,1,0
5,Candy,2025-08-10,32,0,0,COUPON,374,965.13,217,358.0,379.5,-12.00000000000002,883.1,931.4100000000001,2.4559277881707775,8.0,1.0,1,0
5,Candy,2025-08-17,33,0,0,MANAGER_SPECIAL,360,866.34,195,374.0,366.75,9.100000000000032,965.13,910.7075,2.4846328683846814,8.0,0.0,1,0
5,Candy,2025-08-24,34,0,0,COUPON,341,849.0,187,360.0,375.0,-12.799999999999986,866.34,924.4175,2.4658450243479844,8.0,0.0,1,0
5,Candy,2025-08-31,35,0,0,MANAGER_SPECIAL,394,968.82,214,341.0,358.25,-6.499999999999994,849.0,890.8925,2.4858893360609393,8.0,0.0,1,0
5,Candy,2025-09-07,36,0,0,COUPON,364,907.18,197,394.0,367.25,4.1000000000000085,968.82,912.3225000000001,2.483932894464932,8.0,0.0,1,0
5,Candy,2025-09-14,37,0,0,MANAGER_SPECIAL,340,847.63,195,364.0,364.75,6.500000000000002,907.18,897.835,2.4618557069465683,8.0,0.0,1,0
5,Candy,2025-09-21,38,0,0,MANAGER_SPECIAL,346,842.6,182,340.0,359.75,-3.2999999999999914,847.63,893.1575,2.4834880598877445,8.0,0.0,1,0
5,Candy,2025-09-28,39,0,0,COUPON,316,767.12,177,346.0,361.0,-16.79999999999997,842.6,891.5575,2.4698690711941707,8.0,0.0,1,1
5,Candy,2025-10-05,40,0,0,NONE,383,925.5600000000001,198,316.0,341.5,-13.800000000000002,767.12,841.1324999999999,2.462034302833315,8.0,1.0,0,0
5,Candy,2025-10-12,41,0,0,BOGO,355,798.01,211,383.0,346.25,9.899999999999995,925.5600000000001,845.7275,2.4431225520514595,7.0,1.0,1,1
5,Candy,2025-10-19,42,0,0,COUPON,328,820.61,182,355.0,350.0,9.40000000000003,798.01,833.3225,2.3818440723497196,7.0,2.0,1,0
5,Candy,2025-10-26,43,0,0,COUPON,309,764.42,169,328.0,345.5,0.8000000000000084,820.61,827.825,2.3984939824723757,7.0,2.0,1,0
5,Condiments/Sauces/Spices,2024-12-29,52,0,1,COUPON,196,698.27,108,,355.3333333333333,,,848.0600000000001,2.3887936643935475,6.0,2.0,1,0
5,Condiments/Sauces/Spices,2025-01-05,1,1,0,BUNDLE,295,1132.26,175,196.0,293.0,,698.27,772.2966666666666,2.7707924299572144,6.0,2.0,1,0
5,Condiments/Sauces/Spices,2025-01-12,2,1,0,COUPON,376,1408.74,205,295.0,273.0,,1132.26,883.7133333333335,3.30087709614644,6.0,2.0,1,0
5,Condiments/Sauces/Spices,2025-01-19,3,0,0,COUPON,381,1465.67,213,376.0,289.0,,1408.74,1079.7566666666667,3.7158068228373238,6.0,2.0,1,0
5,Condiments/Sauces/Spices,2025-01-26,4,0,0,BOGO,332,1220.11,189,381.0,312.0,63.60000000000001,1465.67,1176.2350000000001,3.74858083891277,6.0,1.0,1,0
5,Condiments/Sauces/Spices,2025-02-02,5,0,0,MANAGER_SPECIAL,295,1057.5,164,332.0,346.0,11.600000000000009,1220.11,1306.695,3.7766878588291704,7.0,1.0,1,0
5,Condiments/Sauces/Spices,2025-02-09,6,0,0,COUPON,342,1253.0,183,295.0,346.0,-29.20000000000001,1057.5,1288.005,3.7133319266257807,7.0,0.0,1,0
5,Condiments/Sauces/Spices,2025-02-16,7,0,0,MANAGER_SPECIAL,361,1400.86,204,342.0,337.5,-15.400000000000011,1253.0,1249.0700000000002,3.692605365097847,7.0,0.0,1,0
5,Condiments/Sauces/Spices,2025-02-23,8,0,0,COUPON,408,1427.36,211,361.0,332.5,13.400000000000016,1400.86,1232.8675,3.701004297052682,8.0,0.0,1,1
5,Condiments/Sauces/Spices,2025-03-02,9,0,0,COUPON,318,1183.84,176,408.0,351.5,35.79999999999998,1427.36,1284.68,3.656854610069455,8.0,1.0,1,0
5,Condiments/Sauces/Spices,2025-03-09,10,0,0,MANAGER_SPECIAL,306,1067.34,181,318.0,357.25,-2.4999999999999827,1183.84,1316.2649999999999,3.6913599932908605,8.0,1.0,1,1
5,Condiments/Sauces/Spices,2025-03-16,11,0,0,MANAGER_SPECIAL,403,1395.4,220,306.0,348.25,-25.500000000000025,1067.34,1269.85,3.6474341246978086,8.0,2.0,1,1
5,Condiments/Sauces/Spices,2025-03-23,12,0,0,MANAGER_SPECIAL,346,1285.8,179,403.0,358.75,-2.700000000000033,1395.4,1268.4850000000001,3.5429422253006284,8.0,3.0,1,0
5,Condiments/Sauces/Spices,2025-03-30,13,0,0,COUPON,349,1271.32,191,346.0,343.25,18.10000000000002,1285.8,1233.095,3.5973806249379403,8.0,3.0,1,0
5,Condiments/Sauces/Spices,2025-04-06,14,0,0,MANAGER_SPECIAL,337,1269.84,187,349.0,351.0,7.200000000000021,1271.32,1254.965,3.577376480121664,8.0,3.0,1,0
5,Condiments/Sauces/Spices,2025-04-13,15,0,0,BUNDLE,352,1306.12,186,337.0,358.75,-19.499999999999996,1269.84,1305.5900000000001,3.6473844803543978,8.0,3.0,1,0
5,Condiments/Sauces/Spices,2025-04-20,16,0,0,BUNDLE,335,1221.08,193,352.0,346.0,0.5999999999999728,1306.12,1283.27,3.7093937714665115,8.0,3.0,1,1
5,Condiments/Sauces/Spices,2025-04-27,17,0,0,MANAGER_SPECIAL,287,1075.72,166,335.0,343.25,-2.699999999999964,1221.08,1267.09,3.6916012600352284,8.0,3.0,1,0
5,Condiments/Sauces/Spices,2025-05-04,18,0,0,BUNDLE,355,1283.97,199,287.0,327.75,-16.699999999999957,1075.72,1218.19,3.717951908478266,8.0,3.0,1,0
5,Condiments/Sauces/Spices,2025-05-11,19,0,0,COUPON,356,1335.41,194,355.0,332.25,-3.8999999999999915,1283.97,1221.7224999999999,3.680138329676076,8.0,2.0,1,0
5,Condiments/Sauces/Spices,2025-05-18,20,0,0,BUNDLE,351,1330.35,197,356.0,333.25,13.099999999999977,1335.41,1229.045,3.6902842055698457,8.0,1.0,1,0
5,Condiments/Sauces/Spices,2025-05-25,21,0,0,BUNDLE,314,1161.13,172,351.0,337.25,19.300000000000004,1330.35,1256.3625,3.726573209269297,8.0,1.0,1,0
5,Condiments/Sauces/Spices,2025-06-01,22,0,0,COUPON,343,1270.34,192,314.0,344.0,-12.800000000000038,1161.13,1277.7150000000001,3.714001442252719,8.0,1.0,1,0
5,Condiments/Sauces/Spices,2025-06-08,23,0,0,MANAGER_SPECIAL,368,968.79,192,343.0,341.0,-7.600000000000021,1270.34,1274.3075,3.73570100698807,8.0,1.0,1,1
5,Condiments/Sauces/Spices,2025-06-15,24,0,0,COUPON,341,1266.18,188,368.0,344.0,8.000000000000004,968.79,1182.6525000000001,3.4560584660745377,8.0,2.0,1,0
5,Condiments/Sauces/Spices,2025-06-22,25,0,0,MANAGER_SPECIAL,330,1224.93,177,341.0,341.5,10.60000000000002,1266.18,1166.6100000000001,3.436800188509808,8.0,1.0,1,0
5,Condiments/Sauces/Spices,2025-06-29,26,0,0,BUNDLE,350,1354.35,198,330.0,345.5,-6.59999999999997,1224.93,1182.56,3.440310900727527,8.0,1.0,1,0
5,Condiments/Sauces/Spices,2025-07-06,27,0,0,COUPON,328,1205.73,198,350.0,347.25,-6.50000000000002,1354.35,1203.5625,3.4817999677829206,8.0,1.0,1,1
5,Condiments/Sauces/Spices,2025-07-13,28,0,0,COUPON,343,1198.59,196,328.0,337.25,-1.8999999999999984,1205.73,1262.7975000000001,3.742656111738382,8.0,2.0,1,1
5,Condiments/Sauces/Spices,2025-07-20,29,0,0,MANAGER_SPECIAL,330,898.73,183,343.0,337.75,1.6999999999999718,1198.59,1245.9,3.687979525980493,8.0,3.0,1,1
5,Condiments/Sauces/Spices,2025-07-27,30,0,0,MANAGER_SPECIAL,386,1455.02,205,330.0,337.75,-4.5000000000000115,898.73,1164.35,3.4408583138592803,8.0,4.0,1,0
5,Condiments/Sauces/Spices,2025-08-03,31,0,0,BUNDLE,324,1077.62,182,386.0,346.75,16.099999999999984,1455.02,1189.5175000000002,3.415835923037667,8.0,4.0,1,1
5,Condiments/Sauces/Spices,2025-08-10,32,0,0,COUPON,343,900.28,196,324.0,345.75,-0.09999999999998893,1077.62,1157.49,3.32833131222767,8.0,4.0,1,1
5,Condiments/Sauces/Spices,2025-08-17,33,0,0,MANAGER_SPECIAL,376,1340.06,201,343.0,345.75,-2.299999999999995,900.28,1082.9125,3.110904198525046,8.0,5.0,1,1
5,Condiments/Sauces/Spices,2025-08-24,34,0,0,COUPON,314,1143.3,178,376.0,357.25,-1.1000000000000167,1340.06,1193.245,3.321045478344517,8.0,6.0,1,0
5,Condiments/Sauces/Spices,2025-08-31,35,0,0,MANAGER_SPECIAL,349,1304.57,193,314.0,339.25,0.29999999999997246,1143.3,1115.315,3.288945712660216,8.0,6.0,1,0
5,Condiments/Sauces/Spices,2025-09-07,36,0,0,COUPON,337,1200.7,178,349.0,345.5,-4.40000000000001,1304.57,1172.0525,3.391954529738995,8.0,5.0,1,1
5,Condiments/Sauces/Spices,2025-09-14,37,0,0,MANAGER_SPECIAL,332,1238.67,187,337.0,344.0,-8.2,1200.7,1247.1575,3.6265007746888616,8.0,5.0,1,0
5,Condiments/Sauces/Spices,2025-09-21,38,0,0,MANAGER_SPECIAL,283,1038.03,164,332.0,333.0,4.1999999999999815,1238.67,1221.81,3.6682368679982695,8.0,4.0,1,0
5,Condiments/Sauces/Spices,2025-09-28,39,0,0,COUPON,338,1253.66,190,283.0,325.25,-20.299999999999994,1038.03,1195.4925,3.6749537998701607,8.0,4.0,1,0
5,Condiments/Sauces/Spices,2025-10-05,40,0,0,MANAGER_SPECIAL,304,833.02,172,338.0,322.5,-4.600000000000027,1253.66,1182.765,3.6677113828206025,8.0,3.0,1,1
5,Condiments/Sauces/Spices,2025-10-12,41,0,0,BOGO,386,1420.1200000000001,204,304.0,314.25,-2.900000000000003,833.02,1090.845,3.4620337219585062,8.0,3.0,1,0
5,Condiments/Sauces/Spices,2025-10-19,42,0,0,COUPON,281,964.94,148,386.0,327.75,27.500000000000004,1420.1200000000001,1136.2075,3.449067127601805,8.0,2.0,1,1
5,Condiments/Sauces/Spices,2025-10-26,43,0,0,COUPON,298,1135.1,179,281.0,327.25,-8.89999999999999,964.94,1117.9350000000002,3.3905670395769576,8.0,3.0,1,0
5,Dairy & Eggs,2024-12-29,52,0,1,MANAGER_SPECIAL,178,642.87,99,,323.6666666666667,,,1072.6933333333334,3.2844049679566534,7.0,3.0,1,0
5,Dairy & Eggs,2025-01-05,1,1,0,BUNDLE,323,935.59,180,178.0,281.6666666666667,,642.87,1009.3100000000001,3.5748822496440176,7.0,2.0,1,1
5,Dairy & Eggs,2025-01-12,2,1,0,COUPON,382,1400.67,208,323.0,260.6666666666667,,935.59,847.8000000000002,3.314047619637119,7.0,3.0,1,0
5,Dairy & Eggs,2025-01-19,3,0,0,COUPON,288,947.92,171,382.0,294.3333333333333,,1400.67,993.0433333333334,3.391622691215191,7.0,3.0,1,1
5,Dairy & Eggs,2025-01-26,4,0,0,BOGO,296,1040.76,167,288.0,292.75,38.90000000000002,947.92,981.7625,3.366564240633615,7.0,4.0,1,0
5,Dairy & Eggs,2025-02-02,5,0,0,MANAGER_SPECIAL,309,1111.31,170,296.0,322.25,-17.500000000000014,1040.76,1081.2350000000001,3.342677207533099,7.0,3.0,1,0
5,Dairy & Eggs,2025-02-09,6,0,0,COUPON,337,1062.22,176,309.0,318.75,-21.100000000000012,1111.31,1125.165,3.5176544636373803,7.0,3.0,1,1
5,Dairy & Eggs,2025-02-16,7,0,0,MANAGER_SPECIAL,322,1118.3,177,337.0,307.5,16.000000000000004,1062.22,1040.5525,3.3889826481107908,7.0,3.0,1,0
5,Dairy & Eggs,2025-02-23,8,0,0,COUPON,382,1403.48,206,322.0,316.0,10.600000000000012,1118.3,1083.1475,3.4343807675034754,8.0,3.0,1,0
5,Dairy & Eggs,2025-03-02,9,0,0,COUPON,291,986.96,163,382.0,337.5,20.400000000000016,1403.48,1173.8275,3.473868350636346,8.0,3.0,1,1
5,Dairy & Eggs,2025-03-09,10,0,0,MANAGER_SPECIAL,333,1198.06,188,291.0,333.0,-7.799999999999992,986.96,1142.7400000000002,3.4226540077277288,8.0,3.0,1,0
5,Dairy & Eggs,2025-03-16,11,0,0,MANAGER_SPECIAL,320,1150.89,175,333.0,332.0,-5.799999999999991,1198.06,1176.7,3.5341014195312233,8.0,3.0,1,0
5,Dairy & Eggs,2025-03-23,12,0,0,MANAGER_SPECIAL,306,1121.46,173,320.0,331.5,-14.399999999999997,1150.89,1184.8475,3.5649888904163163,8.0,2.0,1,0
5,Dairy & Eggs,2025-03-30,13,0,0,COUPON,326,1144.74,183,306.0,312.5,3.1999999999999904,1121.46,1114.3425000000002,3.562706527209254,8.0,2.0,1,0
5,Dairy & Eggs,2025-04-06,14,0,0,MANAGER_SPECIAL,258,917.32,147,326.0,321.25,-3.4999999999999742,1144.74,1153.7875000000001,3.5926708453000344,8.0,2.0,1,0
5,Dairy & Eggs,2025-04-13,15,0,0,BUNDLE,299,1074.42,162,258.0,302.5,-16.60000000000002,917.32,1083.6025000000002,3.582102369847838,8.0,1.0,1,0
5,Dairy & Eggs,2025-04-20,16,0,0,BUNDLE,342,1192.47,180,299.0,297.25,-8.899999999999942,1074.42,1064.4850000000001,3.5813140389531894,8.0,1.0,1,0
5,Dairy & Eggs,2025-04-27,17,0,0,BUNDLE,277,956.41,163,342.0,306.25,8.900000000000006,1192.47,1082.2375000000002,3.5367771452483385,8.0,1.0,1,0
5,Dairy & Eggs,2025-05-04,18,0,0,BUNDLE,335,1224.04,184,277.0,294.0,10.000000000000027,956.41,1035.1550000000002,3.5220949676664466,8.0,0.0,1,0
5,Dairy & Eggs,2025-05-11,19,0,0,COUPON,324,856.54,190,335.0,313.25,4.3000000000000025,1224.04,1111.835,3.546681685241363,8.0,0.0,1,1
5,Dairy & Eggs,2025-05-18,20,0,0,BUNDLE,340,1241.79,191,324.0,319.5,0.3999999999999983,856.54,1057.3650000000002,3.309247697463172,8.0,1.0,1,0
5,Dairy & Eggs,2025-05-25,21,0,0,BUNDLE,316,1156.0,170,340.0,319.0,17.799999999999958,1241.79,1069.6950000000002,3.350639983324885,8.0,1.0,1,0
5,Dairy & Eggs,2025-06-01,22,0,0,COUPON,328,1160.28,179,316.0,328.75,-4.100000000000011,1156.0,1119.5925000000002,3.4020110247725848,8.0,1.0,1,0
5,Dairy & Eggs,2025-06-08,23,0,0,MANAGER_SPECIAL,310,1142.0,171,328.0,327.0,-1.199999999999957,1160.28,1103.6525000000001,3.372908094302981,8.0,1.0,1,0
5,Dairy & Eggs,2025-06-15,24,0,0,COUPON,361,1153.87,200,310.0,323.5,-7.799999999999956,1142.0,1175.0175000000002,3.6329653424113046,8.0,1.0,1,1
5,Dairy & Eggs,2025-06-22,25,0,0,MANAGER_SPECIAL,300,1040.8,173,361.0,328.75,11.699999999999989,1153.87,1153.0375000000001,3.518963407426784,8.0,2.0,1,0
5,Dairy & Eggs,2025-06-29,26,0,0,BUNDLE,352,1285.05,201,300.0,324.75,-3.300000000000006,1040.8,1124.2375000000002,3.4717397787348014,8.0,2.0,1,0
5,Dairy & Eggs,2025-07-06,27,0,0,COUPON,328,1125.99,192,352.0,330.75,6.500000000000008,1285.05,1155.43,3.5000575794554223,8.0,2.0,1,0
5,Dairy & Eggs,2025-07-13,28,0,0,COUPON,327,1152.31,188,328.0,335.25,-4.700000000000025,1125.99,1151.4275000000002,3.437313922885792,8.0,1.0,1,0
5,Dairy & Eggs,2025-07-20,29,0,0,MANAGER_SPECIAL,307,1116.1200000000001,169,327.0,326.75,5.700000000000014,1152.31,1151.0375000000001,3.5192059235296034,8.0,1.0,1,0
5,Dairy & Eggs,2025-07-27,30,0,0,MANAGER_SPECIAL,369,1263.41,206,307.0,328.5,-13.599999999999975,1116.1200000000001,1169.8675,3.560765098339593,8.0,1.0,1,1
5,Dairy & Eggs,2025-08-03,31,0,0,BUNDLE,418,1500.86,225,369.0,332.75,10.300000000000018,1263.41,1164.4575,3.504056376209758,8.0,2.0,1,0
5,Dairy & Eggs,2025-08-10,32,0,0,COUPON,325,1087.76,180,418.0,355.25,33.49999999999999,1500.86,1258.1750000000002,3.543475831513761,8.0,2.0,1,1
5,Dairy & Eggs,2025-08-17,33,0,0,MANAGER_SPECIAL,352,1254.0,197,325.0,354.75,10.300000000000047,1087.76,1242.0375000000001,3.4992433450399894,8.0,2.0,1,0
5,Dairy & Eggs,2025-08-24,34,0,0,COUPON,313,1123.48,174,352.0,366.0,-14.399999999999974,1254.0,1276.5075000000002,3.480975836896667,8.0,2.0,1,0
5,Dairy & Eggs,2025-08-31,35,0,0,MANAGER_SPECIAL,387,1002.53,214,313.0,352.0,-28.800000000000008,1123.48,1241.525,3.5223552450198214,8.0,2.0,1,1
5,Dairy & Eggs,2025-09-07,36,0,0,COUPON,301,1093.28,168,387.0,344.25,14.700000000000001,1002.53,1116.9425,3.272340903316374,8.0,3.0,1,0
5,Dairy & Eggs,2025-09-14,37,0,0,MANAGER_SPECIAL,326,1136.68,196,301.0,338.25,-7.899999999999988,1093.28,1118.3225000000002,3.3436423088875467,8.0,3.0,1,0
5,Dairy & Eggs,2025-09-21,38,0,0,MANAGER_SPECIAL,302,1074.04,164,326.0,331.75,-4.700000000000011,1136.68,1088.9925,3.324704425451964,8.0,3.0,1,0
5,Dairy & Eggs,2025-09-28,39,0,0,COUPON,339,1208.58,187,302.0,329.0,-22.999999999999993,1074.04,1076.6325000000002,3.316462142905363,8.0,2.0,1,0
5,Dairy & Eggs,2025-10-05,40,0,0,NONE,293,1023.87,165,339.0,317.0,9.000000000000005,1208.58,1128.1450000000002,3.5601161297796624,8.0,2.0,0,0
5,Dairy & Eggs,2025-10-12,41,0,0,BOGO,324,1124.42,176,293.0,315.0,-6.199999999999977,1023.87,1110.7925,3.5256854776870927,7.0,1.0,1,0
5,Dairy & Eggs,2025-10-19,42,0,0,COUPON,286,976.4,173,324.0,314.5,2.000000000000009,1124.42,1107.7275,3.521606385814034,7.0,1.0,1,0
5,Dairy & Eggs,2025-10-26,43,0,0,COUPON,277,1000.69,154,286.0,310.5,-12.79999999999999,976.4,1083.3175,3.4859969290456365,7.0,1.0,1,0
5,Deli,2024-12-29,52,0,1,MANAGER_SPECIAL,209,1174.7,109,,301.0,,,1041.5633333333335,3.4596183242732383,6.0,0.0,1,1
5,Deli,2025-01-05,1,1,0,BUNDLE,298,1917.59,178,209.0,273.0,,1174.7,1091.8400000000001,4.16833075847696,6.0,1.0,1,0
5,Deli,2025-01-12,2,1,0,COUPON,373,2388.47,216,298.0,264.3333333333333,,1917.59,1356.2300000000002,5.1564753161591765,6.0,1.0,1,0
5,Deli,2025-01-19,3,0,0,COUPON,340,1598.58,194,373.0,293.3333333333333,,2388.47,1826.92,6.152948253409593,6.0,1.0,1,1
5,Deli,2025-01-26,4,0,0,BOGO,391,2407.2,215,340.0,305.0,46.799999999999976,1598.58,1769.835,5.79013766064543,6.0,2.0,1,0
5,Deli,2025-02-02,5,0,0,MANAGER_SPECIAL,340,2172.55,195,391.0,350.5,24.60000000000004,2407.2,2077.96,5.9241245547581824,7.0,2.0,1,0
5,Deli,2025-02-09,6,0,0,COUPON,324,2044.68,177,340.0,361.0,-4.799999999999953,2172.55,2141.7,5.91287134709928,7.0,2.0,1,0
5,Deli,2025-02-16,7,0,0,MANAGER_SPECIAL,328,2087.25,185,324.0,348.75,-9.899999999999935,2044.68,2055.7525,5.88970532585015,7.0,2.0,1,0
5,Deli,2025-02-23,8,0,0,COUPON,418,2638.2,230,328.0,345.75,-20.499999999999986,2087.25,2177.92,6.305170623554597,8.0,2.0,1,0
5,Deli,2025-03-02,9,0,0,COUPON,317,1969.31,183,418.0,352.5,23.79999999999999,2638.2,2235.67,6.343911002169118,8.0,1.0,1,0
5,Deli,2025-03-09,10,0,0,COUPON,302,1697.39,168,317.0,346.75,6.8999999999999835,1969.31,2184.86,6.2995313630895104,8.0,1.0,1,1
5,Deli,2025-03-16,11,0,0,MANAGER_SPECIAL,405,2450.85,219,302.0,341.25,-17.900000000000013,1697.39,2098.0375,6.126970350089756,8.0,2.0,1,0
5,Deli,2025-03-23,12,0,0,BUNDLE,333,1787.6299999999999,170,405.0,360.5,-5.400000000000024,2450.85,2188.9375,6.048948952167444,8.0,1.0,1,1
5,Deli,2025-03-30,13,0,0,COUPON,335,2074.64,193,333.0,339.25,15.09999999999999,1787.6299999999999,1976.295,5.813142703334879,8.0,2.0,1,0
5,Deli,2025-04-06,14,0,0,MANAGER_SPECIAL,298,1875.2,171,335.0,343.75,2.7000000000000135,2074.64,2002.6275,5.808297913090517,8.0,2.0,1,0
5,Deli,2025-04-13,15,0,0,BUNDLE,378,2347.57,210,298.0,342.75,-31.90000000000001,1875.2,2047.08,5.976328103321194,8.0,2.0,1,0
5,Deli,2025-04-20,16,0,0,BUNDLE,402,2524.68,215,378.0,336.0,9.80000000000001,2347.57,2021.26,6.016083394326485,8.0,2.0,1,0
5,Deli,2025-04-27,17,0,0,MANAGER_SPECIAL,348,2133.29,185,402.0,353.25,28.099999999999977,2524.68,2205.5225,6.244093456627592,8.0,2.0,1,0
5,Deli,2025-05-04,18,0,0,BUNDLE,372,2309.85,208,348.0,356.5,17.40000000000005,2133.29,2220.185,6.228390570197673,8.0,2.0,1,0
5,Deli,2025-05-11,19,0,0,COUPON,363,2222.82,201,372.0,375.0,-7.199999999999969,2309.85,2328.8475,6.207554756168662,8.0,1.0,1,0
5,Deli,2025-05-18,20,0,0,BUNDLE,379,2367.99,196,363.0,371.25,-9.300000000000011,2222.82,2297.66,6.185796863388042,8.0,1.0,1,0
5,Deli,2025-05-25,21,0,0,BUNDLE,309,1959.06,178,379.0,365.5,8.399999999999995,2367.99,2258.4874999999997,6.177720917261156,8.0,0.0,1,0
5,Deli,2025-06-01,22,0,0,COUPON,388,2384.07,214,309.0,355.75,-17.299999999999958,1959.06,2214.9300000000003,6.230184997720927,8.0,0.0,1,0
5,Deli,2025-06-08,23,0,0,MANAGER_SPECIAL,330,1543.17,178,388.0,359.75,0.5000000000000403,2384.07,2233.485,6.213994026653418,8.0,0.0,1,1
5,Deli,2025-06-15,24,0,0,COUPON,400,2449.87,220,330.0,351.5,-6.799999999999996,1543.17,2063.5725,5.852194439876557,8.0,1.0,1,1
5,Deli,2025-06-22,25,0,0,MANAGER_SPECIAL,380,2211.21,206,400.0,356.75,21.500000000000025,2449.87,2084.0425,5.821364509137771,8.0,2.0,1,1
5,Deli,2025-06-29,26,0,0,BUNDLE,394,2467.22,219,380.0,374.5,4.600000000000003,2211.21,2147.08,5.6911079301904035,8.0,3.0,1,0
5,Deli,2025-07-06,27,0,0,COUPON,405,2612.85,223,394.0,376.0,17.19999999999999,2467.22,2167.8675000000003,5.720475276728684,8.0,3.0,1,0
5,Deli,2025-07-13,28,0,0,COUPON,405,2461.47,207,405.0,394.75,2.899999999999991,2612.85,2435.2875,6.164277465280872,8.0,3.0,1,0
5,Deli,2025-07-20,29,0,0,MANAGER_SPECIAL,366,2323.69,200,405.0,396.0,8.600000000000033,2461.47,2438.1875,6.152534641206798,8.0,3.0,1,0
5,Deli,2025-07-27,30,0,0,MANAGER_SPECIAL,384,2437.24,220,366.0,392.5,-8.399999999999965,2323.69,2466.3075,6.285011165509358,8.0,3.0,1,0
5,Deli,2025-08-03,31,0,0,BUNDLE,396,2425.5,218,384.0,390.0,-10.200000000000003,2437.24,2458.8125,6.306261033318156,8.0,3.0,1,0
5,Deli,2025-08-10,32,0,0,COUPON,369,2367.11,215,396.0,387.75,-0.8999999999999383,2425.5,2411.975,6.2246406629477855,8.0,2.0,1,0
5,Deli,2025-08-17,33,0,0,MANAGER_SPECIAL,389,2387.5099999999998,204,369.0,378.75,2.0999999999999925,2367.11,2388.385,6.308947799352484,8.0,1.0,1,0
5,Deli,2025-08-24,34,0,0,COUPON,351,2156.84,206,389.0,384.5,-1.1999999999999613,2387.5099999999998,2404.3399999999997,6.256117314151534,8.0,0.0,1,1
5,Deli,2025-08-31,35,0,0,MANAGER_SPECIAL,427,2744.52,237,351.0,376.25,-11.499999999999996,2156.84,2334.24,6.2055833486956935,8.0,1.0,1,0
5,Deli,2025-09-07,36,0,0,COUPON,396,2326.5,213,427.0,384.0,13.600000000000007,2744.52,2413.995,6.281195175393585,8.0,1.0,1,1
5,Deli,2025-09-14,37,0,0,MANAGER_SPECIAL,352,2189.86,197,396.0,390.75,9.699999999999987,2326.5,2403.8424999999997,6.146212113062962,8.0,2.0,1,0
5,Deli,2025-09-21,38,0,0,MANAGER_SPECIAL,330,2141.34,171,352.0,381.5,-2.8000000000000047,2189.86,2354.43,6.167120948363267,8.0,2.0,1,0
5,Deli,2025-09-28,39,0,0,COUPON,376,2220.33,197,330.0,376.25,-33.50000000000003,2141.34,2350.555,6.2531373948797135,8.0,2.0,1,0
5,Deli,2025-10-05,40,0,0,NONE,368,2288.97,201,376.0,363.5,-8.19999999999998,2220.33,2219.5075,6.122558812862671,8.0,2.0,0,0
5,Deli,2025-10-12,41,0,0,BOGO,399,2406.55,218,368.0,356.5,9.399999999999993,2288.97,2210.125,6.2088156063409325,7.0,2.0,1,1
5,Deli,2025-10-19,42,0,0,COUPON,319,1966.36,182,399.0,368.25,19.9,2406.55,2264.2974999999997,6.16138071940769,7.0,3.0,1,1
5,Deli,2025-10-26,43,0,0,COUPON,353,2128.62,188,319.0,365.5,-14.000000000000005,1966.36,2220.5525,6.080187929439038,7.0,3.0,1,0
5,Frozen Foods,2024-12-29,52,0,1,MANAGER_SPECIAL,206,1417.26,104,,362.0,,,2220.6266666666666,6.138539579677583,6.0,3.0,1,0
5,Frozen Foods,2025-01-05,1,1,0,BUNDLE,326,2038.63,177,206.0,308.0,,1417.26,1930.0566666666666,6.358498159247021,6.0,2.0,1,1
5,Frozen Foods,2025-01-12,2,1,0,COUPON,356,2412.62,210,326.0,283.6666666666667,,2038.63,1807.4166666666667,6.432502367108188,6.0,3.0,1,0
5,Frozen Foods,2025-01-19,3,0,0,COUPON,346,2344.68,186,356.0,296.0,,2412.62,1956.17,6.636797214066731,6.0,3.0,1,0
5,Frozen Foods,2025-01-26,4,0,0,BOGO,339,2281.46,179,346.0,308.5,45.00000000000002,2344.68,2053.2975,6.671730858526927,6.0,3.0,1,0
5,Frozen Foods,2025-02-02,5,0,0,MANAGER_SPECIAL,323,1941.09,179,339.0,341.75,2.899999999999977,2281.46,2269.3475,6.6342477557403186,7.0,3.0,1,1
5,Frozen Foods,2025-02-09,6,0,0,COUPON,293,2016.77,167,323.0,341.0,-10.599999999999977,1941.09,2244.9625,6.573272832190013,7.0,3.0,1,0
5,Frozen Foods,2025-02-16,7,0,0,MANAGER_SPECIAL,333,2238.6,176,293.0,325.25,-17.499999999999993,2016.77,2146.0,6.599810729570847,7.0,2.0,1,0
5,Frozen Foods,2025-02-23,8,0,0,COUPON,337,1834.24,195,333.0,322.0,-4.799999999999965,2238.6,2119.4799999999996,6.586308412224599,8.0,2.0,1,1
5,Frozen Foods,2025-03-02,9,0,0,COUPON,245,1649.5,143,337.0,321.5,8.200000000000037,1834.24,2007.675,6.264527953027974,8.0,3.0,1,0
5,Frozen Foods,2025-03-09,10,0,0,MANAGER_SPECIAL,309,2076.21,176,245.0,302.0,-13.999999999999988,1649.5,1934.7775,6.445299577467225,8.0,2.0,1,0
5,Frozen Foods,2025-03-16,11,0,0,MANAGER_SPECIAL,359,2413.34,203,309.0,306.0,-16.400000000000013,2076.21,1949.6374999999998,6.40428761550692,8.0,2.0,1,0
5,Frozen Foods,2025-03-23,12,0,0,MANAGER_SPECIAL,275,1845.7,145,359.0,312.5,12.999999999999993,2413.34,1993.3225,6.404255870670162,8.0,2.0,1,0
5,Frozen Foods,2025-03-30,13,0,0,COUPON,339,2331.15,181,275.0,297.0,13.999999999999995,1845.7,1996.1875,6.721452795407146,8.0,2.0,1,0
5,Frozen Foods,2025-04-06,14,0,0,MANAGER_SPECIAL,297,1949.39,164,339.0,320.5,0.6000000000000068,2331.15,2166.6000000000004,6.757426698242616,8.0,1.0,1,0
5,Frozen Foods,2025-04-13,15,0,0,BUNDLE,354,2382.82,204,297.0,317.5,-12.199999999999983,1949.39,2134.895,6.718545818245232,8.0,1.0,1,0
5,Frozen Foods,2025-04-20,16,0,0,BUNDLE,287,1895.21,166,354.0,316.25,19.500000000000007,2382.82,2127.2650000000003,6.720729418327066,8.0,1.0,1,0
5,Frozen Foods,2025-04-27,17,0,0,MANAGER_SPECIAL,307,2117.73,170,287.0,319.25,-9.899999999999988,1895.21,2139.6425,6.693700118358741,8.0,0.0,1,0
5,Frozen Foods,2025-05-04,18,0,0,BUNDLE,282,1816.53,165,307.0,311.25,-3.6999999999999913,2117.73,2086.2875,6.6990987808360405,8.0,0.0,1,1
5,Frozen Foods,2025-05-11,19,0,0,COUPON,321,1564.73,177,282.0,307.5,-19.599999999999994,1816.53,2053.0724999999998,6.668597043605581,8.0,1.0,1,1
5,Frozen Foods,2025-05-18,20,0,0,BUNDLE,341,2325.79,207,321.0,299.25,7.700000000000006,1564.73,1848.55,6.204451629380964,8.0,2.0,1,0
5,Frozen Foods,2025-05-25,21,0,0,BUNDLE,312,2092.42,174,341.0,312.75,14.099999999999978,2325.79,1956.195,6.258696471871282,8.0,2.0,1,0
5,Frozen Foods,2025-06-01,22,0,0,COUPON,280,1639.74,167,312.0,314.0,11.000000000000012,2092.42,1949.8674999999998,6.21077923099598,8.0,2.0,1,1
5,Frozen Foods,2025-06-08,23,0,0,MANAGER_SPECIAL,320,2210.77,190,280.0,313.5,-15.20000000000001,1639.74,1905.6699999999998,6.064433866254339,8.0,3.0,1,0
5,Frozen Foods,2025-06-15,24,0,0,COUPON,423,2722.62,233,320.0,313.25,-9.500000000000004,2210.77,2067.1800000000003,6.572960857103249,8.0,3.0,1,1
5,Frozen Foods,2025-06-22,25,0,0,MANAGER_SPECIAL,290,1917.45,159,423.0,333.75,37.29999999999999,2722.62,2166.3875,6.476949698849468,8.0,4.0,1,0
5,Frozen Foods,2025-06-29,26,0,0,COUPON,334,1948.54,197,290.0,328.25,13.300000000000006,1917.45,2122.645,6.453305247036912,8.0,4.0,1,1
5,Frozen Foods,2025-07-06,27,0,0,COUPON,337,2261.69,200,334.0,341.75,-9.09999999999996,1948.54,2199.8450000000003,6.4477396995604375,8.0,4.0,1,0
5,Frozen Foods,2025-07-13,28,0,0,COUPON,290,1935.1,168,337.0,346.0,-21.400000000000023,2261.69,2212.575,6.398387209760735,8.0,3.0,1,0
5,Frozen Foods,2025-07-20,29,0,0,MANAGER_SPECIAL,335,2281.78,183,290.0,312.75,0.3000000000000045,1935.1,2015.6950000000002,6.457463389755843,8.0,3.0,1,0
5,Frozen Foods,2025-07-27,30,0,0,MANAGER_SPECIAL,404,2609.76,217,335.0,324.0,-4.399999999999979,2281.78,2106.7775,6.507310147347197,8.0,3.0,1,1
5,Frozen Foods,2025-08-03,31,0,0,BUNDLE,336,2230.58,189,404.0,341.5,24.599999999999987,2609.76,2272.0825000000004,6.663772618444606,8.0,3.0,1,0
5,Frozen Foods,2025-08-10,32,0,0,COUPON,352,2440.05,207,336.0,341.25,20.70000000000003,2230.58,2264.3050000000003,6.645618783839547,8.0,3.0,1,0
5,Frozen Foods,2025-08-17,33,0,0,MANAGER_SPECIAL,364,1974.84,192,352.0,356.75,-1.6999999999999718,2440.05,2390.5425,6.710419185485315,8.0,2.0,1,1
5,Frozen Foods,2025-08-24,34,0,0,COUPON,271,1778.49,152,364.0,364.0,-10.400000000000015,1974.84,2313.8075,6.363944443809081,8.0,3.0,1,0
5,Frozen Foods,2025-08-31,35,0,0,MANAGER_SPECIAL,375,2540.88,214,271.0,330.75,-18.299999999999986,1778.49,2105.99,6.3896673804938935,8.0,2.0,1,0
5,Frozen Foods,2025-09-07,36,0,0,COUPON,335,2292.94,186,375.0,340.5,-2.3999999999999613,2540.88,2183.565,6.423929642398655,8.0,2.0,1,0
5,Frozen Foods,2025-09-14,37,0,0,MANAGER_SPECIAL,331,2258.18,181,335.0,336.25,1.6999999999999926,2292.94,2146.7875,6.4020888393118165,8.0,2.0,1,0
5,Frozen Foods,2025-09-21,38,0,0,MANAGER_SPECIAL,302,1769.3,165,331.0,328.0,14.000000000000034,2258.18,2217.6225,6.7513167035925505,8.0,2.0,1,1
5,Frozen Foods,2025-09-28,39,0,0,COUPON,320,2190.93,187,302.0,335.75,-22.300000000000015,1769.3,2215.325,6.575295589739028,8.0,2.0,1,0
5,Frozen Foods,2025-10-05,40,0,0,NONE,335,2264.22,186,320.0,322.0,-7.399999999999997,2190.93,2127.8374999999996,6.593039652239028,8.0,2.0,0,0
5,Frozen Foods,2025-10-12,41,0,0,BOGO,345,2402.31,192,335.0,322.0,3.000000000000013,2264.22,2120.6575,6.571606816418132,7.0,2.0,1,0
5,Frozen Foods,2025-10-19,42,0,0,COUPON,347,2308.66,180,345.0,325.5,14.399999999999972,2402.31,2156.6899999999996,6.606837146117331,7.0,1.0,1,0
5,Frozen Foods,2025-10-26,43,0,0,COUPON,332,2213.87,177,347.0,336.75,9.10000000000002,2308.66,2291.5299999999997,6.805484540052099,7.0,1.0,1,0
5,Grains and Pasta,2024-12-29,52,0,1,MANAGER_SPECIAL,252,450.95,132,,342.3333333333333,,,2325.063333333333,6.791760636736132,6.0,1.0,1,1
5,Grains and Pasta,2025-01-05,1,1,0,BUNDLE,408,1061.17,221,252.0,314.6666666666667,,450.95,1720.6399999999996,5.135300121850244,6.0,2.0,1,0
5,Grains and Pasta,2025-01-12,2,1,0,COUPON,451,1144.97,241,408.0,335.6666666666667,,1061.17,1273.5933333333332,3.681196612330494,6.0,2.0,1,1
5,Grains and Pasta,2025-01-19,3,0,0,COUPON,432,1131.04,220,451.0,370.3333333333333,,1144.97,885.6966666666667,2.3097090438787027,6.0,2.0,1,0
5,Grains and Pasta,2025-01-26,4,0,0,BOGO,432,1144.26,238,432.0,385.75,58.30000000000004,1131.04,947.0325,2.386818819946064,6.0,2.0,1,0
5,Grains and Pasta,2025-02-02,5,0,0,MANAGER_SPECIAL,395,1039.28,214,432.0,430.75,5.299999999999972,1144.26,1120.3600000000001,2.601635288200032,7.0,2.0,1,0
5,Grains and Pasta,2025-02-09,6,0,0,COUPON,386,901.87,216,395.0,427.5,-16.79999999999998,1039.28,1114.8875,2.609180724412492,7.0,2.0,1,1
5,Grains and Pasta,2025-02-16,7,0,0,MANAGER_SPECIAL,427,1101.14,232,386.0,411.25,-17.499999999999975,901.87,1054.1125,2.5586093832362913,7.0,3.0,1,1
5,Grains and Pasta,2025-02-23,8,0,0,COUPON,439,1118.65,239,427.0,410.0,-2.399999999999974,1101.14,1046.6375,2.548767896550543,8.0,4.0,1,0
5,Grains and Pasta,2025-03-02,9,0,0,COUPON,358,934.24,203,439.0,411.75,17.300000000000015,1118.65,1040.2350000000001,2.523624815684939,8.0,3.0,1,0
5,Grains and Pasta,2025-03-09,10,0,0,MANAGER_SPECIAL,402,843.78,209,358.0,402.5,-7.199999999999953,934.24,1013.9750000000001,2.518254898423076,8.0,3.0,1,1
5,Grains and Pasta,2025-03-16,11,0,0,MANAGER_SPECIAL,519,1373.06,289,402.0,406.5,-15.59999999999997,843.78,999.4525000000001,2.4588810100927074,8.0,3.0,1,0
5,Grains and Pasta,2025-03-23,12,0,0,MANAGER_SPECIAL,363,957.73,199,519.0,429.5,28.399999999999956,1373.06,1067.4325,2.4755823768897818,8.0,3.0,1,0
5,Grains and Pasta,2025-03-30,13,0,0,COUPON,397,1018.66,203,363.0,410.5,13.20000000000003,957.73,1027.2024999999999,2.498131621667231,8.0,3.0,1,0
5,Grains and Pasta,2025-04-06,14,0,0,MANAGER_SPECIAL,400,1063.34,214,397.0,420.25,-17.09999999999994,1018.66,1048.3075000000001,2.487202938667639,8.0,3.0,1,0
5,Grains and Pasta,2025-04-13,15,0,0,BUNDLE,382,829.37,215,400.0,419.75,-32.300000000000004,1063.34,1103.1975,2.6270516326974898,8.0,2.0,1,1
5,Grains and Pasta,2025-04-20,16,0,0,BUNDLE,439,1134.14,238,382.0,385.5,5.9999999999999964,829.37,967.275,2.508436129161693,8.0,2.0,1,0
5,Grains and Pasta,2025-04-27,17,0,0,MANAGER_SPECIAL,372,958.39,204,439.0,404.5,10.799999999999976,1134.14,1011.3775,2.4947080688944943,8.0,2.0,1,0
5,Grains and Pasta,2025-05-04,18,0,0,BUNDLE,439,1197.02,242,372.0,398.25,-2.7000000000000153,958.39,996.3100000000001,2.4973138183324832,8.0,2.0,1,0
5,Grains and Pasta,2025-05-11,19,0,0,COUPON,426,1114.79,238,439.0,408.0,10.400000000000038,1197.02,1029.73,2.5144005780135767,8.0,1.0,1,0
5,Grains and Pasta,2025-05-18,20,0,0,BUNDLE,466,1184.03,252,426.0,419.0,2.8000000000000487,1114.79,1101.085,2.6258386479690863,8.0,1.0,1,1
5,Grains and Pasta,2025-05-25,21,0,0,BUNDLE,395,1027.99,212,466.0,425.75,26.900000000000006,1184.03,1113.5575,2.615182271792251,8.0,2.0,1,0
5,Grains and Pasta,2025-06-01,22,0,0,COUPON,396,1012.03,225,395.0,431.5,-9.199999999999998,1027.99,1130.9575,2.621729552995463,8.0,2.0,1,1
5,Grains and Pasta,2025-06-08,23,0,0,MANAGER_SPECIAL,405,1076.64,221,396.0,420.75,-16.100000000000023,1012.03,1084.71,2.5789631215971975,8.0,3.0,1,0
5,Grains and Pasta,2025-06-15,24,0,0,COUPON,421,1079.99,237,405.0,415.5,-18.2,1076.64,1075.1725000000001,2.5893362306217154,8.0,2.0,1,0
5,Grains and Pasta,2025-06-22,25,0,0,COUPON,389,749.98,220,421.0,404.25,8.699999999999998,1079.99,1049.1625000000001,2.5954512311824076,8.0,2.0,1,1
5,Grains and Pasta,2025-06-29,26,0,0,BUNDLE,372,977.99,208,389.0,402.75,-0.4999999999999696,749.98,979.6600000000001,2.4268169368216643,8.0,3.0,1,0
5,Grains and Pasta,2025-07-06,27,0,0,COUPON,417,1111.97,237,372.0,396.75,-13.099999999999964,977.99,971.1500000000001,2.445160452624858,8.0,3.0,1,0
5,Grains and Pasta,2025-07-13,28,0,0,COUPON,374,955.87,213,417.0,399.75,-2.899999999999953,1111.97,979.9825000000001,2.447216541087421,8.0,3.0,1,0
5,Grains and Pasta,2025-07-20,29,0,0,MANAGER_SPECIAL,417,1100.97,227,374.0,388.0,-9.657585592286909e-15,955.87,948.9525000000001,2.4448428478182755,8.0,2.0,1,0
5,Grains and Pasta,2025-07-27,30,0,0,MANAGER_SPECIAL,415,1092.51,240,417.0,395.0,9.200000000000024,1100.97,1036.6999999999998,2.62290451673507,8.0,2.0,1,0
5,Grains and Pasta,2025-08-03,31,0,0,BUNDLE,402,1043.08,213,415.0,405.75,3.6999999999999944,1092.51,1065.33,2.623791726865916,8.0,1.0,1,0
5,Grains and Pasta,2025-08-10,32,0,0,COUPON,465,1225.2,244,402.0,402.0,8.20000000000001,1043.08,1048.1074999999998,2.6058246378505614,8.0,1.0,1,0
5,Grains and Pasta,2025-08-17,33,0,0,MANAGER_SPECIAL,416,1131.36,223,465.0,424.75,13.100000000000026,1225.2,1115.44,2.6255837805105577,8.0,1.0,1,0
5,Grains and Pasta,2025-08-24,34,0,0,COUPON,368,965.54,200,416.0,424.5,6.600000000000042,1131.36,1123.0375,2.6454336698298717,8.0,0.0,1,0
5,Grains and Pasta,2025-08-31,35,0,0,MANAGER_SPECIAL,421,1066.9,222,368.0,412.75,-15.099999999999977,965.54,1091.2949999999998,2.643232615613004,8.0,0.0,1,0
5,Grains and Pasta,2025-09-07,36,0,0,COUPON,438,1113.53,235,421.0,417.5,-17.999999999999996,1066.9,1097.25,2.6281020924568135,8.0,0.0,1,0
5,Grains and Pasta,2025-09-14,37,0,0,MANAGER_SPECIAL,413,1084.46,226,438.0,410.75,11.899999999999967,1113.53,1069.3325,2.6049688990557236,8.0,0.0,1,0
5,Grains and Pasta,2025-09-21,38,0,0,MANAGER_SPECIAL,361,959.38,207,413.0,410.0,15.200000000000008,1084.46,1057.6075,2.5815178374055097,8.0,0.0,1,0
5,Grains and Pasta,2025-09-28,39,0,0,COUPON,437,776.01,235,361.0,408.25,-20.500000000000032,959.38,1056.0675,2.589970919122961,8.0,0.0,1,1
5,Grains and Pasta,2025-10-05,40,0,0,NONE,416,1092.9,222,437.0,412.25,-5.499999999999966,776.01,983.3449999999999,2.4003614978366046,8.0,1.0,0,0
5,Grains and Pasta,2025-10-12,41,0,0,BOGO,421,1077.89,223,416.0,406.75,8.500000000000018,1092.9,978.1875,2.421575879202955,7.0,1.0,1,0
5,Grains and Pasta,2025-10-19,42,0,0,COUPON,390,1024.27,219,421.0,408.75,15.900000000000016,1077.89,976.5450000000001,2.405200291848967,7.0,1.0,1,0
5,Grains and Pasta,2025-10-26,43,0,0,COUPON,360,876.73,199,390.0,416.0,-13.600000000000007,1024.27,992.7674999999999,2.3973930434648487,7.0,1.0,1,1
5,Meat and Seafood,2024-12-29,52,0,1,MANAGER_SPECIAL,232,2118.92,123,,409.0,,,1065.02,2.604601861156793,6.0,1.0,1,0
5,Meat and Seafood,2025-01-05,1,1,0,BUNDLE,343,3092.12,187,232.0,347.6666666666667,,2118.92,1407.0266666666666,4.773305994666962,6.0,1.0,1,0
5,Meat and Seafood,2025-01-12,2,1,0,COUPON,383,3501.12,206,343.0,321.6666666666667,,3092.12,2078.4366666666665,6.924845436368311,6.0,1.0,1,1
5,Meat and Seafood,2025-01-19,3,0,0,COUPON,377,3593.29,209,383.0,319.3333333333333,,3501.12,2904.0533333333333,9.096502819600106,6.0,2.0,1,0
5,Meat and Seafood,2025-01-26,4,0,0,BOGO,335,3125.05,184,377.0,333.75,47.49999999999999,3593.29,3076.3625,9.20519541708735,6.0,1.0,1,0
5,Meat and Seafood,2025-02-02,5,0,0,MANAGER_SPECIAL,370,3467.06,200,335.0,359.5,-3.0000000000000058,3125.05,3327.895,9.254003317241748,7.0,1.0,1,0
5,Meat and Seafood,2025-02-09,6,0,0,COUPON,349,3235.06,182,370.0,366.25,-8.099999999999957,3467.06,3421.6299999999997,9.3428796469242,7.0,1.0,1,0
5,Meat and Seafood,2025-02-16,7,0,0,MANAGER_SPECIAL,317,2976.88,182,349.0,357.75,-4.899999999999972,3235.06,3355.115,9.374931499662724,7.0,1.0,1,1
5,Meat and Seafood,2025-02-23,8,0,0,COUPON,358,3348.88,195,317.0,342.75,-7.500000000000011,2976.88,3201.0125,9.339810358158736,8.0,2.0,1,0
5,Meat and Seafood,2025-03-02,9,0,0,COUPON,325,2877.77,176,358.0,348.5,-6.799999999999993,3348.88,3256.9700000000003,9.346286844442401,8.0,2.0,1,1
5,Meat and Seafood,2025-03-09,10,0,0,MANAGER_SPECIAL,367,3532.45,197,325.0,337.25,-3.100000000000034,2877.77,3109.6475,9.217347967103525,8.0,3.0,1,0
5,Meat and Seafood,2025-03-16,11,0,0,MANAGER_SPECIAL,375,3415.87,206,367.0,341.75,11.7,3532.45,3183.995,9.306270833526078,8.0,2.0,1,0
5,Meat and Seafood,2025-03-23,12,0,0,COUPON,318,2966.35,169,375.0,356.25,9.299999999999985,3415.87,3293.7425,9.235820339309463,8.0,2.0,1,0
5,Meat and Seafood,2025-03-30,13,0,0,COUPON,325,3087.4,187,318.0,346.25,-1.2999999999999687,2966.35,3198.11,9.229253150876168,8.0,2.0,1,0
5,Meat and Seafood,2025-04-06,14,0,0,MANAGER_SPECIAL,320,3062.28,174,325.0,346.25,-18.3,3087.4,3250.5175,9.390506997030016,8.0,2.0,1,0
5,Meat and Seafood,2025-04-13,15,0,0,BUNDLE,361,3345.46,207,320.0,334.5,-15.800000000000006,3062.28,3132.975,9.376612157111758,8.0,2.0,1,0
5,Meat and Seafood,2025-04-20,16,0,0,BUNDLE,390,3743.02,224,361.0,331.0,12.399999999999974,3345.46,3115.3725000000004,9.416166044461711,8.0,1.0,1,0
5,Meat and Seafood,2025-04-27,17,0,0,COUPON,292,2560.28,165,390.0,349.0,23.600000000000026,3743.02,3309.54,9.483501675811494,8.0,1.0,1,0
5,Meat and Seafood,2025-05-04,18,0,0,BUNDLE,392,3695.11,221,292.0,340.75,-5.499999999999994,2560.28,3177.76,9.300599146833623,8.0,0.0,1,0
5,Meat and Seafood,2025-05-11,19,0,0,COUPON,404,3843.86,231,392.0,358.75,-0.49999999999995165,3695.11,3335.9675,9.264768151935664,8.0,0.0,1,0
5,Meat and Seafood,2025-05-18,20,0,0,BUNDLE,400,3813.45,218,404.0,369.5,14.2,3843.86,3460.5675,9.326593835542806,8.0,0.0,1,0
5,Meat and Seafood,2025-05-25,21,0,0,BUNDLE,372,3541.46,200,400.0,372.0,33.59999999999997,3813.45,3478.175,9.31062829067101,8.0,0.0,1,0
5,Meat and Seafood,2025-06-01,22,0,0,COUPON,325,2821.72,188,372.0,392.0,-6.399999999999961,3541.46,3723.4700000000003,9.498621183586021,8.0,0.0,1,1
5,Meat and Seafood,2025-06-08,23,0,0,MANAGER_SPECIAL,349,3193.22,202,325.0,375.25,-26.499999999999964,2821.72,3505.1225,9.312599774637826,8.0,1.0,1,0
5,Meat and Seafood,2025-06-15,24,0,0,MANAGER_SPECIAL,355,2624.08,192,349.0,361.5,-20.00000000000002,3193.22,3342.4625,9.221380413804894,8.0,1.0,1,1
5,Meat and Seafood,2025-06-22,25,0,0,MANAGER_SPECIAL,360,3374.54,197,355.0,350.25,-2.6999999999999758,2624.08,3045.12,8.685917825776725,8.0,2.0,1,0
5,Meat and Seafood,2025-06-29,26,0,0,BUNDLE,347,3256.14,197,360.0,347.25,11.100000000000005,3374.54,3003.3900000000003,8.649334940472066,8.0,2.0,1,0
5,Meat and Seafood,2025-07-06,27,0,0,COUPON,356,3321.14,198,347.0,352.75,-0.09999999999999992,3256.14,3111.995,8.824703284519948,8.0,2.0,1,0
5,Meat and Seafood,2025-07-13,28,0,0,COUPON,358,3281.59,207,356.0,354.5,-0.999999999999985,3321.14,3143.975,8.869557643684175,8.0,2.0,1,0
5,Meat and Seafood,2025-07-20,29,0,0,MANAGER_SPECIAL,321,2926.28,184,358.0,355.25,0.3000000000000181,3281.59,3308.3525,9.313227110203965,8.0,2.0,1,1
5,Meat and Seafood,2025-07-27,30,0,0,MANAGER_SPECIAL,404,3807.94,227,321.0,345.5,-7.599999999999981,2926.28,3196.2875,9.248830822561182,8.0,3.0,1,0
5,Meat and Seafood,2025-08-03,31,0,0,BUNDLE,353,3317.77,194,404.0,359.75,10.700000000000006,3807.94,3334.2375,9.259307147210937,8.0,2.0,1,0
5,Meat and Seafood,2025-08-10,32,0,0,COUPON,421,3992.96,234,353.0,359.0,6.800000000000027,3317.77,3333.395,9.276741378677977,8.0,2.0,1,0
5,Meat and Seafood,2025-08-17,33,0,0,MANAGER_SPECIAL,329,3144.06,182,421.0,374.75,24.900000000000016,3992.96,3511.2375,9.35624463973505,8.0,1.0,1,0
5,Meat and Seafood,2025-08-24,34,0,0,COUPON,347,3278.23,185,329.0,376.75,-15.69999999999998,3144.06,3565.6825,9.466313715287324,8.0,1.0,1,0
5,Meat and Seafood,2025-08-31,35,0,0,MANAGER_SPECIAL,363,3376.4,210,347.0,362.5,-11.0,3278.23,3433.255,9.471752376228345,8.0,1.0,1,0
5,Meat and Seafood,2025-09-07,36,0,0,COUPON,332,3026.57,185,363.0,365.0,-15.599999999999977,3376.4,3447.9125000000004,9.447401261423328,8.0,1.0,1,1
5,Meat and Seafood,2025-09-14,37,0,0,MANAGER_SPECIAL,323,2844.82,186,332.0,342.75,2.5000000000000293,3026.57,3206.315,9.35532854657343,8.0,2.0,1,1
5,Meat and Seafood,2025-09-21,38,0,0,MANAGER_SPECIAL,346,3378.28,190,323.0,341.25,-10.29999999999998,2844.82,3131.505,9.168098268123865,8.0,2.0,1,0
5,Meat and Seafood,2025-09-28,39,0,0,COUPON,328,3100.28,183,346.0,341.0,-6.000000000000005,3378.28,3156.5175000000004,9.247214849556793,8.0,2.0,1,0
5,Meat and Seafood,2025-10-05,40,0,0,NONE,361,3387.41,204,328.0,332.25,1.1000000000000152,3100.28,3087.4875,9.28488878962264,8.0,2.0,0,0
5,Meat and Seafood,2025-10-12,41,0,0,BUNDLE,399,3753.89,204,361.0,339.5,9.600000000000005,3387.41,3177.6975,9.35169691547786,7.0,2.0,1,0
5,Meat and Seafood,2025-10-19,42,0,0,COUPON,358,3406.4,195,399.0,358.5,19.200000000000014,3753.89,3404.965,9.501885253971151,7.0,2.0,1,0
5,Meat and Seafood,2025-10-26,43,0,0,COUPON,270,2409.18,159,358.0,361.5,12.799999999999997,3406.4,3411.995,9.439702446466388,7.0,2.0,1,1
5,Pet Food,2024-12-29,52,0,1,MANAGER_SPECIAL,176,1361.52,108,,372.6666666666667,,,3515.9,9.43557887171128,6.0,2.0,1,0
5,Pet Food,2025-01-05,1,1,0,BUNDLE,273,2086.97,159,176.0,311.0,,1361.52,2840.603333333333,8.886412834608956,6.0,1.0,1,0
5,Pet Food,2025-01-12,2,1,0,COUPON,344,2624.21,196,273.0,269.0,,2086.97,2284.9633333333336,8.298523881456846,6.0,0.0,1,0
5,Pet Food,2025-01-19,3,0,0,BOGO,292,2084.75,166,344.0,264.3333333333333,,2624.21,2024.2333333333333,7.669668429116107,6.0,0.0,1,1
5,Pet Food,2025-01-26,4,0,0,BOGO,315,2417.7,178,292.0,271.25,41.90000000000003,2084.75,2039.3625,7.537140020467217,6.0,1.0,1,0
5,Pet Food,2025-02-02,5,0,0,MANAGER_SPECIAL,292,2203.33,173,315.0,306.0,7.400000000000034,2417.7,2303.4075000000003,7.521972271549468,7.0,1.0,1,0
5,Pet Food,2025-02-09,6,0,0,COUPON,286,2053.52,154,292.0,310.75,-13.299999999999999,2203.33,2332.4975,7.497240254137656,7.0,1.0,1,0
5,Pet Food,2025-02-16,7,0,0,MANAGER_SPECIAL,326,2450.58,179,286.0,296.25,-4.09999999999999,2053.52,2189.825,7.385145858707505,7.0,1.0,1,0
5,Pet Food,2025-02-23,8,0,0,COUPON,341,2522.81,187,326.0,304.75,2.7000000000000015,2450.58,2281.2825,7.479536301181662,8.0,1.0,1,0
5,Pet Food,2025-03-02,9,0,0,COUPON,321,2347.69,174,341.0,311.25,18.700000000000003,2522.81,2307.56,7.410294226052491,8.0,1.0,1,0
5,Pet Food,2025-03-09,10,0,0,MANAGER_SPECIAL,294,2195.65,157,321.0,318.5,12.000000000000018,2347.69,2343.65,7.352300557934878,8.0,1.0,1,0
5,Pet Food,2025-03-16,11,0,0,MANAGER_SPECIAL,351,1982.86,203,294.0,320.5,-11.59999999999998,2195.65,2379.1825,7.424314912627804,8.0,1.0,1,1
5,Pet Food,2025-03-23,12,0,0,MANAGER_SPECIAL,267,1977.1,148,351.0,326.75,0.30000000000000654,1982.86,2262.2525,6.957329218816958,8.0,1.0,1,0
5,Pet Food,2025-03-30,13,0,0,COUPON,240,1240.46,137,267.0,308.25,-10.499999999999996,1977.1,2125.825,6.958978998601025,8.0,1.0,1,1
5,Pet Food,2025-04-06,14,0,0,MANAGER_SPECIAL,302,2333.08,161,240.0,288.0,-24.599999999999973,1240.46,1849.0175,6.422705828819094,8.0,2.0,1,0
5,Pet Food,2025-04-13,15,0,0,BUNDLE,331,2480.26,176,302.0,290.0,-17.399999999999974,2333.08,1883.375,6.487014124985243,8.0,2.0,1,0
5,Pet Food,2025-04-20,16,0,0,BUNDLE,312,2337.15,164,331.0,285.0,25.399999999999995,2480.26,2007.7250000000001,6.948028834791494,8.0,2.0,1,0
5,Pet Food,2025-04-27,17,0,0,MANAGER_SPECIAL,278,2109.43,154,312.0,296.25,24.500000000000032,2337.15,2097.7375,6.96952795248092,8.0,2.0,1,0
5,Pet Food,2025-05-04,18,0,0,BUNDLE,346,2612.69,183,278.0,305.75,-9.099999999999989,2109.43,2314.98,7.574351543608018,8.0,2.0,1,0
5,Pet Food,2025-05-11,19,0,0,COUPON,353,2569.58,194,346.0,316.75,1.1000000000000099,2612.69,2384.8825,7.530775719621493,8.0,2.0,1,0
5,Pet Food,2025-05-18,20,0,0,BUNDLE,318,2477.78,175,353.0,322.25,19.10000000000002,2569.58,2407.2125,7.477283426544457,8.0,1.0,1,0
5,Pet Food,2025-05-25,21,0,0,BUNDLE,313,2326.02,172,318.0,323.75,12.700000000000003,2477.78,2442.37,7.552507331962939,8.0,1.0,1,0
5,Pet Food,2025-06-01,22,0,0,COUPON,288,2121.93,166,313.0,332.5,-13.400000000000011,2326.02,2496.5175,7.513381357981741,8.0,0.0,1,0
5,Pet Food,2025-06-08,23,0,0,MANAGER_SPECIAL,305,2365.44,170,288.0,318.0,-19.999999999999986,2121.93,2373.8275,7.467552691074227,8.0,0.0,1,0
5,Pet Food,2025-06-15,24,0,0,COUPON,300,2275.51,171,305.0,306.0,-6.400000000000008,2365.44,2322.7925,7.586622072953203,8.0,0.0,1,0
5,Pet Food,2025-06-22,25,0,0,MANAGER_SPECIAL,273,1972.31,152,300.0,301.5,-2.2000000000000175,2275.51,2272.225,7.534940154714208,8.0,0.0,1,0
5,Pet Food,2025-06-29,26,0,0,BUNDLE,326,2471.0,179,273.0,291.5,-4.999999999999994,1972.31,2183.7974999999997,7.4832413928796635,8.0,0.0,1,0
5,Pet Food,2025-07-06,27,0,0,COUPON,316,2404.19,181,326.0,301.0,3.6000000000000063,2471.0,2271.065,7.536226918186413,8.0,0.0,1,0
5,Pet Food,2025-07-13,28,0,0,COUPON,318,2438.57,191,316.0,303.75,10.099999999999987,2404.19,2280.7525,7.499390722917685,8.0,0.0,1,0
5,Pet Food,2025-07-20,29,0,0,MANAGER_SPECIAL,275,2085.94,163,318.0,308.25,12.499999999999996,2438.57,2321.5175,7.520247169458566,8.0,0.0,1,0
5,Pet Food,2025-07-27,30,0,0,MANAGER_SPECIAL,328,2512.31,191,275.0,308.75,-15.100000000000025,2085.94,2349.925,7.610411571722968,8.0,0.0,1,0
5,Pet Food,2025-08-03,31,0,0,BOGO,309,2361.28,169,328.0,309.25,-0.6999999999999974,2512.31,2360.2525,7.630343348245487,8.0,0.0,1,0
5,Pet Food,2025-08-10,32,0,0,COUPON,346,2304.45,196,309.0,307.5,2.6000000000000107,2361.28,2349.525,7.6387150095866865,8.0,0.0,1,1
5,Pet Food,2025-08-17,33,0,0,MANAGER_SPECIAL,313,2300.98,186,346.0,314.5,19.40000000000001,2304.45,2315.995,7.386665258614205,8.0,1.0,1,0
5,Pet Food,2025-08-24,34,0,0,COUPON,257,1932.57,144,313.0,324.0,-0.799999999999999,2300.98,2369.755,7.328199618184348,8.0,1.0,1,0
5,Pet Food,2025-08-31,35,0,0,MANAGER_SPECIAL,353,2661.78,205,257.0,306.25,-18.89999999999998,1932.57,2224.82,7.293261097969865,8.0,1.0,1,0
5,Pet Food,2025-09-07,36,0,0,COUPON,315,2402.75,172,353.0,317.25,-3.500000000000002,2661.78,2299.9449999999997,7.267953700443348,8.0,1.0,1,0
5,Pet Food,2025-09-14,37,0,0,MANAGER_SPECIAL,308,2334.3,175,315.0,309.5,10.199999999999998,2402.75,2324.5200000000004,7.5098331159860585,8.0,1.0,1,0
5,Pet Food,2025-09-21,38,0,0,MANAGER_SPECIAL,263,1889.83,141,308.0,308.25,11.500000000000016,2334.3,2332.8500000000004,7.566713691480851,8.0,1.0,1,1
5,Pet Food,2025-09-28,39,0,0,COUPON,284,2121.46,158,263.0,309.75,-27.70000000000002,1889.83,2322.165,7.483198134675952,8.0,2.0,1,0
5,Pet Food,2025-10-05,40,0,0,COUPON,347,1906.73,187,284.0,292.5,-13.799999999999974,2121.46,2187.085,7.465567214594557,8.0,2.0,1,1
5,Pet Food,2025-10-12,41,0,0,BOGO,327,2467.8,174,347.0,300.5,13.799999999999992,1906.73,2063.08,6.932347554011783,8.0,2.0,1,0
5,Pet Food,2025-10-19,42,0,0,COUPON,291,2181.47,163,327.0,305.25,25.5,2467.8,2096.455,6.92432077574418,8.0,2.0,1,0
5,Pet Food,2025-10-26,43,0,0,COUPON,294,2273.58,174,291.0,312.25,0.1000000000000426,2181.47,2169.365,7.002019546209207,8.0,2.0,1,0
5,Prepared Meals,2024-12-29,52,0,1,MANAGER_SPECIAL,250,1947.76,146,,321.6666666666667,,,2185.333333333333,6.846049535790681,7.0,2.0,1,0
5,Prepared Meals,2025-01-05,1,1,0,BUNDLE,416,3172.13,224,250.0,289.3333333333333,,1947.76,2199.0099999999998,7.611429823975119,7.0,2.0,1,1
5,Prepared Meals,2025-01-12,2,1,0,COUPON,434,3393.5,247,416.0,319.0,,3172.13,2433.7866666666664,7.637604327033222,7.0,3.0,1,1
5,Prepared Meals,2025-01-19,3,0,0,COUPON,437,3554.04,249,434.0,366.6666666666667,,3393.5,2837.7966666666666,7.745158974654381,7.0,3.0,1,0
5,Prepared Meals,2025-01-26,4,0,0,BOGO,452,3712.55,248,437.0,384.25,57.90000000000001,3554.04,3016.8575,7.842072892318017,7.0,3.0,1,0
5,Prepared Meals,2025-02-02,5,0,0,MANAGER_SPECIAL,392,3156.2599999999998,216,452.0,434.75,11.10000000000002,3712.55,3458.0550000000003,7.947714440990584,7.0,2.0,1,0
5,Prepared Meals,2025-02-09,6,0,0,COUPON,409,3326.14,214,392.0,428.75,-11.099999999999987,3156.2599999999998,3454.0874999999996,8.05430723435793,7.0,2.0,1,0
5,Prepared Meals,2025-02-16,7,0,0,MANAGER_SPECIAL,456,3574.23,242,409.0,422.5,-14.399999999999991,3326.14,3437.2474999999995,8.132619037902598,7.0,2.0,1,0
5,Prepared Meals,2025-02-23,8,0,0,COUPON,456,3678.44,253,456.0,427.25,2.9000000000000266,3574.23,3442.295,8.058971297628,8.0,2.0,1,0
5,Prepared Meals,2025-03-02,9,0,0,COUPON,472,3207.11,245,456.0,428.25,23.900000000000045,3678.44,3433.7675,8.022258345446662,8.0,2.0,1,1
5,Prepared Meals,2025-03-09,10,0,0,MANAGER_SPECIAL,405,3340.16,239,472.0,448.25,18.90000000000001,3207.11,3446.48,7.708018571147111,8.0,2.0,1,0
5,Prepared Meals,2025-03-16,11,0,0,COUPON,519,4124.79,268,405.0,447.25,-13.700000000000022,3340.16,3449.9849999999997,7.736752822105487,8.0,1.0,1,0
5,Prepared Meals,2025-03-23,12,0,0,MANAGER_SPECIAL,389,3114.46,215,519.0,463.0,12.200000000000001,4124.79,3587.625,7.7640899646366694,8.0,1.0,1,0
5,Prepared Meals,2025-03-30,13,0,0,COUPON,388,2238.76,223,389.0,446.25,-13.499999999999963,3114.46,3446.63,7.748982345009194,8.0,1.0,1,1
5,Prepared Meals,2025-04-06,14,0,0,MANAGER_SPECIAL,408,3316.08,223,388.0,425.25,-18.100000000000023,2238.76,3204.5425000000005,7.492801200941398,8.0,2.0,1,0
5,Prepared Meals,2025-04-13,15,0,0,BUNDLE,375,3070.86,207,408.0,426.0,-33.40000000000008,3316.08,3198.5225,7.462885805153453,8.0,2.0,1,0
5,Prepared Meals,2025-04-20,16,0,0,BUNDLE,454,3605.53,238,375.0,390.0,-2.1999999999999957,3070.86,2935.04,7.523232741569638,8.0,2.0,1,1
5,Prepared Meals,2025-04-27,17,0,0,MANAGER_SPECIAL,360,2862.2599999999998,199,454.0,406.25,16.50000000000001,3605.53,3057.8075000000003,7.507075773516458,8.0,3.0,1,0
5,Prepared Meals,2025-05-04,18,0,0,BUNDLE,454,3562.66,248,360.0,399.25,-6.500000000000016,2862.2599999999998,3213.6825000000003,8.052256329072014,8.0,2.0,1,0
5,Prepared Meals,2025-05-11,19,0,0,COUPON,451,3441.97,249,454.0,410.75,14.29999999999999,3562.66,3275.3275000000003,7.982161744982871,8.0,2.0,1,1
5,Prepared Meals,2025-05-18,20,0,0,MANAGER_SPECIAL,434,3158.31,228,451.0,429.75,8.499999999999993,3441.97,3368.105,7.842887376911918,8.0,3.0,1,1
5,Prepared Meals,2025-05-25,21,0,0,BUNDLE,419,3115.28,220,434.0,424.75,21.900000000000016,3158.31,3256.2999999999997,7.67676636349305,8.0,4.0,1,1
5,Prepared Meals,2025-06-01,22,0,0,COUPON,429,3438.77,236,419.0,439.5,-12.199999999999978,3115.28,3319.555,7.547844757818163,8.0,4.0,1,0
5,Prepared Meals,2025-06-08,23,0,0,MANAGER_SPECIAL,418,3357.2,230,429.0,433.25,-8.099999999999964,3438.77,3288.5825,7.589972798646644,8.0,4.0,1,0
5,Prepared Meals,2025-06-15,24,0,0,COUPON,440,3592.14,249,418.0,425.0,-3.7999999999999834,3357.2,3267.39,7.6899019035597025,8.0,4.0,1,0
5,Prepared Meals,2025-06-22,25,0,0,MANAGER_SPECIAL,398,3215.18,214,440.0,426.5,5.2000000000000455,3592.14,3375.8475,7.911587544531633,8.0,3.0,1,0
5,Prepared Meals,2025-06-29,26,0,0,BUNDLE,430,3408.03,232,398.0,421.25,-7.099999999999966,3215.18,3400.8224999999998,8.072414021786644,8.0,3.0,1,0
5,Prepared Meals,2025-07-06,27,0,0,COUPON,398,3200.49,221,430.0,421.5,-0.6000000000000298,3408.03,3393.1375,8.049881591039096,8.0,3.0,1,0
5,Prepared Meals,2025-07-13,28,0,0,COUPON,412,2669.14,235,398.0,416.5,-9.400000000000027,3200.49,3353.96,8.052344894397997,8.0,2.0,1,1
5,Prepared Meals,2025-07-20,29,0,0,MANAGER_SPECIAL,407,3308.47,231,412.0,409.5,1.000000000000018,2669.14,3123.21,7.630980044442127,8.0,2.0,1,0
5,Prepared Meals,2025-07-27,30,0,0,MANAGER_SPECIAL,452,3626.45,252,407.0,411.75,-5.5000000000000195,3308.47,3146.5325000000003,7.643624347036178,8.0,1.0,1,0
5,Prepared Meals,2025-08-03,31,0,0,BUNDLE,411,3234.94,222,452.0,417.25,15.699999999999987,3626.45,3201.1375,7.667991423595142,8.0,1.0,1,0
5,Prepared Meals,2025-08-10,32,0,0,COUPON,446,3038.58,239,411.0,420.5,4.199999999999974,3234.94,3209.75,7.625358444221387,8.0,1.0,1,1
5,Prepared Meals,2025-08-17,33,0,0,MANAGER_SPECIAL,374,3026.32,207,446.0,429.0,7.6000000000000245,3038.58,3302.11,7.7089745681275215,8.0,2.0,1,0
5,Prepared Meals,2025-08-24,34,0,0,COUPON,442,3544.0,238,374.0,420.75,-19.899999999999984,3026.32,3231.5725,7.69968601486838,8.0,2.0,1,0
5,Prepared Meals,2025-08-31,35,0,0,MANAGER_SPECIAL,446,3580.23,247,442.0,418.25,2.1000000000000516,3544.0,3210.96,7.6984310344895714,8.0,2.0,1,1
5,Prepared Meals,2025-09-07,36,0,0,COUPON,385,3081.43,228,446.0,427.0,6.799999999999998,3580.23,3297.2825,7.737561354828239,8.0,3.0,1,0
5,Prepared Meals,2025-09-14,37,0,0,MANAGER_SPECIAL,405,3191.09,207,385.0,411.75,3.7000000000000437,3081.43,3307.995,8.03525001594291,8.0,2.0,1,0
5,Prepared Meals,2025-09-21,38,0,0,MANAGER_SPECIAL,399,3257.41,204,405.0,419.5,-17.19999999999999,3191.09,3349.1875,7.98211748144763,8.0,2.0,1,0
5,Prepared Meals,2025-09-28,39,0,0,COUPON,466,3743.79,256,399.0,408.75,-12.100000000000028,3257.41,3277.54,8.018576303842984,8.0,2.0,1,0
5,Prepared Meals,2025-10-05,40,0,0,BUNDLE,494,3904.19,265,466.0,413.75,23.700000000000017,3743.79,3318.4300000000003,8.020191952719983,8.0,2.0,1,0
5,Prepared Meals,2025-10-12,41,0,0,BOGO,451,3626.73,240,494.0,441.0,33.39999999999998,3904.19,3524.12,7.995068037161858,8.0,1.0,1,0
5,Prepared Meals,2025-10-19,42,0,0,BUNDLE,390,2975.02,197,451.0,452.5,18.400000000000052,3626.73,3633.0299999999997,8.035641878556838,8.0,1.0,1,1
5,Prepared Meals,2025-10-26,43,0,0,COUPON,360,2919.66,199,390.0,450.25,-27.099999999999962,2975.02,3562.4325,7.901722271847758,8.0,2.0,1,0
5,Snacks/Cookies/Chips,2024-12-29,52,0,1,MANAGER_SPECIAL,204,643.19,111,,445.0,,,3501.9799999999996,7.857668322406453,7.0,1.0,1,0
5,Snacks/Cookies/Chips,2025-01-05,1,1,0,BUNDLE,336,1065.44,185,204.0,348.3333333333333,,643.19,2414.98,6.274226166866774,7.0,1.0,1,0
5,Snacks/Cookies/Chips,2025-01-12,2,1,0,COUPON,435,1397.38,239,336.0,310.0,,1065.44,1561.2166666666665,4.650700316023849,7.0,1.0,1,0
5,Snacks/Cookies/Chips,2025-01-19,3,0,0,COUPON,387,1102.9,216,435.0,325.0,,1397.38,1035.3366666666668,3.178737451302364,7.0,1.0,1,1
5,Snacks/Cookies/Chips,2025-01-26,4,0,0,BOGO,367,1073.24,200,387.0,340.5,64.80000000000003,1102.9,1052.2275,3.096520788735171,7.0,2.0,1,1
5,Snacks/Cookies/Chips,2025-02-02,5,0,0,MANAGER_SPECIAL,356,1126.52,197,367.0,381.25,4.500000000000014,1073.24,1159.74,3.039387667775615,7.0,3.0,1,0
5,Snacks/Cookies/Chips,2025-02-09,6,0,0,COUPON,330,1035.88,181,356.0,386.25,-25.699999999999978,1126.52,1175.01,3.0377450781554973,7.0,3.0,1,0
5,Snacks/Cookies/Chips,2025-02-16,7,0,0,MANAGER_SPECIAL,358,907.61,204,330.0,360.0,-18.200000000000042,1035.88,1084.635,3.019410699890085,7.0,2.0,1,1
5,Snacks/Cookies/Chips,2025-02-23,8,0,0,COUPON,398,934.65,215,358.0,352.75,-5.29999999999997,907.61,1035.8125,2.9407488655534744,8.0,3.0,1,1
5,Snacks/Cookies/Chips,2025-03-02,9,0,0,COUPON,353,818.58,177,398.0,360.5,15.400000000000025,934.65,1001.1650000000001,2.796750655840057,8.0,4.0,1,1
5,Snacks/Cookies/Chips,2025-03-09,10,0,0,MANAGER_SPECIAL,324,1030.82,181,353.0,359.75,10.900000000000048,818.58,924.1800000000001,2.5853860284090486,8.0,5.0,1,0
5,Snacks/Cookies/Chips,2025-03-16,11,0,0,MANAGER_SPECIAL,371,1192.04,207,324.0,358.25,-14.699999999999976,1030.82,922.9150000000001,2.5960142551206085,8.0,5.0,1,0
5,Snacks/Cookies/Chips,2025-03-23,12,0,0,MANAGER_SPECIAL,323,1002.09,169,371.0,361.5,-11.000000000000005,1192.04,994.0225,2.7654698447244273,8.0,4.0,1,0
5,Snacks/Cookies/Chips,2025-03-30,13,0,0,COUPON,361,1150.71,203,323.0,342.75,-4.300000000000016,1002.09,1010.8825,2.953989591290073,8.0,3.0,1,0
5,Snacks/Cookies/Chips,2025-04-06,14,0,0,MANAGER_SPECIAL,297,948.73,164,361.0,344.75,6.300000000000018,1150.71,1093.915,3.1711492948205553,8.0,3.0,1,0
5,Snacks/Cookies/Chips,2025-04-13,15,0,0,BUNDLE,377,1195.39,217,297.0,338.0,-18.399999999999995,948.73,1073.3925,3.174357768445696,8.0,3.0,1,0
5,Snacks/Cookies/Chips,2025-04-20,16,0,0,BUNDLE,383,1217.12,203,377.0,339.5,9.800000000000002,1195.39,1074.23,3.163795251912132,8.0,2.0,1,0
5,Snacks/Cookies/Chips,2025-04-27,17,0,0,MANAGER_SPECIAL,326,1035.53,186,383.0,354.5,14.60000000000001,1217.12,1127.9875,3.182648548761997,8.0,1.0,1,0
5,Snacks/Cookies/Chips,2025-05-04,18,0,0,BUNDLE,380,1190.11,206,326.0,345.75,9.299999999999994,1035.53,1099.1925,3.179876065204055,8.0,0.0,1,0
5,Snacks/Cookies/Chips,2025-05-11,19,0,0,COUPON,403,1315.07,234,380.0,366.5,-4.799999999999967,1190.11,1159.5375,3.1642488943729363,8.0,0.0,1,0
5,Snacks/Cookies/Chips,2025-05-18,20,0,0,BUNDLE,408,1296.87,232,403.0,373.0,11.40000000000001,1315.07,1189.4575,3.187350203519852,8.0,0.0,1,0
5,Snacks/Cookies/Chips,2025-05-25,21,0,0,BUNDLE,344,1110.01,194,408.0,379.25,26.89999999999996,1296.87,1209.395,3.1875361868557452,8.0,0.0,1,0
5,Snacks/Cookies/Chips,2025-06-01,22,0,0,COUPON,356,1069.26,200,344.0,383.75,-10.299999999999985,1110.01,1228.0149999999999,3.200111402649724,8.0,0.0,1,1
5,Snacks/Cookies/Chips,2025-06-08,23,0,0,MANAGER_SPECIAL,366,1186.21,190,356.0,377.75,-20.500000000000025,1069.26,1197.8025,3.1680291288472406,8.0,1.0,1,0
5,Snacks/Cookies/Chips,2025-06-15,24,0,0,COUPON,367,1179.91,204,366.0,368.5,-11.400000000000002,1186.21,1165.5875,3.16248161294872,8.0,1.0,1,0
5,Snacks/Cookies/Chips,2025-06-22,25,0,0,MANAGER_SPECIAL,354,1101.82,198,367.0,358.25,7.900000000000021,1179.91,1136.3475,3.171584283649153,8.0,1.0,1,0
5,Snacks/Cookies/Chips,2025-06-29,26,0,0,BUNDLE,373,1072.96,216,354.0,360.75,-0.4999999999999822,1101.82,1134.3,3.1430124386222182,8.0,1.0,1,1
5,Snacks/Cookies/Chips,2025-07-06,27,0,0,COUPON,380,953.19,207,373.0,365.0,0.8000000000000221,1072.96,1135.225,3.1112696983143593,8.0,2.0,1,1
5,Snacks/Cookies/Chips,2025-07-13,28,0,0,COUPON,365,1143.2,211,380.0,368.5,5.800000000000001,953.19,1076.97,2.928115650284448,8.0,3.0,1,0
5,Snacks/Cookies/Chips,2025-07-20,29,0,0,MANAGER_SPECIAL,347,1113.89,197,365.0,368.0,4.000000000000035,1143.2,1067.7925,2.9073759429200345,8.0,3.0,1,0
5,Snacks/Cookies/Chips,2025-07-27,30,0,0,MANAGER_SPECIAL,384,1203.77,211,347.0,366.25,-9.300000000000015,1113.89,1070.81,2.9317688832153834,8.0,3.0,1,0
5,Snacks/Cookies/Chips,2025-08-03,31,0,0,BUNDLE,360,1118.25,212,384.0,369.0,-0.6000000000000041,1203.77,1103.5125,2.996331219145902,8.0,2.0,1,0
5,Snacks/Cookies/Chips,2025-08-10,32,0,0,COUPON,372,1155.72,213,360.0,364.0,2.2000000000000095,1118.25,1144.7775000000001,3.145795034935375,8.0,2.0,1,1
5,Snacks/Cookies/Chips,2025-08-17,33,0,0,MANAGER_SPECIAL,400,1274.18,222,372.0,365.75,5.0999999999999694,1155.72,1147.9075,3.139474884692335,8.0,3.0,1,0
5,Snacks/Cookies/Chips,2025-08-24,34,0,0,COUPON,310,1005.81,176,400.0,379.0,5.9999999999999885,1274.18,1187.98,3.133322975470433,8.0,3.0,1,0
5,Snacks/Cookies/Chips,2025-08-31,35,0,0,MANAGER_SPECIAL,376,1203.32,214,310.0,360.5,-12.199999999999955,1005.81,1138.49,3.1607556451612933,8.0,2.0,1,0
5,Snacks/Cookies/Chips,2025-09-07,36,0,0,COUPON,338,878.17,182,376.0,364.5,-7.799999999999985,1203.32,1159.7575,3.1842729323953356,8.0,1.0,1,1
5,Snacks/Cookies/Chips,2025-09-14,37,0,0,MANAGER_SPECIAL,341,1092.67,180,338.0,356.0,-12.000000000000004,878.17,1090.37,3.057113407676878,8.0,2.0,1,0
5,Snacks/Cookies/Chips,2025-09-21,38,0,0,MANAGER_SPECIAL,341,1076.53,188,341.0,341.25,5.499999999999989,1092.67,1044.9924999999998,3.0618286202868488,8.0,2.0,1,0
5,Snacks/Cookies/Chips,2025-09-28,39,0,0,COUPON,328,1009.33,177,341.0,349.0,-10.200000000000028,1076.53,1062.6725,3.0399363915478457,8.0,2.0,1,0
5,Snacks/Cookies/Chips,2025-10-05,40,0,0,NONE,385,1259.1,216,328.0,337.0,-3.000000000000005,1009.33,1014.1750000000001,3.009163006752827,8.0,2.0,0,0
5,Snacks/Cookies/Chips,2025-10-12,41,0,0,BOGO,384,1248.59,213,385.0,348.75,11.899999999999993,1259.1,1109.4075,3.1772263856815908,7.0,1.0,1,0
5,Snacks/Cookies/Chips,2025-10-19,42,0,0,COUPON,319,1014.15,179,384.0,359.5,18.599999999999994,1248.59,1148.3875,3.189032787654954,7.0,1.0,1,0
5,Snacks/Cookies/Chips,2025-10-26,43,0,0,COUPON,335,1049.28,177,319.0,354.0,-2.799999999999999,1014.15,1132.7925,3.194576320873681,7.0,1.0,1,0
