date,store_id,store_name,category,avg_price,units_sold,revenue,promo_flag,day_of_week
2025-07-01,S0001,,Alcohol,11.81131868131868,110,1314.12,1,Tuesday
2025-07-01,S0001,,Bakery,3.7089999999999996,22,81.4,1,Tuesday
2025-07-01,S0001,,Baking,3.4984313725490193,64,229.52,1,Tuesday
2025-07-01,S0001,,Beverages,3.478918918918919,71,250.25,1,Tuesday
2025-07-01,S0001,,Breakfast & Cereal,4.583421052631579,44,204.91,1,Tuesday
2025-07-01,S0001,,Candy,2.3888235294117646,44,115.82,1,Tuesday
2025-07-01,S0001,,Condiments/Sauces/Spices,3.6994285714285713,39,141.29,1,Tuesday
2025-07-01,S0001,,Dairy & Eggs,3.3158139534883726,108,359.2,1,Tuesday
2025-07-01,S0001,,Deli,5.7612,36,198.93,1,Tuesday
2025-07-01,S0001,,Frozen Foods,6.651764705882353,36,238.7,1,Tuesday
2025-07-01,S0001,,Grains and Pasta,2.5038095238095237,25,61.74,1,Tuesday
2025-07-01,S0001,,Meat and Seafood,9.521515151515153,33,314.38,1,Tuesday
2025-07-01,S0001,,Pet Food,7.592999999999999,34,239.78,1,Tuesday
2025-07-01,S0001,,Prepared Meals,8.341351351351351,40,325.57,1,Tuesday
2025-07-01,S0001,,Snacks/Cookies/Chips,3.23856,188,606.93,1,Tuesday
2025-07-01,S0002,,Alcohol,11.37235294117647,21,238.16,1,Tuesday
2025-07-01,S0002,,Bakery,2.865,5,14.11,1,Tuesday
2025-07-01,S0002,,Baking,4.247999999999999,8,32.730000000000004,1,Tuesday
2025-07-01,S0002,,Beverages,3.46,13,41.71,1,Tuesday
2025-07-01,S0002,,Breakfast & Cereal,4.935833333333333,14,71.01,1,Tuesday
2025-07-01,S0002,,Candy,2.632857142857143,7,18.45,1,Tuesday
2025-07-01,S0002,,Condiments/Sauces/Spices,3.8525,11,42.86,1,Tuesday
2025-07-01,S0002,,Dairy & Eggs,3.554,23,82.05,1,Tuesday
2025-07-01,S0002,,Deli,6.3999999999999995,8,54.46,1,Tuesday
2025-07-01,S0002,,Frozen Foods,6.462000000000001,5,32.34,1,Tuesday
2025-07-01,S0002,,Grains and Pasta,2.41,4,9.629999999999999,1,Tuesday
2025-07-01,S0002,,Meat and Seafood,9.639,10,96.55,1,Tuesday
2025-07-01,S0002,,Pet Food,6.95,8,52.83,1,Tuesday
2025-07-01,S0002,,Prepared Meals,8.27090909090909,14,114.45,1,Tuesday
2025-07-01,S0002,,Snacks/Cookies/Chips,3.1492857142857145,45,142.94,1,Tuesday
2025-07-01,S0003,,Alcohol,12.437999999999999,51,647.01,1,Tuesday
2025-07-01,S0003,,Bakery,3.97,5,18.049999999999997,1,Tuesday
2025-07-01,S0003,,Baking,3.952,21,81.54,1,Tuesday
2025-07-01,S0003,,Beverages,3.03,13,39.4,1,Tuesday
2025-07-01,S0003,,Breakfast & Cereal,5.524444444444445,12,63.46,1,Tuesday
2025-07-01,S0003,,Candy,2.395,22,52.29,1,Tuesday
2025-07-01,S0003,,Condiments/Sauces/Spices,4.0475,17,73.88,1,Tuesday
2025-07-01,S0003,,Dairy & Eggs,3.2786046511627904,57,175.14,1,Tuesday
2025-07-01,S0003,,Deli,5.95875,19,107.93,1,Tuesday
2025-07-01,S0003,,Frozen Foods,6.959090909090909,14,94.42,1,Tuesday
2025-07-01,S0003,,Grains and Pasta,2.255,8,17.61,1,Tuesday
2025-07-01,S0003,,Meat and Seafood,9.424375,21,198.39000000000001,1,Tuesday
2025-07-01,S0003,,Pet Food,7.3919999999999995,24,171.43,1,Tuesday
2025-07-01,S0003,,Prepared Meals,8.00047619047619,27,222.56,1,Tuesday
2025-07-01,S0003,,Snacks/Cookies/Chips,3.0291803278688523,80,242.12,1,Tuesday
2025-07-01,S0004,,Alcohol,11.930967741935484,79,947.86,1,Tuesday
2025-07-01,S0004,,Bakery,4.552,7,30.189999999999998,1,Tuesday
2025-07-01,S0004,,Baking,3.795813953488372,54,204.74,1,Tuesday
2025-07-01,S0004,,Beverages,3.3249999999999997,19,62.43,1,Tuesday
2025-07-01,S0004,,Breakfast & Cereal,4.508181818181818,23,101.39,1,Tuesday
2025-07-01,S0004,,Candy,2.4844,27,67.77,1,Tuesday
2025-07-01,S0004,,Condiments/Sauces/Spices,3.536666666666667,20,70.42,1,Tuesday
2025-07-01,S0004,,Dairy & Eggs,3.6086046511627905,54,201.25,1,Tuesday
2025-07-01,S0004,,Deli,5.722799999999999,33,180.69,1,Tuesday
2025-07-01,S0004,,Frozen Foods,7.142499999999999,16,107.66,1,Tuesday
2025-07-01,S0004,,Grains and Pasta,2.548,8,21.61,1,Tuesday
2025-07-01,S0004,,Meat and Seafood,8.847,12,106.21000000000001,1,Tuesday
2025-07-01,S0004,,Pet Food,7.15,37,263.97,1,Tuesday
2025-07-01,S0004,,Prepared Meals,7.549090909090908,22,166.22,1,Tuesday
2025-07-01,S0004,,Snacks/Cookies/Chips,3.2503125,82,265.41,1,Tuesday
2025-07-01,S0005,,Alcohol,12.361666666666668,40,485.87,1,Tuesday
2025-07-01,S0005,,Bakery,3.8825,8,31.060000000000002,1,Tuesday
2025-07-01,S0005,,Baking,3.5383333333333336,17,60.49,1,Tuesday
2025-07-01,S0005,,Beverages,3.2125,12,38.26,1,Tuesday
2025-07-01,S0005,,Breakfast & Cereal,4.353846153846154,17,76.05,1,Tuesday
2025-07-01,S0005,,Candy,2.464444444444444,11,25.98,1,Tuesday
2025-07-01,S0005,,Condiments/Sauces/Spices,3.6128571428571425,10,36.81,1,Tuesday
2025-07-01,S0005,,Dairy & Eggs,3.565,29,99.74000000000001,1,Tuesday
2025-07-01,S0005,,Deli,6.369090909090909,12,77.84,1,Tuesday
2025-07-01,S0005,,Frozen Foods,7.059,13,89.6,1,Tuesday
2025-07-01,S0005,,Grains and Pasta,2.16625,11,23.11,1,Tuesday
2025-07-01,S0005,,Meat and Seafood,10.056363636363637,18,177.28,1,Tuesday
2025-07-01,S0005,,Pet Food,6.598461538461539,14,91.78,1,Tuesday
2025-07-01,S0005,,Prepared Meals,8.383846153846154,18,154.24,1,Tuesday
2025-07-01,S0005,,Snacks/Cookies/Chips,3.052258064516129,45,138.66,1,Tuesday
2025-07-02,S0001,,Alcohol,11.997402597402596,98,1184.93,1,Wednesday
2025-07-02,S0001,,Bakery,3.7590909090909093,17,59.6,1,Wednesday
2025-07-02,S0001,,Baking,4.102058823529411,34,139.47,1,Wednesday
2025-07-02,S0001,,Beverages,3.28,68,226.67,1,Wednesday
2025-07-02,S0001,,Breakfast & Cereal,4.37972972972973,43,191.25,1,Wednesday
2025-07-02,S0001,,Candy,2.401764705882353,42,98.84,1,Wednesday
2025-07-02,S0001,,Condiments/Sauces/Spices,3.174285714285714,32,102.06,1,Wednesday
2025-07-02,S0001,,Dairy & Eggs,3.6605607476635513,137,506.77,1,Wednesday
2025-07-02,S0001,,Deli,5.974285714285714,39,232.75,1,Wednesday
2025-07-02,S0001,,Frozen Foods,6.937407407407408,37,263.16,1,Wednesday
2025-07-02,S0001,,Grains and Pasta,2.48,15,38.76,1,Wednesday
2025-07-02,S0001,,Meat and Seafood,9.500454545454545,48,443.87,1,Wednesday
2025-07-02,S0001,,Pet Food,7.8915999999999995,57,456.94,1,Wednesday
2025-07-02,S0001,,Prepared Meals,9.2490625,47,424.05,1,Wednesday
2025-07-02,S0001,,Snacks/Cookies/Chips,3.015961538461539,148,438.36,1,Wednesday
2025-07-02,S0002,,Alcohol,12.36,23,283.11,1,Wednesday
2025-07-02,S0002,,Bakery,4.675,2,9.32,1,Wednesday
2025-07-02,S0002,,Baking,3.4829999999999997,12,42.190000000000005,1,Wednesday
2025-07-02,S0002,,Beverages,3.271111111111111,14,48.099999999999994,1,Wednesday
2025-07-02,S0002,,Breakfast & Cereal,4.69125,13,58.6,1,Wednesday
2025-07-02,S0002,,Candy,2.777142857142857,10,25.78,1,Wednesday
2025-07-02,S0002,,Condiments/Sauces/Spices,2.973,13,35.36,1,Wednesday
2025-07-02,S0002,,Dairy & Eggs,4.068695652173913,31,127.56,1,Wednesday
2025-07-02,S0002,,Deli,6.112,15,91.85,1,Wednesday
2025-07-02,S0002,,Frozen Foods,6.6866666666666665,11,73.78,1,Wednesday
2025-07-02,S0002,,Grains and Pasta,2.1566666666666667,5,9.809999999999999,1,Wednesday
2025-07-02,S0002,,Meat and Seafood,8.5225,5,42.37,1,Wednesday
2025-07-02,S0002,,Pet Food,7.602222222222222,10,74.67,1,Wednesday
2025-07-02,S0002,,Prepared Meals,8.472857142857142,7,59.3,1,Wednesday
2025-07-02,S0002,,Snacks/Cookies/Chips,2.9932,39,117.7,1,Wednesday
2025-07-02,S0003,,Alcohol,12.452,43,536.14,1,Wednesday
2025-07-02,S0003,,Bakery,3.8983333333333334,13,50.72,1,Wednesday
2025-07-02,S0003,,Baking,3.7883333333333336,15,60.54,1,Wednesday
2025-07-02,S0003,,Beverages,3.578076923076923,37,130.03,1,Wednesday
2025-07-02,S0003,,Breakfast & Cereal,3.916875,18,72.94,1,Wednesday
2025-07-02,S0003,,Candy,2.5623076923076926,16,40.78,1,Wednesday
2025-07-02,S0003,,Condiments/Sauces/Spices,3.5353846153846153,17,59.25,1,Wednesday
2025-07-02,S0003,,Dairy & Eggs,3.6264150943396225,67,233.15,1,Wednesday
2025-07-02,S0003,,Deli,5.889411764705883,20,118.61,1,Wednesday
2025-07-02,S0003,,Frozen Foods,6.602666666666666,18,112.33,1,Wednesday
2025-07-02,S0003,,Grains and Pasta,2.7866666666666666,3,8.33,1,Wednesday
2025-07-02,S0003,,Meat and Seafood,9.372380952380952,28,262.55,1,Wednesday
2025-07-02,S0003,,Pet Food,7.473529411764706,30,223.16,1,Wednesday
2025-07-02,S0003,,Prepared Meals,9.034444444444444,12,109.59,1,Wednesday
2025-07-02,S0003,,Snacks/Cookies/Chips,3.0134146341463413,60,182.1,1,Wednesday
2025-07-02,S0004,,Alcohol,11.27764705882353,57,639.63,1,Wednesday
2025-07-02,S0004,,Bakery,4.295,8,37.63,1,Wednesday
2025-07-02,S0004,,Baking,4.172857142857143,40,171.28,1,Wednesday
2025-07-02,S0004,,Beverages,3.575,26,93.47,1,Wednesday
2025-07-02,S0004,,Breakfast & Cereal,4.7363888888888885,43,205.5,1,Wednesday
2025-07-02,S0004,,Candy,2.5371428571428574,24,60.47,1,Wednesday
2025-07-02,S0004,,Condiments/Sauces/Spices,3.5769999999999995,13,46.71,1,Wednesday
2025-07-02,S0004,,Dairy & Eggs,3.4875,81,275.54,1,Wednesday
2025-07-02,S0004,,Deli,6.076250000000001,30,178.68,1,Wednesday
2025-07-02,S0004,,Frozen Foods,6.56,20,133.18,1,Wednesday
2025-07-02,S0004,,Grains and Pasta,2.3066666666666666,8,18.44,1,Wednesday
2025-07-02,S0004,,Meat and Seafood,9.481666666666667,27,252.21,1,Wednesday
2025-07-02,S0004,,Pet Food,7.174166666666667,36,256.62,1,Wednesday
2025-07-02,S0004,,Prepared Meals,8.741724137931033,36,310.08,1,Wednesday
2025-07-02,S0004,,Snacks/Cookies/Chips,3.1917391304347826,77,246.1,1,Wednesday
2025-07-02,S0005,,Alcohol,12.1209375,40,474.65,1,Wednesday
2025-07-02,S0005,,Bakery,4.202857142857143,9,37.32,1,Wednesday
2025-07-02,S0005,,Baking,4.030625000000001,19,76.84,1,Wednesday
2025-07-02,S0005,,Beverages,3.2777777777777777,14,44.98,1,Wednesday
2025-07-02,S0005,,Breakfast & Cereal,4.404545454545455,12,52.52,1,Wednesday
2025-07-02,S0005,,Candy,2.4415,24,58.06,1,Wednesday
2025-07-02,S0005,,Condiments/Sauces/Spices,3.394705882352941,18,60.89,1,Wednesday
2025-07-02,S0005,,Dairy & Eggs,3.50547619047619,50,177.53,1,Wednesday
2025-07-02,S0005,,Deli,5.875454545454545,12,69.92,1,Wednesday
2025-07-02,S0005,,Frozen Foods,6.4316666666666675,10,58.84,1,Wednesday
2025-07-02,S0005,,Grains and Pasta,2.755,6,14.389999999999999,1,Wednesday
2025-07-02,S0005,,Meat and Seafood,9.228,12,110.42,1,Wednesday
2025-07-02,S0005,,Pet Food,7.387142857142857,23,171.58,1,Wednesday
2025-07-02,S0005,,Prepared Meals,8.6875,23,195.99,1,Wednesday
2025-07-02,S0005,,Snacks/Cookies/Chips,3.243636363636363,56,184.29,1,Wednesday
2025-07-03,S0001,,Alcohol,12.266134453781513,137,1683.17,1,Thursday
2025-07-03,S0001,,Bakery,3.767142857142857,14,52.8,1,Thursday
2025-07-03,S0001,,Baking,4.008518518518518,31,124.28,1,Thursday
2025-07-03,S0001,,Beverages,3.2704918032786887,104,343.73,1,Thursday
2025-07-03,S0001,,Breakfast & Cereal,4.629782608695652,58,266.56,1,Thursday
2025-07-03,S0001,,Candy,2.533157894736842,50,126.83,1,Thursday
2025-07-03,S0001,,Condiments/Sauces/Spices,3.1914285714285713,34,111.82,1,Thursday
2025-07-03,S0001,,Dairy & Eggs,3.6885,138,509.57,1,Thursday
2025-07-03,S0001,,Deli,6.432121212121212,37,247.32,1,Thursday
2025-07-03,S0001,,Frozen Foods,7.166944444444444,47,332.09999999999997,1,Thursday
2025-07-03,S0001,,Grains and Pasta,2.271904761904762,29,66.21000000000001,1,Thursday
2025-07-03,S0001,,Meat and Seafood,9.265,60,551.08,1,Thursday
2025-07-03,S0001,,Pet Food,8.117857142857144,44,362.98,1,Thursday
2025-07-03,S0001,,Prepared Meals,7.876764705882353,39,310.95,1,Thursday
2025-07-03,S0001,,Snacks/Cookies/Chips,3.1119047619047615,109,335.81,1,Thursday
2025-07-03,S0002,,Alcohol,12.608095238095236,26,331.04,1,Thursday
2025-07-03,S0002,,Bakery,3.9159999999999995,5,19.56,1,Thursday
2025-07-03,S0002,,Baking,3.7528571428571427,10,37.42,1,Thursday
2025-07-03,S0002,,Beverages,3.281428571428571,22,69.06,1,Thursday
2025-07-03,S0002,,Breakfast & Cereal,4.349230769230769,15,63.120000000000005,1,Thursday
2025-07-03,S0002,,Candy,2.1858333333333335,12,26.25,1,Thursday
2025-07-03,S0002,,Condiments/Sauces/Spices,3.266666666666667,9,29.4,1,Thursday
2025-07-03,S0002,,Dairy & Eggs,3.4525,34,119.03999999999999,1,Thursday
2025-07-03,S0002,,Deli,5.659090909090909,13,72.62,1,Thursday
2025-07-03,S0002,,Frozen Foods,6.803076923076923,16,109.94,1,Thursday
2025-07-03,S0002,,Grains and Pasta,2.32,3,6.93,1,Thursday
2025-07-03,S0002,,Meat and Seafood,9.746666666666668,17,164.25,1,Thursday
2025-07-03,S0002,,Pet Food,7.336666666666667,12,87.43,1,Thursday
2025-07-03,S0002,,Prepared Meals,8.869411764705882,20,174.21,1,Thursday
2025-07-03,S0002,,Snacks/Cookies/Chips,3.0633333333333335,51,158.83,1,Thursday
2025-07-03,S0003,,Alcohol,11.876444444444443,51,628.01,1,Thursday
2025-07-03,S0003,,Bakery,4.656666666666666,7,34.59,1,Thursday
2025-07-03,S0003,,Baking,4.016818181818182,28,113.89,1,Thursday
2025-07-03,S0003,,Beverages,3.6229999999999998,30,105.62,1,Thursday
2025-07-03,S0003,,Breakfast & Cereal,4.5596,36,163.67,1,Thursday
2025-07-03,S0003,,Candy,2.7230434782608697,26,72.62,1,Thursday
2025-07-03,S0003,,Condiments/Sauces/Spices,3.3464705882352943,18,60.08,1,Thursday
2025-07-03,S0003,,Dairy & Eggs,3.5802631578947373,41,149.42000000000002,1,Thursday
2025-07-03,S0003,,Deli,6.0280000000000005,20,124.6,1,Thursday
2025-07-03,S0003,,Frozen Foods,6.828947368421052,20,138.8,1,Thursday
2025-07-03,S0003,,Grains and Pasta,2.5385714285714287,11,28.18,1,Thursday
2025-07-03,S0003,,Meat and Seafood,9.259583333333333,30,266.3,1,Thursday
2025-07-03,S0003,,Pet Food,7.8447619047619055,30,233.68,1,Thursday
2025-07-03,S0003,,Prepared Meals,8.662692307692307,31,275.97,1,Thursday
2025-07-03,S0003,,Snacks/Cookies/Chips,3.0019354838709678,93,282.6,1,Thursday
2025-07-03,S0004,,Alcohol,12.223947368421053,94,1148.33,1,Thursday
2025-07-03,S0004,,Bakery,3.6925,18,67.89,1,Thursday
2025-07-03,S0004,,Baking,3.6079166666666667,33,119.15,1,Thursday
2025-07-03,S0004,,Beverages,3.4448000000000003,43,145.39,1,Thursday
2025-07-03,S0004,,Breakfast & Cereal,5.469375,20,111.87,1,Thursday
2025-07-03,S0004,,Candy,2.444571428571429,38,92.77,1,Thursday
2025-07-03,S0004,,Condiments/Sauces/Spices,3.4918750000000003,22,78.12,1,Thursday
2025-07-03,S0004,,Dairy & Eggs,3.367205882352941,83,278.42,1,Thursday
2025-07-03,S0004,,Deli,5.878846153846154,34,205.23000000000002,1,Thursday
2025-07-03,S0004,,Frozen Foods,6.882258064516129,38,256.14,1,Thursday
2025-07-03,S0004,,Grains and Pasta,2.7777777777777777,12,36.519999999999996,1,Thursday
2025-07-03,S0004,,Meat and Seafood,9.407187500000001,39,364.48,1,Thursday
2025-07-03,S0004,,Pet Food,7.432272727272727,36,264.83,1,Thursday
2025-07-03,S0004,,Prepared Meals,8.207777777777778,47,391.79,1,Thursday
2025-07-03,S0004,,Snacks/Cookies/Chips,3.193,115,362.93,1,Thursday
2025-07-03,S0005,,Alcohol,12.333255813953489,50,613.73,1,Thursday
2025-07-03,S0005,,Bakery,4.034000000000001,14,54.27,1,Thursday
2025-07-03,S0005,,Baking,3.689285714285714,17,61.260000000000005,1,Thursday
2025-07-03,S0005,,Beverages,3.474285714285714,13,45.199999999999996,1,Thursday
2025-07-03,S0005,,Breakfast & Cereal,4.417894736842105,24,105.28,1,Thursday
2025-07-03,S0005,,Candy,2.568095238095238,28,71.37,1,Thursday
2025-07-03,S0005,,Condiments/Sauces/Spices,3.08875,9,28.41,1,Thursday
2025-07-03,S0005,,Dairy & Eggs,3.308,64,210.09,1,Thursday
2025-07-03,S0005,,Deli,6.839,16,120.11999999999999,1,Thursday
2025-07-03,S0005,,Frozen Foods,7.149166666666667,13,89.49,1,Thursday
2025-07-03,S0005,,Grains and Pasta,2.367272727272727,14,33.13,1,Thursday
2025-07-03,S0005,,Meat and Seafood,8.72,14,122.53,1,Thursday
2025-07-03,S0005,,Pet Food,7.405833333333334,16,120.2,1,Thursday
2025-07-03,S0005,,Prepared Meals,8.853333333333332,26,230.52,1,Thursday
2025-07-03,S0005,,Snacks/Cookies/Chips,3.0713999999999997,73,220.56,1,Thursday
2025-07-04,S0001,,Alcohol,12.162247191011236,113,1388.48,1,Friday
2025-07-04,S0001,,Bakery,4.082352941176471,17,69.49,1,Friday
2025-07-04,S0001,,Baking,3.6816666666666666,46,167.13,1,Friday
2025-07-04,S0001,,Beverages,3.0161290322580645,52,151.44,1,Friday
2025-07-04,S0001,,Breakfast & Cereal,4.547446808510638,55,245.24,1,Friday
2025-07-04,S0001,,Candy,2.598333333333333,26,69.1,1,Friday
2025-07-04,S0001,,Condiments/Sauces/Spices,3.7137142857142855,48,169.82,1,Friday
2025-07-04,S0001,,Dairy & Eggs,3.4986,129,430.57,1,Friday
2025-07-04,S0001,,Deli,5.956363636363636,41,233.18,1,Friday
2025-07-04,S0001,,Frozen Foods,6.857647058823529,48,347.05,1,Friday
2025-07-04,S0001,,Grains and Pasta,2.97,14,38.83,1,Friday
2025-07-04,S0001,,Meat and Seafood,9.24076923076923,52,499.53,1,Friday
2025-07-04,S0001,,Pet Food,8.240967741935483,51,419.08,1,Friday
2025-07-04,S0001,,Prepared Meals,8.84390243902439,45,384.94,1,Friday
2025-07-04,S0001,,Snacks/Cookies/Chips,3.2741525423728817,196,631.42,1,Friday
2025-07-04,S0002,,Alcohol,11.771666666666667,41,473.47,1,Friday
2025-07-04,S0002,,Baking,3.6792857142857143,15,53.99,1,Friday
2025-07-04,S0002,,Beverages,3.78125,12,41.61,1,Friday
2025-07-04,S0002,,Breakfast & Cereal,4.448181818181818,13,55.86,1,Friday
2025-07-04,S0002,,Candy,2.357,12,27.16,1,Friday
2025-07-04,S0002,,Condiments/Sauces/Spices,3.5285714285714285,15,51.87,1,Friday
2025-07-04,S0002,,Dairy & Eggs,3.8611764705882354,37,139.86,1,Friday
2025-07-04,S0002,,Deli,5.950833333333333,14,84.71000000000001,1,Friday
2025-07-04,S0002,,Frozen Foods,6.671538461538462,13,86.68,1,Friday
2025-07-04,S0002,,Grains and Pasta,2.7800000000000002,2,5.539999999999999,1,Friday
2025-07-04,S0002,,Meat and Seafood,8.782222222222224,11,88.91,1,Friday
2025-07-04,S0002,,Pet Food,6.705,11,81.22,1,Friday
2025-07-04,S0002,,Prepared Meals,7.0633333333333335,9,63.54,1,Friday
2025-07-04,S0002,,Snacks/Cookies/Chips,3.2321052631578944,56,177.28,1,Friday
2025-07-04,S0003,,Alcohol,12.544716981132076,66,838.17,1,Friday
2025-07-04,S0003,,Bakery,3.4633333333333334,6,20.78,1,Friday
2025-07-04,S0003,,Baking,3.6325,19,68.81,1,Friday
2025-07-04,S0003,,Beverages,3.4194444444444443,27,94.02,1,Friday
2025-07-04,S0003,,Breakfast & Cereal,3.930625,16,62.83,1,Friday
2025-07-04,S0003,,Candy,2.4899999999999998,42,105.57,1,Friday
2025-07-04,S0003,,Condiments/Sauces/Spices,3.7265,26,99.34,1,Friday
2025-07-04,S0003,,Dairy & Eggs,3.7175806451612905,69,250.66,1,Friday
2025-07-04,S0003,,Deli,5.472222222222222,23,128.13,1,Friday
2025-07-04,S0003,,Frozen Foods,6.956,21,143.74,1,Friday
2025-07-04,S0003,,Grains and Pasta,2.1574999999999998,6,11.790000000000001,1,Friday
2025-07-04,S0003,,Meat and Seafood,8.389999999999999,18,153.35,1,Friday
2025-07-04,S0003,,Pet Food,7.391153846153846,38,285.99,1,Friday
2025-07-04,S0003,,Prepared Meals,8.691818181818181,13,113.85,1,Friday
2025-07-04,S0003,,Snacks/Cookies/Chips,3.0751724137931036,97,294.6,1,Friday
2025-07-04,S0004,,Alcohol,12.327532467532468,103,1278.54,1,Friday
2025-07-04,S0004,,Bakery,3.561818181818182,17,61.669999999999995,1,Friday
2025-07-04,S0004,,Baking,3.9899999999999998,28,113.46000000000001,1,Friday
2025-07-04,S0004,,Beverages,3.5784210526315787,31,109.27,1,Friday
2025-07-04,S0004,,Breakfast & Cereal,4.660500000000001,28,127.53,1,Friday
2025-07-04,S0004,,Candy,2.6142857142857143,32,82.84,1,Friday
2025-07-04,S0004,,Condiments/Sauces/Spices,3.3230434782608698,26,86.74,1,Friday
2025-07-04,S0004,,Dairy & Eggs,3.6411290322580645,74,267.51,1,Friday
2025-07-04,S0004,,Deli,5.425483870967742,34,185.55,1,Friday
2025-07-04,S0004,,Frozen Foods,7.125909090909091,26,181.91,1,Friday
2025-07-04,S0004,,Grains and Pasta,2.6166666666666667,6,15.71,1,Friday
2025-07-04,S0004,,Meat and Seafood,8.474210526315789,26,220.87,1,Friday
2025-07-04,S0004,,Pet Food,7.921538461538462,24,189.06,1,Friday
2025-07-04,S0004,,Prepared Meals,8.986428571428572,32,286.29,1,Friday
2025-07-04,S0004,,Snacks/Cookies/Chips,3.22112676056338,103,342.25,1,Friday
2025-07-04,S0005,,Alcohol,12.706363636363637,41,531.63,1,Friday
2025-07-04,S0005,,Bakery,3.568,5,17.89,1,Friday
2025-07-04,S0005,,Baking,3.8935714285714282,15,58.62,1,Friday
2025-07-04,S0005,,Beverages,3.6305882352941174,28,101.82,1,Friday
2025-07-04,S0005,,Breakfast & Cereal,4.4775,21,95.47,1,Friday
2025-07-04,S0005,,Candy,2.5088888888888885,9,22.61,1,Friday
2025-07-04,S0005,,Condiments/Sauces/Spices,3.653125,16,58.489999999999995,1,Friday
2025-07-04,S0005,,Dairy & Eggs,3.4482608695652175,57,200.2,1,Friday
2025-07-04,S0005,,Deli,6.074117647058824,21,126.01,1,Friday
2025-07-04,S0005,,Frozen Foods,6.919090909090909,13,89.81,1,Friday
2025-07-04,S0005,,Grains and Pasta,1.8399999999999999,2,3.67,1,Friday
2025-07-04,S0005,,Meat and Seafood,9.061818181818182,16,139.0,1,Friday
2025-07-04,S0005,,Pet Food,7.273076923076923,21,162.22,1,Friday
2025-07-04,S0005,,Prepared Meals,8.034210526315789,20,161.8,1,Friday
2025-07-04,S0005,,Snacks/Cookies/Chips,3.055483870967742,46,133.27,1,Friday
2025-07-05,S0001,,Alcohol,12.439115044247789,129,1616.46,1,Saturday
2025-07-05,S0001,,Bakery,3.8576923076923078,30,114.42,1,Saturday
2025-07-05,S0001,,Baking,3.6744827586206896,72,268.75,1,Saturday
2025-07-05,S0001,,Beverages,3.1688571428571426,52,156.32,1,Saturday
2025-07-05,S0001,,Breakfast & Cereal,4.508181818181818,59,268.44,1,Saturday
2025-07-05,S0001,,Candy,2.4462162162162158,48,112.03,1,Saturday
2025-07-05,S0001,,Condiments/Sauces/Spices,3.383666666666667,36,125.63,1,Saturday
2025-07-05,S0001,,Dairy & Eggs,3.6089166666666666,142,510.59,1,Saturday
2025-07-05,S0001,,Deli,6.171320754716981,71,431.28000000000003,1,Saturday
2025-07-05,S0001,,Frozen Foods,6.743809523809524,52,346.27,1,Saturday
2025-07-05,S0001,,Grains and Pasta,2.883529411764706,23,65.31,1,Saturday
2025-07-05,S0001,,Meat and Seafood,8.721785714285714,36,299.96,1,Saturday
2025-07-05,S0001,,Pet Food,7.519,38,297.62,1,Saturday
2025-07-05,S0001,,Prepared Meals,8.332972972972973,39,320.13,1,Saturday
2025-07-05,S0001,,Snacks/Cookies/Chips,3.0249579831932776,182,538.11,1,Saturday
2025-07-05,S0002,,Alcohol,12.04825,45,542.14,1,Saturday
2025-07-05,S0002,,Bakery,3.915,4,15.66,1,Saturday
2025-07-05,S0002,,Baking,3.9522222222222223,20,77.43,1,Saturday
2025-07-05,S0002,,Beverages,3.3842857142857143,25,87.77,1,Saturday
2025-07-05,S0002,,Breakfast & Cereal,3.9323076923076923,20,77.52,1,Saturday
2025-07-05,S0002,,Candy,2.245,14,31.36,1,Saturday
2025-07-05,S0002,,Condiments/Sauces/Spices,3.308,10,33.14,1,Saturday
2025-07-05,S0002,,Dairy & Eggs,3.6177551020408165,59,207.41,1,Saturday
2025-07-05,S0002,,Deli,5.953,24,143.63,1,Saturday
2025-07-05,S0002,,Frozen Foods,6.977222222222222,22,155.57999999999998,1,Saturday
2025-07-05,S0002,,Grains and Pasta,2.6416666666666666,8,21.96,1,Saturday
2025-07-05,S0002,,Meat and Seafood,9.161666666666667,15,137.82,1,Saturday
2025-07-05,S0002,,Pet Food,7.226000000000001,17,123.65,1,Saturday
2025-07-05,S0002,,Prepared Meals,8.536818181818182,26,223.9,1,Saturday
2025-07-05,S0002,,Snacks/Cookies/Chips,3.055,43,129.75,1,Saturday
2025-07-05,S0003,,Alcohol,12.140769230769232,66,823.45,1,Saturday
2025-07-05,S0003,,Bakery,3.864375,28,108.66,1,Saturday
2025-07-05,S0003,,Baking,3.761578947368421,24,89.58,1,Saturday
2025-07-05,S0003,,Beverages,3.2125,31,101.7,1,Saturday
2025-07-05,S0003,,Breakfast & Cereal,5.025,28,146.44,1,Saturday
2025-07-05,S0003,,Candy,2.5376,27,68.66,1,Saturday
2025-07-05,S0003,,Condiments/Sauces/Spices,3.2529411764705882,19,61.66,1,Saturday
2025-07-05,S0003,,Dairy & Eggs,3.5949999999999998,82,290.75,1,Saturday
2025-07-05,S0003,,Deli,6.495357142857143,35,225.97,1,Saturday
2025-07-05,S0003,,Frozen Foods,6.795555555555556,29,198.25,1,Saturday
2025-07-05,S0003,,Grains and Pasta,2.518181818181818,15,36.32,1,Saturday
2025-07-05,S0003,,Meat and Seafood,9.025625,17,151.74,1,Saturday
2025-07-05,S0003,,Pet Food,7.334761904761905,30,225.24,1,Saturday
2025-07-05,S0003,,Prepared Meals,7.881111111111111,31,242.21,1,Saturday
2025-07-05,S0003,,Snacks/Cookies/Chips,3.0669767441860465,139,430.78999999999996,1,Saturday
2025-07-05,S0004,,Alcohol,12.207272727272727,86,1018.87,1,Saturday
2025-07-05,S0004,,Bakery,3.6183333333333336,10,36.01,1,Saturday
2025-07-05,S0004,,Baking,3.3069565217391306,24,79.77,1,Saturday
2025-07-05,S0004,,Beverages,3.47,59,199.66,1,Saturday
2025-07-05,S0004,,Breakfast & Cereal,4.754666666666666,38,178.2,1,Saturday
2025-07-05,S0004,,Candy,2.447222222222222,45,112.41,1,Saturday
2025-07-05,S0004,,Condiments/Sauces/Spices,3.62,45,166.48000000000002,1,Saturday
2025-07-05,S0004,,Dairy & Eggs,3.6113888888888885,78,281.7,1,Saturday
2025-07-05,S0004,,Deli,6.020714285714286,49,296.87,1,Saturday
2025-07-05,S0004,,Frozen Foods,6.565,38,248.46,1,Saturday
2025-07-05,S0004,,Grains and Pasta,2.8714285714285714,10,29.86,1,Saturday
2025-07-05,S0004,,Meat and Seafood,10.021739130434783,27,276.67,1,Saturday
2025-07-05,S0004,,Pet Food,7.992608695652175,34,276.51,1,Saturday
2025-07-05,S0004,,Prepared Meals,8.413666666666666,36,308.8,1,Saturday
2025-07-05,S0004,,Snacks/Cookies/Chips,3.0979120879120883,138,429.68,1,Saturday
2025-07-05,S0005,,Alcohol,12.48276595744681,55,688.25,1,Saturday
2025-07-05,S0005,,Bakery,4.077500000000001,13,55.879999999999995,1,Saturday
2025-07-05,S0005,,Baking,3.4175,14,47.71,1,Saturday
2025-07-05,S0005,,Beverages,3.3305,33,111.58,1,Saturday
2025-07-05,S0005,,Breakfast & Cereal,4.0,17,64.77,1,Saturday
2025-07-05,S0005,,Candy,2.187692307692308,18,40.36,1,Saturday
2025-07-05,S0005,,Condiments/Sauces/Spices,3.115,8,25.15,1,Saturday
2025-07-05,S0005,,Dairy & Eggs,3.480555555555555,60,211.54999999999998,1,Saturday
2025-07-05,S0005,,Deli,6.406000000000001,22,143.7,1,Saturday
2025-07-05,S0005,,Frozen Foods,7.153571428571429,17,124.07,1,Saturday
2025-07-05,S0005,,Grains and Pasta,3.07125,9,28.25,1,Saturday
2025-07-05,S0005,,Meat and Seafood,8.901764705882353,19,171.41,1,Saturday
2025-07-05,S0005,,Pet Food,7.206153846153847,16,113.32,1,Saturday
2025-07-05,S0005,,Prepared Meals,8.52103448275862,35,304.63,1,Saturday
2025-07-05,S0005,,Snacks/Cookies/Chips,3.0648,78,242.44,1,Saturday
2025-07-06,S0001,,Alcohol,12.195128205128205,148,1773.66,1,Sunday
2025-07-06,S0001,,Bakery,3.7325,18,65.66,1,Sunday
2025-07-06,S0001,,Baking,3.781020408163265,59,226.25,1,Sunday
2025-07-06,S0001,,Beverages,3.2074468085106385,69,230.37,1,Sunday
2025-07-06,S0001,,Breakfast & Cereal,4.420238095238095,48,203.72,1,Sunday
2025-07-06,S0001,,Candy,2.4941666666666666,58,138.72,1,Sunday
2025-07-06,S0001,,Condiments/Sauces/Spices,3.5840540540540546,46,164.36,1,Sunday
2025-07-06,S0001,,Dairy & Eggs,3.6256730769230767,121,442.46999999999997,1,Sunday
2025-07-06,S0001,,Deli,6.44625,56,357.68,1,Sunday
2025-07-06,S0001,,Frozen Foods,6.9592307692307696,29,204.66,1,Sunday
2025-07-06,S0001,,Grains and Pasta,2.6075,20,52.58,1,Sunday
2025-07-06,S0001,,Meat and Seafood,9.422972972972975,55,528.71,1,Sunday
2025-07-06,S0001,,Pet Food,7.322727272727272,39,279.1,1,Sunday
2025-07-06,S0001,,Prepared Meals,8.069344262295083,72,578.1,1,Sunday
2025-07-06,S0001,,Snacks/Cookies/Chips,3.2115315315315316,175,582.17,1,Sunday
2025-07-06,S0002,,Alcohol,12.223928571428571,32,386.83,1,Sunday
2025-07-06,S0002,,Bakery,4.355,4,17.42,1,Sunday
2025-07-06,S0002,,Baking,4.3100000000000005,15,64.3,1,Sunday
2025-07-06,S0002,,Beverages,3.19,28,85.16,1,Sunday
2025-07-06,S0002,,Breakfast & Cereal,5.332222222222223,24,125.36,1,Sunday
2025-07-06,S0002,,Candy,2.7205882352941178,18,48.61,1,Sunday
2025-07-06,S0002,,Condiments/Sauces/Spices,3.488181818181818,13,44.76,1,Sunday
2025-07-06,S0002,,Dairy & Eggs,3.633225806451613,39,141.92,1,Sunday
2025-07-06,S0002,,Deli,5.434166666666667,17,94.84,1,Sunday
2025-07-06,S0002,,Frozen Foods,6.846666666666667,21,145.7,1,Sunday
2025-07-06,S0002,,Grains and Pasta,2.482,7,17.99,1,Sunday
2025-07-06,S0002,,Meat and Seafood,8.39875,8,67.2,1,Sunday
2025-07-06,S0002,,Pet Food,7.963571428571428,20,157.43,1,Sunday
2025-07-06,S0002,,Prepared Meals,8.527,11,93.74,1,Sunday
2025-07-06,S0002,,Snacks/Cookies/Chips,3.297916666666667,40,133.3,1,Sunday
2025-07-06,S0003,,Alcohol,12.086400000000001,53,637.75,1,Sunday
2025-07-06,S0003,,Bakery,4.712999999999999,11,52.010000000000005,1,Sunday
2025-07-06,S0003,,Baking,3.8151515151515154,45,171.96,1,Sunday
2025-07-06,S0003,,Beverages,3.15125,26,81.58,1,Sunday
2025-07-06,S0003,,Breakfast & Cereal,4.5765,23,101.7,1,Sunday
2025-07-06,S0003,,Candy,2.406071428571429,36,87.63,1,Sunday
2025-07-06,S0003,,Condiments/Sauces/Spices,3.58578947368421,23,82.69,1,Sunday
2025-07-06,S0003,,Dairy & Eggs,3.3025454545454545,72,235.99,1,Sunday
2025-07-06,S0003,,Deli,5.964782608695652,25,150.89,1,Sunday
2025-07-06,S0003,,Frozen Foods,6.966111111111111,22,144.92,1,Sunday
2025-07-06,S0003,,Grains and Pasta,2.317142857142857,8,18.08,1,Sunday
2025-07-06,S0003,,Meat and Seafood,8.601764705882353,20,174.58,1,Sunday
2025-07-06,S0003,,Pet Food,6.9885,26,174.49,1,Sunday
2025-07-06,S0003,,Prepared Meals,7.608666666666666,25,187.13,1,Sunday
2025-07-06,S0003,,Snacks/Cookies/Chips,3.263214285714286,90,295.6,1,Sunday
2025-07-06,S0004,,Alcohol,12.67086956521739,78,986.09,1,Sunday
2025-07-06,S0004,,Bakery,3.086,5,15.45,1,Sunday
2025-07-06,S0004,,Baking,3.5384615384615383,28,102.06,1,Sunday
2025-07-06,S0004,,Beverages,3.2876470588235294,58,199.03,1,Sunday
2025-07-06,S0004,,Breakfast & Cereal,4.5535000000000005,29,134.73,1,Sunday
2025-07-06,S0004,,Candy,2.452962962962963,41,100.81,1,Sunday
2025-07-06,S0004,,Condiments/Sauces/Spices,3.4050000000000002,34,115.86,1,Sunday
2025-07-06,S0004,,Dairy & Eggs,3.525714285714286,80,279.39,1,Sunday
2025-07-06,S0004,,Deli,5.9008,34,195.09,1,Sunday
2025-07-06,S0004,,Frozen Foods,7.301724137931035,30,219.06,1,Sunday
2025-07-06,S0004,,Grains and Pasta,2.7716666666666665,14,38.44,1,Sunday
2025-07-06,S0004,,Meat and Seafood,9.115882352941176,17,154.78,1,Sunday
2025-07-06,S0004,,Pet Food,7.990909090909091,32,252.62,1,Sunday
2025-07-06,S0004,,Prepared Meals,8.837272727272728,40,363.32,1,Sunday
2025-07-06,S0004,,Snacks/Cookies/Chips,3.168888888888889,87,279.23,1,Sunday
2025-07-06,S0005,,Alcohol,11.905909090909091,61,727.46,1,Sunday
2025-07-06,S0005,,Bakery,3.4425,5,16.14,1,Sunday
2025-07-06,S0005,,Baking,3.707692307692308,15,56.38,1,Sunday
2025-07-06,S0005,,Beverages,3.4274999999999998,15,52.39,1,Sunday
2025-07-06,S0005,,Breakfast & Cereal,4.89,25,119.53,1,Sunday
2025-07-06,S0005,,Candy,2.6194117647058826,22,53.0,1,Sunday
2025-07-06,S0005,,Condiments/Sauces/Spices,3.591875,18,63.51,1,Sunday
2025-07-06,S0005,,Dairy & Eggs,3.596904761904762,51,188.87,1,Sunday
2025-07-06,S0005,,Deli,6.376,21,136.61,1,Sunday
2025-07-06,S0005,,Frozen Foods,6.659999999999999,18,120.28999999999999,1,Sunday
2025-07-06,S0005,,Grains and Pasta,2.6390000000000002,12,30.22,1,Sunday
2025-07-06,S0005,,Meat and Seafood,9.881333333333334,15,148.06,1,Sunday
2025-07-06,S0005,,Pet Food,7.8045,30,237.07999999999998,1,Sunday
2025-07-06,S0005,,Prepared Meals,7.823529411764706,17,133.32999999999998,1,Sunday
2025-07-06,S0005,,Snacks/Cookies/Chips,2.943454545454545,86,256.31,1,Sunday
2025-07-07,S0001,,Alcohol,11.72109756097561,112,1342.59,1,Monday
2025-07-07,S0001,,Bakery,3.4159999999999995,23,78.99000000000001,1,Monday
2025-07-07,S0001,,Baking,3.213846153846154,23,68.62,1,Monday
2025-07-07,S0001,,Beverages,3.3731707317073174,54,184.95,1,Monday
2025-07-07,S0001,,Breakfast & Cereal,5.043939393939394,47,253.96,1,Monday
2025-07-07,S0001,,Candy,2.4751612903225806,33,81.54,1,Monday
2025-07-07,S0001,,Condiments/Sauces/Spices,3.685625,39,142.15,1,Monday
2025-07-07,S0001,,Dairy & Eggs,3.442,67,225.31,1,Monday
2025-07-07,S0001,,Deli,5.824594594594594,40,232.7,1,Monday
2025-07-07,S0001,,Frozen Foods,6.9796000000000005,31,217.48,1,Monday
2025-07-07,S0001,,Grains and Pasta,2.4684999999999997,22,55.71,1,Monday
2025-07-07,S0001,,Meat and Seafood,9.132916666666667,24,219.62,1,Monday
2025-07-07,S0001,,Pet Food,8.4675,37,317.08,1,Monday
2025-07-07,S0001,,Prepared Meals,9.020526315789473,19,171.41,1,Monday
2025-07-07,S0001,,Snacks/Cookies/Chips,3.1984337349397594,142,445.94,1,Monday
2025-07-07,S0002,,Alcohol,12.205454545454545,30,349.58,1,Monday
2025-07-07,S0002,,Bakery,3.945,4,15.83,1,Monday
2025-07-07,S0002,,Baking,3.64,14,49.29,1,Monday
2025-07-07,S0002,,Beverages,3.432,15,52.63,1,Monday
2025-07-07,S0002,,Breakfast & Cereal,5.2125,12,67.26,1,Monday
2025-07-07,S0002,,Candy,2.415,9,21.92,1,Monday
2025-07-07,S0002,,Condiments/Sauces/Spices,3.691111111111111,10,36.34,1,Monday
2025-07-07,S0002,,Dairy & Eggs,3.7386666666666666,35,133.17,1,Monday
2025-07-07,S0002,,Deli,7.072857142857143,7,49.46,1,Monday
2025-07-07,S0002,,Frozen Foods,6.668888888888889,11,74.1,1,Monday
2025-07-07,S0002,,Grains and Pasta,2.316666666666667,6,13.89,1,Monday
2025-07-07,S0002,,Meat and Seafood,8.49,17,137.74,1,Monday
2025-07-07,S0002,,Pet Food,7.71,14,112.55,1,Monday
2025-07-07,S0002,,Prepared Meals,6.723076923076923,21,134.28,1,Monday
2025-07-07,S0002,,Snacks/Cookies/Chips,3.1115384615384616,22,70.27,1,Monday
2025-07-07,S0003,,Alcohol,11.981,52,623.94,1,Monday
2025-07-07,S0003,,Bakery,4.94,2,9.9,1,Monday
2025-07-07,S0003,,Baking,3.783333333333333,13,49.8,1,Monday
2025-07-07,S0003,,Beverages,3.5928571428571425,20,72.46,1,Monday
2025-07-07,S0003,,Breakfast & Cereal,4.31,23,95.84,1,Monday
2025-07-07,S0003,,Candy,2.2205555555555554,21,46.7,1,Monday
2025-07-07,S0003,,Condiments/Sauces/Spices,3.64,16,58.06,1,Monday
2025-07-07,S0003,,Dairy & Eggs,3.3912500000000003,44,149.97,1,Monday
2025-07-07,S0003,,Deli,5.599166666666666,12,67.26,1,Monday
2025-07-07,S0003,,Frozen Foods,6.905,17,115.32,1,Monday
2025-07-07,S0003,,Grains and Pasta,2.3600000000000003,2,4.74,1,Monday
2025-07-07,S0003,,Meat and Seafood,10.408235294117647,23,250.47,1,Monday
2025-07-07,S0003,,Pet Food,8.079473684210527,28,217.11,1,Monday
2025-07-07,S0003,,Prepared Meals,8.404,32,280.33,1,Monday
2025-07-07,S0003,,Snacks/Cookies/Chips,3.0790909090909087,63,196.29,1,Monday
2025-07-07,S0004,,Alcohol,11.442954545454546,48,545.28,1,Monday
2025-07-07,S0004,,Bakery,4.618,12,53.760000000000005,1,Monday
2025-07-07,S0004,,Baking,4.095185185185185,27,110.76,1,Monday
2025-07-07,S0004,,Beverages,3.6446666666666667,54,203.22,1,Monday
2025-07-07,S0004,,Breakfast & Cereal,4.5112499999999995,16,72.16,1,Monday
2025-07-07,S0004,,Candy,2.53962962962963,33,82.86,1,Monday
2025-07-07,S0004,,Condiments/Sauces/Spices,3.670588235294118,25,92.17,1,Monday
2025-07-07,S0004,,Dairy & Eggs,3.7390243902439027,49,177.74,1,Monday
2025-07-07,S0004,,Deli,5.50375,21,119.44,1,Monday
2025-07-07,S0004,,Frozen Foods,6.995789473684211,22,149.72,1,Monday
2025-07-07,S0004,,Grains and Pasta,2.2577777777777777,12,27.1,1,Monday
2025-07-07,S0004,,Meat and Seafood,9.721052631578948,20,198.57,1,Monday
2025-07-07,S0004,,Pet Food,8.371333333333334,28,233.93,1,Monday
2025-07-07,S0004,,Prepared Meals,8.362777777777778,20,167.94,1,Monday
2025-07-07,S0004,,Snacks/Cookies/Chips,3.1219444444444444,114,365.69,1,Monday
2025-07-07,S0005,,Alcohol,11.706999999999999,37,434.95,1,Monday
2025-07-07,S0005,,Bakery,3.93,4,15.719999999999999,1,Monday
2025-07-07,S0005,,Baking,4.02625,9,35.38,1,Monday
2025-07-07,S0005,,Beverages,3.393333333333333,10,34.04,1,Monday
2025-07-07,S0005,,Breakfast & Cereal,4.4157142857142855,9,40.19,1,Monday
2025-07-07,S0005,,Candy,2.715,14,37.48,1,Monday
2025-07-07,S0005,,Condiments/Sauces/Spices,3.517692307692308,16,56.01,1,Monday
2025-07-07,S0005,,Dairy & Eggs,3.5127027027027027,39,139.67,1,Monday
2025-07-07,S0005,,Deli,6.374166666666667,18,109.46,1,Monday
2025-07-07,S0005,,Frozen Foods,7.165,6,43.0,1,Monday
2025-07-07,S0005,,Grains and Pasta,1.906666666666667,3,5.73,1,Monday
2025-07-07,S0005,,Meat and Seafood,8.9225,11,98.37,1,Monday
2025-07-07,S0005,,Pet Food,6.981428571428571,11,74.72999999999999,1,Monday
2025-07-07,S0005,,Prepared Meals,7.42952380952381,23,172.27,1,Monday
2025-07-07,S0005,,Snacks/Cookies/Chips,3.158823529411765,51,161.44,1,Monday
2025-07-08,S0001,,Alcohol,12.039545454545454,112,1335.02,1,Tuesday
2025-07-08,S0001,,Bakery,3.6633333333333336,12,44.04,1,Tuesday
2025-07-08,S0001,,Baking,3.6415151515151516,49,166.28,1,Tuesday
2025-07-08,S0001,,Beverages,2.9997435897435896,53,171.33,1,Tuesday
2025-07-08,S0001,,Breakfast & Cereal,4.559189189189189,44,196.74,1,Tuesday
2025-07-08,S0001,,Candy,2.3688095238095235,46,110.03,1,Tuesday
2025-07-08,S0001,,Condiments/Sauces/Spices,4.058064516129032,37,147.78,1,Tuesday
2025-07-08,S0001,,Dairy & Eggs,3.4545454545454546,115,387.55,1,Tuesday
2025-07-08,S0001,,Deli,5.9206666666666665,40,237.32999999999998,1,Tuesday
2025-07-08,S0001,,Frozen Foods,7.472307692307693,40,291.97999999999996,1,Tuesday
2025-07-08,S0001,,Grains and Pasta,2.2883333333333336,14,31.5,1,Tuesday
2025-07-08,S0001,,Meat and Seafood,7.985294117647059,21,169.04999999999998,1,Tuesday
2025-07-08,S0001,,Pet Food,7.02741935483871,37,254.57,1,Tuesday
2025-07-08,S0001,,Prepared Meals,8.731290322580646,33,291.66,1,Tuesday
2025-07-08,S0001,,Snacks/Cookies/Chips,3.133153153153153,153,482.39,1,Tuesday
2025-07-08,S0002,,Alcohol,12.516451612903225,40,489.7,1,Tuesday
2025-07-08,S0002,,Bakery,3.5250000000000004,6,18.87,1,Tuesday
2025-07-08,S0002,,Baking,3.696363636363636,12,44.76,1,Tuesday
2025-07-08,S0002,,Beverages,3.42,12,40.14,1,Tuesday
2025-07-08,S0002,,Breakfast & Cereal,4.055,11,42.44,1,Tuesday
2025-07-08,S0002,,Candy,2.404285714285714,9,22.34,1,Tuesday
2025-07-08,S0002,,Condiments/Sauces/Spices,3.6744444444444446,11,40.05,1,Tuesday
2025-07-08,S0002,,Dairy & Eggs,3.1314285714285717,17,52.06,1,Tuesday
2025-07-08,S0002,,Deli,6.819999999999999,10,67.56,1,Tuesday
2025-07-08,S0002,,Frozen Foods,6.131666666666667,19,111.85,1,Tuesday
2025-07-08,S0002,,Grains and Pasta,2.095,2,4.19,1,Tuesday
2025-07-08,S0002,,Meat and Seafood,8.737,10,87.59,1,Tuesday
2025-07-08,S0002,,Pet Food,6.74125,8,53.99,1,Tuesday
2025-07-08,S0002,,Prepared Meals,7.78,12,93.3,1,Tuesday
2025-07-08,S0002,,Snacks/Cookies/Chips,3.2064999999999997,30,97.44999999999999,1,Tuesday
2025-07-08,S0003,,Alcohol,12.619166666666667,63,793.0,1,Tuesday
2025-07-08,S0003,,Bakery,3.6692307692307695,13,47.73,1,Tuesday
2025-07-08,S0003,,Baking,3.9936842105263155,25,99.99,1,Tuesday
2025-07-08,S0003,,Beverages,3.3475,24,80.88,1,Tuesday
2025-07-08,S0003,,Breakfast & Cereal,4.683333333333334,13,59.11,1,Tuesday
2025-07-08,S0003,,Candy,2.511578947368421,27,67.67,1,Tuesday
2025-07-08,S0003,,Condiments/Sauces/Spices,3.5575,17,61.74,1,Tuesday
2025-07-08,S0003,,Dairy & Eggs,3.431590909090909,51,176.39000000000001,1,Tuesday
2025-07-08,S0003,,Deli,5.917692307692308,15,94.96000000000001,1,Tuesday
2025-07-08,S0003,,Frozen Foods,6.84,29,203.59,1,Tuesday
2025-07-08,S0003,,Grains and Pasta,2.7199999999999998,7,18.13,1,Tuesday
2025-07-08,S0003,,Meat and Seafood,9.852,22,228.29,1,Tuesday
2025-07-08,S0003,,Pet Food,7.313333333333333,28,196.7,1,Tuesday
2025-07-08,S0003,,Prepared Meals,8.904,16,138.72,1,Tuesday
2025-07-08,S0003,,Snacks/Cookies/Chips,3.2376363636363634,79,260.18,1,Tuesday
2025-07-08,S0004,,Alcohol,11.837627118644066,78,936.99,1,Tuesday
2025-07-08,S0004,,Bakery,3.52625,10,35.38,1,Tuesday
2025-07-08,S0004,,Baking,3.9382352941176473,19,76.27,1,Tuesday
2025-07-08,S0004,,Beverages,2.6558333333333333,17,49.12,1,Tuesday
2025-07-08,S0004,,Breakfast & Cereal,4.929047619047619,23,115.53,1,Tuesday
2025-07-08,S0004,,Candy,2.490714285714286,18,43.5,1,Tuesday
2025-07-08,S0004,,Condiments/Sauces/Spices,3.735,21,76.06,1,Tuesday
2025-07-08,S0004,,Dairy & Eggs,3.4653731343283583,86,294.81,1,Tuesday
2025-07-08,S0004,,Deli,5.445625,22,121.31,1,Tuesday
2025-07-08,S0004,,Frozen Foods,6.596470588235294,17,112.32,1,Tuesday
2025-07-08,S0004,,Grains and Pasta,2.924545454545455,13,38.91,1,Tuesday
2025-07-08,S0004,,Meat and Seafood,9.132000000000001,23,211.26,1,Tuesday
2025-07-08,S0004,,Pet Food,7.4225,39,285.62,1,Tuesday
2025-07-08,S0004,,Prepared Meals,8.357727272727272,31,248.71,1,Tuesday
2025-07-08,S0004,,Snacks/Cookies/Chips,3.153,83,265.87,1,Tuesday
2025-07-08,S0005,,Alcohol,11.910277777777777,55,659.61,1,Tuesday
2025-07-08,S0005,,Bakery,3.9539999999999997,13,50.39,1,Tuesday
2025-07-08,S0005,,Baking,3.4859999999999998,19,65.08,1,Tuesday
2025-07-08,S0005,,Beverages,3.03125,26,80.65,1,Tuesday
2025-07-08,S0005,,Breakfast & Cereal,4.4561111111111105,18,80.19,1,Tuesday
2025-07-08,S0005,,Candy,2.225333333333333,20,44.07,1,Tuesday
2025-07-08,S0005,,Condiments/Sauces/Spices,3.5914285714285716,24,85.04,1,Tuesday
2025-07-08,S0005,,Dairy & Eggs,3.3259999999999996,48,165.65,1,Tuesday
2025-07-08,S0005,,Deli,6.3082352941176465,26,154.84,1,Tuesday
2025-07-08,S0005,,Frozen Foods,6.713888888888889,24,154.69,1,Tuesday
2025-07-08,S0005,,Grains and Pasta,2.305,8,17.63,1,Tuesday
2025-07-08,S0005,,Meat and Seafood,9.338461538461539,18,167.56,1,Tuesday
2025-07-08,S0005,,Pet Food,8.812000000000001,22,190.46,1,Tuesday
2025-07-08,S0005,,Prepared Meals,7.668181818181818,11,84.54,1,Tuesday
2025-07-08,S0005,,Snacks/Cookies/Chips,3.1963888888888885,59,189.23,1,Tuesday
2025-07-09,S0001,,Alcohol,12.171645569620255,83,1006.4,1,Wednesday
2025-07-09,S0001,,Bakery,4.09,21,81.88,1,Wednesday
2025-07-09,S0001,,Baking,3.7010714285714283,42,152.26,1,Wednesday
2025-07-09,S0001,,Beverages,3.3476470588235294,74,253.99,1,Wednesday
2025-07-09,S0001,,Breakfast & Cereal,4.328095238095238,25,104.05,1,Wednesday
2025-07-09,S0001,,Candy,2.496923076923077,70,176.68,1,Wednesday
2025-07-09,S0001,,Condiments/Sauces/Spices,3.6446875,41,154.02,1,Wednesday
2025-07-09,S0001,,Dairy & Eggs,3.6783636363636365,150,529.48,1,Wednesday
2025-07-09,S0001,,Deli,5.949583333333333,56,325.38,1,Wednesday
2025-07-09,S0001,,Frozen Foods,6.296279069767442,45,283.65,1,Wednesday
2025-07-09,S0001,,Grains and Pasta,2.496,15,37.46,1,Wednesday
2025-07-09,S0001,,Meat and Seafood,9.374545454545455,41,394.56,1,Wednesday
2025-07-09,S0001,,Pet Food,7.489199999999999,32,231.6,1,Wednesday
2025-07-09,S0001,,Prepared Meals,8.783695652173913,56,493.31,1,Wednesday
2025-07-09,S0001,,Snacks/Cookies/Chips,3.1945081967213116,186,593.46,1,Wednesday
2025-07-09,S0002,,Alcohol,12.371785714285712,34,408.02,1,Wednesday
2025-07-09,S0002,,Bakery,4.195,6,22.7,1,Wednesday
2025-07-09,S0002,,Baking,3.56625,10,34.94,1,Wednesday
2025-07-09,S0002,,Beverages,3.2223076923076923,18,61.44,1,Wednesday
2025-07-09,S0002,,Breakfast & Cereal,5.167,11,59.43,1,Wednesday
2025-07-09,S0002,,Candy,2.7014285714285715,9,24.28,1,Wednesday
2025-07-09,S0002,,Condiments/Sauces/Spices,4.2975,15,62.09,1,Wednesday
2025-07-09,S0002,,Dairy & Eggs,3.6546666666666665,31,113.66,1,Wednesday
2025-07-09,S0002,,Deli,6.37,5,31.77,1,Wednesday
2025-07-09,S0002,,Frozen Foods,7.1925,12,83.87,1,Wednesday
2025-07-09,S0002,,Grains and Pasta,2.5216666666666665,10,24.04,1,Wednesday
2025-07-09,S0002,,Meat and Seafood,8.847777777777777,12,108.19,1,Wednesday
2025-07-09,S0002,,Pet Food,8.33125,15,121.23,1,Wednesday
2025-07-09,S0002,,Prepared Meals,8.791875,16,140.72,1,Wednesday
2025-07-09,S0002,,Snacks/Cookies/Chips,3.164545454545454,54,173.02,1,Wednesday
2025-07-09,S0003,,Alcohol,12.261470588235294,41,500.78,1,Wednesday
2025-07-09,S0003,,Bakery,3.65,6,21.900000000000002,1,Wednesday
2025-07-09,S0003,,Baking,3.5853333333333333,16,55.78,1,Wednesday
2025-07-09,S0003,,Beverages,3.4504347826086956,43,151.19,1,Wednesday
2025-07-09,S0003,,Breakfast & Cereal,4.796666666666667,17,80.84,1,Wednesday
2025-07-09,S0003,,Candy,2.58,28,70.25999999999999,1,Wednesday
2025-07-09,S0003,,Condiments/Sauces/Spices,3.5427999999999997,28,97.93,1,Wednesday
2025-07-09,S0003,,Dairy & Eggs,3.3438,56,190.38,1,Wednesday
2025-07-09,S0003,,Deli,5.9335,26,150.92,1,Wednesday
2025-07-09,S0003,,Frozen Foods,7.1778571428571425,17,120.46000000000001,1,Wednesday
2025-07-09,S0003,,Grains and Pasta,2.7049999999999996,11,29.919999999999998,1,Wednesday
2025-07-09,S0003,,Meat and Seafood,8.691333333333334,17,142.59,1,Wednesday
2025-07-09,S0003,,Pet Food,7.397222222222222,28,224.18,1,Wednesday
2025-07-09,S0003,,Prepared Meals,7.9295,23,184.68,1,Wednesday
2025-07-09,S0003,,Snacks/Cookies/Chips,3.1914516129032258,88,282.11,1,Wednesday
2025-07-09,S0004,,Alcohol,12.597966101694915,72,906.02,1,Wednesday
2025-07-09,S0004,,Bakery,4.39375,9,41.09,1,Wednesday
2025-07-09,S0004,,Baking,3.9354545454545455,25,96.07000000000001,1,Wednesday
2025-07-09,S0004,,Beverages,3.2566666666666664,21,67.76,1,Wednesday
2025-07-09,S0004,,Breakfast & Cereal,4.4924,34,153.68,1,Wednesday
2025-07-09,S0004,,Candy,2.277647058823529,25,55.8,1,Wednesday
2025-07-09,S0004,,Condiments/Sauces/Spices,3.6123333333333334,42,153.14,1,Wednesday
2025-07-09,S0004,,Dairy & Eggs,3.576851851851852,64,229.5,1,Wednesday
2025-07-09,S0004,,Deli,5.610399999999999,31,172.25,1,Wednesday
2025-07-09,S0004,,Frozen Foods,6.926875,18,125.50999999999999,1,Wednesday
2025-07-09,S0004,,Grains and Pasta,2.5555555555555554,11,29.52,1,Wednesday
2025-07-09,S0004,,Meat and Seafood,8.680952380952382,25,219.71,1,Wednesday
2025-07-09,S0004,,Pet Food,7.8988,32,248.78,1,Wednesday
2025-07-09,S0004,,Prepared Meals,7.977878787878788,42,341.07,1,Wednesday
2025-07-09,S0004,,Snacks/Cookies/Chips,3.0938333333333334,81,251.3,1,Wednesday
2025-07-09,S0005,,Alcohol,12.59741935483871,38,482.38,1,Wednesday
2025-07-09,S0005,,Bakery,4.42,6,26.53,1,Wednesday
2025-07-09,S0005,,Baking,3.669166666666667,14,52.09,1,Wednesday
2025-07-09,S0005,,Beverages,3.2975,23,73.09,1,Wednesday
2025-07-09,S0005,,Breakfast & Cereal,4.421428571428572,8,35.260000000000005,1,Wednesday
2025-07-09,S0005,,Candy,2.579230769230769,15,37.8,1,Wednesday
2025-07-09,S0005,,Condiments/Sauces/Spices,3.4564285714285714,20,65.46,1,Wednesday
2025-07-09,S0005,,Dairy & Eggs,3.586578947368421,49,171.92,1,Wednesday
2025-07-09,S0005,,Deli,6.268,20,125.39999999999999,1,Wednesday
2025-07-09,S0005,,Frozen Foods,6.796666666666667,15,101.93,1,Wednesday
2025-07-09,S0005,,Grains and Pasta,2.8066666666666666,9,25.16,1,Wednesday
2025-07-09,S0005,,Meat and Seafood,9.747619047619047,28,258.94,1,Wednesday
2025-07-09,S0005,,Pet Food,6.286,16,99.11,1,Wednesday
2025-07-09,S0005,,Prepared Meals,8.032666666666668,19,149.56,1,Wednesday
2025-07-09,S0005,,Snacks/Cookies/Chips,3.076578947368421,67,211.13,1,Wednesday
2025-07-10,S0001,,Alcohol,11.707247706422018,136,1607.84,1,Thursday
2025-07-10,S0001,,Bakery,4.032222222222222,18,72.66,1,Thursday
2025-07-10,S0001,,Baking,3.7229166666666664,52,194.85,1,Thursday
2025-07-10,S0001,,Beverages,3.36725,61,205.52,1,Thursday
2025-07-10,S0001,,Breakfast & Cereal,4.647272727272727,63,288.43,1,Thursday
2025-07-10,S0001,,Candy,2.3724999999999996,33,78.01,1,Thursday
2025-07-10,S0001,,Condiments/Sauces/Spices,3.4875862068965517,37,131.91,1,Thursday
2025-07-10,S0001,,Dairy & Eggs,3.576931818181818,109,400.77,1,Thursday
2025-07-10,S0001,,Deli,5.620869565217391,56,324.42,1,Thursday
2025-07-10,S0001,,Frozen Foods,7.127999999999999,58,418.3,1,Thursday
2025-07-10,S0001,,Grains and Pasta,2.941818181818182,24,66.49,1,Thursday
2025-07-10,S0001,,Meat and Seafood,9.162592592592594,29,265.07,1,Thursday
2025-07-10,S0001,,Pet Food,8.035,38,281.79,1,Thursday
2025-07-10,S0001,,Prepared Meals,8.287586206896552,31,257.65,1,Thursday
2025-07-10,S0001,,Snacks/Cookies/Chips,3.079642857142857,127,391.65,1,Thursday
2025-07-10,S0002,,Alcohol,12.473333333333333,17,214.84,1,Thursday
2025-07-10,S0002,,Bakery,3.7325,4,14.88,1,Thursday
2025-07-10,S0002,,Baking,3.7660000000000005,11,41.68,1,Thursday
2025-07-10,S0002,,Beverages,3.5646153846153847,20,70.68,1,Thursday
2025-07-10,S0002,,Breakfast & Cereal,4.45,13,57.97,1,Thursday
2025-07-10,S0002,,Candy,2.586,11,28.21,1,Thursday
2025-07-10,S0002,,Condiments/Sauces/Spices,3.606666666666667,13,47.81,1,Thursday
2025-07-10,S0002,,Dairy & Eggs,3.4496774193548387,35,122.8,1,Thursday
2025-07-10,S0002,,Deli,5.7155555555555555,12,69.09,1,Thursday
2025-07-10,S0002,,Frozen Foods,7.085833333333333,16,112.15,1,Thursday
2025-07-10,S0002,,Grains and Pasta,3.66,1,3.65,1,Thursday
2025-07-10,S0002,,Meat and Seafood,9.25,1,9.27,1,Thursday
2025-07-10,S0002,,Pet Food,7.80076923076923,16,125.46,1,Thursday
2025-07-10,S0002,,Prepared Meals,8.739999999999998,15,130.73000000000002,1,Thursday
2025-07-10,S0002,,Snacks/Cookies/Chips,3.131612903225806,51,159.18,1,Thursday
2025-07-10,S0003,,Alcohol,12.0102,71,850.6,1,Thursday
2025-07-10,S0003,,Bakery,5.125,6,29.57,1,Thursday
2025-07-10,S0003,,Baking,3.48125,20,67.25,1,Thursday
2025-07-10,S0003,,Beverages,3.2572222222222225,23,76.64999999999999,1,Thursday
2025-07-10,S0003,,Breakfast & Cereal,4.7405,23,108.3,1,Thursday
2025-07-10,S0003,,Candy,2.449047619047619,28,70.66,1,Thursday
2025-07-10,S0003,,Condiments/Sauces/Spices,3.9166666666666665,21,82.65,1,Thursday
2025-07-10,S0003,,Dairy & Eggs,3.6308510638297875,56,206.0,1,Thursday
2025-07-10,S0003,,Deli,5.3,27,143.74,1,Thursday
2025-07-10,S0003,,Frozen Foods,6.132857142857143,14,85.94,1,Thursday
2025-07-10,S0003,,Grains and Pasta,3.1733333333333333,3,9.55,1,Thursday
2025-07-10,S0003,,Meat and Seafood,10.012857142857143,16,158.01,1,Thursday
2025-07-10,S0003,,Pet Food,8.046428571428573,23,184.94,1,Thursday
2025-07-10,S0003,,Prepared Meals,8.658333333333333,33,290.57,1,Thursday
2025-07-10,S0003,,Snacks/Cookies/Chips,3.1223529411764708,72,227.1,1,Thursday
2025-07-10,S0004,,Alcohol,11.534545454545453,67,760.84,1,Thursday
2025-07-10,S0004,,Bakery,4.4159999999999995,10,44.12,1,Thursday
2025-07-10,S0004,,Baking,3.8095652173913046,30,115.87,1,Thursday
2025-07-10,S0004,,Beverages,3.2726315789473683,26,80.53,1,Thursday
2025-07-10,S0004,,Breakfast & Cereal,4.8668000000000005,29,140.8,1,Thursday
2025-07-10,S0004,,Candy,2.486086956521739,29,70.72,1,Thursday
2025-07-10,S0004,,Condiments/Sauces/Spices,3.508095238095238,28,96.36,1,Thursday
2025-07-10,S0004,,Dairy & Eggs,3.5754216867469877,101,357.83,1,Thursday
2025-07-10,S0004,,Deli,6.386818181818182,26,165.24,1,Thursday
2025-07-10,S0004,,Frozen Foods,7.260869565217392,26,188.54,1,Thursday
2025-07-10,S0004,,Grains and Pasta,2.5707692307692307,17,43.56,1,Thursday
2025-07-10,S0004,,Meat and Seafood,8.746666666666666,26,222.78,1,Thursday
2025-07-10,S0004,,Pet Food,7.875882352941176,26,210.97,1,Thursday
2025-07-10,S0004,,Prepared Meals,8.491923076923076,32,270.49,1,Thursday
2025-07-10,S0004,,Snacks/Cookies/Chips,3.2256944444444446,118,373.11,1,Thursday
2025-07-10,S0005,,Alcohol,12.099729729729729,45,556.45,1,Thursday
2025-07-10,S0005,,Bakery,4.324,7,29.5,1,Thursday
2025-07-10,S0005,,Baking,3.307777777777778,12,39.97,1,Thursday
2025-07-10,S0005,,Beverages,3.2775,27,90.24,1,Thursday
2025-07-10,S0005,,Breakfast & Cereal,4.576875,18,83.51,1,Thursday
2025-07-10,S0005,,Candy,2.5777777777777775,20,52.92,1,Thursday
2025-07-10,S0005,,Condiments/Sauces/Spices,3.571666666666667,24,84.08,1,Thursday
2025-07-10,S0005,,Dairy & Eggs,3.3983333333333334,54,183.57,1,Thursday
2025-07-10,S0005,,Deli,6.242142857142857,16,101.57000000000001,1,Thursday
2025-07-10,S0005,,Frozen Foods,6.711176470588235,17,114.04,1,Thursday
2025-07-10,S0005,,Grains and Pasta,2.857142857142857,8,22.3,1,Thursday
2025-07-10,S0005,,Meat and Seafood,9.105,14,127.3,1,Thursday
2025-07-10,S0005,,Pet Food,7.493333333333334,33,251.63,1,Thursday
2025-07-10,S0005,,Prepared Meals,7.859444444444445,20,152.64,1,Thursday
2025-07-10,S0005,,Snacks/Cookies/Chips,3.1609523809523807,62,202.83,1,Thursday
2025-07-11,S0001,,Alcohol,12.249363636363636,146,1796.73,1,Friday
2025-07-11,S0001,,Bakery,3.933846153846154,21,80.77,1,Friday
2025-07-11,S0001,,Baking,4.016764705882353,36,142.62,1,Friday
2025-07-11,S0001,,Beverages,3.7528260869565218,64,232.76,1,Friday
2025-07-11,S0001,,Breakfast & Cereal,4.81093023255814,59,293.49,1,Friday
2025-07-11,S0001,,Candy,2.446046511627907,45,113.01,1,Friday
2025-07-11,S0001,,Condiments/Sauces/Spices,3.8200000000000003,38,148.82999999999998,1,Friday
2025-07-11,S0001,,Dairy & Eggs,3.6267045454545452,110,381.31,1,Friday
2025-07-11,S0001,,Deli,5.976388888888889,44,269.5,1,Friday
2025-07-11,S0001,,Frozen Foods,6.860888888888889,45,308.5,1,Friday
2025-07-11,S0001,,Grains and Pasta,2.6253333333333333,44,119.75999999999999,1,Friday
2025-07-11,S0001,,Meat and Seafood,8.722000000000001,61,536.74,1,Friday
2025-07-11,S0001,,Pet Food,7.241875,51,368.08,1,Friday
2025-07-11,S0001,,Prepared Meals,8.036875,66,561.01,1,Friday
2025-07-11,S0001,,Snacks/Cookies/Chips,3.0141525423728814,170,509.94,1,Friday
2025-07-11,S0002,,Alcohol,11.157878787878786,35,386.98,1,Friday
2025-07-11,S0002,,Bakery,4.77,2,9.55,1,Friday
2025-07-11,S0002,,Baking,4.076,12,49.22,1,Friday
2025-07-11,S0002,,Beverages,3.530909090909091,16,57.53,1,Friday
2025-07-11,S0002,,Breakfast & Cereal,4.663,13,61.59,1,Friday
2025-07-11,S0002,,Candy,2.677777777777778,20,53.1,1,Friday
2025-07-11,S0002,,Condiments/Sauces/Spices,3.7853846153846153,16,57.36,1,Friday
2025-07-11,S0002,,Dairy & Eggs,3.5689655172413794,39,139.64,1,Friday
2025-07-11,S0002,,Deli,6.309230769230769,15,95.3,1,Friday
2025-07-11,S0002,,Frozen Foods,6.749166666666667,16,102.22999999999999,1,Friday
2025-07-11,S0002,,Grains and Pasta,3.34,9,28.41,1,Friday
2025-07-11,S0002,,Meat and Seafood,9.930000000000001,16,158.07,1,Friday
2025-07-11,S0002,,Pet Food,8.852222222222222,13,108.81,1,Friday
2025-07-11,S0002,,Prepared Meals,8.554615384615385,16,135.57,1,Friday
2025-07-11,S0002,,Snacks/Cookies/Chips,3.0462962962962963,40,122.13,1,Friday
2025-07-11,S0003,,Alcohol,12.157380952380953,53,646.19,1,Friday
2025-07-11,S0003,,Bakery,3.3716666666666666,6,20.24,1,Friday
2025-07-11,S0003,,Baking,3.5741379310344827,32,115.02,1,Friday
2025-07-11,S0003,,Beverages,3.1958823529411764,28,92.54,1,Friday
2025-07-11,S0003,,Breakfast & Cereal,4.248421052631579,26,110.21000000000001,1,Friday
2025-07-11,S0003,,Candy,2.4025,25,58.879999999999995,1,Friday
2025-07-11,S0003,,Condiments/Sauces/Spices,3.9573684210526316,23,90.3,1,Friday
2025-07-11,S0003,,Dairy & Eggs,3.4814285714285718,72,245.84,1,Friday
2025-07-11,S0003,,Deli,5.8112,29,169.19,1,Friday
2025-07-11,S0003,,Frozen Foods,7.110434782608695,28,202.60999999999999,1,Friday
2025-07-11,S0003,,Grains and Pasta,2.53625,12,32.04,1,Friday
2025-07-11,S0003,,Meat and Seafood,8.822307692307692,15,130.36,1,Friday
2025-07-11,S0003,,Pet Food,7.889230769230769,21,166.3,1,Friday
2025-07-11,S0003,,Prepared Meals,9.094,38,345.18,1,Friday
2025-07-11,S0003,,Snacks/Cookies/Chips,3.2554901960784313,78,261.38,1,Friday
2025-07-11,S0004,,Alcohol,11.849516129032258,68,782.15,1,Friday
2025-07-11,S0004,,Bakery,3.8187499999999996,12,46.33,1,Friday
2025-07-11,S0004,,Baking,3.8052941176470587,43,163.06,1,Friday
2025-07-11,S0004,,Beverages,3.010869565217391,28,82.76,1,Friday
2025-07-11,S0004,,Breakfast & Cereal,4.5280000000000005,30,136.01,1,Friday
2025-07-11,S0004,,Candy,2.4753846153846153,13,32.2,1,Friday
2025-07-11,S0004,,Condiments/Sauces/Spices,3.3966666666666665,23,77.97,1,Friday
2025-07-11,S0004,,Dairy & Eggs,3.556081081081081,91,317.84,1,Friday
2025-07-11,S0004,,Deli,5.9623333333333335,32,192.07,1,Friday
2025-07-11,S0004,,Frozen Foods,6.915588235294117,43,301.46,1,Friday
2025-07-11,S0004,,Grains and Pasta,2.215,4,8.86,1,Friday
2025-07-11,S0004,,Meat and Seafood,9.164074074074074,34,317.29,1,Friday
2025-07-11,S0004,,Pet Food,7.145999999999999,31,213.75,1,Friday
2025-07-11,S0004,,Prepared Meals,8.578636363636363,26,220.48,1,Friday
2025-07-11,S0004,,Snacks/Cookies/Chips,3.067894736842105,117,358.67,1,Friday
2025-07-11,S0005,,Alcohol,12.318399999999999,27,334.64,1,Friday
2025-07-11,S0005,,Bakery,3.9528571428571424,8,33.57,1,Friday
2025-07-11,S0005,,Baking,4.180909090909091,14,61.12,1,Friday
2025-07-11,S0005,,Beverages,3.2433333333333336,18,59.38,1,Friday
2025-07-11,S0005,,Breakfast & Cereal,4.79111111111111,18,86.16,1,Friday
2025-07-11,S0005,,Candy,2.538181818181818,12,30.009999999999998,1,Friday
2025-07-11,S0005,,Condiments/Sauces/Spices,3.316875,20,68.28999999999999,1,Friday
2025-07-11,S0005,,Dairy & Eggs,3.2699999999999996,43,142.87,1,Friday
2025-07-11,S0005,,Deli,6.056,11,66.02,1,Friday
2025-07-11,S0005,,Frozen Foods,7.74,12,92.17999999999999,1,Friday
2025-07-11,S0005,,Grains and Pasta,2.6314285714285717,9,23.17,1,Friday
2025-07-11,S0005,,Meat and Seafood,9.039473684210526,29,268.84000000000003,1,Friday
2025-07-11,S0005,,Pet Food,6.824705882352941,24,163.08,1,Friday
2025-07-11,S0005,,Prepared Meals,8.145217391304348,32,256.98,1,Friday
2025-07-11,S0005,,Snacks/Cookies/Chips,3.0592307692307688,82,248.26,1,Friday
2025-07-12,S0001,,Alcohol,12.668846153846154,122,1524.17,1,Saturday
2025-07-12,S0001,,Bakery,3.695,31,114.53,1,Saturday
2025-07-12,S0001,,Baking,3.628541666666667,49,178.28,1,Saturday
2025-07-12,S0001,,Beverages,3.298148148148148,87,280.66,1,Saturday
2025-07-12,S0001,,Breakfast & Cereal,4.260357142857143,74,324.29,1,Saturday
2025-07-12,S0001,,Candy,2.6392499999999997,46,119.07,1,Saturday
2025-07-12,S0001,,Condiments/Sauces/Spices,3.941063829787234,55,220.44,1,Saturday
2025-07-12,S0001,,Dairy & Eggs,3.7386725663716813,135,502.63,1,Saturday
2025-07-12,S0001,,Deli,6.183170731707317,51,328.98,1,Saturday
2025-07-12,S0001,,Frozen Foods,6.341025641025642,53,328.52,1,Saturday
2025-07-12,S0001,,Grains and Pasta,2.9858823529411764,19,57.37,1,Saturday
2025-07-12,S0001,,Meat and Seafood,9.753478260869565,31,279.72,1,Saturday
2025-07-12,S0001,,Pet Food,7.952413793103449,38,299.84,1,Saturday
2025-07-12,S0001,,Prepared Meals,7.9550909090909085,66,536.3,1,Saturday
2025-07-12,S0001,,Snacks/Cookies/Chips,3.08416,172,527.16,1,Saturday
2025-07-12,S0002,,Alcohol,12.963076923076924,29,374.78000000000003,1,Saturday
2025-07-12,S0002,,Bakery,3.724,7,26.64,1,Saturday
2025-07-12,S0002,,Baking,4.015714285714286,8,31.27,1,Saturday
2025-07-12,S0002,,Beverages,3.3861538461538463,19,63.49,1,Saturday
2025-07-12,S0002,,Breakfast & Cereal,4.473,14,61.9,1,Saturday
2025-07-12,S0002,,Candy,2.5,14,33.71,1,Saturday
2025-07-12,S0002,,Condiments/Sauces/Spices,3.7433333333333336,6,22.47,1,Saturday
2025-07-12,S0002,,Dairy & Eggs,3.751578947368421,49,185.37,1,Saturday
2025-07-12,S0002,,Deli,6.075,16,95.59,1,Saturday
2025-07-12,S0002,,Frozen Foods,7.62125,9,67.39,1,Saturday
2025-07-12,S0002,,Grains and Pasta,2.395,5,12.07,1,Saturday
2025-07-12,S0002,,Meat and Seafood,8.758571428571429,8,68.91,1,Saturday
2025-07-12,S0002,,Pet Food,7.564444444444444,18,136.38,1,Saturday
2025-07-12,S0002,,Prepared Meals,7.216923076923076,16,117.14999999999999,1,Saturday
2025-07-12,S0002,,Snacks/Cookies/Chips,3.1646875,54,170.79,1,Saturday
2025-07-12,S0003,,Alcohol,12.561272727272728,65,818.85,1,Saturday
2025-07-12,S0003,,Bakery,3.466,5,17.32,1,Saturday
2025-07-12,S0003,,Baking,3.7407142857142857,32,118.89,1,Saturday
2025-07-12,S0003,,Beverages,3.246875,46,145.45,1,Saturday
2025-07-12,S0003,,Breakfast & Cereal,4.351176470588236,20,88.64,1,Saturday
2025-07-12,S0003,,Candy,2.3255555555555554,30,68.99,1,Saturday
2025-07-12,S0003,,Condiments/Sauces/Spices,3.64,33,125.71,1,Saturday
2025-07-12,S0003,,Dairy & Eggs,3.689130434782609,86,324.62,1,Saturday
2025-07-12,S0003,,Deli,6.287272727272727,28,172.37,1,Saturday
2025-07-12,S0003,,Frozen Foods,7.104545454545454,12,85.07000000000001,1,Saturday
2025-07-12,S0003,,Grains and Pasta,2.1999999999999997,9,20.98,1,Saturday
2025-07-12,S0003,,Meat and Seafood,9.437058823529412,22,207.01,1,Saturday
2025-07-12,S0003,,Pet Food,7.758333333333334,30,226.35999999999999,1,Saturday
2025-07-12,S0003,,Prepared Meals,8.155277777777776,42,344.23,1,Saturday
2025-07-12,S0003,,Snacks/Cookies/Chips,3.1040298507462687,103,316.45,1,Saturday
2025-07-12,S0004,,Alcohol,12.285633802816902,89,1074.75,1,Saturday
2025-07-12,S0004,,Bakery,4.5625,6,26.91,1,Saturday
2025-07-12,S0004,,Baking,3.712727272727273,22,81.68,1,Saturday
2025-07-12,S0004,,Beverages,3.44125,53,183.41,1,Saturday
2025-07-12,S0004,,Breakfast & Cereal,4.766808510638298,52,251.15,1,Saturday
2025-07-12,S0004,,Candy,2.484166666666667,46,113.5,1,Saturday
2025-07-12,S0004,,Condiments/Sauces/Spices,3.4445833333333336,25,85.78,1,Saturday
2025-07-12,S0004,,Dairy & Eggs,3.346263736263736,103,353.68,1,Saturday
2025-07-12,S0004,,Deli,5.5851851851851855,38,213.59,1,Saturday
2025-07-12,S0004,,Frozen Foods,7.566944444444445,42,317.59,1,Saturday
2025-07-12,S0004,,Grains and Pasta,2.8436363636363637,15,46.0,1,Saturday
2025-07-12,S0004,,Meat and Seafood,9.7684,37,350.42,1,Saturday
2025-07-12,S0004,,Pet Food,7.16875,23,165.74,1,Saturday
2025-07-12,S0004,,Prepared Meals,8.407179487179487,43,364.69,1,Saturday
2025-07-12,S0004,,Snacks/Cookies/Chips,3.1354205607476637,158,500.32,1,Saturday
2025-07-12,S0005,,Alcohol,12.01529411764706,39,474.31,1,Saturday
2025-07-12,S0005,,Bakery,4.47375,12,52.33,1,Saturday
2025-07-12,S0005,,Baking,3.5875,25,91.65,1,Saturday
2025-07-12,S0005,,Beverages,3.345625,23,74.29,1,Saturday
2025-07-12,S0005,,Breakfast & Cereal,4.366,18,80.42,1,Saturday
2025-07-12,S0005,,Candy,2.286,11,25.31,1,Saturday
2025-07-12,S0005,,Condiments/Sauces/Spices,3.514375,18,64.29,1,Saturday
2025-07-12,S0005,,Dairy & Eggs,3.4442592592592596,76,256.4,1,Saturday
2025-07-12,S0005,,Deli,6.447500000000001,14,98.21000000000001,1,Saturday
2025-07-12,S0005,,Frozen Foods,7.7871428571428565,20,158.52,1,Saturday
2025-07-12,S0005,,Grains and Pasta,2.7875,10,29.56,1,Saturday
2025-07-12,S0005,,Meat and Seafood,9.634545454545455,13,128.43,1,Saturday
2025-07-12,S0005,,Pet Food,7.720769230769231,19,149.11,1,Saturday
2025-07-12,S0005,,Prepared Meals,8.822692307692309,33,292.33,1,Saturday
2025-07-12,S0005,,Snacks/Cookies/Chips,3.0113793103448274,83,247.26999999999998,1,Saturday
2025-07-13,S0001,,Alcohol,12.275,120,1446.28,1,Sunday
2025-07-13,S0001,,Bakery,3.855714285714286,7,26.88,1,Sunday
2025-07-13,S0001,,Baking,3.927619047619048,45,181.49,1,Sunday
2025-07-13,S0001,,Beverages,3.241395348837209,57,180.26,1,Sunday
2025-07-13,S0001,,Breakfast & Cereal,4.3492,62,272.6,1,Sunday
2025-07-13,S0001,,Candy,2.663953488372093,53,139.09,1,Sunday
2025-07-13,S0001,,Condiments/Sauces/Spices,3.7066666666666666,44,156.61,1,Sunday
2025-07-13,S0001,,Dairy & Eggs,3.5397345132743365,131,464.62,1,Sunday
2025-07-13,S0001,,Deli,7.108666666666666,34,237.9,1,Sunday
2025-07-13,S0001,,Frozen Foods,6.294482758620689,31,199.31,1,Sunday
2025-07-13,S0001,,Grains and Pasta,2.5542105263157895,19,48.43,1,Sunday
2025-07-13,S0001,,Meat and Seafood,9.046153846153846,74,698.1700000000001,1,Sunday
2025-07-13,S0001,,Pet Food,7.937692307692307,35,281.29,1,Sunday
2025-07-13,S0001,,Prepared Meals,8.06825,50,382.82,1,Sunday
2025-07-13,S0001,,Snacks/Cookies/Chips,3.044573643410853,201,614.41,1,Sunday
2025-07-13,S0002,,Alcohol,11.7296875,39,445.84,1,Sunday
2025-07-13,S0002,,Bakery,4.55,6,27.34,1,Sunday
2025-07-13,S0002,,Baking,3.8849999999999993,11,42.120000000000005,1,Sunday
2025-07-13,S0002,,Beverages,3.344375,25,85.84,1,Sunday
2025-07-13,S0002,,Breakfast & Cereal,4.761176470588235,22,106.67,1,Sunday
2025-07-13,S0002,,Candy,2.152727272727273,11,23.7,1,Sunday
2025-07-13,S0002,,Condiments/Sauces/Spices,3.4675,15,51.81,1,Sunday
2025-07-13,S0002,,Dairy & Eggs,3.447804878048781,51,173.76,1,Sunday
2025-07-13,S0002,,Deli,6.065263157894736,22,137.01,1,Sunday
2025-07-13,S0002,,Frozen Foods,6.688181818181818,11,73.55,1,Sunday
2025-07-13,S0002,,Grains and Pasta,2.17,1,2.18,1,Sunday
2025-07-13,S0002,,Meat and Seafood,8.86909090909091,12,107.91,1,Sunday
2025-07-13,S0002,,Pet Food,7.1226666666666665,24,168.97,1,Sunday
2025-07-13,S0002,,Prepared Meals,8.4575,19,155.9,1,Sunday
2025-07-13,S0002,,Snacks/Cookies/Chips,2.9425641025641025,62,179.3,1,Sunday
2025-07-13,S0003,,Alcohol,12.459999999999999,70,874.75,1,Sunday
2025-07-13,S0003,,Bakery,4.112857142857143,9,37.16,1,Sunday
2025-07-13,S0003,,Baking,3.5456521739130435,24,85.99000000000001,1,Sunday
2025-07-13,S0003,,Beverages,3.336470588235294,26,83.46,1,Sunday
2025-07-13,S0003,,Breakfast & Cereal,4.705,24,119.66,1,Sunday
2025-07-13,S0003,,Candy,2.3316,29,67.86,1,Sunday
2025-07-13,S0003,,Condiments/Sauces/Spices,3.6615,24,90.57,1,Sunday
2025-07-13,S0003,,Dairy & Eggs,3.584285714285714,54,195.76,1,Sunday
2025-07-13,S0003,,Deli,5.84,18,105.0,1,Sunday
2025-07-13,S0003,,Frozen Foods,6.595333333333333,17,116.92,1,Sunday
2025-07-13,S0003,,Grains and Pasta,2.7766666666666664,11,29.47,1,Sunday
2025-07-13,S0003,,Meat and Seafood,8.713888888888889,22,206.47,1,Sunday
2025-07-13,S0003,,Pet Food,7.6530000000000005,30,226.89,1,Sunday
2025-07-13,S0003,,Prepared Meals,8.113214285714285,32,254.68,1,Sunday
2025-07-13,S0003,,Snacks/Cookies/Chips,3.2081395348837205,62,200.47,1,Sunday
2025-07-13,S0004,,Alcohol,11.475999999999999,85,977.9,1,Sunday
2025-07-13,S0004,,Bakery,3.411538461538462,15,51.17,1,Sunday
2025-07-13,S0004,,Baking,3.953793103448276,32,124.91,1,Sunday
2025-07-13,S0004,,Beverages,3.1355,29,88.07000000000001,1,Sunday
2025-07-13,S0004,,Breakfast & Cereal,4.452608695652174,26,114.83,1,Sunday
2025-07-13,S0004,,Candy,2.5857894736842106,21,55.87,1,Sunday
2025-07-13,S0004,,Condiments/Sauces/Spices,3.500769230769231,44,158.96,1,Sunday
2025-07-13,S0004,,Dairy & Eggs,3.414,99,335.36,1,Sunday
2025-07-13,S0004,,Deli,5.9424,31,182.51,1,Sunday
2025-07-13,S0004,,Frozen Foods,7.3115,26,195.35,1,Sunday
2025-07-13,S0004,,Grains and Pasta,2.754,15,41.28,1,Sunday
2025-07-13,S0004,,Meat and Seafood,9.855185185185187,37,379.21,1,Sunday
2025-07-13,S0004,,Pet Food,7.9327272727272735,30,244.23,1,Sunday
2025-07-13,S0004,,Prepared Meals,8.487954545454546,56,470.3,1,Sunday
2025-07-13,S0004,,Snacks/Cookies/Chips,3.1755357142857146,80,259.44,1,Sunday
2025-07-13,S0005,,Alcohol,12.162571428571429,43,526.47,1,Sunday
2025-07-13,S0005,,Bakery,3.5925000000000002,4,14.35,1,Sunday
2025-07-13,S0005,,Baking,3.847,13,50.39,1,Sunday
2025-07-13,S0005,,Beverages,3.1133333333333337,32,98.2,1,Sunday
2025-07-13,S0005,,Breakfast & Cereal,4.85,21,103.33,1,Sunday
2025-07-13,S0005,,Candy,2.2592857142857143,21,47.0,1,Sunday
2025-07-13,S0005,,Condiments/Sauces/Spices,3.491428571428571,7,24.45,1,Sunday
2025-07-13,S0005,,Dairy & Eggs,3.4284444444444446,51,175.73,1,Sunday
2025-07-13,S0005,,Deli,6.594615384615385,17,111.85,1,Sunday
2025-07-13,S0005,,Frozen Foods,6.337692307692308,16,108.41,1,Sunday
2025-07-13,S0005,,Grains and Pasta,2.844,6,16.51,1,Sunday
2025-07-13,S0005,,Meat and Seafood,8.5575,14,117.38,1,Sunday
2025-07-13,S0005,,Pet Food,8.301538461538462,18,140.26999999999998,1,Sunday
2025-07-13,S0005,,Prepared Meals,7.589999999999999,16,125.35,1,Sunday
2025-07-13,S0005,,Snacks/Cookies/Chips,3.261111111111111,56,181.51,1,Sunday
2025-07-14,S0001,,Alcohol,12.652068965517241,108,1394.42,1,Monday
2025-07-14,S0001,,Bakery,3.9933333333333336,6,24.04,1,Monday
2025-07-14,S0001,,Baking,3.783333333333333,16,58.09,1,Monday
2025-07-14,S0001,,Beverages,3.030416666666667,34,96.33,1,Monday
2025-07-14,S0001,,Breakfast & Cereal,4.632962962962963,35,154.06,1,Monday
2025-07-14,S0001,,Candy,2.3179310344827586,29,67.24,1,Monday
2025-07-14,S0001,,Condiments/Sauces/Spices,3.615,44,160.42,1,Monday
2025-07-14,S0001,,Dairy & Eggs,3.3046913580246913,93,309.17,1,Monday
2025-07-14,S0001,,Deli,6.248666666666667,38,236.07,1,Monday
2025-07-14,S0001,,Frozen Foods,7.371764705882352,24,176.75,1,Monday
2025-07-14,S0001,,Grains and Pasta,2.5313333333333334,15,38.01,1,Monday
2025-07-14,S0001,,Meat and Seafood,9.34741935483871,36,331.15999999999997,1,Monday
2025-07-14,S0001,,Pet Food,7.488947368421052,62,487.25,1,Monday
2025-07-14,S0001,,Prepared Meals,7.728936170212766,53,403.04,1,Monday
2025-07-14,S0001,,Snacks/Cookies/Chips,3.1815714285714285,92,297.47,1,Monday
2025-07-14,S0002,,Alcohol,12.211904761904762,29,344.07,1,Monday
2025-07-14,S0002,,Bakery,4.6,1,4.62,1,Monday
2025-07-14,S0002,,Baking,3.8753846153846156,15,59.61,1,Monday
2025-07-14,S0002,,Beverages,2.994285714285714,11,36.87,1,Monday
2025-07-14,S0002,,Breakfast & Cereal,4.156666666666666,12,49.89,1,Monday
2025-07-14,S0002,,Candy,2.64125,9,23.99,1,Monday
2025-07-14,S0002,,Condiments/Sauces/Spices,4.063000000000001,15,58.1,1,Monday
2025-07-14,S0002,,Dairy & Eggs,3.9033333333333333,29,115.13,1,Monday
2025-07-14,S0002,,Deli,6.577,10,65.64999999999999,1,Monday
2025-07-14,S0002,,Frozen Foods,6.928333333333334,8,56.69,1,Monday
2025-07-14,S0002,,Grains and Pasta,1.9249999999999998,2,3.8499999999999996,1,Monday
2025-07-14,S0002,,Meat and Seafood,9.19076923076923,13,119.41,1,Monday
2025-07-14,S0002,,Pet Food,8.361428571428572,10,91.66,1,Monday
2025-07-14,S0002,,Prepared Meals,8.612727272727271,13,107.21,1,Monday
2025-07-14,S0002,,Snacks/Cookies/Chips,3.2384848484848487,50,153.18,1,Monday
2025-07-14,S0003,,Alcohol,12.260833333333332,41,508.1,1,Monday
2025-07-14,S0003,,Bakery,3.81,2,7.640000000000001,1,Monday
2025-07-14,S0003,,Baking,3.3449999999999998,15,49.72,1,Monday
2025-07-14,S0003,,Beverages,3.7925,27,103.39,1,Monday
2025-07-14,S0003,,Breakfast & Cereal,4.755,26,118.5,1,Monday
2025-07-14,S0003,,Candy,2.17,15,34.839999999999996,1,Monday
2025-07-14,S0003,,Condiments/Sauces/Spices,3.39,20,64.82,1,Monday
2025-07-14,S0003,,Dairy & Eggs,3.478775510204082,54,191.49,1,Monday
2025-07-14,S0003,,Deli,6.200588235294117,25,153.74,1,Monday
2025-07-14,S0003,,Frozen Foods,6.958666666666667,19,136.49,1,Monday
2025-07-14,S0003,,Grains and Pasta,2.7055555555555557,12,33.22,1,Monday
2025-07-14,S0003,,Meat and Seafood,9.196666666666665,10,96.29,1,Monday
2025-07-14,S0003,,Pet Food,7.3657894736842096,28,202.2,1,Monday
2025-07-14,S0003,,Prepared Meals,8.901666666666666,12,107.0,1,Monday
2025-07-14,S0003,,Snacks/Cookies/Chips,3.188095238095238,98,310.43,1,Monday
2025-07-14,S0004,,Alcohol,11.859859154929577,85,1002.35,1,Monday
2025-07-14,S0004,,Bakery,5.1339999999999995,5,25.669999999999998,1,Monday
2025-07-14,S0004,,Baking,3.418888888888889,30,103.64,1,Monday
2025-07-14,S0004,,Beverages,3.397,24,81.34,1,Monday
2025-07-14,S0004,,Breakfast & Cereal,4.779999999999999,9,43.06,1,Monday
2025-07-14,S0004,,Candy,2.154,11,23.46,1,Monday
2025-07-14,S0004,,Condiments/Sauces/Spices,3.3827777777777777,23,76.74,1,Monday
2025-07-14,S0004,,Dairy & Eggs,3.4916326530612247,58,203.59,1,Monday
2025-07-14,S0004,,Deli,6.102380952380953,35,213.79999999999998,1,Monday
2025-07-14,S0004,,Frozen Foods,7.020666666666667,21,151.78,1,Monday
2025-07-14,S0004,,Grains and Pasta,2.851111111111111,11,32.38,1,Monday
2025-07-14,S0004,,Meat and Seafood,8.895294117647058,23,204.61,1,Monday
2025-07-14,S0004,,Pet Food,6.6468421052631586,30,201.16,1,Monday
2025-07-14,S0004,,Prepared Meals,8.597037037037037,29,241.89000000000001,1,Monday
2025-07-14,S0004,,Snacks/Cookies/Chips,3.0556923076923077,97,287.71,1,Monday
2025-07-14,S0005,,Alcohol,11.874358974358975,48,575.36,1,Monday
2025-07-14,S0005,,Bakery,4.1899999999999995,5,21.48,1,Monday
2025-07-14,S0005,,Baking,4.0280000000000005,16,65.41,1,Monday
2025-07-14,S0005,,Beverages,3.7914285714285714,27,102.0,1,Monday
2025-07-14,S0005,,Breakfast & Cereal,4.546666666666667,12,54.59,1,Monday
2025-07-14,S0005,,Candy,2.6483333333333334,24,65.39,1,Monday
2025-07-14,S0005,,Condiments/Sauces/Spices,3.472857142857143,7,24.22,1,Monday
2025-07-14,S0005,,Dairy & Eggs,3.1639285714285714,31,99.1,1,Monday
2025-07-14,S0005,,Deli,6.168,14,83.27,1,Monday
2025-07-14,S0005,,Frozen Foods,7.019090909090909,13,89.07,1,Monday
2025-07-14,S0005,,Grains and Pasta,2.936,5,14.690000000000001,1,Monday
2025-07-14,S0005,,Meat and Seafood,9.842857142857143,8,79.19,1,Monday
2025-07-14,S0005,,Pet Food,6.78,4,25.97,1,Monday
2025-07-14,S0005,,Prepared Meals,7.859999999999999,14,109.87,1,Monday
2025-07-14,S0005,,Snacks/Cookies/Chips,3.1154761904761905,63,192.6,1,Monday
2025-07-15,S0001,,Alcohol,12.555189873417723,103,1277.6,1,Tuesday
2025-07-15,S0001,,Bakery,3.9518750000000002,17,68.94,1,Tuesday
2025-07-15,S0001,,Baking,3.5015151515151515,49,173.66,1,Tuesday
2025-07-15,S0001,,Beverages,3.354782608695652,72,237.12,1,Tuesday
2025-07-15,S0001,,Breakfast & Cereal,4.359,24,100.74000000000001,1,Tuesday
2025-07-15,S0001,,Candy,2.55875,36,97.83,1,Tuesday
2025-07-15,S0001,,Condiments/Sauces/Spices,3.476896551724138,35,120.32000000000001,1,Tuesday
2025-07-15,S0001,,Dairy & Eggs,3.6737777777777776,106,387.24,1,Tuesday
2025-07-15,S0001,,Deli,5.445,30,163.16,1,Tuesday
2025-07-15,S0001,,Frozen Foods,7.473333333333334,33,246.06,1,Tuesday
2025-07-15,S0001,,Grains and Pasta,2.840909090909091,11,31.27,1,Tuesday
2025-07-15,S0001,,Meat and Seafood,9.130526315789472,40,359.08,1,Tuesday
2025-07-15,S0001,,Pet Food,7.71225806451613,46,353.93,1,Tuesday
2025-07-15,S0001,,Prepared Meals,7.164,32,230.26,1,Tuesday
2025-07-15,S0001,,Snacks/Cookies/Chips,3.0495959595959596,156,479.63,1,Tuesday
2025-07-15,S0002,,Alcohol,12.366666666666667,18,225.05,1,Tuesday
2025-07-15,S0002,,Bakery,2.39,2,4.79,1,Tuesday
2025-07-15,S0002,,Baking,4.306666666666667,3,12.870000000000001,1,Tuesday
2025-07-15,S0002,,Beverages,3.363157894736842,28,97.42,1,Tuesday
2025-07-15,S0002,,Breakfast & Cereal,4.88,10,47.519999999999996,1,Tuesday
2025-07-15,S0002,,Candy,2.1114285714285717,7,14.79,1,Tuesday
2025-07-15,S0002,,Condiments/Sauces/Spices,3.424166666666667,14,46.629999999999995,1,Tuesday
2025-07-15,S0002,,Dairy & Eggs,3.4557142857142855,23,81.78999999999999,1,Tuesday
2025-07-15,S0002,,Deli,5.73125,11,62.88,1,Tuesday
2025-07-15,S0002,,Frozen Foods,6.45888888888889,11,69.53999999999999,1,Tuesday
2025-07-15,S0002,,Grains and Pasta,2.356666666666667,6,14.15,1,Tuesday
2025-07-15,S0002,,Meat and Seafood,8.842,11,95.57,1,Tuesday
2025-07-15,S0002,,Pet Food,6.84375,12,79.24,1,Tuesday
2025-07-15,S0002,,Prepared Meals,7.41125,10,74.35,1,Tuesday
2025-07-15,S0002,,Snacks/Cookies/Chips,3.17,36,114.1,1,Tuesday
2025-07-15,S0003,,Alcohol,12.296666666666667,44,535.38,1,Tuesday
2025-07-15,S0003,,Bakery,3.668333333333333,8,30.85,1,Tuesday
2025-07-15,S0003,,Baking,3.6559999999999997,15,54.83,1,Tuesday
2025-07-15,S0003,,Beverages,3.5017391304347827,36,124.76,1,Tuesday
2025-07-15,S0003,,Breakfast & Cereal,4.363333333333333,19,81.46,1,Tuesday
2025-07-15,S0003,,Candy,2.6042105263157893,28,72.81,1,Tuesday
2025-07-15,S0003,,Condiments/Sauces/Spices,3.5625,22,80.64,1,Tuesday
2025-07-15,S0003,,Dairy & Eggs,3.3277272727272726,54,180.32,1,Tuesday
2025-07-15,S0003,,Deli,6.11047619047619,24,150.17,1,Tuesday
2025-07-15,S0003,,Frozen Foods,7.1899999999999995,22,166.35999999999999,1,Tuesday
2025-07-15,S0003,,Grains and Pasta,2.992,6,18.349999999999998,1,Tuesday
2025-07-15,S0003,,Meat and Seafood,9.272222222222222,21,201.28,1,Tuesday
2025-07-15,S0003,,Pet Food,7.233125,27,196.6,1,Tuesday
2025-07-15,S0003,,Prepared Meals,8.113333333333333,18,143.64,1,Tuesday
2025-07-15,S0003,,Snacks/Cookies/Chips,3.318679245283019,85,284.71,1,Tuesday
2025-07-15,S0004,,Alcohol,11.578039215686275,61,704.14,1,Tuesday
2025-07-15,S0004,,Bakery,3.5016666666666665,8,28.44,1,Tuesday
2025-07-15,S0004,,Baking,3.8941666666666666,12,46.66,1,Tuesday
2025-07-15,S0004,,Beverages,3.4612499999999997,24,82.72,1,Tuesday
2025-07-15,S0004,,Breakfast & Cereal,4.889565217391305,34,161.58,1,Tuesday
2025-07-15,S0004,,Candy,2.3845,26,63.83,1,Tuesday
2025-07-15,S0004,,Condiments/Sauces/Spices,3.9334375,36,140.13,1,Tuesday
2025-07-15,S0004,,Dairy & Eggs,3.4159701492537313,79,272.18,1,Tuesday
2025-07-15,S0004,,Deli,5.15,20,102.67,1,Tuesday
2025-07-15,S0004,,Frozen Foods,6.535263157894737,26,164.68,1,Tuesday
2025-07-15,S0004,,Grains and Pasta,2.1785714285714284,9,19.17,1,Tuesday
2025-07-15,S0004,,Meat and Seafood,9.837916666666667,34,312.33,1,Tuesday
2025-07-15,S0004,,Pet Food,8.092666666666666,21,169.91,1,Tuesday
2025-07-15,S0004,,Prepared Meals,8.0295,21,166.88,1,Tuesday
2025-07-15,S0004,,Snacks/Cookies/Chips,3.0826190476190476,64,193.89,1,Tuesday
2025-07-15,S0005,,Alcohol,12.167692307692308,46,557.45,1,Tuesday
2025-07-15,S0005,,Bakery,3.8016666666666663,11,39.95,1,Tuesday
2025-07-15,S0005,,Baking,3.657142857142857,20,71.14,1,Tuesday
2025-07-15,S0005,,Beverages,3.266315789473684,32,105.32,1,Tuesday
2025-07-15,S0005,,Breakfast & Cereal,4.800000000000001,14,68.04,1,Tuesday
2025-07-15,S0005,,Candy,2.532631578947368,23,59.72,1,Tuesday
2025-07-15,S0005,,Condiments/Sauces/Spices,3.396,23,79.95,1,Tuesday
2025-07-15,S0005,,Dairy & Eggs,3.4555882352941176,40,140.14,1,Tuesday
2025-07-15,S0005,,Deli,6.768000000000001,11,72.87,1,Tuesday
2025-07-15,S0005,,Frozen Foods,7.836,5,39.269999999999996,1,Tuesday
2025-07-15,S0005,,Grains and Pasta,2.56,5,12.82,1,Tuesday
2025-07-15,S0005,,Meat and Seafood,10.858,7,72.66,1,Tuesday
2025-07-15,S0005,,Pet Food,6.902222222222223,10,70.69,1,Tuesday
2025-07-15,S0005,,Prepared Meals,8.851176470588236,21,188.22,1,Tuesday
2025-07-15,S0005,,Snacks/Cookies/Chips,3.266923076923077,44,144.49,1,Tuesday
2025-07-16,S0001,,Alcohol,12.58181818181818,119,1480.5,1,Wednesday
2025-07-16,S0001,,Bakery,3.775555555555555,17,65.87,1,Wednesday
2025-07-16,S0001,,Baking,3.75974358974359,48,180.22,1,Wednesday
2025-07-16,S0001,,Beverages,3.479,75,259.92,1,Wednesday
2025-07-16,S0001,,Breakfast & Cereal,5.316451612903226,37,191.52,1,Wednesday
2025-07-16,S0001,,Candy,2.1479411764705882,47,99.82,1,Wednesday
2025-07-16,S0001,,Condiments/Sauces/Spices,3.335625,42,144.55,1,Wednesday
2025-07-16,S0001,,Dairy & Eggs,3.5940506329113924,95,347.64,1,Wednesday
2025-07-16,S0001,,Deli,6.208571428571429,32,198.69,1,Wednesday
2025-07-16,S0001,,Frozen Foods,7.056744186046512,52,371.28,1,Wednesday
2025-07-16,S0001,,Grains and Pasta,2.640909090909091,11,28.99,1,Wednesday
2025-07-16,S0001,,Meat and Seafood,9.208636363636364,22,202.6,1,Wednesday
2025-07-16,S0001,,Pet Food,7.004166666666666,34,243.57,1,Wednesday
2025-07-16,S0001,,Prepared Meals,9.062222222222223,53,471.58,1,Wednesday
2025-07-16,S0001,,Snacks/Cookies/Chips,3.08046511627907,138,413.9,1,Wednesday
2025-07-16,S0002,,Alcohol,12.161052631578947,49,602.77,1,Wednesday
2025-07-16,S0002,,Bakery,6.25,2,12.55,1,Wednesday
2025-07-16,S0002,,Baking,3.174285714285714,9,28.43,1,Wednesday
2025-07-16,S0002,,Beverages,3.6314285714285717,10,35.980000000000004,1,Wednesday
2025-07-16,S0002,,Breakfast & Cereal,4.184166666666667,12,50.32,1,Wednesday
2025-07-16,S0002,,Candy,2.1075,4,8.47,1,Wednesday
2025-07-16,S0002,,Condiments/Sauces/Spices,3.2644444444444445,9,29.41,1,Wednesday
2025-07-16,S0002,,Dairy & Eggs,3.667391304347826,33,125.1,1,Wednesday
2025-07-16,S0002,,Deli,6.0928571428571425,7,42.66,1,Wednesday
2025-07-16,S0002,,Frozen Foods,7.3100000000000005,2,14.66,1,Wednesday
2025-07-16,S0002,,Grains and Pasta,3.11,4,12.48,1,Wednesday
2025-07-16,S0002,,Meat and Seafood,8.822222222222223,14,127.94,1,Wednesday
2025-07-16,S0002,,Pet Food,7.84111111111111,15,121.39999999999999,1,Wednesday
2025-07-16,S0002,,Prepared Meals,8.177142857142858,18,156.81,1,Wednesday
2025-07-16,S0002,,Snacks/Cookies/Chips,3.1559259259259256,42,130.32,1,Wednesday
2025-07-16,S0003,,Alcohol,12.283030303030301,40,488.38,1,Wednesday
2025-07-16,S0003,,Bakery,3.442857142857143,7,24.09,1,Wednesday
2025-07-16,S0003,,Baking,3.8286666666666664,17,63.160000000000004,1,Wednesday
2025-07-16,S0003,,Beverages,2.967241379310345,38,116.95,1,Wednesday
2025-07-16,S0003,,Breakfast & Cereal,4.911666666666666,19,95.78,1,Wednesday
2025-07-16,S0003,,Candy,2.323125,18,45.22,1,Wednesday
2025-07-16,S0003,,Condiments/Sauces/Spices,3.6019047619047617,28,107.0,1,Wednesday
2025-07-16,S0003,,Dairy & Eggs,3.903,45,173.37,1,Wednesday
2025-07-16,S0003,,Deli,6.228666666666667,20,122.36,1,Wednesday
2025-07-16,S0003,,Frozen Foods,6.2894736842105265,25,156.04,1,Wednesday
2025-07-16,S0003,,Grains and Pasta,2.1766666666666663,8,16.82,1,Wednesday
2025-07-16,S0003,,Meat and Seafood,9.514705882352942,20,191.84,1,Wednesday
2025-07-16,S0003,,Pet Food,6.374117647058823,24,146.35,1,Wednesday
2025-07-16,S0003,,Prepared Meals,8.173125,19,159.66,1,Wednesday
2025-07-16,S0003,,Snacks/Cookies/Chips,3.0589999999999997,92,283.07,1,Wednesday
2025-07-16,S0004,,Alcohol,13.512173913043478,50,684.37,1,Wednesday
2025-07-16,S0004,,Bakery,3.8075,11,40.28,1,Wednesday
2025-07-16,S0004,,Baking,4.015294117647059,22,84.13000000000001,1,Wednesday
2025-07-16,S0004,,Beverages,3.353571428571428,18,62.31,1,Wednesday
2025-07-16,S0004,,Breakfast & Cereal,4.544090909090909,30,144.89000000000001,1,Wednesday
2025-07-16,S0004,,Candy,2.4755000000000003,22,54.3,1,Wednesday
2025-07-16,S0004,,Condiments/Sauces/Spices,3.461764705882353,20,69.44,1,Wednesday
2025-07-16,S0004,,Dairy & Eggs,3.4157142857142855,76,266.47,1,Wednesday
2025-07-16,S0004,,Deli,6.26125,27,171.24,1,Wednesday
2025-07-16,S0004,,Frozen Foods,7.30875,31,231.78,1,Wednesday
2025-07-16,S0004,,Grains and Pasta,2.597,14,37.24,1,Wednesday
2025-07-16,S0004,,Meat and Seafood,9.976818181818182,27,260.12,1,Wednesday
2025-07-16,S0004,,Pet Food,6.883333333333334,31,216.71,1,Wednesday
2025-07-16,S0004,,Prepared Meals,8.47235294117647,19,164.02,1,Wednesday
2025-07-16,S0004,,Snacks/Cookies/Chips,3.05,103,320.52,1,Wednesday
2025-07-16,S0005,,Alcohol,12.733947368421052,44,558.47,1,Wednesday
2025-07-16,S0005,,Bakery,4.768,5,23.84,1,Wednesday
2025-07-16,S0005,,Baking,3.8577777777777778,11,39.78,1,Wednesday
2025-07-16,S0005,,Beverages,3.495,21,72.74,1,Wednesday
2025-07-16,S0005,,Breakfast & Cereal,4.4468749999999995,18,79.69,1,Wednesday
2025-07-16,S0005,,Candy,2.6493333333333333,21,55.35,1,Wednesday
2025-07-16,S0005,,Condiments/Sauces/Spices,3.4483333333333333,22,75.92,1,Wednesday
2025-07-16,S0005,,Dairy & Eggs,3.647857142857143,48,177.39,1,Wednesday
2025-07-16,S0005,,Deli,5.264444444444445,9,47.46,1,Wednesday
2025-07-16,S0005,,Frozen Foods,7.715454545454546,13,101.75999999999999,1,Wednesday
2025-07-16,S0005,,Grains and Pasta,2.7279999999999998,7,19.21,1,Wednesday
2025-07-16,S0005,,Meat and Seafood,9.56,12,114.88,1,Wednesday
2025-07-16,S0005,,Pet Food,8.290666666666667,21,174.96,1,Wednesday
2025-07-16,S0005,,Prepared Meals,9.2,20,178.53,1,Wednesday
2025-07-16,S0005,,Snacks/Cookies/Chips,2.9866666666666664,54,167.46,1,Wednesday
2025-07-17,S0001,,Alcohol,12.266930693069307,113,1361.51,1,Thursday
2025-07-17,S0001,,Bakery,3.9725,26,100.56,1,Thursday
2025-07-17,S0001,,Baking,3.8653846153846154,45,172.14,1,Thursday
2025-07-17,S0001,,Beverages,3.349090909090909,63,217.33,1,Thursday
2025-07-17,S0001,,Breakfast & Cereal,4.4829729729729735,43,192.85999999999999,1,Thursday
2025-07-17,S0001,,Candy,2.6687499999999997,28,72.9,1,Thursday
2025-07-17,S0001,,Condiments/Sauces/Spices,3.681515151515151,43,158.23,1,Thursday
2025-07-17,S0001,,Dairy & Eggs,3.446320754716981,124,433.48,1,Thursday
2025-07-17,S0001,,Deli,6.123783783783784,43,254.0,1,Thursday
2025-07-17,S0001,,Frozen Foods,6.7125,28,188.35999999999999,1,Thursday
2025-07-17,S0001,,Grains and Pasta,2.9911111111111115,9,26.88,1,Thursday
2025-07-17,S0001,,Meat and Seafood,8.369642857142857,34,271.75,1,Thursday
2025-07-17,S0001,,Pet Food,7.52375,37,281.51,1,Thursday
2025-07-17,S0001,,Prepared Meals,8.006170212765959,57,461.07,1,Thursday
2025-07-17,S0001,,Snacks/Cookies/Chips,3.061932773109244,169,512.8,1,Thursday
2025-07-17,S0002,,Alcohol,11.702173913043477,30,353.24,1,Thursday
2025-07-17,S0002,,Bakery,3.985,5,18.89,1,Thursday
2025-07-17,S0002,,Baking,3.539090909090909,11,39.01,1,Thursday
2025-07-17,S0002,,Beverages,3.453333333333333,14,48.75,1,Thursday
2025-07-17,S0002,,Breakfast & Cereal,4.5672727272727265,16,73.62,1,Thursday
2025-07-17,S0002,,Candy,2.78,18,48.349999999999994,1,Thursday
2025-07-17,S0002,,Condiments/Sauces/Spices,3.526,6,21.34,1,Thursday
2025-07-17,S0002,,Dairy & Eggs,3.2125925925925922,35,114.78999999999999,1,Thursday
2025-07-17,S0002,,Deli,6.62,16,108.08,1,Thursday
2025-07-17,S0002,,Frozen Foods,6.736,5,33.76,1,Thursday
2025-07-17,S0002,,Grains and Pasta,2.4183333333333334,9,19.39,1,Thursday
2025-07-17,S0002,,Meat and Seafood,8.841764705882353,23,199.6,1,Thursday
2025-07-17,S0002,,Pet Food,6.537999999999999,5,32.68,1,Thursday
2025-07-17,S0002,,Prepared Meals,8.435555555555556,12,99.84,1,Thursday
2025-07-17,S0002,,Snacks/Cookies/Chips,3.1513793103448275,52,164.77,1,Thursday
2025-07-17,S0003,,Alcohol,11.919148936170213,61,732.64,1,Thursday
2025-07-17,S0003,,Bakery,3.4466666666666668,3,10.35,1,Thursday
2025-07-17,S0003,,Baking,3.7735294117647062,23,86.11,1,Thursday
2025-07-17,S0003,,Beverages,3.5964705882352943,25,91.67,1,Thursday
2025-07-17,S0003,,Breakfast & Cereal,4.38,30,133.4,1,Thursday
2025-07-17,S0003,,Candy,2.5035,22,54.03,1,Thursday
2025-07-17,S0003,,Condiments/Sauces/Spices,3.5211111111111113,22,76.66,1,Thursday
2025-07-17,S0003,,Dairy & Eggs,3.338936170212766,55,184.44,1,Thursday
2025-07-17,S0003,,Deli,6.043333333333333,24,142.51,1,Thursday
2025-07-17,S0003,,Frozen Foods,6.978666666666667,17,119.36,1,Thursday
2025-07-17,S0003,,Grains and Pasta,2.442,6,14.129999999999999,1,Thursday
2025-07-17,S0003,,Meat and Seafood,9.48,29,272.24,1,Thursday
2025-07-17,S0003,,Pet Food,8.2,31,245.34,1,Thursday
2025-07-17,S0003,,Prepared Meals,8.65,25,217.25,1,Thursday
2025-07-17,S0003,,Snacks/Cookies/Chips,3.060545454545455,77,238.82999999999998,1,Thursday
2025-07-17,S0004,,Alcohol,12.13,93,1134.17,1,Thursday
2025-07-17,S0004,,Bakery,3.8049999999999997,14,53.05,1,Thursday
2025-07-17,S0004,,Baking,3.8334375,44,175.11,1,Thursday
2025-07-17,S0004,,Beverages,3.144838709677419,48,156.37,1,Thursday
2025-07-17,S0004,,Breakfast & Cereal,4.4925,25,112.15,1,Thursday
2025-07-17,S0004,,Candy,2.4181818181818184,25,60.13,1,Thursday
2025-07-17,S0004,,Condiments/Sauces/Spices,3.6482352941176472,18,65.33,1,Thursday
2025-07-17,S0004,,Dairy & Eggs,3.2816666666666667,70,227.19,1,Thursday
2025-07-17,S0004,,Deli,6.052380952380952,27,158.38,1,Thursday
2025-07-17,S0004,,Frozen Foods,7.344666666666667,20,147.9,1,Thursday
2025-07-17,S0004,,Grains and Pasta,2.4316666666666666,7,16.5,1,Thursday
2025-07-17,S0004,,Meat and Seafood,7.9235,24,179.85,1,Thursday
2025-07-17,S0004,,Pet Food,8.290740740740741,37,307.08,1,Thursday
2025-07-17,S0004,,Prepared Meals,9.135,35,326.74,1,Thursday
2025-07-17,S0004,,Snacks/Cookies/Chips,3.1411267605633806,118,372.67,1,Thursday
2025-07-17,S0005,,Alcohol,12.476451612903226,39,490.1,1,Thursday
2025-07-17,S0005,,Bakery,3.7960000000000003,5,19.03,1,Thursday
2025-07-17,S0005,,Baking,3.3318181818181816,12,38.56,1,Thursday
2025-07-17,S0005,,Beverages,3.4315384615384614,18,64.52,1,Thursday
2025-07-17,S0005,,Breakfast & Cereal,4.797142857142857,14,67.14,1,Thursday
2025-07-17,S0005,,Candy,2.6569230769230767,16,41.02,1,Thursday
2025-07-17,S0005,,Condiments/Sauces/Spices,3.728,14,53.339999999999996,1,Thursday
2025-07-17,S0005,,Dairy & Eggs,3.308181818181818,50,166.03,1,Thursday
2025-07-17,S0005,,Deli,6.545384615384616,13,85.06,1,Thursday
2025-07-17,S0005,,Frozen Foods,6.784166666666667,13,86.51,1,Thursday
2025-07-17,S0005,,Grains and Pasta,2.4074999999999998,8,19.21,1,Thursday
2025-07-17,S0005,,Meat and Seafood,8.804375,17,147.96,1,Thursday
2025-07-17,S0005,,Pet Food,6.775454545454545,17,118.44,1,Thursday
2025-07-17,S0005,,Prepared Meals,7.717142857142856,14,107.82,1,Thursday
2025-07-17,S0005,,Snacks/Cookies/Chips,3.241842105263158,53,172.12,1,Thursday
2025-07-18,S0001,,Alcohol,12.373267326732673,113,1393.02,1,Friday
2025-07-18,S0001,,Bakery,3.7184210526315793,29,113.52000000000001,1,Friday
2025-07-18,S0001,,Baking,3.7215000000000003,48,179.64,1,Friday
2025-07-18,S0001,,Beverages,3.4221951219512197,60,202.75,1,Friday
2025-07-18,S0001,,Breakfast & Cereal,4.189736842105264,46,197.97,1,Friday
2025-07-18,S0001,,Candy,2.677906976744186,59,161.2,1,Friday
2025-07-18,S0001,,Condiments/Sauces/Spices,3.3181481481481483,32,104.33999999999999,1,Friday
2025-07-18,S0001,,Dairy & Eggs,3.3692622950819673,153,509.94,1,Friday
2025-07-18,S0001,,Deli,6.111111111111111,34,208.26,1,Friday
2025-07-18,S0001,,Frozen Foods,6.97741935483871,43,305.87,1,Friday
2025-07-18,S0001,,Grains and Pasta,2.9183333333333334,14,40.27,1,Friday
2025-07-18,S0001,,Meat and Seafood,9.505526315789472,45,412.53,1,Friday
2025-07-18,S0001,,Pet Food,6.697575757575758,50,325.53000000000003,1,Friday
2025-07-18,S0001,,Prepared Meals,8.310666666666666,38,320.49,1,Friday
2025-07-18,S0001,,Snacks/Cookies/Chips,3.2308823529411765,143,460.31,1,Friday
2025-07-18,S0002,,Alcohol,11.920370370370371,31,375.26,1,Friday
2025-07-18,S0002,,Bakery,3.3033333333333332,7,22.55,1,Friday
2025-07-18,S0002,,Baking,3.528461538461538,14,49.07,1,Friday
2025-07-18,S0002,,Beverages,3.0763636363636366,17,51.41,1,Friday
2025-07-18,S0002,,Breakfast & Cereal,4.359230769230769,19,79.28999999999999,1,Friday
2025-07-18,S0002,,Candy,2.700714285714286,16,43.230000000000004,1,Friday
2025-07-18,S0002,,Condiments/Sauces/Spices,3.3607692307692307,19,65.32000000000001,1,Friday
2025-07-18,S0002,,Dairy & Eggs,3.308648648648649,46,154.57,1,Friday
2025-07-18,S0002,,Deli,4.986923076923077,17,85.11,1,Friday
2025-07-18,S0002,,Frozen Foods,7.00375,10,72.25999999999999,1,Friday
2025-07-18,S0002,,Grains and Pasta,2.625,4,11.1,1,Friday
2025-07-18,S0002,,Meat and Seafood,8.12923076923077,18,149.24,1,Friday
2025-07-18,S0002,,Pet Food,6.27875,14,89.39,1,Friday
2025-07-18,S0002,,Prepared Meals,7.515714285714286,8,57.25,1,Friday
2025-07-18,S0002,,Snacks/Cookies/Chips,3.1626666666666665,42,133.42,1,Friday
2025-07-18,S0003,,Alcohol,12.10725806451613,84,1023.19,1,Friday
2025-07-18,S0003,,Bakery,3.955,4,15.85,1,Friday
2025-07-18,S0003,,Baking,3.7482608695652173,26,98.88,1,Friday
2025-07-18,S0003,,Beverages,3.347,30,98.53999999999999,1,Friday
2025-07-18,S0003,,Breakfast & Cereal,4.868888888888889,23,111.12,1,Friday
2025-07-18,S0003,,Candy,2.3015,22,50.52,1,Friday
2025-07-18,S0003,,Condiments/Sauces/Spices,3.4499999999999997,13,44.62,1,Friday
2025-07-18,S0003,,Dairy & Eggs,3.4499999999999997,53,177.11,1,Friday
2025-07-18,S0003,,Deli,6.084545454545455,24,143.62,1,Friday
2025-07-18,S0003,,Frozen Foods,6.5649999999999995,30,196.49,1,Friday
2025-07-18,S0003,,Grains and Pasta,2.661818181818182,17,43.85,1,Friday
2025-07-18,S0003,,Meat and Seafood,9.040357142857143,31,283.11,1,Friday
2025-07-18,S0003,,Pet Food,7.0625,13,99.26,1,Friday
2025-07-18,S0003,,Prepared Meals,8.72962962962963,31,268.9,1,Friday
2025-07-18,S0003,,Snacks/Cookies/Chips,3.0764285714285715,93,291.48,1,Friday
2025-07-18,S0004,,Alcohol,12.775909090909092,77,1013.65,1,Friday
2025-07-18,S0004,,Bakery,4.548333333333333,8,37.46,1,Friday
2025-07-18,S0004,,Baking,3.788888888888889,20,77.3,1,Friday
2025-07-18,S0004,,Beverages,3.3571875,38,122.42999999999999,1,Friday
2025-07-18,S0004,,Breakfast & Cereal,4.396071428571429,31,135.38,1,Friday
2025-07-18,S0004,,Candy,2.4277272727272727,25,59.14,1,Friday
2025-07-18,S0004,,Condiments/Sauces/Spices,3.522857142857143,32,110.46000000000001,1,Friday
2025-07-18,S0004,,Dairy & Eggs,3.577714285714286,87,315.91,1,Friday
2025-07-18,S0004,,Deli,6.482916666666667,28,181.8,1,Friday
2025-07-18,S0004,,Frozen Foods,7.143888888888889,20,142.27,1,Friday
2025-07-18,S0004,,Grains and Pasta,2.6233333333333335,15,40.43,1,Friday
2025-07-18,S0004,,Meat and Seafood,9.923,23,226.86,1,Friday
2025-07-18,S0004,,Pet Food,7.987058823529412,30,262.33,1,Friday
2025-07-18,S0004,,Prepared Meals,8.244444444444445,46,387.6,1,Friday
2025-07-18,S0004,,Snacks/Cookies/Chips,3.0602597402597405,114,342.58,1,Friday
2025-07-18,S0005,,Alcohol,12.010487804878048,54,640.57,1,Friday
2025-07-18,S0005,,Bakery,4.654999999999999,10,47.06,1,Friday
2025-07-18,S0005,,Baking,3.7463636363636366,13,49.92,1,Friday
2025-07-18,S0005,,Beverages,3.5725,25,90.54,1,Friday
2025-07-18,S0005,,Breakfast & Cereal,4.860833333333333,12,58.28,1,Friday
2025-07-18,S0005,,Candy,2.2566666666666664,26,58.17,1,Friday
2025-07-18,S0005,,Condiments/Sauces/Spices,3.476153846153846,19,70.11,1,Friday
2025-07-18,S0005,,Dairy & Eggs,3.3008163265306125,59,195.27,1,Friday
2025-07-18,S0005,,Deli,5.943888888888889,19,113.00999999999999,1,Friday
2025-07-18,S0005,,Frozen Foods,6.944615384615385,17,120.91,1,Friday
2025-07-18,S0005,,Grains and Pasta,2.582222222222222,12,30.549999999999997,1,Friday
2025-07-18,S0005,,Meat and Seafood,9.415000000000001,18,180.15,1,Friday
2025-07-18,S0005,,Pet Food,8.34125,22,187.81,1,Friday
2025-07-18,S0005,,Prepared Meals,9.100555555555555,21,196.1,1,Friday
2025-07-18,S0005,,Snacks/Cookies/Chips,3.3051063829787233,67,223.17,1,Friday
2025-07-19,S0001,,Alcohol,12.401428571428571,142,1739.74,1,Saturday
2025-07-19,S0001,,Bakery,3.9645833333333336,36,145.21,1,Saturday
2025-07-19,S0001,,Baking,3.9744262295081967,66,259.32,1,Saturday
2025-07-19,S0001,,Beverages,3.2782608695652176,66,223.8,1,Saturday
2025-07-19,S0001,,Breakfast & Cereal,4.2746875,38,159.29999999999998,1,Saturday
2025-07-19,S0001,,Candy,2.432,65,157.82,1,Saturday
2025-07-19,S0001,,Condiments/Sauces/Spices,3.539487179487179,49,179.57,1,Saturday
2025-07-19,S0001,,Dairy & Eggs,3.505252525252525,121,440.21,1,Saturday
2025-07-19,S0001,,Deli,5.882702702702702,48,277.29,1,Saturday
2025-07-19,S0001,,Frozen Foods,7.468421052631579,48,360.65,1,Saturday
2025-07-19,S0001,,Grains and Pasta,2.6989655172413793,37,96.86,1,Saturday
2025-07-19,S0001,,Meat and Seafood,9.191333333333334,37,355.22,1,Saturday
2025-07-19,S0001,,Pet Food,6.9326923076923075,74,516.67,1,Saturday
2025-07-19,S0001,,Prepared Meals,7.787457627118644,72,567.43,1,Saturday
2025-07-19,S0001,,Snacks/Cookies/Chips,3.088217821782178,140,426.41,1,Saturday
2025-07-19,S0002,,Alcohol,12.144054054054054,42,508.05,1,Saturday
2025-07-19,S0002,,Bakery,4.965999999999999,5,24.73,1,Saturday
2025-07-19,S0002,,Baking,4.357272727272727,13,57.11,1,Saturday
2025-07-19,S0002,,Beverages,3.206153846153846,19,59.629999999999995,1,Saturday
2025-07-19,S0002,,Breakfast & Cereal,4.430714285714286,19,87.41,1,Saturday
2025-07-19,S0002,,Candy,2.3440000000000003,11,25.01,1,Saturday
2025-07-19,S0002,,Condiments/Sauces/Spices,3.3041666666666667,17,56.93,1,Saturday
2025-07-19,S0002,,Dairy & Eggs,3.42,43,141.64,1,Saturday
2025-07-19,S0002,,Deli,6.01,15,90.05,1,Saturday
2025-07-19,S0002,,Frozen Foods,7.256153846153846,14,101.75,1,Saturday
2025-07-19,S0002,,Grains and Pasta,2.817142857142857,9,23.73,1,Saturday
2025-07-19,S0002,,Meat and Seafood,8.837777777777779,11,100.11,1,Saturday
2025-07-19,S0002,,Pet Food,7.067777777777778,18,127.69,1,Saturday
2025-07-19,S0002,,Prepared Meals,9.398181818181818,14,130.29,1,Saturday
2025-07-19,S0002,,Snacks/Cookies/Chips,3.065227272727273,57,174.31,1,Saturday
2025-07-19,S0003,,Alcohol,12.872142857142858,70,884.6,1,Saturday
2025-07-19,S0003,,Bakery,3.928,5,19.61,1,Saturday
2025-07-19,S0003,,Baking,3.50551724137931,37,128.02,1,Saturday
2025-07-19,S0003,,Beverages,3.41,30,105.28,1,Saturday
2025-07-19,S0003,,Breakfast & Cereal,4.545333333333333,37,169.64,1,Saturday
2025-07-19,S0003,,Candy,2.442608695652174,29,70.14,1,Saturday
2025-07-19,S0003,,Condiments/Sauces/Spices,3.40875,16,54.51,1,Saturday
2025-07-19,S0003,,Dairy & Eggs,3.425072463768116,88,300.90999999999997,1,Saturday
2025-07-19,S0003,,Deli,6.0848,28,173.41,1,Saturday
2025-07-19,S0003,,Frozen Foods,6.741428571428571,19,121.69999999999999,1,Saturday
2025-07-19,S0003,,Grains and Pasta,2.3533333333333335,10,24.45,1,Saturday
2025-07-19,S0003,,Meat and Seafood,9.115,26,236.0,1,Saturday
2025-07-19,S0003,,Pet Food,7.046842105263159,29,197.37,1,Saturday
2025-07-19,S0003,,Prepared Meals,8.0325,36,284.46999999999997,1,Saturday
2025-07-19,S0003,,Snacks/Cookies/Chips,3.0833333333333335,104,314.64,1,Saturday
2025-07-19,S0004,,Alcohol,12.0616,61,728.84,1,Saturday
2025-07-19,S0004,,Bakery,4.17,17,68.03,1,Saturday
2025-07-19,S0004,,Baking,3.4591666666666665,31,104.09,1,Saturday
2025-07-19,S0004,,Beverages,3.243448275862069,47,148.76,1,Saturday
2025-07-19,S0004,,Breakfast & Cereal,4.38,36,155.13,1,Saturday
2025-07-19,S0004,,Candy,2.6133333333333333,32,83.74,1,Saturday
2025-07-19,S0004,,Condiments/Sauces/Spices,3.522692307692308,34,124.69,1,Saturday
2025-07-19,S0004,,Dairy & Eggs,3.5252499999999998,102,366.38,1,Saturday
2025-07-19,S0004,,Deli,5.905,30,181.19,1,Saturday
2025-07-19,S0004,,Frozen Foods,6.972799999999999,32,229.31,1,Saturday
2025-07-19,S0004,,Grains and Pasta,2.4388888888888887,24,59.34,1,Saturday
2025-07-19,S0004,,Meat and Seafood,9.605263157894736,29,287.82,1,Saturday
2025-07-19,S0004,,Pet Food,7.1207142857142856,55,397.93,1,Saturday
2025-07-19,S0004,,Prepared Meals,7.9147058823529415,40,309.81,1,Saturday
2025-07-19,S0004,,Snacks/Cookies/Chips,2.982666666666667,136,406.2,1,Saturday
2025-07-19,S0005,,Alcohol,12.607857142857142,72,913.12,1,Saturday
2025-07-19,S0005,,Bakery,3.765,8,30.13,1,Saturday
2025-07-19,S0005,,Baking,3.87,24,90.01,1,Saturday
2025-07-19,S0005,,Beverages,3.2704545454545455,35,113.64,1,Saturday
2025-07-19,S0005,,Breakfast & Cereal,4.774444444444445,21,98.11,1,Saturday
2025-07-19,S0005,,Candy,2.487619047619048,25,65.24,1,Saturday
2025-07-19,S0005,,Condiments/Sauces/Spices,3.5166666666666666,20,68.43,1,Saturday
2025-07-19,S0005,,Dairy & Eggs,3.4148979591836732,67,233.06,1,Saturday
2025-07-19,S0005,,Deli,5.590000000000001,18,96.82,1,Saturday
2025-07-19,S0005,,Frozen Foods,7.015454545454546,27,200.05,1,Saturday
2025-07-19,S0005,,Grains and Pasta,2.763333333333333,3,8.31,1,Saturday
2025-07-19,S0005,,Meat and Seafood,9.794545454545455,23,224.72,1,Saturday
2025-07-19,S0005,,Pet Food,7.038888888888889,11,77.99,1,Saturday
2025-07-19,S0005,,Prepared Meals,8.042,22,174.81,1,Saturday
2025-07-19,S0005,,Snacks/Cookies/Chips,3.119591836734694,79,249.49,1,Saturday
2025-07-20,S0001,,Alcohol,12.684393939393939,173,2186.51,1,Sunday
2025-07-20,S0001,,Bakery,5.176,5,25.830000000000002,1,Sunday
2025-07-20,S0001,,Baking,3.5705263157894738,41,146.72,1,Sunday
2025-07-20,S0001,,Beverages,3.5288461538461537,88,311.52,1,Sunday
2025-07-20,S0001,,Breakfast & Cereal,4.8138,64,304.47,1,Sunday
2025-07-20,S0001,,Candy,2.5024444444444445,57,146.41,1,Sunday
2025-07-20,S0001,,Condiments/Sauces/Spices,3.644883720930233,47,170.17,1,Sunday
2025-07-20,S0001,,Dairy & Eggs,3.6474774774774774,151,570.23,1,Sunday
2025-07-20,S0001,,Deli,5.843409090909091,55,326.27,1,Sunday
2025-07-20,S0001,,Frozen Foods,7.5200000000000005,35,261.78,1,Sunday
2025-07-20,S0001,,Grains and Pasta,2.3249999999999997,6,13.959999999999999,1,Sunday
2025-07-20,S0001,,Meat and Seafood,9.54815789473684,50,466.01,1,Sunday
2025-07-20,S0001,,Pet Food,7.702500000000001,38,292.0,1,Sunday
2025-07-20,S0001,,Prepared Meals,8.26156862745098,55,451.8,1,Sunday
2025-07-20,S0001,,Snacks/Cookies/Chips,3.0920588235294115,204,618.21,1,Sunday
2025-07-20,S0002,,Alcohol,12.774000000000001,29,372.44,1,Sunday
2025-07-20,S0002,,Bakery,3.3216666666666668,6,19.93,1,Sunday
2025-07-20,S0002,,Baking,4.087142857142857,9,34.83,1,Sunday
2025-07-20,S0002,,Beverages,3.142857142857143,21,66.45,1,Sunday
2025-07-20,S0002,,Breakfast & Cereal,5.006,13,66.38,1,Sunday
2025-07-20,S0002,,Candy,2.398,5,11.97,1,Sunday
2025-07-20,S0002,,Condiments/Sauces/Spices,4.345,8,34.81,1,Sunday
2025-07-20,S0002,,Dairy & Eggs,3.621212121212121,40,146.02,1,Sunday
2025-07-20,S0002,,Deli,5.801666666666667,9,55.31,1,Sunday
2025-07-20,S0002,,Frozen Foods,6.4825,9,58.06,1,Sunday
2025-07-20,S0002,,Grains and Pasta,2.6233333333333335,9,25.54,1,Sunday
2025-07-20,S0002,,Meat and Seafood,7.411428571428572,8,58.16,1,Sunday
2025-07-20,S0002,,Pet Food,6.926666666666666,11,76.93,1,Sunday
2025-07-20,S0002,,Prepared Meals,7.387142857142857,10,73.84,1,Sunday
2025-07-20,S0002,,Snacks/Cookies/Chips,2.9335,31,88.41,1,Sunday
2025-07-20,S0003,,Alcohol,11.944999999999999,79,973.61,1,Sunday
2025-07-20,S0003,,Bakery,4.048333333333333,6,24.28,1,Sunday
2025-07-20,S0003,,Baking,3.641428571428572,9,31.560000000000002,1,Sunday
2025-07-20,S0003,,Beverages,3.183846153846154,17,50.62,1,Sunday
2025-07-20,S0003,,Breakfast & Cereal,4.438260869565218,32,145.47,1,Sunday
2025-07-20,S0003,,Candy,2.352272727272727,25,59.37,1,Sunday
2025-07-20,S0003,,Condiments/Sauces/Spices,3.7895833333333333,31,115.03,1,Sunday
2025-07-20,S0003,,Dairy & Eggs,3.3465625,82,269.79,1,Sunday
2025-07-20,S0003,,Deli,5.721666666666668,21,120.22,1,Sunday
2025-07-20,S0003,,Frozen Foods,7.0873684210526315,23,159.79,1,Sunday
2025-07-20,S0003,,Grains and Pasta,2.7342857142857144,8,21.03,1,Sunday
2025-07-20,S0003,,Meat and Seafood,9.346666666666668,26,243.82,1,Sunday
2025-07-20,S0003,,Pet Food,7.329411764705882,28,198.49,1,Sunday
2025-07-20,S0003,,Prepared Meals,7.433703703703704,36,267.32,1,Sunday
2025-07-20,S0003,,Snacks/Cookies/Chips,3.0516666666666667,95,301.63,1,Sunday
2025-07-20,S0004,,Alcohol,13.002295081967214,68,888.1800000000001,1,Sunday
2025-07-20,S0004,,Bakery,4.172222222222222,11,48.84,1,Sunday
2025-07-20,S0004,,Baking,3.4673684210526314,25,84.82,1,Sunday
2025-07-20,S0004,,Beverages,3.2920000000000003,32,101.41,1,Sunday
2025-07-20,S0004,,Breakfast & Cereal,4.9965,24,119.36,1,Sunday
2025-07-20,S0004,,Candy,2.4074999999999998,20,48.84,1,Sunday
2025-07-20,S0004,,Condiments/Sauces/Spices,3.5646153846153843,36,127.53999999999999,1,Sunday
2025-07-20,S0004,,Dairy & Eggs,3.362063492063492,78,263.76,1,Sunday
2025-07-20,S0004,,Deli,6.115161290322581,33,201.3,1,Sunday
2025-07-20,S0004,,Frozen Foods,7.020416666666667,27,188.06,1,Sunday
2025-07-20,S0004,,Grains and Pasta,2.637272727272727,14,39.82,1,Sunday
2025-07-20,S0004,,Meat and Seafood,9.03923076923077,32,291.2,1,Sunday
2025-07-20,S0004,,Pet Food,7.6412,41,314.81,1,Sunday
2025-07-20,S0004,,Prepared Meals,8.468148148148149,33,267.54,1,Sunday
2025-07-20,S0004,,Snacks/Cookies/Chips,3.1480769230769234,116,357.8,1,Sunday
2025-07-20,S0005,,Alcohol,12.638823529411766,37,471.54,1,Sunday
2025-07-20,S0005,,Bakery,3.674285714285714,9,33.05,1,Sunday
2025-07-20,S0005,,Baking,3.7235294117647055,20,73.74,1,Sunday
2025-07-20,S0005,,Beverages,3.5564705882352943,27,96.74,1,Sunday
2025-07-20,S0005,,Breakfast & Cereal,4.484705882352941,20,90.73,1,Sunday
2025-07-20,S0005,,Candy,2.3207142857142857,17,37.61,1,Sunday
2025-07-20,S0005,,Condiments/Sauces/Spices,3.8799999999999994,22,86.97999999999999,1,Sunday
2025-07-20,S0005,,Dairy & Eggs,3.3013513513513515,47,150.66,1,Sunday
2025-07-20,S0005,,Deli,6.37,17,104.77,1,Sunday
2025-07-20,S0005,,Frozen Foods,5.809333333333333,15,86.96,1,Sunday
2025-07-20,S0005,,Grains and Pasta,2.4166666666666665,3,7.23,1,Sunday
2025-07-20,S0005,,Meat and Seafood,9.161875,20,184.1,1,Sunday
2025-07-20,S0005,,Pet Food,7.761666666666667,13,99.34,1,Sunday
2025-07-20,S0005,,Prepared Meals,8.138125,17,142.18,1,Sunday
2025-07-20,S0005,,Snacks/Cookies/Chips,3.143255813953488,67,214.2,1,Sunday
2025-07-21,S0001,,Alcohol,12.55948275862069,68,832.98,1,Monday
2025-07-21,S0001,,Bakery,4.179444444444445,28,119.36999999999999,1,Monday
2025-07-21,S0001,,Baking,3.5421875,37,129.93,1,Monday
2025-07-21,S0001,,Beverages,2.973157894736842,33,97.2,1,Monday
2025-07-21,S0001,,Breakfast & Cereal,4.772285714285714,43,203.42,1,Monday
2025-07-21,S0001,,Candy,2.3845454545454543,41,99.88,1,Monday
2025-07-21,S0001,,Condiments/Sauces/Spices,3.5207500000000005,52,184.02,1,Monday
2025-07-21,S0001,,Dairy & Eggs,3.496981132075472,57,200.5,1,Monday
2025-07-21,S0001,,Deli,6.198055555555555,47,295.41,1,Monday
2025-07-21,S0001,,Frozen Foods,6.728857142857143,37,246.79,1,Monday
2025-07-21,S0001,,Grains and Pasta,2.9255555555555555,9,26.4,1,Monday
2025-07-21,S0001,,Meat and Seafood,10.289666666666667,37,369.75,1,Monday
2025-07-21,S0001,,Pet Food,8.290689655172415,43,368.67,1,Monday
2025-07-21,S0001,,Prepared Meals,8.623333333333333,50,431.29,1,Monday
2025-07-21,S0001,,Snacks/Cookies/Chips,3.0420192307692306,161,483.93,1,Monday
2025-07-21,S0002,,Alcohol,12.265555555555556,23,292.11,1,Monday
2025-07-21,S0002,,Bakery,3.0700000000000003,3,9.23,1,Monday
2025-07-21,S0002,,Baking,3.2781818181818183,14,46.8,1,Monday
2025-07-21,S0002,,Beverages,2.9850000000000003,14,43.86,1,Monday
2025-07-21,S0002,,Breakfast & Cereal,4.872142857142856,22,106.59,1,Monday
2025-07-21,S0002,,Candy,2.1522222222222225,9,19.32,1,Monday
2025-07-21,S0002,,Condiments/Sauces/Spices,3.6,12,42.65,1,Monday
2025-07-21,S0002,,Dairy & Eggs,3.5633333333333335,26,96.03,1,Monday
2025-07-21,S0002,,Deli,6.565714285714286,7,45.99,1,Monday
2025-07-21,S0002,,Frozen Foods,7.562,8,64.47,1,Monday
2025-07-21,S0002,,Grains and Pasta,2.96,2,5.93,1,Monday
2025-07-21,S0002,,Meat and Seafood,8.540000000000001,9,77.58,1,Monday
2025-07-21,S0002,,Pet Food,7.104285714285715,12,89.88,1,Monday
2025-07-21,S0002,,Prepared Meals,7.776428571428572,17,137.76,1,Monday
2025-07-21,S0002,,Snacks/Cookies/Chips,3.118918918918919,53,165.35,1,Monday
2025-07-21,S0003,,Alcohol,11.832619047619048,47,550.21,1,Monday
2025-07-21,S0003,,Bakery,3.3879999999999995,8,27.79,1,Monday
2025-07-21,S0003,,Baking,3.4735714285714288,20,67.97,1,Monday
2025-07-21,S0003,,Beverages,2.9535714285714287,19,57.58,1,Monday
2025-07-21,S0003,,Breakfast & Cereal,4.869999999999999,26,127.14,1,Monday
2025-07-21,S0003,,Candy,2.3313333333333333,22,50.49,1,Monday
2025-07-21,S0003,,Condiments/Sauces/Spices,3.6023529411764708,22,76.11,1,Monday
2025-07-21,S0003,,Dairy & Eggs,3.4534375,41,139.53,1,Monday
2025-07-21,S0003,,Deli,5.818333333333333,21,121.37,1,Monday
2025-07-21,S0003,,Frozen Foods,7.185555555555556,12,84.11,1,Monday
2025-07-21,S0003,,Grains and Pasta,2.90875,12,33.5,1,Monday
2025-07-21,S0003,,Meat and Seafood,9.359411764705882,21,208.84,1,Monday
2025-07-21,S0003,,Pet Food,7.904615384615385,24,190.27,1,Monday
2025-07-21,S0003,,Prepared Meals,8.2325,25,199.54,1,Monday
2025-07-21,S0003,,Snacks/Cookies/Chips,3.009,80,238.49,1,Monday
2025-07-21,S0004,,Alcohol,11.811052631578947,74,883.37,1,Monday
2025-07-21,S0004,,Bakery,3.215,6,19.31,1,Monday
2025-07-21,S0004,,Baking,3.967916666666667,31,122.93,1,Monday
2025-07-21,S0004,,Beverages,3.5284999999999997,27,97.97,1,Monday
2025-07-21,S0004,,Breakfast & Cereal,4.962222222222222,20,95.7,1,Monday
2025-07-21,S0004,,Candy,2.533793103448276,37,92.81,1,Monday
2025-07-21,S0004,,Condiments/Sauces/Spices,3.6950000000000003,21,85.93,1,Monday
2025-07-21,S0004,,Dairy & Eggs,3.5309090909090908,74,256.99,1,Monday
2025-07-21,S0004,,Deli,5.368,27,142.8,1,Monday
2025-07-21,S0004,,Frozen Foods,5.73625,11,58.75,1,Monday
2025-07-21,S0004,,Grains and Pasta,2.5374999999999996,6,14.29,1,Monday
2025-07-21,S0004,,Meat and Seafood,7.926,22,174.01,1,Monday
2025-07-21,S0004,,Pet Food,6.86625,22,144.46,1,Monday
2025-07-21,S0004,,Prepared Meals,8.5,22,179.04,1,Monday
2025-07-21,S0004,,Snacks/Cookies/Chips,3.1271929824561404,84,259.8,1,Monday
2025-07-21,S0005,,Alcohol,12.534390243902438,50,649.91,1,Monday
2025-07-21,S0005,,Bakery,3.425,6,20.71,1,Monday
2025-07-21,S0005,,Baking,3.6100000000000003,5,18.1,1,Monday
2025-07-21,S0005,,Beverages,3.7066666666666666,21,75.58,1,Monday
2025-07-21,S0005,,Breakfast & Cereal,4.6305555555555555,24,109.71000000000001,1,Monday
2025-07-21,S0005,,Candy,2.3158823529411765,20,45.97,1,Monday
2025-07-21,S0005,,Condiments/Sauces/Spices,3.533333333333333,12,41.25,1,Monday
2025-07-21,S0005,,Dairy & Eggs,3.6045238095238092,50,181.54,1,Monday
2025-07-21,S0005,,Deli,6.696000000000001,6,39.24,1,Monday
2025-07-21,S0005,,Frozen Foods,6.981999999999999,13,91.49,1,Monday
2025-07-21,S0005,,Grains and Pasta,2.554,5,12.780000000000001,1,Monday
2025-07-21,S0005,,Meat and Seafood,8.3125,14,109.73,1,Monday
2025-07-21,S0005,,Pet Food,7.839333333333333,24,195.13,1,Monday
2025-07-21,S0005,,Prepared Meals,8.282222222222222,9,74.61,1,Monday
2025-07-21,S0005,,Snacks/Cookies/Chips,3.052439024390244,58,176.32,1,Monday
2025-07-22,S0001,,Alcohol,12.834920634920636,69,891.17,1,Tuesday
2025-07-22,S0001,,Bakery,3.6944444444444446,11,45.14,1,Tuesday
2025-07-22,S0001,,Baking,3.37051282051282,47,159.52,1,Tuesday
2025-07-22,S0001,,Beverages,3.509310344827586,37,128.85,1,Tuesday
2025-07-22,S0001,,Breakfast & Cereal,4.72975,40,189.06,1,Tuesday
2025-07-22,S0001,,Candy,2.3662068965517244,33,78.9,1,Tuesday
2025-07-22,S0001,,Condiments/Sauces/Spices,3.437142857142857,32,110.77,1,Tuesday
2025-07-22,S0001,,Dairy & Eggs,3.464782608695652,120,410.64,1,Tuesday
2025-07-22,S0001,,Deli,6.078181818181818,30,181.46,1,Tuesday
2025-07-22,S0001,,Frozen Foods,6.988620689655172,34,231.46,1,Tuesday
2025-07-22,S0001,,Grains and Pasta,2.6783333333333332,14,34.76,1,Tuesday
2025-07-22,S0001,,Meat and Seafood,8.660833333333334,40,337.09000000000003,1,Tuesday
2025-07-22,S0001,,Pet Food,7.301714285714286,57,435.47,1,Tuesday
2025-07-22,S0001,,Prepared Meals,8.530652173913042,64,558.35,1,Tuesday
2025-07-22,S0001,,Snacks/Cookies/Chips,3.2206603773584903,178,575.26,1,Tuesday
2025-07-22,S0002,,Alcohol,11.8475,34,398.92,1,Tuesday
2025-07-22,S0002,,Baking,3.5200000000000005,5,17.61,1,Tuesday
2025-07-22,S0002,,Beverages,3.948888888888889,15,56.92,1,Tuesday
2025-07-22,S0002,,Breakfast & Cereal,3.84375,8,30.77,1,Tuesday
2025-07-22,S0002,,Candy,2.3666666666666667,13,29.5,1,Tuesday
2025-07-22,S0002,,Condiments/Sauces/Spices,3.103,16,48.87,1,Tuesday
2025-07-22,S0002,,Dairy & Eggs,3.4931818181818177,25,85.67,1,Tuesday
2025-07-22,S0002,,Deli,6.138,5,30.66,1,Tuesday
2025-07-22,S0002,,Frozen Foods,6.4425,10,64.46000000000001,1,Tuesday
2025-07-22,S0002,,Grains and Pasta,1.69,1,1.69,1,Tuesday
2025-07-22,S0002,,Meat and Seafood,8.882142857142858,17,148.39000000000001,1,Tuesday
2025-07-22,S0002,,Pet Food,7.0,8,54.31,1,Tuesday
2025-07-22,S0002,,Prepared Meals,7.6433333333333335,4,30.979999999999997,1,Tuesday
2025-07-22,S0002,,Snacks/Cookies/Chips,2.895806451612903,50,144.62,1,Tuesday
2025-07-22,S0003,,Alcohol,11.594444444444445,33,389.34,1,Tuesday
2025-07-22,S0003,,Bakery,3.705,4,14.86,1,Tuesday
2025-07-22,S0003,,Baking,3.593333333333333,26,91.87,1,Tuesday
2025-07-22,S0003,,Beverages,3.5348148148148146,43,153.25,1,Tuesday
2025-07-22,S0003,,Breakfast & Cereal,5.423636363636363,12,64.15,1,Tuesday
2025-07-22,S0003,,Candy,2.4073333333333333,21,53.160000000000004,1,Tuesday
2025-07-22,S0003,,Condiments/Sauces/Spices,3.4899999999999998,23,80.26,1,Tuesday
2025-07-22,S0003,,Dairy & Eggs,3.6158695652173916,52,187.74,1,Tuesday
2025-07-22,S0003,,Deli,5.698518518518519,33,188.43,1,Tuesday
2025-07-22,S0003,,Frozen Foods,5.693333333333333,18,106.01,1,Tuesday
2025-07-22,S0003,,Grains and Pasta,2.472857142857143,9,21.89,1,Tuesday
2025-07-22,S0003,,Meat and Seafood,9.393,14,131.85,1,Tuesday
2025-07-22,S0003,,Pet Food,7.0287500000000005,14,98.67,1,Tuesday
2025-07-22,S0003,,Prepared Meals,7.57923076923077,15,113.59,1,Tuesday
2025-07-22,S0003,,Snacks/Cookies/Chips,3.139791666666667,78,248.25,1,Tuesday
2025-07-22,S0004,,Alcohol,12.715901639344262,87,1119.1,1,Tuesday
2025-07-22,S0004,,Bakery,4.236363636363636,15,63.14,1,Tuesday
2025-07-22,S0004,,Baking,3.8952941176470586,20,76.73,1,Tuesday
2025-07-22,S0004,,Beverages,3.1235,28,85.05,1,Tuesday
2025-07-22,S0004,,Breakfast & Cereal,4.562380952380953,28,123.49,1,Tuesday
2025-07-22,S0004,,Candy,2.534615384615385,29,74.51,1,Tuesday
2025-07-22,S0004,,Condiments/Sauces/Spices,3.410555555555556,22,74.12,1,Tuesday
2025-07-22,S0004,,Dairy & Eggs,3.41359375,79,269.84,1,Tuesday
2025-07-22,S0004,,Deli,6.011764705882353,17,102.05,1,Tuesday
2025-07-22,S0004,,Frozen Foods,6.7915789473684205,21,144.6,1,Tuesday
2025-07-22,S0004,,Grains and Pasta,2.500833333333333,14,35.3,1,Tuesday
2025-07-22,S0004,,Meat and Seafood,9.195,10,92.23,1,Tuesday
2025-07-22,S0004,,Pet Food,7.406363636363636,25,183.70000000000002,1,Tuesday
2025-07-22,S0004,,Prepared Meals,8.457586206896552,34,281.85,1,Tuesday
2025-07-22,S0004,,Snacks/Cookies/Chips,3.102264150943396,79,244.41,1,Tuesday
2025-07-22,S0005,,Alcohol,12.378214285714284,41,508.13,1,Tuesday
2025-07-22,S0005,,Bakery,4.1525,4,16.63,1,Tuesday
2025-07-22,S0005,,Baking,3.728125,21,78.96,1,Tuesday
2025-07-22,S0005,,Beverages,3.4569230769230765,18,59.72,1,Tuesday
2025-07-22,S0005,,Breakfast & Cereal,4.407333333333333,18,80.33,1,Tuesday
2025-07-22,S0005,,Candy,2.5541666666666667,12,30.630000000000003,1,Tuesday
2025-07-22,S0005,,Condiments/Sauces/Spices,3.469,12,41.79,1,Tuesday
2025-07-22,S0005,,Dairy & Eggs,3.3489361702127662,58,201.29,1,Tuesday
2025-07-22,S0005,,Deli,5.8925,10,56.56,1,Tuesday
2025-07-22,S0005,,Frozen Foods,7.482222222222223,12,92.07000000000001,1,Tuesday
2025-07-22,S0005,,Grains and Pasta,2.5460000000000003,5,12.73,1,Tuesday
2025-07-22,S0005,,Meat and Seafood,8.785,11,101.17999999999999,1,Tuesday
2025-07-22,S0005,,Pet Food,6.782222222222222,15,97.06,1,Tuesday
2025-07-22,S0005,,Prepared Meals,7.869473684210526,25,188.95,1,Tuesday
2025-07-22,S0005,,Snacks/Cookies/Chips,3.032142857142857,66,197.92,1,Tuesday
2025-07-23,S0001,,Alcohol,12.367125,98,1210.25,1,Wednesday
2025-07-23,S0001,,Bakery,4.0375,8,32.3,1,Wednesday
2025-07-23,S0001,,Baking,3.6646341463414633,43,159.09,1,Wednesday
2025-07-23,S0001,,Beverages,3.6514285714285712,66,238.51,1,Wednesday
2025-07-23,S0001,,Breakfast & Cereal,4.651020408163266,56,260.41,1,Wednesday
2025-07-23,S0001,,Candy,2.1535897435897433,47,98.77,1,Wednesday
2025-07-23,S0001,,Condiments/Sauces/Spices,3.8785714285714286,32,121.95,1,Wednesday
2025-07-23,S0001,,Dairy & Eggs,3.573548387096774,127,455.84,1,Wednesday
2025-07-23,S0001,,Deli,5.750909090909091,39,225.8,1,Wednesday
2025-07-23,S0001,,Frozen Foods,6.6290625,45,307.23,1,Wednesday
2025-07-23,S0001,,Grains and Pasta,2.3166666666666664,8,19.46,1,Wednesday
2025-07-23,S0001,,Meat and Seafood,9.333636363636364,60,549.85,1,Wednesday
2025-07-23,S0001,,Pet Food,8.226666666666667,47,409.86,1,Wednesday
2025-07-23,S0001,,Prepared Meals,7.760789473684211,46,348.91,1,Wednesday
2025-07-23,S0001,,Snacks/Cookies/Chips,3.1377659574468084,134,408.87,1,Wednesday
2025-07-23,S0002,,Alcohol,12.02625,27,321.97,1,Wednesday
2025-07-23,S0002,,Bakery,4.084,7,25.67,1,Wednesday
2025-07-23,S0002,,Baking,3.810769230769231,13,49.55,1,Wednesday
2025-07-23,S0002,,Beverages,3.6613333333333333,25,93.17,1,Wednesday
2025-07-23,S0002,,Breakfast & Cereal,4.5088888888888885,11,49.410000000000004,1,Wednesday
2025-07-23,S0002,,Candy,2.19125,11,23.560000000000002,1,Wednesday
2025-07-23,S0002,,Condiments/Sauces/Spices,3.967777777777778,12,48.25,1,Wednesday
2025-07-23,S0002,,Dairy & Eggs,3.1714814814814813,31,98.5,1,Wednesday
2025-07-23,S0002,,Deli,5.944444444444445,11,66.67,1,Wednesday
2025-07-23,S0002,,Frozen Foods,6.20625,10,64.53,1,Wednesday
2025-07-23,S0002,,Grains and Pasta,2.6799999999999997,3,8.03,1,Wednesday
2025-07-23,S0002,,Meat and Seafood,10.013076923076925,20,192.79,1,Wednesday
2025-07-23,S0002,,Pet Food,7.74125,24,179.76,1,Wednesday
2025-07-23,S0002,,Prepared Meals,8.312857142857142,14,116.26,1,Wednesday
2025-07-23,S0002,,Snacks/Cookies/Chips,3.2344,42,133.5,1,Wednesday
2025-07-23,S0003,,Alcohol,12.0724,67,815.02,1,Wednesday
2025-07-23,S0003,,Bakery,3.938333333333333,6,23.67,1,Wednesday
2025-07-23,S0003,,Baking,3.98,13,52.69,1,Wednesday
2025-07-23,S0003,,Beverages,3.2668421052631578,29,95.81,1,Wednesday
2025-07-23,S0003,,Breakfast & Cereal,4.996111111111111,23,116.71000000000001,1,Wednesday
2025-07-23,S0003,,Candy,2.1964705882352944,20,42.54,1,Wednesday
2025-07-23,S0003,,Condiments/Sauces/Spices,3.6757142857142857,26,93.60000000000001,1,Wednesday
2025-07-23,S0003,,Dairy & Eggs,3.6650943396226414,65,239.82,1,Wednesday
2025-07-23,S0003,,Deli,6.0425,12,72.63,1,Wednesday
2025-07-23,S0003,,Frozen Foods,7.511428571428572,15,114.53999999999999,1,Wednesday
2025-07-23,S0003,,Grains and Pasta,2.3325,5,11.61,1,Wednesday
2025-07-23,S0003,,Meat and Seafood,9.045263157894736,23,203.84,1,Wednesday
2025-07-23,S0003,,Pet Food,7.598461538461539,18,136.60999999999999,1,Wednesday
2025-07-23,S0003,,Prepared Meals,8.398636363636363,26,216.63,1,Wednesday
2025-07-23,S0003,,Snacks/Cookies/Chips,3.124117647058824,67,208.35999999999999,1,Wednesday
2025-07-23,S0004,,Alcohol,12.09234375,75,906.35,1,Wednesday
2025-07-23,S0004,,Bakery,3.761,11,41.16,1,Wednesday
2025-07-23,S0004,,Baking,3.65695652173913,30,106.5,1,Wednesday
2025-07-23,S0004,,Beverages,3.22,26,84.26,1,Wednesday
2025-07-23,S0004,,Breakfast & Cereal,4.579473684210527,20,92.16,1,Wednesday
2025-07-23,S0004,,Candy,2.4505555555555554,21,50.870000000000005,1,Wednesday
2025-07-23,S0004,,Condiments/Sauces/Spices,3.444375,23,79.12,1,Wednesday
2025-07-23,S0004,,Dairy & Eggs,3.2541509433962266,65,209.72,1,Wednesday
2025-07-23,S0004,,Deli,6.048,20,120.78,1,Wednesday
2025-07-23,S0004,,Frozen Foods,7.186111111111111,21,158.35999999999999,1,Wednesday
2025-07-23,S0004,,Grains and Pasta,2.3466666666666667,7,17.02,1,Wednesday
2025-07-23,S0004,,Meat and Seafood,9.458064516129031,38,365.66,1,Wednesday
2025-07-23,S0004,,Pet Food,7.624,35,281.74,1,Wednesday
2025-07-23,S0004,,Prepared Meals,8.70111111111111,20,171.64,1,Wednesday
2025-07-23,S0004,,Snacks/Cookies/Chips,3.1208196721311476,97,289.94,1,Wednesday
2025-07-23,S0005,,Alcohol,11.844418604651162,61,733.5,1,Wednesday
2025-07-23,S0005,,Bakery,3.4299999999999997,7,23.29,1,Wednesday
2025-07-23,S0005,,Baking,3.5444444444444447,10,35.61,1,Wednesday
2025-07-23,S0005,,Beverages,3.4054545454545457,35,115.28,1,Wednesday
2025-07-23,S0005,,Breakfast & Cereal,4.728333333333333,17,85.8,1,Wednesday
2025-07-23,S0005,,Candy,2.6115384615384616,15,40.79,1,Wednesday
2025-07-23,S0005,,Condiments/Sauces/Spices,3.4372727272727275,16,57.199999999999996,1,Wednesday
2025-07-23,S0005,,Dairy & Eggs,3.7997727272727273,54,214.18,1,Wednesday
2025-07-23,S0005,,Deli,5.996666666666666,21,124.65,1,Wednesday
2025-07-23,S0005,,Frozen Foods,6.578181818181818,13,84.13,1,Wednesday
2025-07-23,S0005,,Grains and Pasta,2.75,3,8.25,1,Wednesday
2025-07-23,S0005,,Meat and Seafood,9.824285714285715,28,283.96,1,Wednesday
2025-07-23,S0005,,Pet Food,7.019333333333333,32,222.21,1,Wednesday
2025-07-23,S0005,,Prepared Meals,8.394,24,198.22,1,Wednesday
2025-07-23,S0005,,Snacks/Cookies/Chips,3.156341463414634,67,208.95,1,Wednesday
2025-07-24,S0001,,Alcohol,12.09379746835443,95,1158.15,1,Thursday
2025-07-24,S0001,,Bakery,4.2768421052631584,19,81.19,1,Thursday
2025-07-24,S0001,,Baking,3.960263157894737,48,196.9,1,Thursday
2025-07-24,S0001,,Beverages,3.359736842105263,51,179.0,1,Thursday
2025-07-24,S0001,,Breakfast & Cereal,4.5920588235294115,37,166.02,1,Thursday
2025-07-24,S0001,,Candy,2.4833333333333334,34,83.74,1,Thursday
2025-07-24,S0001,,Condiments/Sauces/Spices,3.5598039215686277,61,219.55,1,Thursday
2025-07-24,S0001,,Dairy & Eggs,3.4969607843137256,132,460.12,1,Thursday
2025-07-24,S0001,,Deli,6.1797619047619055,56,351.94,1,Thursday
2025-07-24,S0001,,Frozen Foods,6.724186046511628,47,314.03,1,Thursday
2025-07-24,S0001,,Grains and Pasta,2.272,14,31.990000000000002,1,Thursday
2025-07-24,S0001,,Meat and Seafood,8.9075,32,305.14,1,Thursday
2025-07-24,S0001,,Pet Food,8.030697674418604,65,507.62,1,Thursday
2025-07-24,S0001,,Prepared Meals,8.061538461538461,54,437.13,1,Thursday
2025-07-24,S0001,,Snacks/Cookies/Chips,3.060681818181818,119,361.09,1,Thursday
2025-07-24,S0002,,Alcohol,12.306071428571428,33,400.64,1,Thursday
2025-07-24,S0002,,Bakery,4.942857142857142,10,47.12,1,Thursday
2025-07-24,S0002,,Baking,3.5353846153846153,16,56.86,1,Thursday
2025-07-24,S0002,,Beverages,3.5316666666666663,8,32.35,1,Thursday
2025-07-24,S0002,,Breakfast & Cereal,4.42125,9,43.269999999999996,1,Thursday
2025-07-24,S0002,,Candy,2.706666666666667,10,27.42,1,Thursday
2025-07-24,S0002,,Condiments/Sauces/Spices,3.750833333333333,12,45.1,1,Thursday
2025-07-24,S0002,,Dairy & Eggs,3.1166666666666667,34,108.78,1,Thursday
2025-07-24,S0002,,Deli,5.706428571428572,19,108.55,1,Thursday
2025-07-24,S0002,,Frozen Foods,7.504444444444445,13,97.16,1,Thursday
2025-07-24,S0002,,Grains and Pasta,2.415,2,4.84,1,Thursday
2025-07-24,S0002,,Meat and Seafood,8.7325,13,115.3,1,Thursday
2025-07-24,S0002,,Pet Food,7.477142857142858,11,82.45,1,Thursday
2025-07-24,S0002,,Prepared Meals,8.45375,8,67.74,1,Thursday
2025-07-24,S0002,,Snacks/Cookies/Chips,3.235454545454546,61,198.14,1,Thursday
2025-07-24,S0003,,Alcohol,12.46719298245614,70,879.0600000000001,1,Thursday
2025-07-24,S0003,,Bakery,3.0460000000000003,6,17.93,1,Thursday
2025-07-24,S0003,,Baking,3.833157894736842,27,108.27,1,Thursday
2025-07-24,S0003,,Beverages,3.118846153846154,35,104.42,1,Thursday
2025-07-24,S0003,,Breakfast & Cereal,4.61,20,90.8,1,Thursday
2025-07-24,S0003,,Candy,2.6113333333333335,17,45.65,1,Thursday
2025-07-24,S0003,,Condiments/Sauces/Spices,3.223333333333333,29,95.77,1,Thursday
2025-07-24,S0003,,Dairy & Eggs,3.5532727272727276,60,209.53,1,Thursday
2025-07-24,S0003,,Deli,5.552777777777778,19,103.73,1,Thursday
2025-07-24,S0003,,Frozen Foods,6.4324,30,198.66,1,Thursday
2025-07-24,S0003,,Grains and Pasta,2.3814285714285717,11,25.84,1,Thursday
2025-07-24,S0003,,Meat and Seafood,10.452857142857143,19,194.53,1,Thursday
2025-07-24,S0003,,Pet Food,7.4630769230769225,20,149.86,1,Thursday
2025-07-24,S0003,,Prepared Meals,7.985882352941176,23,186.82999999999998,1,Thursday
2025-07-24,S0003,,Snacks/Cookies/Chips,3.0922916666666667,71,218.46,1,Thursday
2025-07-24,S0004,,Alcohol,12.505217391304347,56,715.48,1,Thursday
2025-07-24,S0004,,Bakery,3.8377777777777777,11,43.349999999999994,1,Thursday
2025-07-24,S0004,,Baking,4.21,42,180.92000000000002,1,Thursday
2025-07-24,S0004,,Beverages,3.5041176470588233,25,89.72,1,Thursday
2025-07-24,S0004,,Breakfast & Cereal,4.565714285714285,32,146.6,1,Thursday
2025-07-24,S0004,,Candy,2.718,11,30.14,1,Thursday
2025-07-24,S0004,,Condiments/Sauces/Spices,3.3326315789473684,19,63.36,1,Thursday
2025-07-24,S0004,,Dairy & Eggs,3.441639344262295,75,254.79,1,Thursday
2025-07-24,S0004,,Deli,5.986538461538462,30,181.52,1,Thursday
2025-07-24,S0004,,Frozen Foods,6.52,15,97.64999999999999,1,Thursday
2025-07-24,S0004,,Grains and Pasta,2.054,7,14.32,1,Thursday
2025-07-24,S0004,,Meat and Seafood,8.889166666666666,12,106.77,1,Thursday
2025-07-24,S0004,,Pet Food,6.992000000000001,32,231.45999999999998,1,Thursday
2025-07-24,S0004,,Prepared Meals,8.723928571428571,36,316.24,1,Thursday
2025-07-24,S0004,,Snacks/Cookies/Chips,3.247,117,377.51,1,Thursday
2025-07-24,S0005,,Alcohol,12.594615384615384,47,590.49,1,Thursday
2025-07-24,S0005,,Bakery,3.766666666666667,6,22.59,1,Thursday
2025-07-24,S0005,,Baking,3.6229411764705883,18,64.97,1,Thursday
2025-07-24,S0005,,Beverages,3.3844444444444446,30,101.36,1,Thursday
2025-07-24,S0005,,Breakfast & Cereal,4.30875,21,92.94,1,Thursday
2025-07-24,S0005,,Candy,2.4329411764705884,20,49.97,1,Thursday
2025-07-24,S0005,,Condiments/Sauces/Spices,3.662857142857143,14,51.39,1,Thursday
2025-07-24,S0005,,Dairy & Eggs,3.5623684210526316,46,165.65,1,Thursday
2025-07-24,S0005,,Deli,5.698888888888889,22,124.43,1,Thursday
2025-07-24,S0005,,Frozen Foods,6.767142857142857,18,120.08,1,Thursday
2025-07-24,S0005,,Grains and Pasta,2.76,1,2.77,1,Thursday
2025-07-24,S0005,,Meat and Seafood,10.084166666666667,15,154.51,1,Thursday
2025-07-24,S0005,,Pet Food,7.929230769230769,14,109.14999999999999,1,Thursday
2025-07-24,S0005,,Prepared Meals,8.489090909090908,13,112.34,1,Thursday
2025-07-24,S0005,,Snacks/Cookies/Chips,3.205,59,188.96,1,Thursday
2025-07-25,S0001,,Alcohol,11.826875,152,1819.11,1,Friday
2025-07-25,S0001,,Bakery,4.02875,18,69.08,1,Friday
2025-07-25,S0001,,Baking,4.199210526315789,42,176.09,1,Friday
2025-07-25,S0001,,Beverages,3.5552272727272727,63,229.60999999999999,1,Friday
2025-07-25,S0001,,Breakfast & Cereal,4.488301886792453,68,305.65,1,Friday
2025-07-25,S0001,,Candy,2.256666666666667,33,72.42999999999999,1,Friday
2025-07-25,S0001,,Condiments/Sauces/Spices,3.664677419354839,82,287.61,1,Friday
2025-07-25,S0001,,Dairy & Eggs,3.677822580645161,147,547.95,1,Friday
2025-07-25,S0001,,Deli,5.958974358974359,47,279.63,1,Friday
2025-07-25,S0001,,Frozen Foods,6.0600000000000005,28,169.94,1,Friday
2025-07-25,S0001,,Grains and Pasta,2.59,14,36.28,1,Friday
2025-07-25,S0001,,Meat and Seafood,8.976764705882353,44,385.34000000000003,1,Friday
2025-07-25,S0001,,Pet Food,7.531000000000001,70,531.27,1,Friday
2025-07-25,S0001,,Prepared Meals,8.4175,58,513.31,1,Friday
2025-07-25,S0001,,Snacks/Cookies/Chips,3.236779661016949,162,520.1,1,Friday
2025-07-25,S0002,,Alcohol,12.1778125,37,455.28,1,Friday
2025-07-25,S0002,,Bakery,3.311666666666667,9,29.96,1,Friday
2025-07-25,S0002,,Baking,3.8274999999999997,5,20.88,1,Friday
2025-07-25,S0002,,Beverages,3.4435714285714285,23,83.03,1,Friday
2025-07-25,S0002,,Breakfast & Cereal,3.4899999999999998,4,13.93,1,Friday
2025-07-25,S0002,,Candy,2.3141666666666665,13,31.25,1,Friday
2025-07-25,S0002,,Condiments/Sauces/Spices,3.914444444444444,9,35.24,1,Friday
2025-07-25,S0002,,Dairy & Eggs,3.4523529411764704,41,145.66,1,Friday
2025-07-25,S0002,,Deli,5.6075,10,61.379999999999995,1,Friday
2025-07-25,S0002,,Frozen Foods,6.3566666666666665,8,48.88,1,Friday
2025-07-25,S0002,,Grains and Pasta,3.064,5,15.34,1,Friday
2025-07-25,S0002,,Meat and Seafood,9.536666666666667,12,114.57000000000001,1,Friday
2025-07-25,S0002,,Pet Food,7.321428571428571,8,58.49,1,Friday
2025-07-25,S0002,,Prepared Meals,8.000588235294117,21,166.23,1,Friday
2025-07-25,S0002,,Snacks/Cookies/Chips,3.06,36,112.5,1,Friday
2025-07-25,S0003,,Alcohol,12.363488372093023,54,680.6,1,Friday
2025-07-25,S0003,,Bakery,4.555,4,18.18,1,Friday
2025-07-25,S0003,,Baking,3.94375,23,90.07,1,Friday
2025-07-25,S0003,,Beverages,3.1242105263157893,28,92.48,1,Friday
2025-07-25,S0003,,Breakfast & Cereal,4.405333333333333,16,69.3,1,Friday
2025-07-25,S0003,,Candy,2.075,24,50.06,1,Friday
2025-07-25,S0003,,Condiments/Sauces/Spices,3.221578947368421,23,73.7,1,Friday
2025-07-25,S0003,,Dairy & Eggs,3.4149090909090907,72,250.38,1,Friday
2025-07-25,S0003,,Deli,5.792222222222223,18,104.12,1,Friday
2025-07-25,S0003,,Frozen Foods,6.720769230769231,20,130.23,1,Friday
2025-07-25,S0003,,Grains and Pasta,2.478333333333333,8,19.98,1,Friday
2025-07-25,S0003,,Meat and Seafood,8.924736842105263,24,230.28,1,Friday
2025-07-25,S0003,,Pet Food,6.967777777777778,23,153.32,1,Friday
2025-07-25,S0003,,Prepared Meals,8.026538461538461,32,260.84,1,Friday
2025-07-25,S0003,,Snacks/Cookies/Chips,3.11609375,115,354.37,1,Friday
2025-07-25,S0004,,Alcohol,11.608076923076922,87,1012.17,1,Friday
2025-07-25,S0004,,Bakery,3.2370000000000005,11,35.85,1,Friday
2025-07-25,S0004,,Baking,3.361785714285714,32,108.3,1,Friday
2025-07-25,S0004,,Beverages,3.250294117647059,46,149.5,1,Friday
2025-07-25,S0004,,Breakfast & Cereal,4.461666666666667,20,87.57,1,Friday
2025-07-25,S0004,,Candy,2.301388888888889,42,97.4,1,Friday
2025-07-25,S0004,,Condiments/Sauces/Spices,3.607941176470588,41,149.87,1,Friday
2025-07-25,S0004,,Dairy & Eggs,3.771641791044776,85,344.3,1,Friday
2025-07-25,S0004,,Deli,6.32047619047619,25,153.9,1,Friday
2025-07-25,S0004,,Frozen Foods,6.893809523809523,30,202.48,1,Friday
2025-07-25,S0004,,Grains and Pasta,2.678181818181818,13,34.19,1,Friday
2025-07-25,S0004,,Meat and Seafood,8.660416666666666,26,235.07,1,Friday
2025-07-25,S0004,,Pet Food,7.917142857142857,47,368.23,1,Friday
2025-07-25,S0004,,Prepared Meals,8.597837837837838,42,359.32,1,Friday
2025-07-25,S0004,,Snacks/Cookies/Chips,3.0770114942528735,131,404.86,1,Friday
2025-07-25,S0005,,Alcohol,12.192352941176472,44,534.95,1,Friday
2025-07-25,S0005,,Bakery,4.1450000000000005,8,32.010000000000005,1,Friday
2025-07-25,S0005,,Baking,3.444090909090909,27,94.18,1,Friday
2025-07-25,S0005,,Beverages,3.58875,22,78.48,1,Friday
2025-07-25,S0005,,Breakfast & Cereal,4.6119047619047615,23,105.15,1,Friday
2025-07-25,S0005,,Candy,2.6270370370370375,37,99.31,1,Friday
2025-07-25,S0005,,Condiments/Sauces/Spices,3.4971428571428573,15,51.32,1,Friday
2025-07-25,S0005,,Dairy & Eggs,3.7225806451612904,40,157.89,1,Friday
2025-07-25,S0005,,Deli,6.332857142857143,18,110.85,1,Friday
2025-07-25,S0005,,Frozen Foods,6.406999999999999,12,72.17,1,Friday
2025-07-25,S0005,,Grains and Pasta,2.312142857142857,21,49.41,1,Friday
2025-07-25,S0005,,Meat and Seafood,8.941428571428572,20,183.64,1,Friday
2025-07-25,S0005,,Pet Food,6.901176470588235,25,168.61,1,Friday
2025-07-25,S0005,,Prepared Meals,7.834736842105264,23,167.22,1,Friday
2025-07-25,S0005,,Snacks/Cookies/Chips,3.070188679245283,77,230.43,1,Friday
2025-07-26,S0001,,Alcohol,11.89310344827586,149,1738.02,1,Saturday
2025-07-26,S0001,,Bakery,3.412142857142857,14,47.78,1,Saturday
2025-07-26,S0001,,Baking,3.816666666666667,54,208.84,1,Saturday
2025-07-26,S0001,,Beverages,3.5945238095238095,63,224.51,1,Saturday
2025-07-26,S0001,,Breakfast & Cereal,4.62,44,200.97,1,Saturday
2025-07-26,S0001,,Candy,2.1880392156862745,60,129.35,1,Saturday
2025-07-26,S0001,,Condiments/Sauces/Spices,3.3714814814814815,64,211.46,1,Saturday
2025-07-26,S0001,,Dairy & Eggs,3.5682,181,628.62,1,Saturday
2025-07-26,S0001,,Deli,5.5183333333333335,42,237.7,1,Saturday
2025-07-26,S0001,,Frozen Foods,6.435090909090909,73,471.35,1,Saturday
2025-07-26,S0001,,Grains and Pasta,2.32,17,43.29,1,Saturday
2025-07-26,S0001,,Meat and Seafood,9.341794871794871,51,496.05,1,Saturday
2025-07-26,S0001,,Pet Food,7.3503225806451615,47,356.82,1,Saturday
2025-07-26,S0001,,Prepared Meals,8.220178571428571,70,567.47,1,Saturday
2025-07-26,S0001,,Snacks/Cookies/Chips,3.032406015037594,214,653.11,1,Saturday
2025-07-26,S0002,,Alcohol,12.195806451612903,37,462.49,1,Saturday
2025-07-26,S0002,,Bakery,3.32,4,13.3,1,Saturday
2025-07-26,S0002,,Baking,3.6070588235294117,20,68.93,1,Saturday
2025-07-26,S0002,,Beverages,3.5484615384615386,18,66.25,1,Saturday
2025-07-26,S0002,,Breakfast & Cereal,4.677142857142857,9,40.0,1,Saturday
2025-07-26,S0002,,Candy,2.3153333333333337,22,47.17,1,Saturday
2025-07-26,S0002,,Condiments/Sauces/Spices,3.754,17,62.61,1,Saturday
2025-07-26,S0002,,Dairy & Eggs,3.508,47,169.4,1,Saturday
2025-07-26,S0002,,Deli,5.846923076923077,15,91.13,1,Saturday
2025-07-26,S0002,,Frozen Foods,6.604545454545455,13,87.78,1,Saturday
2025-07-26,S0002,,Grains and Pasta,3.0380000000000003,6,18.44,1,Saturday
2025-07-26,S0002,,Meat and Seafood,8.99,11,97.78,1,Saturday
2025-07-26,S0002,,Pet Food,8.121666666666668,8,66.92,1,Saturday
2025-07-26,S0002,,Prepared Meals,7.0164285714285715,19,134.9,1,Saturday
2025-07-26,S0002,,Snacks/Cookies/Chips,3.0543478260869565,77,241.03,1,Saturday
2025-07-26,S0003,,Alcohol,12.298518518518518,69,823.5699999999999,1,Saturday
2025-07-26,S0003,,Bakery,3.516666666666667,8,29.49,1,Saturday
2025-07-26,S0003,,Baking,3.6917391304347826,25,92.48,1,Saturday
2025-07-26,S0003,,Beverages,3.355555555555555,42,136.29,1,Saturday
2025-07-26,S0003,,Breakfast & Cereal,4.729285714285714,37,174.33,1,Saturday
2025-07-26,S0003,,Candy,2.5977272727272727,26,67.09,1,Saturday
2025-07-26,S0003,,Condiments/Sauces/Spices,3.429333333333333,18,60.67,1,Saturday
2025-07-26,S0003,,Dairy & Eggs,3.366575342465753,86,284.61,1,Saturday
2025-07-26,S0003,,Deli,5.890909090909091,26,153.66,1,Saturday
2025-07-26,S0003,,Frozen Foods,6.715416666666666,32,214.54,1,Saturday
2025-07-26,S0003,,Grains and Pasta,2.81,6,16.89,1,Saturday
2025-07-26,S0003,,Meat and Seafood,9.715454545454547,27,259.71999999999997,1,Saturday
2025-07-26,S0003,,Pet Food,7.870666666666667,21,168.54000000000002,1,Saturday
2025-07-26,S0003,,Prepared Meals,8.365217391304348,27,233.33,1,Saturday
2025-07-26,S0003,,Snacks/Cookies/Chips,3.309344262295082,89,296.06,1,Saturday
2025-07-26,S0004,,Alcohol,12.048225806451613,87,1032.75,1,Saturday
2025-07-26,S0004,,Bakery,3.9435714285714285,15,58.7,1,Saturday
2025-07-26,S0004,,Baking,3.81875,66,250.57,1,Saturday
2025-07-26,S0004,,Beverages,3.553,36,128.7,1,Saturday
2025-07-26,S0004,,Breakfast & Cereal,4.588,36,166.51,1,Saturday
2025-07-26,S0004,,Candy,2.5693333333333332,37,90.61,1,Saturday
2025-07-26,S0004,,Condiments/Sauces/Spices,3.481666666666667,24,87.66,1,Saturday
2025-07-26,S0004,,Dairy & Eggs,3.482987012987013,86,294.38,1,Saturday
2025-07-26,S0004,,Deli,6.044,38,229.91,1,Saturday
2025-07-26,S0004,,Frozen Foods,7.0522580645161295,45,317.05,1,Saturday
2025-07-26,S0004,,Grains and Pasta,2.4014285714285712,7,16.78,1,Saturday
2025-07-26,S0004,,Meat and Seafood,9.716111111111111,21,213.4,1,Saturday
2025-07-26,S0004,,Pet Food,6.438,43,278.17,1,Saturday
2025-07-26,S0004,,Prepared Meals,7.5771875,42,327.15,1,Saturday
2025-07-26,S0004,,Snacks/Cookies/Chips,2.971904761904762,129,388.25,1,Saturday
2025-07-26,S0005,,Alcohol,11.933958333333335,61,713.95,1,Saturday
2025-07-26,S0005,,Bakery,3.778,11,40.8,1,Saturday
2025-07-26,S0005,,Baking,3.73125,21,76.16,1,Saturday
2025-07-26,S0005,,Beverages,3.7,19,66.46000000000001,1,Saturday
2025-07-26,S0005,,Breakfast & Cereal,4.546,32,148.7,1,Saturday
2025-07-26,S0005,,Candy,2.183529411764706,21,45.03,1,Saturday
2025-07-26,S0005,,Condiments/Sauces/Spices,3.7186363636363637,39,153.74,1,Saturday
2025-07-26,S0005,,Dairy & Eggs,3.7384999999999997,40,149.57,1,Saturday
2025-07-26,S0005,,Deli,5.7627999999999995,25,144.19,1,Saturday
2025-07-26,S0005,,Frozen Foods,7.1375,14,99.25,1,Saturday
2025-07-26,S0005,,Grains and Pasta,2.17,3,6.5,1,Saturday
2025-07-26,S0005,,Meat and Seafood,8.282941176470588,22,187.01,1,Saturday
2025-07-26,S0005,,Pet Food,7.273846153846154,21,151.72,1,Saturday
2025-07-26,S0005,,Prepared Meals,8.114615384615384,16,127.28999999999999,1,Saturday
2025-07-26,S0005,,Snacks/Cookies/Chips,3.1617460317460315,101,316.38,1,Saturday
2025-07-27,S0001,,Alcohol,11.693510638297873,120,1381.58,1,Sunday
2025-07-27,S0001,,Bakery,4.005,12,44.89,1,Sunday
2025-07-27,S0001,,Baking,3.568490566037736,69,247.71,1,Sunday
2025-07-27,S0001,,Beverages,3.2910344827586204,49,159.05,1,Sunday
2025-07-27,S0001,,Breakfast & Cereal,4.39,51,230.23,1,Sunday
2025-07-27,S0001,,Candy,2.4406818181818184,57,137.13,1,Sunday
2025-07-27,S0001,,Condiments/Sauces/Spices,3.6185714285714288,35,130.39000000000001,1,Sunday
2025-07-27,S0001,,Dairy & Eggs,3.542330097087379,127,435.02,1,Sunday
2025-07-27,S0001,,Deli,6.519285714285714,46,298.48,1,Sunday
2025-07-27,S0001,,Frozen Foods,7.083103448275862,33,232.52,1,Sunday
2025-07-27,S0001,,Grains and Pasta,2.54,20,51.230000000000004,1,Sunday
2025-07-27,S0001,,Meat and Seafood,9.206923076923077,30,275.13,1,Sunday
2025-07-27,S0001,,Pet Food,7.1503571428571435,45,319.36,1,Sunday
2025-07-27,S0001,,Prepared Meals,7.87875,32,246.6,1,Sunday
2025-07-27,S0001,,Snacks/Cookies/Chips,3.1826999999999996,151,475.37,1,Sunday
2025-07-27,S0002,,Alcohol,12.564117647058824,39,496.93,1,Sunday
2025-07-27,S0002,,Bakery,3.67,4,14.69,1,Sunday
2025-07-27,S0002,,Baking,3.998947368421053,21,86.04,1,Sunday
2025-07-27,S0002,,Beverages,3.358888888888889,17,56.59,1,Sunday
2025-07-27,S0002,,Breakfast & Cereal,4.3374999999999995,14,60.57,1,Sunday
2025-07-27,S0002,,Candy,2.7691666666666666,16,49.81,1,Sunday
2025-07-27,S0002,,Condiments/Sauces/Spices,3.3383333333333334,17,57.44,1,Sunday
2025-07-27,S0002,,Dairy & Eggs,3.521,50,182.91,1,Sunday
2025-07-27,S0002,,Deli,5.618888888888889,23,135.7,1,Sunday
2025-07-27,S0002,,Frozen Foods,5.845454545454545,13,76.69,1,Sunday
2025-07-27,S0002,,Grains and Pasta,2.5,1,2.49,1,Sunday
2025-07-27,S0002,,Meat and Seafood,8.134666666666666,19,155.43,1,Sunday
2025-07-27,S0002,,Pet Food,8.358,14,118.55,1,Sunday
2025-07-27,S0002,,Prepared Meals,8.6965,23,205.24,1,Sunday
2025-07-27,S0002,,Snacks/Cookies/Chips,3.117297297297297,62,190.24,1,Sunday
2025-07-27,S0003,,Alcohol,12.353962264150944,70,871.16,1,Sunday
2025-07-27,S0003,,Bakery,4.264166666666666,12,51.21,1,Sunday
2025-07-27,S0003,,Baking,3.6223529411764703,20,69.46000000000001,1,Sunday
2025-07-27,S0003,,Beverages,3.461052631578948,33,107.4,1,Sunday
2025-07-27,S0003,,Breakfast & Cereal,4.192352941176471,20,81.23,1,Sunday
2025-07-27,S0003,,Candy,2.4293750000000003,19,46.07,1,Sunday
2025-07-27,S0003,,Condiments/Sauces/Spices,3.867391304347826,27,106.03,1,Sunday
2025-07-27,S0003,,Dairy & Eggs,3.608793103448276,70,258.16,1,Sunday
2025-07-27,S0003,,Deli,6.132,24,153.02,1,Sunday
2025-07-27,S0003,,Frozen Foods,7.074166666666667,27,191.59,1,Sunday
2025-07-27,S0003,,Grains and Pasta,2.126666666666667,12,25.799999999999997,1,Sunday
2025-07-27,S0003,,Meat and Seafood,9.17,16,146.57,1,Sunday
2025-07-27,S0003,,Pet Food,7.587000000000001,25,191.78,1,Sunday
2025-07-27,S0003,,Prepared Meals,8.621739130434783,25,217.34,1,Sunday
2025-07-27,S0003,,Snacks/Cookies/Chips,3.173285714285714,111,346.62,1,Sunday
2025-07-27,S0004,,Alcohol,12.4587012987013,93,1163.36,1,Sunday
2025-07-27,S0004,,Bakery,3.9525,10,43.230000000000004,1,Sunday
2025-07-27,S0004,,Baking,3.52578947368421,19,67.08,1,Sunday
2025-07-27,S0004,,Beverages,3.3527272727272726,61,201.79,1,Sunday
2025-07-27,S0004,,Breakfast & Cereal,4.803947368421053,54,259.58,1,Sunday
2025-07-27,S0004,,Candy,2.515909090909091,25,63.18,1,Sunday
2025-07-27,S0004,,Condiments/Sauces/Spices,3.338636363636364,25,81.24,1,Sunday
2025-07-27,S0004,,Dairy & Eggs,3.6579411764705885,82,295.91,1,Sunday
2025-07-27,S0004,,Deli,6.028823529411764,17,102.52,1,Sunday
2025-07-27,S0004,,Frozen Foods,6.832,39,261.65,1,Sunday
2025-07-27,S0004,,Grains and Pasta,2.5908333333333333,12,31.19,1,Sunday
2025-07-27,S0004,,Meat and Seafood,8.368823529411765,19,159.96,1,Sunday
2025-07-27,S0004,,Pet Food,8.121111111111112,28,211.63,1,Sunday
2025-07-27,S0004,,Prepared Meals,8.1575,47,394.09,1,Sunday
2025-07-27,S0004,,Snacks/Cookies/Chips,3.1755555555555555,102,324.69,1,Sunday
2025-07-27,S0005,,Alcohol,12.47829268292683,60,739.49,1,Sunday
2025-07-27,S0005,,Bakery,4.3175,9,38.01,1,Sunday
2025-07-27,S0005,,Baking,4.159411764705883,20,80.92,1,Sunday
2025-07-27,S0005,,Beverages,3.533888888888889,22,78.11,1,Sunday
2025-07-27,S0005,,Breakfast & Cereal,4.449166666666667,29,125.15,1,Sunday
2025-07-27,S0005,,Candy,2.467,14,35.96,1,Sunday
2025-07-27,S0005,,Condiments/Sauces/Spices,3.4958333333333336,16,57.53,1,Sunday
2025-07-27,S0005,,Dairy & Eggs,3.5642553191489363,52,183.73,1,Sunday
2025-07-27,S0005,,Deli,6.1080000000000005,19,115.2,1,Sunday
2025-07-27,S0005,,Frozen Foods,6.580909090909091,13,86.24,1,Sunday
2025-07-27,S0005,,Grains and Pasta,2.9588888888888887,13,36.79,1,Sunday
2025-07-27,S0005,,Meat and Seafood,8.740833333333333,34,289.13,1,Sunday
2025-07-27,S0005,,Pet Food,8.236666666666666,13,105.75,1,Sunday
2025-07-27,S0005,,Prepared Meals,8.18909090909091,26,217.3,1,Sunday
2025-07-27,S0005,,Snacks/Cookies/Chips,3.137272727272727,67,205.87,1,Sunday
2025-07-28,S0001,,Alcohol,11.296849315068492,99,1148.72,1,Monday
2025-07-28,S0001,,Bakery,4.024375,18,71.52,1,Monday
2025-07-28,S0001,,Baking,3.5399999999999996,46,167.64,1,Monday
2025-07-28,S0001,,Beverages,3.3462790697674416,72,235.55,1,Monday
2025-07-28,S0001,,Breakfast & Cereal,4.323478260869565,25,106.84,1,Monday
2025-07-28,S0001,,Candy,2.4480645161290324,37,89.47,1,Monday
2025-07-28,S0001,,Condiments/Sauces/Spices,3.676470588235294,40,146.76,1,Monday
2025-07-28,S0001,,Dairy & Eggs,3.463037974683544,95,326.66,1,Monday
2025-07-28,S0001,,Deli,6.422941176470588,17,109.39,1,Monday
2025-07-28,S0001,,Frozen Foods,6.5488888888888885,29,190.17,1,Monday
2025-07-28,S0001,,Grains and Pasta,2.81625,11,30.87,1,Monday
2025-07-28,S0001,,Meat and Seafood,9.312916666666666,33,285.56,1,Monday
2025-07-28,S0001,,Pet Food,6.972857142857143,29,204.20000000000002,1,Monday
2025-07-28,S0001,,Prepared Meals,8.473636363636363,26,215.77,1,Monday
2025-07-28,S0001,,Snacks/Cookies/Chips,3.143076923076923,127,390.85,1,Monday
2025-07-28,S0002,,Alcohol,13.144375,18,241.57,1,Monday
2025-07-28,S0002,,Bakery,3.0866666666666664,3,9.27,1,Monday
2025-07-28,S0002,,Baking,4.339,10,43.43,1,Monday
2025-07-28,S0002,,Beverages,3.2125,23,72.32000000000001,1,Monday
2025-07-28,S0002,,Breakfast & Cereal,4.504,5,22.58,1,Monday
2025-07-28,S0002,,Candy,2.2555555555555555,14,30.39,1,Monday
2025-07-28,S0002,,Condiments/Sauces/Spices,4.2787500000000005,8,34.26,1,Monday
2025-07-28,S0002,,Dairy & Eggs,3.4776190476190476,23,81.36,1,Monday
2025-07-28,S0002,,Deli,6.135000000000001,8,46.19,1,Monday
2025-07-28,S0002,,Frozen Foods,7.445833333333333,12,89.28,1,Monday
2025-07-28,S0002,,Grains and Pasta,2.04,2,4.09,1,Monday
2025-07-28,S0002,,Meat and Seafood,9.539411764705884,19,188.23,1,Monday
2025-07-28,S0002,,Pet Food,7.6863636363636365,17,129.11,1,Monday
2025-07-28,S0002,,Prepared Meals,8.870000000000001,8,71.68,1,Monday
2025-07-28,S0002,,Snacks/Cookies/Chips,3.287826086956522,32,107.52,1,Monday
2025-07-28,S0003,,Alcohol,12.0935,47,569.79,1,Monday
2025-07-28,S0003,,Bakery,3.3625000000000003,5,17.39,1,Monday
2025-07-28,S0003,,Baking,3.9285714285714284,25,99.68,1,Monday
2025-07-28,S0003,,Beverages,3.3145454545454545,36,121.74000000000001,1,Monday
2025-07-28,S0003,,Breakfast & Cereal,4.653571428571429,19,84.69,1,Monday
2025-07-28,S0003,,Candy,2.634375,21,54.06,1,Monday
2025-07-28,S0003,,Condiments/Sauces/Spices,3.51,16,56.76,1,Monday
2025-07-28,S0003,,Dairy & Eggs,3.104807692307692,61,190.68,1,Monday
2025-07-28,S0003,,Deli,5.909,12,70.07,1,Monday
2025-07-28,S0003,,Frozen Foods,6.676666666666667,20,135.26,1,Monday
2025-07-28,S0003,,Grains and Pasta,2.6366666666666667,13,32.51,1,Monday
2025-07-28,S0003,,Meat and Seafood,8.920625,17,149.8,1,Monday
2025-07-28,S0003,,Pet Food,7.420714285714285,24,186.23,1,Monday
2025-07-28,S0003,,Prepared Meals,8.09125,16,129.41,1,Monday
2025-07-28,S0003,,Snacks/Cookies/Chips,3.1691304347826086,75,238.52,1,Monday
2025-07-28,S0004,,Alcohol,12.620731707317074,49,630.34,1,Monday
2025-07-28,S0004,,Bakery,4.577777777777778,10,47.0,1,Monday
2025-07-28,S0004,,Baking,3.8680000000000003,33,126.89,1,Monday
2025-07-28,S0004,,Beverages,2.898888888888889,29,80.78,1,Monday
2025-07-28,S0004,,Breakfast & Cereal,4.987368421052632,25,124.38,1,Monday
2025-07-28,S0004,,Candy,2.5027777777777778,24,54.78,1,Monday
2025-07-28,S0004,,Condiments/Sauces/Spices,3.079230769230769,22,70.56,1,Monday
2025-07-28,S0004,,Dairy & Eggs,3.392075471698113,62,206.74,1,Monday
2025-07-28,S0004,,Deli,6.13,16,96.49000000000001,1,Monday
2025-07-28,S0004,,Frozen Foods,6.832352941176471,21,139.94,1,Monday
2025-07-28,S0004,,Grains and Pasta,2.215,4,8.87,1,Monday
2025-07-28,S0004,,Meat and Seafood,8.988571428571428,22,195.98,1,Monday
2025-07-28,S0004,,Pet Food,7.5458823529411765,19,143.52,1,Monday
2025-07-28,S0004,,Prepared Meals,8.286190476190475,26,222.5,1,Monday
2025-07-28,S0004,,Snacks/Cookies/Chips,3.137592592592593,81,255.52,1,Monday
2025-07-28,S0005,,Alcohol,12.59,41,515.21,1,Monday
2025-07-28,S0005,,Bakery,3.816,5,19.09,1,Monday
2025-07-28,S0005,,Baking,3.7576923076923077,13,48.86,1,Monday
2025-07-28,S0005,,Beverages,3.2307142857142854,28,86.66,1,Monday
2025-07-28,S0005,,Breakfast & Cereal,4.873333333333333,19,91.09,1,Monday
2025-07-28,S0005,,Candy,2.273846153846154,15,33.88,1,Monday
2025-07-28,S0005,,Condiments/Sauces/Spices,3.6041666666666665,17,61.26,1,Monday
2025-07-28,S0005,,Dairy & Eggs,3.5128125,39,137.09,1,Monday
2025-07-28,S0005,,Deli,6.601764705882353,18,117.09,1,Monday
2025-07-28,S0005,,Frozen Foods,5.692,5,28.490000000000002,1,Monday
2025-07-28,S0005,,Grains and Pasta,2.2849999999999997,6,13.709999999999999,1,Monday
2025-07-28,S0005,,Meat and Seafood,9.79,13,127.3,1,Monday
2025-07-28,S0005,,Pet Food,7.21,16,123.75999999999999,1,Monday
2025-07-28,S0005,,Prepared Meals,7.547499999999999,10,72.33,1,Monday
2025-07-28,S0005,,Snacks/Cookies/Chips,3.2543333333333333,44,147.84,1,Monday
2025-07-29,S0001,,Alcohol,12.620933333333333,102,1328.1200000000001,1,Tuesday
2025-07-29,S0001,,Bakery,3.25,2,6.52,1,Tuesday
2025-07-29,S0001,,Baking,3.4395000000000002,22,75.11,1,Tuesday
2025-07-29,S0001,,Beverages,3.2629629629629626,43,140.37,1,Tuesday
2025-07-29,S0001,,Breakfast & Cereal,4.486129032258065,42,191.8,1,Tuesday
2025-07-29,S0001,,Candy,2.2868749999999998,40,90.02,1,Tuesday
2025-07-29,S0001,,Condiments/Sauces/Spices,3.930833333333333,50,191.9,1,Tuesday
2025-07-29,S0001,,Dairy & Eggs,3.419677419354839,75,263.79,1,Tuesday
2025-07-29,S0001,,Deli,5.5202857142857145,50,277.76,1,Tuesday
2025-07-29,S0001,,Frozen Foods,7.097647058823529,34,241.09,1,Tuesday
2025-07-29,S0001,,Grains and Pasta,2.3233333333333333,28,65.52,1,Tuesday
2025-07-29,S0001,,Meat and Seafood,8.071481481481483,34,271.53,1,Tuesday
2025-07-29,S0001,,Pet Food,6.807826086956522,32,215.09,1,Tuesday
2025-07-29,S0001,,Prepared Meals,7.3512903225806445,33,239.57,1,Tuesday
2025-07-29,S0001,,Snacks/Cookies/Chips,3.2283035714285715,175,566.03,1,Tuesday
2025-07-29,S0002,,Alcohol,11.74705882352941,19,220.04999999999998,1,Tuesday
2025-07-29,S0002,,Bakery,4.08,2,8.18,1,Tuesday
2025-07-29,S0002,,Baking,3.7427272727272727,11,41.160000000000004,1,Tuesday
2025-07-29,S0002,,Beverages,3.7461538461538457,23,89.35,1,Tuesday
2025-07-29,S0002,,Breakfast & Cereal,4.9725,10,50.99,1,Tuesday
2025-07-29,S0002,,Candy,2.445,15,38.29,1,Tuesday
2025-07-29,S0002,,Condiments/Sauces/Spices,3.8430769230769233,16,62.53,1,Tuesday
2025-07-29,S0002,,Dairy & Eggs,3.316470588235294,22,72.75,1,Tuesday
2025-07-29,S0002,,Deli,6.409999999999999,11,70.53,1,Tuesday
2025-07-29,S0002,,Frozen Foods,7.844285714285713,7,54.94,1,Tuesday
2025-07-29,S0002,,Grains and Pasta,2.6466666666666665,6,15.92,1,Tuesday
2025-07-29,S0002,,Meat and Seafood,9.317142857142857,10,107.22,1,Tuesday
2025-07-29,S0002,,Pet Food,6.711428571428572,11,80.0,1,Tuesday
2025-07-29,S0002,,Prepared Meals,7.611,12,80.15,1,Tuesday
2025-07-29,S0002,,Snacks/Cookies/Chips,3.1243243243243244,54,169.12,1,Tuesday
2025-07-29,S0003,,Alcohol,12.04978260869565,59,706.74,1,Tuesday
2025-07-29,S0003,,Bakery,3.5225,8,28.22,1,Tuesday
2025-07-29,S0003,,Baking,3.726842105263158,23,84.45,1,Tuesday
2025-07-29,S0003,,Beverages,3.206153846153846,23,71.01,1,Tuesday
2025-07-29,S0003,,Breakfast & Cereal,4.442105263157895,20,87.53999999999999,1,Tuesday
2025-07-29,S0003,,Candy,2.5356,30,75.13,1,Tuesday
2025-07-29,S0003,,Condiments/Sauces/Spices,3.9200000000000004,26,97.2,1,Tuesday
2025-07-29,S0003,,Dairy & Eggs,3.5049056603773585,61,213.29,1,Tuesday
2025-07-29,S0003,,Deli,6.034545454545454,24,141.55,1,Tuesday
2025-07-29,S0003,,Frozen Foods,6.5505555555555555,24,151.41,1,Tuesday
2025-07-29,S0003,,Grains and Pasta,2.69,9,24.41,1,Tuesday
2025-07-29,S0003,,Meat and Seafood,9.993125000000001,21,209.97,1,Tuesday
2025-07-29,S0003,,Pet Food,7.697272727272727,19,143.43,1,Tuesday
2025-07-29,S0003,,Prepared Meals,7.860689655172414,39,316.46999999999997,1,Tuesday
2025-07-29,S0003,,Snacks/Cookies/Chips,3.051842105263158,61,187.07999999999998,1,Tuesday
2025-07-29,S0004,,Alcohol,12.714677419354837,80,1022.2,1,Tuesday
2025-07-29,S0004,,Bakery,4.33,6,26.040000000000003,1,Tuesday
2025-07-29,S0004,,Baking,3.6713333333333336,17,64.94,1,Tuesday
2025-07-29,S0004,,Beverages,3.2685714285714282,22,70.49000000000001,1,Tuesday
2025-07-29,S0004,,Breakfast & Cereal,4.3978947368421055,25,118.91,1,Tuesday
2025-07-29,S0004,,Candy,2.5521739130434784,30,72.89,1,Tuesday
2025-07-29,S0004,,Condiments/Sauces/Spices,3.1986666666666665,18,55.72,1,Tuesday
2025-07-29,S0004,,Dairy & Eggs,3.4088888888888884,61,204.66,1,Tuesday
2025-07-29,S0004,,Deli,6.160555555555556,19,116.08,1,Tuesday
2025-07-29,S0004,,Frozen Foods,6.691304347826088,26,178.76,1,Tuesday
2025-07-29,S0004,,Grains and Pasta,2.972,14,43.349999999999994,1,Tuesday
2025-07-29,S0004,,Meat and Seafood,10.235416666666667,32,324.13,1,Tuesday
2025-07-29,S0004,,Pet Food,7.361304347826087,37,276.02,1,Tuesday
2025-07-29,S0004,,Prepared Meals,9.198,29,256.31,1,Tuesday
2025-07-29,S0004,,Snacks/Cookies/Chips,3.0956,114,358.4,1,Tuesday
2025-07-29,S0005,,Alcohol,12.305555555555555,29,357.32,1,Tuesday
2025-07-29,S0005,,Bakery,4.59,4,18.33,1,Tuesday
2025-07-29,S0005,,Baking,4.027333333333333,19,76.45,1,Tuesday
2025-07-29,S0005,,Beverages,3.412,22,76.62,1,Tuesday
2025-07-29,S0005,,Breakfast & Cereal,4.192857142857142,14,58.87,1,Tuesday
2025-07-29,S0005,,Candy,2.5063636363636363,11,27.57,1,Tuesday
2025-07-29,S0005,,Condiments/Sauces/Spices,3.714166666666667,14,52.09,1,Tuesday
2025-07-29,S0005,,Dairy & Eggs,3.7865909090909087,59,215.2,1,Tuesday
2025-07-29,S0005,,Deli,5.921538461538462,15,88.37,1,Tuesday
2025-07-29,S0005,,Frozen Foods,6.475333333333333,17,109.19,1,Tuesday
2025-07-29,S0005,,Grains and Pasta,2.30375,12,28.65,1,Tuesday
2025-07-29,S0005,,Meat and Seafood,7.697857142857143,17,132.07,1,Tuesday
2025-07-29,S0005,,Pet Food,7.684545454545455,16,118.33,1,Tuesday
2025-07-29,S0005,,Prepared Meals,7.453999999999999,14,107.49,1,Tuesday
2025-07-29,S0005,,Snacks/Cookies/Chips,3.08625,59,184.33,1,Tuesday
2025-07-30,S0001,,Alcohol,12.076435643564357,116,1381.34,1,Wednesday
2025-07-30,S0001,,Bakery,4.061111111111112,11,44.78,1,Wednesday
2025-07-30,S0001,,Baking,3.68425,47,170.7,1,Wednesday
2025-07-30,S0001,,Beverages,3.502333333333333,46,161.75,1,Wednesday
2025-07-30,S0001,,Breakfast & Cereal,4.386774193548387,32,141.88,1,Wednesday
2025-07-30,S0001,,Candy,2.6364,28,75.98,1,Wednesday
2025-07-30,S0001,,Condiments/Sauces/Spices,3.8137499999999998,24,96.16,1,Wednesday
2025-07-30,S0001,,Dairy & Eggs,3.2439215686274507,136,446.92,1,Wednesday
2025-07-30,S0001,,Deli,6.564705882352941,44,281.28,1,Wednesday
2025-07-30,S0001,,Frozen Foods,6.501388888888889,47,316.36,1,Wednesday
2025-07-30,S0001,,Grains and Pasta,2.647692307692308,19,49.99,1,Wednesday
2025-07-30,S0001,,Meat and Seafood,9.30725,46,415.72,1,Wednesday
2025-07-30,S0001,,Pet Food,8.045862068965517,41,324.04,1,Wednesday
2025-07-30,S0001,,Prepared Meals,9.179714285714287,36,331.73,1,Wednesday
2025-07-30,S0001,,Snacks/Cookies/Chips,3.1125,150,467.84,1,Wednesday
2025-07-30,S0002,,Alcohol,12.476956521739131,25,310.95,1,Wednesday
2025-07-30,S0002,,Bakery,4.55,4,18.21,1,Wednesday
2025-07-30,S0002,,Baking,3.56,4,14.24,1,Wednesday
2025-07-30,S0002,,Beverages,3.64,18,66.81,1,Wednesday
2025-07-30,S0002,,Breakfast & Cereal,4.3725,8,34.980000000000004,1,Wednesday
2025-07-30,S0002,,Candy,2.4187499999999997,13,30.84,1,Wednesday
2025-07-30,S0002,,Condiments/Sauces/Spices,3.799166666666667,17,65.96,1,Wednesday
2025-07-30,S0002,,Dairy & Eggs,3.723333333333333,37,130.35999999999999,1,Wednesday
2025-07-30,S0002,,Deli,5.708,12,69.6,1,Wednesday
2025-07-30,S0002,,Frozen Foods,6.92,4,27.75,1,Wednesday
2025-07-30,S0002,,Meat and Seafood,9.889090909090909,12,118.65,1,Wednesday
2025-07-30,S0002,,Pet Food,8.532857142857143,11,92.19,1,Wednesday
2025-07-30,S0002,,Prepared Meals,9.266,10,92.50999999999999,1,Wednesday
2025-07-30,S0002,,Snacks/Cookies/Chips,3.0677777777777777,30,95.03,1,Wednesday
2025-07-30,S0003,,Alcohol,11.688666666666666,53,623.22,1,Wednesday
2025-07-30,S0003,,Bakery,3.9766666666666666,6,23.8,1,Wednesday
2025-07-30,S0003,,Baking,3.8827777777777777,24,90.97,1,Wednesday
2025-07-30,S0003,,Beverages,3.594210526315789,29,108.56,1,Wednesday
2025-07-30,S0003,,Breakfast & Cereal,4.323333333333334,20,86.8,1,Wednesday
2025-07-30,S0003,,Candy,2.681578947368421,24,64.67,1,Wednesday
2025-07-30,S0003,,Condiments/Sauces/Spices,3.5140000000000002,20,72.73,1,Wednesday
2025-07-30,S0003,,Dairy & Eggs,3.4741463414634146,48,168.52,1,Wednesday
2025-07-30,S0003,,Deli,6.486896551724138,42,271.09,1,Wednesday
2025-07-30,S0003,,Frozen Foods,7.3715789473684215,25,179.21,1,Wednesday
2025-07-30,S0003,,Grains and Pasta,2.609,13,36.53,1,Wednesday
2025-07-30,S0003,,Meat and Seafood,9.522857142857143,31,294.0,1,Wednesday
2025-07-30,S0003,,Pet Food,7.537857142857143,16,123.51,1,Wednesday
2025-07-30,S0003,,Prepared Meals,8.432500000000001,27,225.71,1,Wednesday
2025-07-30,S0003,,Snacks/Cookies/Chips,3.1059574468085103,69,210.69,1,Wednesday
2025-07-30,S0004,,Alcohol,11.906875,76,895.0,1,Wednesday
2025-07-30,S0004,,Bakery,3.315,3,9.36,1,Wednesday
2025-07-30,S0004,,Baking,3.7856521739130433,26,97.82,1,Wednesday
2025-07-30,S0004,,Beverages,3.3448,38,130.15,1,Wednesday
2025-07-30,S0004,,Breakfast & Cereal,4.656666666666666,20,99.4,1,Wednesday
2025-07-30,S0004,,Candy,2.529166666666667,29,73.7,1,Wednesday
2025-07-30,S0004,,Condiments/Sauces/Spices,3.597727272727273,32,115.83,1,Wednesday
2025-07-30,S0004,,Dairy & Eggs,3.2595833333333335,57,181.58,1,Wednesday
2025-07-30,S0004,,Deli,6.465454545454546,11,71.13,1,Wednesday
2025-07-30,S0004,,Frozen Foods,7.0576470588235285,18,127.52000000000001,1,Wednesday
2025-07-30,S0004,,Grains and Pasta,2.412,11,26.08,1,Wednesday
2025-07-30,S0004,,Meat and Seafood,9.618181818181817,15,145.2,1,Wednesday
2025-07-30,S0004,,Pet Food,8.122352941176471,21,169.6,1,Wednesday
2025-07-30,S0004,,Prepared Meals,8.2136,29,241.84,1,Wednesday
2025-07-30,S0004,,Snacks/Cookies/Chips,3.1246031746031746,106,329.11,1,Wednesday
2025-07-30,S0005,,Alcohol,12.495454545454546,41,524.3,1,Wednesday
2025-07-30,S0005,,Bakery,3.3875,8,27.04,1,Wednesday
2025-07-30,S0005,,Baking,3.656,12,44.19,1,Wednesday
2025-07-30,S0005,,Beverages,3.542307692307692,23,80.17,1,Wednesday
2025-07-30,S0005,,Breakfast & Cereal,4.044615384615384,15,60.93,1,Wednesday
2025-07-30,S0005,,Candy,2.4888235294117647,24,62.41,1,Wednesday
2025-07-30,S0005,,Condiments/Sauces/Spices,3.270625,22,70.36,1,Wednesday
2025-07-30,S0005,,Dairy & Eggs,3.2663414634146344,50,156.91,1,Wednesday
2025-07-30,S0005,,Deli,5.778947368421052,19,109.83,1,Wednesday
2025-07-30,S0005,,Frozen Foods,6.878,19,128.89000000000001,1,Wednesday
2025-07-30,S0005,,Grains and Pasta,2.646666666666667,5,11.55,1,Wednesday
2025-07-30,S0005,,Meat and Seafood,9.867333333333333,27,265.25,1,Wednesday
2025-07-30,S0005,,Pet Food,7.99125,11,89.23,1,Wednesday
2025-07-30,S0005,,Prepared Meals,8.970625,21,185.84,1,Wednesday
2025-07-30,S0005,,Snacks/Cookies/Chips,3.2797560975609756,60,199.17000000000002,1,Wednesday
2025-07-31,S0001,,Alcohol,12.034069767441862,115,1418.81,1,Thursday
2025-07-31,S0001,,Bakery,3.7479999999999998,10,37.34,1,Thursday
2025-07-31,S0001,,Baking,3.8005405405405406,43,161.88,1,Thursday
2025-07-31,S0001,,Beverages,3.4217500000000003,60,202.69,1,Thursday
2025-07-31,S0001,,Breakfast & Cereal,4.494782608695652,25,112.95,1,Thursday
2025-07-31,S0001,,Candy,2.5568750000000002,32,81.76,1,Thursday
2025-07-31,S0001,,Condiments/Sauces/Spices,3.334827586206897,38,121.67999999999999,1,Thursday
2025-07-31,S0001,,Dairy & Eggs,3.7313684210526317,108,409.06,1,Thursday
2025-07-31,S0001,,Deli,6.002765957446808,54,330.36,1,Thursday
2025-07-31,S0001,,Frozen Foods,5.929411764705883,35,209.3,1,Thursday
2025-07-31,S0001,,Grains and Pasta,2.6125,16,41.83,1,Thursday
2025-07-31,S0001,,Meat and Seafood,9.15542857142857,41,386.0,1,Thursday
2025-07-31,S0001,,Pet Food,7.509200000000001,38,273.85,1,Thursday
2025-07-31,S0001,,Prepared Meals,7.813333333333334,53,404.61,1,Thursday
2025-07-31,S0001,,Snacks/Cookies/Chips,3.089166666666667,159,483.16,1,Thursday
2025-07-31,S0002,,Alcohol,12.432500000000001,38,473.54,1,Thursday
2025-07-31,S0002,,Bakery,3.9525,8,30.48,1,Thursday
2025-07-31,S0002,,Baking,3.982666666666667,19,77.92,1,Thursday
2025-07-31,S0002,,Beverages,4.11375,14,55.46,1,Thursday
2025-07-31,S0002,,Breakfast & Cereal,4.77375,14,64.9,1,Thursday
2025-07-31,S0002,,Candy,2.381,15,35.92,1,Thursday
2025-07-31,S0002,,Condiments/Sauces/Spices,3.4433333333333334,14,48.65,1,Thursday
2025-07-31,S0002,,Dairy & Eggs,3.228148148148148,35,113.77,1,Thursday
2025-07-31,S0002,,Deli,5.324545454545454,13,69.02,1,Thursday
2025-07-31,S0002,,Frozen Foods,7.782857142857142,8,61.709999999999994,1,Thursday
2025-07-31,S0002,,Grains and Pasta,2.23875,8,17.94,1,Thursday
2025-07-31,S0002,,Meat and Seafood,9.059999999999999,14,125.77,1,Thursday
2025-07-31,S0002,,Pet Food,7.925,9,76.28,1,Thursday
2025-07-31,S0002,,Prepared Meals,8.513333333333334,14,118.26,1,Thursday
2025-07-31,S0002,,Snacks/Cookies/Chips,2.994782608695652,36,106.17999999999999,1,Thursday
2025-07-31,S0003,,Alcohol,12.841764705882351,63,831.38,1,Thursday
2025-07-31,S0003,,Bakery,3.1566666666666667,11,33.58,1,Thursday
2025-07-31,S0003,,Baking,3.7181818181818183,24,90.13,1,Thursday
2025-07-31,S0003,,Beverages,3.0393749999999997,21,64.22,1,Thursday
2025-07-31,S0003,,Breakfast & Cereal,4.382,33,147.9,1,Thursday
2025-07-31,S0003,,Candy,2.3554166666666667,31,72.92999999999999,1,Thursday
2025-07-31,S0003,,Condiments/Sauces/Spices,3.6958823529411764,20,76.7,1,Thursday
2025-07-31,S0003,,Dairy & Eggs,3.5955769230769232,64,231.77,1,Thursday
2025-07-31,S0003,,Deli,6.2315,26,156.02,1,Thursday
2025-07-31,S0003,,Frozen Foods,7.503846153846154,16,119.07000000000001,1,Thursday
2025-07-31,S0003,,Grains and Pasta,2.83,7,19.18,1,Thursday
2025-07-31,S0003,,Meat and Seafood,9.214615384615383,15,139.52,1,Thursday
2025-07-31,S0003,,Pet Food,7.505714285714285,17,135.87,1,Thursday
2025-07-31,S0003,,Prepared Meals,8.235294117647058,18,151.3,1,Thursday
2025-07-31,S0003,,Snacks/Cookies/Chips,3.061458333333333,75,227.71,1,Thursday
2025-07-31,S0004,,Alcohol,12.520153846153846,79,981.88,1,Thursday
2025-07-31,S0004,,Bakery,3.8600000000000003,2,7.7,1,Thursday
2025-07-31,S0004,,Baking,3.541428571428572,23,81.05,1,Thursday
2025-07-31,S0004,,Beverages,3.668235294117647,24,89.63,1,Thursday
2025-07-31,S0004,,Breakfast & Cereal,4.27,29,121.22,1,Thursday
2025-07-31,S0004,,Candy,2.509310344827586,33,82.42,1,Thursday
2025-07-31,S0004,,Condiments/Sauces/Spices,3.6807142857142856,17,62.519999999999996,1,Thursday
2025-07-31,S0004,,Dairy & Eggs,3.5115625,76,265.7,1,Thursday
2025-07-31,S0004,,Deli,5.9365000000000006,23,141.35,1,Thursday
2025-07-31,S0004,,Frozen Foods,7.082307692307692,30,214.6,1,Thursday
2025-07-31,S0004,,Grains and Pasta,2.425,14,34.55,1,Thursday
2025-07-31,S0004,,Meat and Seafood,9.077857142857143,16,145.22,1,Thursday
2025-07-31,S0004,,Pet Food,7.020999999999999,35,254.32,1,Thursday
2025-07-31,S0004,,Prepared Meals,8.892,24,213.9,1,Thursday
2025-07-31,S0004,,Snacks/Cookies/Chips,3.0366666666666666,108,324.4,1,Thursday
2025-07-31,S0005,,Alcohol,12.472,38,469.41,1,Thursday
2025-07-31,S0005,,Bakery,4.683333333333333,3,13.98,1,Thursday
2025-07-31,S0005,,Baking,3.6109999999999998,27,96.53,1,Thursday
2025-07-31,S0005,,Beverages,3.429444444444444,26,87.83,1,Thursday
2025-07-31,S0005,,Breakfast & Cereal,4.274545454545454,30,125.47,1,Thursday
2025-07-31,S0005,,Candy,2.246111111111111,25,59.03,1,Thursday
2025-07-31,S0005,,Condiments/Sauces/Spices,3.7123529411764706,19,71.92,1,Thursday
2025-07-31,S0005,,Dairy & Eggs,3.6243333333333334,40,147.77,1,Thursday
2025-07-31,S0005,,Deli,6.514545454545455,14,99.05,1,Thursday
2025-07-31,S0005,,Frozen Foods,6.834615384615384,15,105.8,1,Thursday
2025-07-31,S0005,,Grains and Pasta,3.0716666666666668,6,18.42,1,Thursday
2025-07-31,S0005,,Meat and Seafood,8.547142857142857,20,182.99,1,Thursday
2025-07-31,S0005,,Pet Food,7.478333333333334,17,132.59,1,Thursday
2025-07-31,S0005,,Prepared Meals,7.97,40,307.4,1,Thursday
2025-07-31,S0005,,Snacks/Cookies/Chips,3.0434883720930235,66,208.72,1,Thursday
2025-08-01,S0001,,Alcohol,12.363932584269664,103,1261.31,1,Friday
2025-08-01,S0001,,Bakery,4.229130434782609,25,104.19,1,Friday
2025-08-01,S0001,,Baking,3.495,51,176.41,1,Friday
2025-08-01,S0001,,Beverages,3.231111111111111,74,247.86,1,Friday
2025-08-01,S0001,,Breakfast & Cereal,4.2706451612903225,36,150.21,1,Friday
2025-08-01,S0001,,Candy,2.470222222222222,49,119.86,1,Friday
2025-08-01,S0001,,Condiments/Sauces/Spices,3.5069999999999997,36,128.52,1,Friday
2025-08-01,S0001,,Dairy & Eggs,3.369591836734694,120,396.07,1,Friday
2025-08-01,S0001,,Deli,6.376250000000001,52,326.24,1,Friday
2025-08-01,S0001,,Frozen Foods,6.5288,31,203.69,1,Friday
2025-08-01,S0001,,Grains and Pasta,2.5730769230769233,17,42.52,1,Friday
2025-08-01,S0001,,Meat and Seafood,9.229000000000001,35,316.23,1,Friday
2025-08-01,S0001,,Pet Food,7.064878048780488,65,443.99,1,Friday
2025-08-01,S0001,,Prepared Meals,8.3814,58,494.79,1,Friday
2025-08-01,S0001,,Snacks/Cookies/Chips,3.0835714285714286,160,492.15999999999997,1,Friday
2025-08-01,S0002,,Alcohol,11.68125,25,290.02,1,Friday
2025-08-01,S0002,,Bakery,3.8366666666666664,4,14.879999999999999,1,Friday
2025-08-01,S0002,,Baking,3.41,9,29.34,1,Friday
2025-08-01,S0002,,Beverages,3.665,10,35.61,1,Friday
2025-08-01,S0002,,Breakfast & Cereal,4.556,12,54.94,1,Friday
2025-08-01,S0002,,Candy,2.101,13,27.87,1,Friday
2025-08-01,S0002,,Condiments/Sauces/Spices,3.37,12,39.33,1,Friday
2025-08-01,S0002,,Dairy & Eggs,3.1851724137931035,38,117.84,1,Friday
2025-08-01,S0002,,Deli,5.638181818181819,13,76.8,1,Friday
2025-08-01,S0002,,Frozen Foods,7.046,15,105.81,1,Friday
2025-08-01,S0002,,Grains and Pasta,2.5620000000000003,5,12.77,1,Friday
2025-08-01,S0002,,Meat and Seafood,9.6475,21,198.93,1,Friday
2025-08-01,S0002,,Pet Food,8.138461538461538,19,153.5,1,Friday
2025-08-01,S0002,,Prepared Meals,7.544615384615384,17,120.05,1,Friday
2025-08-01,S0002,,Snacks/Cookies/Chips,2.902647058823529,49,137.94,1,Friday
2025-08-01,S0003,,Alcohol,12.078,81,974.95,1,Friday
2025-08-01,S0003,,Bakery,3.652857142857143,7,25.58,1,Friday
2025-08-01,S0003,,Baking,4.023333333333333,20,79.63,1,Friday
2025-08-01,S0003,,Beverages,3.5189473684210526,28,99.36,1,Friday
2025-08-01,S0003,,Breakfast & Cereal,4.763571428571429,19,89.56,1,Friday
2025-08-01,S0003,,Candy,2.6189473684210527,25,64.81,1,Friday
2025-08-01,S0003,,Condiments/Sauces/Spices,3.685925925925926,33,121.21000000000001,1,Friday
2025-08-01,S0003,,Dairy & Eggs,3.7201408450704223,79,299.99,1,Friday
2025-08-01,S0003,,Deli,5.7690909090909095,25,146.87,1,Friday
2025-08-01,S0003,,Frozen Foods,7.1523076923076925,13,93.00999999999999,1,Friday
2025-08-01,S0003,,Grains and Pasta,2.0900000000000003,10,19.68,1,Friday
2025-08-01,S0003,,Meat and Seafood,9.636842105263158,23,218.82,1,Friday
2025-08-01,S0003,,Pet Food,7.376363636363636,19,138.9,1,Friday
2025-08-01,S0003,,Prepared Meals,8.344347826086956,29,238.34,1,Friday
2025-08-01,S0003,,Snacks/Cookies/Chips,3.137,106,343.93,1,Friday
2025-08-01,S0004,,Alcohol,12.596172839506172,91,1139.74,1,Friday
2025-08-01,S0004,,Bakery,3.497272727272727,11,38.51,1,Friday
2025-08-01,S0004,,Baking,3.5803703703703706,34,126.75,1,Friday
2025-08-01,S0004,,Beverages,3.399677419354839,43,152.43,1,Friday
2025-08-01,S0004,,Breakfast & Cereal,4.311111111111111,34,152.18,1,Friday
2025-08-01,S0004,,Candy,2.4756,29,70.03,1,Friday
2025-08-01,S0004,,Condiments/Sauces/Spices,3.3766666666666665,45,151.26,1,Friday
2025-08-01,S0004,,Dairy & Eggs,3.7301265822784813,104,375.84000000000003,1,Friday
2025-08-01,S0004,,Deli,5.829999999999999,30,164.51999999999998,1,Friday
2025-08-01,S0004,,Frozen Foods,7.098999999999999,28,215.57,1,Friday
2025-08-01,S0004,,Grains and Pasta,2.695,4,10.79,1,Friday
2025-08-01,S0004,,Meat and Seafood,9.584687500000001,36,345.4,1,Friday
2025-08-01,S0004,,Pet Food,7.25695652173913,34,257.2,1,Friday
2025-08-01,S0004,,Prepared Meals,7.9879999999999995,23,183.91,1,Friday
2025-08-01,S0004,,Snacks/Cookies/Chips,3.187323943661972,110,348.09,1,Friday
2025-08-01,S0005,,Alcohol,11.612564102564102,51,576.56,1,Friday
2025-08-01,S0005,,Bakery,3.8059999999999996,7,25.32,1,Friday
2025-08-01,S0005,,Baking,3.947222222222222,25,99.35000000000001,1,Friday
2025-08-01,S0005,,Beverages,3.3816666666666664,19,65.56,1,Friday
2025-08-01,S0005,,Breakfast & Cereal,4.782631578947369,20,95.38,1,Friday
2025-08-01,S0005,,Candy,2.19875,20,44.63,1,Friday
2025-08-01,S0005,,Condiments/Sauces/Spices,3.545,14,50.269999999999996,1,Friday
2025-08-01,S0005,,Dairy & Eggs,3.3554347826086954,57,190.34,1,Friday
2025-08-01,S0005,,Deli,5.665625,16,90.6,1,Friday
2025-08-01,S0005,,Frozen Foods,7.223333333333334,18,137.95,1,Friday
2025-08-01,S0005,,Grains and Pasta,2.26875,9,19.69,1,Friday
2025-08-01,S0005,,Meat and Seafood,9.586,21,189.0,1,Friday
2025-08-01,S0005,,Pet Food,7.825454545454545,17,136.01000000000002,1,Friday
2025-08-01,S0005,,Prepared Meals,7.278999999999999,11,80.25,1,Friday
2025-08-01,S0005,,Snacks/Cookies/Chips,3.1357142857142857,44,139.84,1,Friday
2025-08-02,S0001,,Alcohol,12.490729166666666,119,1481.12,1,Saturday
2025-08-02,S0001,,Bakery,4.017142857142857,7,28.13,1,Saturday
2025-08-02,S0001,,Baking,3.911538461538462,48,188.94,1,Saturday
2025-08-02,S0001,,Beverages,3.3869444444444445,62,208.41,1,Saturday
2025-08-02,S0001,,Breakfast & Cereal,4.503913043478261,55,252.32,1,Saturday
2025-08-02,S0001,,Candy,2.4593617021276595,55,128.72,1,Saturday
2025-08-02,S0001,,Condiments/Sauces/Spices,3.5848648648648647,41,150.85,1,Saturday
2025-08-02,S0001,,Dairy & Eggs,3.2848076923076923,114,372.28,1,Saturday
2025-08-02,S0001,,Deli,6.440851063829788,65,422.87,1,Saturday
2025-08-02,S0001,,Frozen Foods,6.0356,27,163.78,1,Saturday
2025-08-02,S0001,,Grains and Pasta,2.386,15,35.81,1,Saturday
2025-08-02,S0001,,Meat and Seafood,8.85527777777778,38,337.23,1,Saturday
2025-08-02,S0001,,Pet Food,7.8714814814814815,48,391.18,1,Saturday
2025-08-02,S0001,,Prepared Meals,7.9535593220338985,73,560.66,1,Saturday
2025-08-02,S0001,,Snacks/Cookies/Chips,3.1312820512820516,190,605.54,1,Saturday
2025-08-02,S0002,,Alcohol,12.001463414634147,47,552.04,1,Saturday
2025-08-02,S0002,,Bakery,4.18,9,38.25,1,Saturday
2025-08-02,S0002,,Baking,3.9125,10,39.89,1,Saturday
2025-08-02,S0002,,Beverages,3.3657142857142857,20,64.77,1,Saturday
2025-08-02,S0002,,Breakfast & Cereal,4.7225,12,56.65,1,Saturday
2025-08-02,S0002,,Candy,2.3172727272727274,17,38.57,1,Saturday
2025-08-02,S0002,,Condiments/Sauces/Spices,3.3646666666666665,19,63.300000000000004,1,Saturday
2025-08-02,S0002,,Dairy & Eggs,3.5537142857142854,42,146.22,1,Saturday
2025-08-02,S0002,,Deli,5.963125,20,120.32000000000001,1,Saturday
2025-08-02,S0002,,Frozen Foods,6.0633333333333335,17,104.41,1,Saturday
2025-08-02,S0002,,Grains and Pasta,2.3366666666666664,3,7.01,1,Saturday
2025-08-02,S0002,,Meat and Seafood,9.136666666666667,12,111.31,1,Saturday
2025-08-02,S0002,,Pet Food,7.6866666666666665,22,173.73,1,Saturday
2025-08-02,S0002,,Prepared Meals,7.645625,17,128.22,1,Saturday
2025-08-02,S0002,,Snacks/Cookies/Chips,3.054864864864865,50,150.5,1,Saturday
2025-08-02,S0003,,Alcohol,11.626315789473685,52,599.68,1,Saturday
2025-08-02,S0003,,Bakery,3.8563636363636364,13,52.730000000000004,1,Saturday
2025-08-02,S0003,,Baking,3.9699999999999998,22,84.22,1,Saturday
2025-08-02,S0003,,Beverages,3.59,38,141.76999999999998,1,Saturday
2025-08-02,S0003,,Breakfast & Cereal,3.7994736842105263,26,96.94,1,Saturday
2025-08-02,S0003,,Candy,2.5500000000000003,26,68.5,1,Saturday
2025-08-02,S0003,,Condiments/Sauces/Spices,3.6586956521739133,30,106.92,1,Saturday
2025-08-02,S0003,,Dairy & Eggs,3.570857142857143,92,324.28,1,Saturday
2025-08-02,S0003,,Deli,5.852777777777778,23,133.67000000000002,1,Saturday
2025-08-02,S0003,,Frozen Foods,6.605384615384616,18,115.66,1,Saturday
2025-08-02,S0003,,Grains and Pasta,2.611666666666667,6,15.6,1,Saturday
2025-08-02,S0003,,Meat and Seafood,8.718214285714286,33,278.56,1,Saturday
2025-08-02,S0003,,Pet Food,7.7675,28,208.23,1,Saturday
2025-08-02,S0003,,Prepared Meals,7.925789473684211,22,177.42000000000002,1,Saturday
2025-08-02,S0003,,Snacks/Cookies/Chips,3.2367213114754096,92,304.05,1,Saturday
2025-08-02,S0004,,Alcohol,12.131194029850747,76,931.03,1,Saturday
2025-08-02,S0004,,Bakery,4.229166666666667,12,50.75,1,Saturday
2025-08-02,S0004,,Baking,3.62,21,75.97,1,Saturday
2025-08-02,S0004,,Beverages,3.1314285714285712,40,122.34,1,Saturday
2025-08-02,S0004,,Breakfast & Cereal,4.354285714285714,40,175.17,1,Saturday
2025-08-02,S0004,,Candy,2.3804166666666666,30,69.64,1,Saturday
2025-08-02,S0004,,Condiments/Sauces/Spices,3.5646428571428572,29,102.56,1,Saturday
2025-08-02,S0004,,Dairy & Eggs,3.726951219512195,104,396.11,1,Saturday
2025-08-02,S0004,,Deli,5.822105263157895,23,135.28,1,Saturday
2025-08-02,S0004,,Frozen Foods,6.854444444444444,28,191.08,1,Saturday
2025-08-02,S0004,,Grains and Pasta,2.73,9,24.61,1,Saturday
2025-08-02,S0004,,Meat and Seafood,9.136190476190476,26,235.53,1,Saturday
2025-08-02,S0004,,Pet Food,7.951071428571429,42,327.99,1,Saturday
2025-08-02,S0004,,Prepared Meals,7.581428571428572,35,257.05,1,Saturday
2025-08-02,S0004,,Snacks/Cookies/Chips,3.1277142857142857,111,350.93,1,Saturday
2025-08-02,S0005,,Alcohol,13.6665,51,700.72,1,Saturday
2025-08-02,S0005,,Bakery,3.6166666666666667,3,10.879999999999999,1,Saturday
2025-08-02,S0005,,Baking,3.583846153846154,15,54.98,1,Saturday
2025-08-02,S0005,,Beverages,3.4744444444444444,29,97.37,1,Saturday
2025-08-02,S0005,,Breakfast & Cereal,4.04,12,50.7,1,Saturday
2025-08-02,S0005,,Candy,2.4472727272727273,15,38.37,1,Saturday
2025-08-02,S0005,,Condiments/Sauces/Spices,3.71875,24,84.41,1,Saturday
2025-08-02,S0005,,Dairy & Eggs,3.5504651162790695,48,171.76,1,Saturday
2025-08-02,S0005,,Deli,6.842173913043479,27,183.51,1,Saturday
2025-08-02,S0005,,Frozen Foods,6.561333333333334,21,135.05,1,Saturday
2025-08-02,S0005,,Grains and Pasta,2.06,6,11.399999999999999,1,Saturday
2025-08-02,S0005,,Meat and Seafood,8.226428571428572,16,136.97,1,Saturday
2025-08-02,S0005,,Pet Food,7.452666666666667,28,208.68,1,Saturday
2025-08-02,S0005,,Prepared Meals,8.290000000000001,21,174.92,1,Saturday
2025-08-02,S0005,,Snacks/Cookies/Chips,3.132307692307692,85,265.75,1,Saturday
2025-08-03,S0001,,Alcohol,12.238256880733946,119,1454.45,1,Sunday
2025-08-03,S0001,,Bakery,3.9455555555555555,26,110.32,1,Sunday
2025-08-03,S0001,,Baking,3.778085106382979,59,223.23000000000002,1,Sunday
2025-08-03,S0001,,Beverages,3.552368421052632,64,228.01,1,Sunday
2025-08-03,S0001,,Breakfast & Cereal,5.028787878787878,43,214.68,1,Sunday
2025-08-03,S0001,,Candy,2.2515151515151515,42,89.15,1,Sunday
2025-08-03,S0001,,Condiments/Sauces/Spices,3.2182758620689653,37,123.96000000000001,1,Sunday
2025-08-03,S0001,,Dairy & Eggs,3.3597087378640778,119,389.15,1,Sunday
2025-08-03,S0001,,Deli,6.196923076923077,36,227.22,1,Sunday
2025-08-03,S0001,,Frozen Foods,6.838048780487806,43,295.18,1,Sunday
2025-08-03,S0001,,Grains and Pasta,2.6205263157894736,19,49.76,1,Sunday
2025-08-03,S0001,,Meat and Seafood,10.235609756097562,45,454.18,1,Sunday
2025-08-03,S0001,,Pet Food,7.163142857142858,55,381.84,1,Sunday
2025-08-03,S0001,,Prepared Meals,8.188636363636364,55,459.84000000000003,1,Sunday
2025-08-03,S0001,,Snacks/Cookies/Chips,3.0655555555555556,201,623.2,1,Sunday
2025-08-03,S0002,,Alcohol,12.759444444444444,38,479.98,1,Sunday
2025-08-03,S0002,,Bakery,4.293333333333334,4,16.93,1,Sunday
2025-08-03,S0002,,Baking,3.7133333333333334,10,36.79,1,Sunday
2025-08-03,S0002,,Beverages,3.218571428571429,24,80.33,1,Sunday
2025-08-03,S0002,,Breakfast & Cereal,4.0055555555555555,12,47.3,1,Sunday
2025-08-03,S0002,,Candy,2.5300000000000002,15,38.86,1,Sunday
2025-08-03,S0002,,Condiments/Sauces/Spices,3.897777777777778,9,35.08,1,Sunday
2025-08-03,S0002,,Dairy & Eggs,3.6521428571428567,53,196.48,1,Sunday
2025-08-03,S0002,,Deli,6.351111111111111,10,64.31,1,Sunday
2025-08-03,S0002,,Frozen Foods,6.771333333333333,20,129.35,1,Sunday
2025-08-03,S0002,,Grains and Pasta,2.8675,10,29.16,1,Sunday
2025-08-03,S0002,,Meat and Seafood,7.767777777777777,9,70.0,1,Sunday
2025-08-03,S0002,,Pet Food,8.149000000000001,14,118.9,1,Sunday
2025-08-03,S0002,,Prepared Meals,8.571111111111112,9,77.14,1,Sunday
2025-08-03,S0002,,Snacks/Cookies/Chips,3.3,43,137.26,1,Sunday
2025-08-03,S0003,,Alcohol,11.55265306122449,60,674.2,1,Sunday
2025-08-03,S0003,,Bakery,3.657272727272727,12,43.62,1,Sunday
2025-08-03,S0003,,Baking,3.9570833333333333,31,127.81,1,Sunday
2025-08-03,S0003,,Beverages,2.940909090909091,19,55.48,1,Sunday
2025-08-03,S0003,,Breakfast & Cereal,5.025384615384615,37,183.59,1,Sunday
2025-08-03,S0003,,Candy,2.261,22,47.23,1,Sunday
2025-08-03,S0003,,Condiments/Sauces/Spices,3.9175,9,37.129999999999995,1,Sunday
2025-08-03,S0003,,Dairy & Eggs,3.387857142857143,66,218.98,1,Sunday
2025-08-03,S0003,,Deli,6.1485,26,166.59,1,Sunday
2025-08-03,S0003,,Frozen Foods,6.707727272727272,29,198.23000000000002,1,Sunday
2025-08-03,S0003,,Grains and Pasta,2.841111111111111,15,44.019999999999996,1,Sunday
2025-08-03,S0003,,Meat and Seafood,9.558695652173913,35,319.05,1,Sunday
2025-08-03,S0003,,Pet Food,7.688333333333333,28,212.24,1,Sunday
2025-08-03,S0003,,Prepared Meals,8.517916666666666,31,259.24,1,Sunday
2025-08-03,S0003,,Snacks/Cookies/Chips,3.009811320754717,77,231.53,1,Sunday
2025-08-03,S0004,,Alcohol,11.602028985507246,87,1019.82,1,Sunday
2025-08-03,S0004,,Bakery,3.668,7,25.96,1,Sunday
2025-08-03,S0004,,Baking,3.686206896551724,36,133.05,1,Sunday
2025-08-03,S0004,,Beverages,3.339375,51,165.02,1,Sunday
2025-08-03,S0004,,Breakfast & Cereal,4.809310344827586,36,169.01,1,Sunday
2025-08-03,S0004,,Candy,2.382903225806452,39,90.31,1,Sunday
2025-08-03,S0004,,Condiments/Sauces/Spices,3.932142857142857,37,152.77,1,Sunday
2025-08-03,S0004,,Dairy & Eggs,3.453733333333333,89,312.88,1,Sunday
2025-08-03,S0004,,Deli,6.334482758620689,31,194.54,1,Sunday
2025-08-03,S0004,,Frozen Foods,7.367297297297297,51,378.48,1,Sunday
2025-08-03,S0004,,Grains and Pasta,2.4,7,16.849999999999998,1,Sunday
2025-08-03,S0004,,Meat and Seafood,9.451904761904762,23,216.74,1,Sunday
2025-08-03,S0004,,Pet Food,6.977333333333333,25,173.05,1,Sunday
2025-08-03,S0004,,Prepared Meals,7.678378378378379,53,409.81,1,Sunday
2025-08-03,S0004,,Snacks/Cookies/Chips,3.118450704225352,107,335.14,1,Sunday
2025-08-03,S0005,,Alcohol,12.130769230769232,52,631.74,1,Sunday
2025-08-03,S0005,,Bakery,4.291666666666667,8,33.07,1,Sunday
2025-08-03,S0005,,Baking,3.7394444444444446,18,67.44,1,Sunday
2025-08-03,S0005,,Beverages,3.09375,26,76.03,1,Sunday
2025-08-03,S0005,,Breakfast & Cereal,4.727142857142858,17,83.52,1,Sunday
2025-08-03,S0005,,Candy,2.2752380952380955,32,73.52,1,Sunday
2025-08-03,S0005,,Condiments/Sauces/Spices,3.255263157894737,21,69.8,1,Sunday
2025-08-03,S0005,,Dairy & Eggs,3.4354761904761904,54,181.45,1,Sunday
2025-08-03,S0005,,Deli,5.657857142857142,17,97.38,1,Sunday
2025-08-03,S0005,,Frozen Foods,5.936153846153847,15,95.47,1,Sunday
2025-08-03,S0005,,Grains and Pasta,2.2375,4,8.96,1,Sunday
2025-08-03,S0005,,Meat and Seafood,8.897647058823528,20,182.44,1,Sunday
2025-08-03,S0005,,Pet Food,8.092666666666666,19,151.63,1,Sunday
2025-08-03,S0005,,Prepared Meals,7.603333333333333,23,180.3,1,Sunday
2025-08-03,S0005,,Snacks/Cookies/Chips,3.0966666666666667,44,131.76,1,Sunday
2025-08-04,S0001,,Alcohol,12.092857142857143,79,936.08,1,Monday
2025-08-04,S0001,,Bakery,3.5645454545454545,11,39.239999999999995,1,Monday
2025-08-04,S0001,,Baking,3.874888888888889,56,224.2,1,Monday
2025-08-04,S0001,,Beverages,3.126764705882353,48,148.37,1,Monday
2025-08-04,S0001,,Breakfast & Cereal,4.552608695652173,26,117.32000000000001,1,Monday
2025-08-04,S0001,,Candy,2.2082608695652173,27,58.85,1,Monday
2025-08-04,S0001,,Condiments/Sauces/Spices,3.524642857142857,36,126.45,1,Monday
2025-08-04,S0001,,Dairy & Eggs,3.7663380281690144,95,346.96,1,Monday
2025-08-04,S0001,,Deli,5.915555555555556,36,209.39,1,Monday
2025-08-04,S0001,,Frozen Foods,7.416060606060606,39,291.19,1,Monday
2025-08-04,S0001,,Grains and Pasta,2.6399999999999997,4,10.58,1,Monday
2025-08-04,S0001,,Meat and Seafood,8.755757575757576,45,399.46,1,Monday
2025-08-04,S0001,,Pet Food,7.693333333333333,28,213.28,1,Monday
2025-08-04,S0001,,Prepared Meals,8.49,52,435.38,1,Monday
2025-08-04,S0001,,Snacks/Cookies/Chips,3.1859154929577462,107,344.05,1,Monday
2025-08-04,S0002,,Alcohol,12.119583333333333,27,327.85,1,Monday
2025-08-04,S0002,,Bakery,5.08,1,5.09,1,Monday
2025-08-04,S0002,,Baking,4.392857142857143,8,35.81,1,Monday
2025-08-04,S0002,,Beverages,3.368,10,30.759999999999998,1,Monday
2025-08-04,S0002,,Breakfast & Cereal,4.74,14,65.45,1,Monday
2025-08-04,S0002,,Candy,2.068,14,30.49,1,Monday
2025-08-04,S0002,,Condiments/Sauces/Spices,3.765,7,27.52,1,Monday
2025-08-04,S0002,,Dairy & Eggs,3.9231578947368426,21,85.56,1,Monday
2025-08-04,S0002,,Deli,5.636363636363637,13,70.19,1,Monday
2025-08-04,S0002,,Frozen Foods,7.5618181818181816,11,83.15,1,Monday
2025-08-04,S0002,,Grains and Pasta,1.7033333333333334,3,5.13,1,Monday
2025-08-04,S0002,,Meat and Seafood,7.7811111111111115,15,114.6,1,Monday
2025-08-04,S0002,,Pet Food,7.11625,14,107.4,1,Monday
2025-08-04,S0002,,Prepared Meals,8.018749999999999,8,64.32,1,Monday
2025-08-04,S0002,,Snacks/Cookies/Chips,3.174285714285714,27,85.91,1,Monday
2025-08-04,S0003,,Alcohol,12.111372549019606,61,735.93,1,Monday
2025-08-04,S0003,,Bakery,3.84375,8,30.8,1,Monday
2025-08-04,S0003,,Baking,3.5575,21,75.60000000000001,1,Monday
2025-08-04,S0003,,Beverages,3.3491666666666666,18,61.06,1,Monday
2025-08-04,S0003,,Breakfast & Cereal,4.484615384615385,14,61.73,1,Monday
2025-08-04,S0003,,Candy,2.342631578947368,26,61.67,1,Monday
2025-08-04,S0003,,Condiments/Sauces/Spices,3.6476470588235292,18,66.21000000000001,1,Monday
2025-08-04,S0003,,Dairy & Eggs,3.4271739130434784,52,181.19,1,Monday
2025-08-04,S0003,,Deli,5.922857142857143,14,82.84,1,Monday
2025-08-04,S0003,,Frozen Foods,6.842631578947368,25,170.26,1,Monday
2025-08-04,S0003,,Grains and Pasta,2.85125,12,36.94,1,Monday
2025-08-04,S0003,,Meat and Seafood,9.477083333333333,26,249.55,1,Monday
2025-08-04,S0003,,Pet Food,6.667272727272728,18,125.03999999999999,1,Monday
2025-08-04,S0003,,Prepared Meals,8.214705882352941,23,194.45,1,Monday
2025-08-04,S0003,,Snacks/Cookies/Chips,3.172608695652174,66,206.76,1,Monday
2025-08-04,S0004,,Alcohol,11.70409090909091,54,635.61,1,Monday
2025-08-04,S0004,,Bakery,3.9266666666666663,6,23.54,1,Monday
2025-08-04,S0004,,Baking,3.420714285714286,16,52.9,1,Monday
2025-08-04,S0004,,Beverages,3.5915624999999998,55,198.85,1,Monday
2025-08-04,S0004,,Breakfast & Cereal,4.63,22,98.94,1,Monday
2025-08-04,S0004,,Candy,2.7183333333333337,14,38.12,1,Monday
2025-08-04,S0004,,Condiments/Sauces/Spices,3.415238095238095,24,82.74,1,Monday
2025-08-04,S0004,,Dairy & Eggs,3.614782608695652,87,313.2,1,Monday
2025-08-04,S0004,,Deli,5.532,32,175.53,1,Monday
2025-08-04,S0004,,Frozen Foods,6.423,21,133.61,1,Monday
2025-08-04,S0004,,Grains and Pasta,2.580833333333333,14,35.58,1,Monday
2025-08-04,S0004,,Meat and Seafood,9.221428571428572,23,209.2,1,Monday
2025-08-04,S0004,,Pet Food,7.680000000000001,25,194.13,1,Monday
2025-08-04,S0004,,Prepared Meals,7.1875757575757575,50,354.13,1,Monday
2025-08-04,S0004,,Snacks/Cookies/Chips,3.1061538461538465,75,236.32,1,Monday
2025-08-04,S0005,,Alcohol,12.404516129032258,37,451.98,1,Monday
2025-08-04,S0005,,Baking,3.82,14,53.410000000000004,1,Monday
2025-08-04,S0005,,Beverages,3.4809523809523806,35,118.1,1,Monday
2025-08-04,S0005,,Breakfast & Cereal,4.129375,20,80.34,1,Monday
2025-08-04,S0005,,Candy,2.8275,10,27.39,1,Monday
2025-08-04,S0005,,Condiments/Sauces/Spices,3.2016666666666667,16,52.980000000000004,1,Monday
2025-08-04,S0005,,Dairy & Eggs,3.4944117647058826,39,138.38,1,Monday
2025-08-04,S0005,,Deli,5.607857142857143,19,111.67999999999999,1,Monday
2025-08-04,S0005,,Frozen Foods,7.104,21,148.78,1,Monday
2025-08-04,S0005,,Grains and Pasta,2.6123076923076924,15,37.63,1,Monday
2025-08-04,S0005,,Meat and Seafood,9.438125,19,177.34,1,Monday
2025-08-04,S0005,,Pet Food,7.555714285714286,27,213.18,1,Monday
2025-08-04,S0005,,Prepared Meals,9.215625,18,171.12,1,Monday
2025-08-04,S0005,,Snacks/Cookies/Chips,3.2605555555555554,57,193.71,1,Monday
2025-08-05,S0001,,Alcohol,12.625599999999999,82,1058.88,1,Tuesday
2025-08-05,S0001,,Bakery,4.507692307692308,17,82.25999999999999,1,Tuesday
2025-08-05,S0001,,Baking,3.5509523809523813,25,88.38,1,Tuesday
2025-08-05,S0001,,Beverages,3.4467857142857143,33,116.71,1,Tuesday
2025-08-05,S0001,,Breakfast & Cereal,4.23695652173913,23,97.6,1,Tuesday
2025-08-05,S0001,,Candy,2.447692307692308,46,112.54,1,Tuesday
2025-08-05,S0001,,Condiments/Sauces/Spices,3.3432142857142857,37,128.07,1,Tuesday
2025-08-05,S0001,,Dairy & Eggs,3.329247311827957,109,370.31,1,Tuesday
2025-08-05,S0001,,Deli,5.4915,23,125.42,1,Tuesday
2025-08-05,S0001,,Frozen Foods,7.131578947368421,56,373.61,1,Tuesday
2025-08-05,S0001,,Grains and Pasta,2.2836363636363632,11,25.17,1,Tuesday
2025-08-05,S0001,,Meat and Seafood,10.08125,38,386.54,1,Tuesday
2025-08-05,S0001,,Pet Food,8.229285714285714,16,134.32999999999998,1,Tuesday
2025-08-05,S0001,,Prepared Meals,8.26,37,312.12,1,Tuesday
2025-08-05,S0001,,Snacks/Cookies/Chips,3.081067961165049,167,516.96,1,Tuesday
2025-08-05,S0002,,Alcohol,11.527272727272727,24,271.79,1,Tuesday
2025-08-05,S0002,,Bakery,4.52,2,9.059999999999999,1,Tuesday
2025-08-05,S0002,,Baking,3.858461538461538,16,60.08,1,Tuesday
2025-08-05,S0002,,Beverages,3.158333333333333,22,65.64,1,Tuesday
2025-08-05,S0002,,Breakfast & Cereal,5.0284615384615385,18,95.64,1,Tuesday
2025-08-05,S0002,,Candy,2.353333333333333,7,16.85,1,Tuesday
2025-08-05,S0002,,Condiments/Sauces/Spices,3.3244444444444445,9,29.84,1,Tuesday
2025-08-05,S0002,,Dairy & Eggs,3.6626315789473685,45,158.72,1,Tuesday
2025-08-05,S0002,,Deli,6.522142857142858,18,125.36,1,Tuesday
2025-08-05,S0002,,Frozen Foods,6.465,8,52.08,1,Tuesday
2025-08-05,S0002,,Grains and Pasta,2.4675000000000002,4,9.86,1,Tuesday
2025-08-05,S0002,,Meat and Seafood,9.734444444444444,12,111.27,1,Tuesday
2025-08-05,S0002,,Pet Food,7.296363636363637,19,135.07,1,Tuesday
2025-08-05,S0002,,Prepared Meals,7.668571428571428,11,82.50999999999999,1,Tuesday
2025-08-05,S0002,,Snacks/Cookies/Chips,2.9183870967741936,49,146.91,1,Tuesday
2025-08-05,S0003,,Alcohol,12.156818181818181,52,642.98,1,Tuesday
2025-08-05,S0003,,Bakery,4.242,5,21.259999999999998,1,Tuesday
2025-08-05,S0003,,Baking,3.875625,17,66.02,1,Tuesday
2025-08-05,S0003,,Beverages,3.2084615384615387,17,52.83,1,Tuesday
2025-08-05,S0003,,Breakfast & Cereal,4.3862499999999995,25,109.62,1,Tuesday
2025-08-05,S0003,,Candy,2.1621739130434783,27,56.660000000000004,1,Tuesday
2025-08-05,S0003,,Condiments/Sauces/Spices,3.5828571428571427,30,107.67,1,Tuesday
2025-08-05,S0003,,Dairy & Eggs,3.47974358974359,47,167.19,1,Tuesday
2025-08-05,S0003,,Deli,6.092941176470588,20,129.32,1,Tuesday
2025-08-05,S0003,,Frozen Foods,6.54,23,157.39,1,Tuesday
2025-08-05,S0003,,Grains and Pasta,2.2263636363636365,11,24.490000000000002,1,Tuesday
2025-08-05,S0003,,Meat and Seafood,10.225263157894737,21,211.75,1,Tuesday
2025-08-05,S0003,,Pet Food,7.596666666666668,13,105.6,1,Tuesday
2025-08-05,S0003,,Prepared Meals,8.277391304347827,28,228.33,1,Tuesday
2025-08-05,S0003,,Snacks/Cookies/Chips,3.125106382978723,71,228.09,1,Tuesday
2025-08-05,S0004,,Alcohol,11.851071428571428,62,732.24,1,Tuesday
2025-08-05,S0004,,Bakery,3.513333333333333,6,21.08,1,Tuesday
2025-08-05,S0004,,Baking,3.941,22,90.99,1,Tuesday
2025-08-05,S0004,,Beverages,3.46625,40,140.32,1,Tuesday
2025-08-05,S0004,,Breakfast & Cereal,4.648333333333333,25,112.39,1,Tuesday
2025-08-05,S0004,,Candy,2.2866666666666666,22,52.25,1,Tuesday
2025-08-05,S0004,,Condiments/Sauces/Spices,3.3395652173913044,28,97.61,1,Tuesday
2025-08-05,S0004,,Dairy & Eggs,3.606666666666667,90,314.68,1,Tuesday
2025-08-05,S0004,,Deli,5.579090909090909,28,150.84,1,Tuesday
2025-08-05,S0004,,Frozen Foods,6.8225,13,89.76,1,Tuesday
2025-08-05,S0004,,Grains and Pasta,1.8083333333333333,9,16.62,1,Tuesday
2025-08-05,S0004,,Meat and Seafood,9.705,28,258.49,1,Tuesday
2025-08-05,S0004,,Pet Food,7.908823529411764,31,244.93,1,Tuesday
2025-08-05,S0004,,Prepared Meals,8.739999999999998,24,205.84,1,Tuesday
2025-08-05,S0004,,Snacks/Cookies/Chips,3.206111111111111,81,270.28999999999996,1,Tuesday
2025-08-05,S0005,,Alcohol,12.30952380952381,56,697.37,1,Tuesday
2025-08-05,S0005,,Bakery,3.866666666666667,9,35.66,1,Tuesday
2025-08-05,S0005,,Baking,4.031428571428571,17,69.49,1,Tuesday
2025-08-05,S0005,,Beverages,2.985,20,62.81,1,Tuesday
2025-08-05,S0005,,Breakfast & Cereal,4.32125,19,83.53,1,Tuesday
2025-08-05,S0005,,Candy,2.4591666666666665,13,32.28,1,Tuesday
2025-08-05,S0005,,Condiments/Sauces/Spices,3.280909090909091,18,58.46,1,Tuesday
2025-08-05,S0005,,Dairy & Eggs,3.7202857142857146,40,145.06,1,Tuesday
2025-08-05,S0005,,Deli,6.157857142857144,17,104.24,1,Tuesday
2025-08-05,S0005,,Frozen Foods,7.298333333333334,22,161.25,1,Tuesday
2025-08-05,S0005,,Grains and Pasta,2.61625,9,23.740000000000002,1,Tuesday
2025-08-05,S0005,,Meat and Seafood,9.204444444444444,9,82.78999999999999,1,Tuesday
2025-08-05,S0005,,Pet Food,7.7124999999999995,21,168.82,1,Tuesday
2025-08-05,S0005,,Prepared Meals,8.772499999999999,14,122.64,1,Tuesday
2025-08-05,S0005,,Snacks/Cookies/Chips,3.0689583333333332,64,203.16,1,Tuesday
2025-08-06,S0001,,Alcohol,11.935945945945946,92,1134.15,1,Wednesday
2025-08-06,S0001,,Bakery,3.9875,12,47.0,1,Wednesday
2025-08-06,S0001,,Baking,3.3800000000000003,30,106.16,1,Wednesday
2025-08-06,S0001,,Beverages,3.4207407407407406,37,128.42,1,Wednesday
2025-08-06,S0001,,Breakfast & Cereal,4.847058823529411,44,214.95,1,Wednesday
2025-08-06,S0001,,Candy,2.283235294117647,50,113.73,1,Wednesday
2025-08-06,S0001,,Condiments/Sauces/Spices,3.2816216216216216,41,134.19,1,Wednesday
2025-08-06,S0001,,Dairy & Eggs,3.7546153846153847,139,537.56,1,Wednesday
2025-08-06,S0001,,Deli,5.991428571428571,47,286.4,1,Wednesday
2025-08-06,S0001,,Frozen Foods,6.8816,27,189.99,1,Wednesday
2025-08-06,S0001,,Grains and Pasta,2.6142857142857143,16,41.58,1,Wednesday
2025-08-06,S0001,,Meat and Seafood,8.821333333333333,32,284.21,1,Wednesday
2025-08-06,S0001,,Pet Food,7.69972972972973,51,399.46,1,Wednesday
2025-08-06,S0001,,Prepared Meals,7.7129268292682935,53,413.14,1,Wednesday
2025-08-06,S0001,,Snacks/Cookies/Chips,2.9938655462184873,157,470.51,1,Wednesday
2025-08-06,S0002,,Alcohol,11.5228125,43,493.55,1,Wednesday
2025-08-06,S0002,,Bakery,3.9050000000000002,4,15.64,1,Wednesday
2025-08-06,S0002,,Baking,4.504545454545454,11,49.6,1,Wednesday
2025-08-06,S0002,,Beverages,3.313636363636364,14,46.14,1,Wednesday
2025-08-06,S0002,,Breakfast & Cereal,4.684375,18,82.82000000000001,1,Wednesday
2025-08-06,S0002,,Candy,2.3563636363636364,15,36.39,1,Wednesday
2025-08-06,S0002,,Condiments/Sauces/Spices,3.2075,4,12.77,1,Wednesday
2025-08-06,S0002,,Dairy & Eggs,3.7538888888888895,23,84.59,1,Wednesday
2025-08-06,S0002,,Deli,5.384444444444444,13,71.91,1,Wednesday
2025-08-06,S0002,,Frozen Foods,6.94,11,76.38,1,Wednesday
2025-08-06,S0002,,Grains and Pasta,2.5725,5,12.53,1,Wednesday
2025-08-06,S0002,,Meat and Seafood,8.758,10,87.67999999999999,1,Wednesday
2025-08-06,S0002,,Pet Food,8.293333333333333,18,146.05,1,Wednesday
2025-08-06,S0002,,Prepared Meals,9.225999999999999,11,101.67,1,Wednesday
2025-08-06,S0002,,Snacks/Cookies/Chips,3.230357142857143,49,160.37,1,Wednesday
2025-08-06,S0003,,Alcohol,12.228235294117647,41,505.65,1,Wednesday
2025-08-06,S0003,,Bakery,4.45,7,28.13,1,Wednesday
2025-08-06,S0003,,Baking,4.072631578947369,27,112.75,1,Wednesday
2025-08-06,S0003,,Beverages,3.3675,23,76.84,1,Wednesday
2025-08-06,S0003,,Breakfast & Cereal,4.137777777777777,10,42.27,1,Wednesday
2025-08-06,S0003,,Candy,2.468947368421053,23,55.18,1,Wednesday
2025-08-06,S0003,,Condiments/Sauces/Spices,3.521875,20,71.05,1,Wednesday
2025-08-06,S0003,,Dairy & Eggs,3.6785714285714284,64,231.91,1,Wednesday
2025-08-06,S0003,,Deli,5.909411764705883,24,142.21,1,Wednesday
2025-08-06,S0003,,Frozen Foods,6.732,16,106.26,1,Wednesday
2025-08-06,S0003,,Grains and Pasta,2.17,5,10.85,1,Wednesday
2025-08-06,S0003,,Meat and Seafood,7.61,20,147.64,1,Wednesday
2025-08-06,S0003,,Pet Food,7.189333333333334,25,179.63,1,Wednesday
2025-08-06,S0003,,Prepared Meals,7.836153846153847,14,114.14,1,Wednesday
2025-08-06,S0003,,Snacks/Cookies/Chips,3.039,84,253.69,1,Wednesday
2025-08-06,S0004,,Alcohol,11.959354838709677,82,967.7,1,Wednesday
2025-08-06,S0004,,Bakery,3.5625,5,19.22,1,Wednesday
2025-08-06,S0004,,Baking,3.9963333333333333,35,140.43,1,Wednesday
2025-08-06,S0004,,Beverages,3.294074074074074,40,131.79,1,Wednesday
2025-08-06,S0004,,Breakfast & Cereal,4.595,33,147.08,1,Wednesday
2025-08-06,S0004,,Candy,2.971,12,39.13,1,Wednesday
2025-08-06,S0004,,Condiments/Sauces/Spices,3.436153846153846,34,115.46000000000001,1,Wednesday
2025-08-06,S0004,,Dairy & Eggs,3.5576470588235294,81,283.17,1,Wednesday
2025-08-06,S0004,,Deli,6.175142857142857,39,237.31,1,Wednesday
2025-08-06,S0004,,Frozen Foods,7.291999999999999,29,211.09,1,Wednesday
2025-08-06,S0004,,Grains and Pasta,2.4133333333333336,3,7.24,1,Wednesday
2025-08-06,S0004,,Meat and Seafood,9.072592592592592,33,295.47,1,Wednesday
2025-08-06,S0004,,Pet Food,6.781538461538461,32,215.39,1,Wednesday
2025-08-06,S0004,,Prepared Meals,7.78125,26,202.68,1,Wednesday
2025-08-06,S0004,,Snacks/Cookies/Chips,3.181449275362319,107,339.38,1,Wednesday
2025-08-06,S0005,,Alcohol,12.178214285714287,46,586.04,1,Wednesday
2025-08-06,S0005,,Bakery,4.4799999999999995,5,22.380000000000003,1,Wednesday
2025-08-06,S0005,,Baking,4.0609090909090915,13,51.730000000000004,1,Wednesday
2025-08-06,S0005,,Beverages,3.3947368421052633,31,107.04,1,Wednesday
2025-08-06,S0005,,Breakfast & Cereal,4.2309090909090905,23,97.17,1,Wednesday
2025-08-06,S0005,,Candy,2.4695,24,59.96,1,Wednesday
2025-08-06,S0005,,Condiments/Sauces/Spices,3.438333333333333,17,58.59,1,Wednesday
2025-08-06,S0005,,Dairy & Eggs,3.5493939393939393,40,140.31,1,Wednesday
2025-08-06,S0005,,Deli,5.586111111111111,22,124.49,1,Wednesday
2025-08-06,S0005,,Frozen Foods,7.0515384615384615,17,126.44,1,Wednesday
2025-08-06,S0005,,Grains and Pasta,3.4800000000000004,2,6.950000000000001,1,Wednesday
2025-08-06,S0005,,Meat and Seafood,8.672222222222222,10,90.93,1,Wednesday
2025-08-06,S0005,,Pet Food,7.9175,15,115.45,1,Wednesday
2025-08-06,S0005,,Prepared Meals,8.795,14,125.38,1,Wednesday
2025-08-06,S0005,,Snacks/Cookies/Chips,3.060188679245283,77,235.91,1,Wednesday
2025-08-07,S0001,,Alcohol,12.209795918367346,134,1653.22,1,Thursday
2025-08-07,S0001,,Bakery,3.6847619047619045,25,100.15,1,Thursday
2025-08-07,S0001,,Baking,3.9720000000000004,38,151.09,1,Thursday
2025-08-07,S0001,,Beverages,3.4514,70,241.13,1,Thursday
2025-08-07,S0001,,Breakfast & Cereal,5.082962962962963,35,176.6,1,Thursday
2025-08-07,S0001,,Candy,2.902857142857143,63,179.28,1,Thursday
2025-08-07,S0001,,Condiments/Sauces/Spices,3.6743589743589746,53,195.79,1,Thursday
2025-08-07,S0001,,Dairy & Eggs,3.5216279069767444,104,368.09000000000003,1,Thursday
2025-08-07,S0001,,Deli,6.0723529411764705,46,288.82,1,Thursday
2025-08-07,S0001,,Frozen Foods,6.8372,29,197.18,1,Thursday
2025-08-07,S0001,,Grains and Pasta,2.4584615384615387,14,34.65,1,Thursday
2025-08-07,S0001,,Meat and Seafood,8.08705882352941,52,396.2,1,Thursday
2025-08-07,S0001,,Pet Food,7.484285714285714,58,450.97,1,Thursday
2025-08-07,S0001,,Prepared Meals,7.784523809523809,44,340.34,1,Thursday
2025-08-07,S0001,,Snacks/Cookies/Chips,3.2508870967741936,176,579.21,1,Thursday
2025-08-07,S0002,,Alcohol,12.409655172413792,36,444.73,1,Thursday
2025-08-07,S0002,,Bakery,3.9924999999999997,4,15.99,1,Thursday
2025-08-07,S0002,,Baking,3.358333333333333,9,31.48,1,Thursday
2025-08-07,S0002,,Beverages,3.4038461538461537,23,76.82,1,Thursday
2025-08-07,S0002,,Breakfast & Cereal,4.27,5,22.15,1,Thursday
2025-08-07,S0002,,Candy,2.33,24,54.93,1,Thursday
2025-08-07,S0002,,Condiments/Sauces/Spices,3.7305882352941175,21,75.87,1,Thursday
2025-08-07,S0002,,Dairy & Eggs,3.3608,35,122.58,1,Thursday
2025-08-07,S0002,,Deli,5.8566666666666665,12,70.26,1,Thursday
2025-08-07,S0002,,Frozen Foods,7.204285714285715,7,50.519999999999996,1,Thursday
2025-08-07,S0002,,Grains and Pasta,2.7328571428571427,7,19.16,1,Thursday
2025-08-07,S0002,,Meat and Seafood,8.752222222222223,10,87.56,1,Thursday
2025-08-07,S0002,,Pet Food,7.038888888888889,11,74.68,1,Thursday
2025-08-07,S0002,,Prepared Meals,7.476875,17,127.33,1,Thursday
2025-08-07,S0002,,Snacks/Cookies/Chips,3.1525925925925926,39,123.38,1,Thursday
2025-08-07,S0003,,Alcohol,12.95720930232558,54,703.1,1,Thursday
2025-08-07,S0003,,Bakery,3.525,11,39.04,1,Thursday
2025-08-07,S0003,,Baking,3.6326666666666667,18,64.23,1,Thursday
2025-08-07,S0003,,Beverages,3.2545454545454544,34,107.13,1,Thursday
2025-08-07,S0003,,Breakfast & Cereal,4.223333333333334,26,107.76,1,Thursday
2025-08-07,S0003,,Candy,2.3286363636363636,27,63.1,1,Thursday
2025-08-07,S0003,,Condiments/Sauces/Spices,3.4536363636363636,15,52.05,1,Thursday
2025-08-07,S0003,,Dairy & Eggs,3.723170731707317,46,172.63,1,Thursday
2025-08-07,S0003,,Deli,6.1784,31,194.94,1,Thursday
2025-08-07,S0003,,Frozen Foods,6.55875,9,59.39,1,Thursday
2025-08-07,S0003,,Grains and Pasta,2.2700000000000005,6,12.75,1,Thursday
2025-08-07,S0003,,Meat and Seafood,8.221,10,81.98,1,Thursday
2025-08-07,S0003,,Pet Food,8.008181818181818,31,256.95,1,Thursday
2025-08-07,S0003,,Prepared Meals,7.967391304347826,32,250.10999999999999,1,Thursday
2025-08-07,S0003,,Snacks/Cookies/Chips,2.8756896551724136,91,257.14,1,Thursday
2025-08-07,S0004,,Alcohol,12.617042253521126,87,1086.11,1,Thursday
2025-08-07,S0004,,Bakery,4.311999999999999,17,76.51,1,Thursday
2025-08-07,S0004,,Baking,3.8896153846153845,28,107.83,1,Thursday
2025-08-07,S0004,,Beverages,3.4109523809523807,32,108.89,1,Thursday
2025-08-07,S0004,,Breakfast & Cereal,4.604615384615385,32,141.74,1,Thursday
2025-08-07,S0004,,Candy,2.387391304347826,29,70.25,1,Thursday
2025-08-07,S0004,,Condiments/Sauces/Spices,3.671666666666667,26,92.76,1,Thursday
2025-08-07,S0004,,Dairy & Eggs,3.5992537313432837,78,282.93,1,Thursday
2025-08-07,S0004,,Deli,6.04,29,170.23,1,Thursday
2025-08-07,S0004,,Frozen Foods,6.937142857142858,29,197.35999999999999,1,Thursday
2025-08-07,S0004,,Grains and Pasta,2.45625,16,39.26,1,Thursday
2025-08-07,S0004,,Meat and Seafood,9.87857142857143,30,288.65,1,Thursday
2025-08-07,S0004,,Pet Food,7.693333333333333,49,384.79,1,Thursday
2025-08-07,S0004,,Prepared Meals,8.750399999999999,32,272.24,1,Thursday
2025-08-07,S0004,,Snacks/Cookies/Chips,3.1880701754385963,83,268.15,1,Thursday
2025-08-07,S0005,,Alcohol,13.360882352941175,40,529.94,1,Thursday
2025-08-07,S0005,,Bakery,4.28,2,8.58,1,Thursday
2025-08-07,S0005,,Baking,3.7083333333333335,13,47.68,1,Thursday
2025-08-07,S0005,,Beverages,3.2129411764705886,28,88.14,1,Thursday
2025-08-07,S0005,,Breakfast & Cereal,4.952857142857143,16,77.51,1,Thursday
2025-08-07,S0005,,Candy,2.7895,24,72.98,1,Thursday
2025-08-07,S0005,,Condiments/Sauces/Spices,3.682142857142857,17,65.16,1,Thursday
2025-08-07,S0005,,Dairy & Eggs,3.687,63,233.25,1,Thursday
2025-08-07,S0005,,Deli,6.434285714285714,28,172.86,1,Thursday
2025-08-07,S0005,,Frozen Foods,6.215333333333334,15,93.11,1,Thursday
2025-08-07,S0005,,Grains and Pasta,2.7875,8,20.11,1,Thursday
2025-08-07,S0005,,Meat and Seafood,10.063636363636364,13,131.68,1,Thursday
2025-08-07,S0005,,Pet Food,7.236923076923077,22,150.43,1,Thursday
2025-08-07,S0005,,Prepared Meals,8.831666666666667,13,113.41,1,Thursday
2025-08-07,S0005,,Snacks/Cookies/Chips,3.216279069767442,63,199.72,1,Thursday
2025-08-08,S0001,,Alcohol,12.693030303030302,134,1686.02,1,Friday
2025-08-08,S0001,,Bakery,4.487058823529412,17,76.33,1,Friday
2025-08-08,S0001,,Baking,3.597058823529412,39,137.74,1,Friday
2025-08-08,S0001,,Beverages,3.3256410256410254,55,186.69,1,Friday
2025-08-08,S0001,,Breakfast & Cereal,4.461612903225807,43,194.57999999999998,1,Friday
2025-08-08,S0001,,Candy,2.5716216216216217,45,121.42999999999999,1,Friday
2025-08-08,S0001,,Condiments/Sauces/Spices,3.756666666666667,52,192.71,1,Friday
2025-08-08,S0001,,Dairy & Eggs,3.668888888888889,119,444.57,1,Friday
2025-08-08,S0001,,Deli,5.834285714285714,43,266.66,1,Friday
2025-08-08,S0001,,Frozen Foods,7.1853125,42,303.79,1,Friday
2025-08-08,S0001,,Grains and Pasta,2.1166666666666667,6,12.719999999999999,1,Friday
2025-08-08,S0001,,Meat and Seafood,9.156829268292682,53,489.85,1,Friday
2025-08-08,S0001,,Pet Food,7.701481481481482,41,317.39,1,Friday
2025-08-08,S0001,,Prepared Meals,8.301458333333333,52,439.89,1,Friday
2025-08-08,S0001,,Snacks/Cookies/Chips,3.0550387596899227,201,614.5600000000001,1,Friday
2025-08-08,S0002,,Alcohol,12.541428571428572,36,430.32,1,Friday
2025-08-08,S0002,,Bakery,3.4625,4,13.83,1,Friday
2025-08-08,S0002,,Baking,3.9522222222222223,15,59.010000000000005,1,Friday
2025-08-08,S0002,,Beverages,3.516666666666667,7,25.4,1,Friday
2025-08-08,S0002,,Breakfast & Cereal,4.5441666666666665,13,59.12,1,Friday
2025-08-08,S0002,,Candy,2.697777777777778,9,24.27,1,Friday
2025-08-08,S0002,,Condiments/Sauces/Spices,3.414,10,34.12,1,Friday
2025-08-08,S0002,,Dairy & Eggs,3.6534375,36,133.47,1,Friday
2025-08-08,S0002,,Deli,5.4937499999999995,8,43.96,1,Friday
2025-08-08,S0002,,Frozen Foods,7.532857142857144,8,60.8,1,Friday
2025-08-08,S0002,,Grains and Pasta,3.3000000000000003,3,9.93,1,Friday
2025-08-08,S0002,,Meat and Seafood,9.674,5,48.3,1,Friday
2025-08-08,S0002,,Pet Food,7.772222222222222,11,86.81,1,Friday
2025-08-08,S0002,,Prepared Meals,8.054444444444444,11,96.37,1,Friday
2025-08-08,S0002,,Snacks/Cookies/Chips,3.1277419354838707,46,139.45,1,Friday
2025-08-08,S0003,,Alcohol,12.487045454545454,48,594.63,1,Friday
2025-08-08,S0003,,Bakery,3.7426666666666666,20,74.28,1,Friday
2025-08-08,S0003,,Baking,3.332,23,74.58,1,Friday
2025-08-08,S0003,,Beverages,3.683333333333333,31,117.25,1,Friday
2025-08-08,S0003,,Breakfast & Cereal,4.699333333333333,18,88.19,1,Friday
2025-08-08,S0003,,Candy,2.5460000000000003,27,66.35,1,Friday
2025-08-08,S0003,,Condiments/Sauces/Spices,3.5988235294117645,22,79.44,1,Friday
2025-08-08,S0003,,Dairy & Eggs,3.6180327868852458,66,241.21,1,Friday
2025-08-08,S0003,,Deli,6.322857142857143,26,173.67,1,Friday
2025-08-08,S0003,,Frozen Foods,6.9630769230769225,17,111.06,1,Friday
2025-08-08,S0003,,Grains and Pasta,2.637777777777778,11,26.88,1,Friday
2025-08-08,S0003,,Meat and Seafood,10.43625,30,313.59,1,Friday
2025-08-08,S0003,,Pet Food,7.607727272727273,30,217.74,1,Friday
2025-08-08,S0003,,Prepared Meals,9.066799999999999,29,264.45,1,Friday
2025-08-08,S0003,,Snacks/Cookies/Chips,3.057142857142857,90,277.04,1,Friday
2025-08-08,S0004,,Alcohol,11.859285714285715,59,699.49,1,Friday
2025-08-08,S0004,,Bakery,5.89,7,41.339999999999996,1,Friday
2025-08-08,S0004,,Baking,3.7609523809523813,27,103.89,1,Friday
2025-08-08,S0004,,Beverages,3.52625,25,91.28,1,Friday
2025-08-08,S0004,,Breakfast & Cereal,4.254333333333333,43,182.69,1,Friday
2025-08-08,S0004,,Candy,2.225714285714286,45,100.02,1,Friday
2025-08-08,S0004,,Condiments/Sauces/Spices,3.314285714285714,19,62.08,1,Friday
2025-08-08,S0004,,Dairy & Eggs,3.3948051948051945,91,304.24,1,Friday
2025-08-08,S0004,,Deli,5.767037037037038,38,214.55,1,Friday
2025-08-08,S0004,,Frozen Foods,6.581304347826087,25,162.32,1,Friday
2025-08-08,S0004,,Grains and Pasta,2.5775,4,10.28,1,Friday
2025-08-08,S0004,,Meat and Seafood,8.2236,26,215.61,1,Friday
2025-08-08,S0004,,Pet Food,7.345769230769231,42,305.81,1,Friday
2025-08-08,S0004,,Prepared Meals,7.9788461538461535,37,298.25,1,Friday
2025-08-08,S0004,,Snacks/Cookies/Chips,3.0980882352941173,91,281.08,1,Friday
2025-08-08,S0005,,Alcohol,12.244571428571428,44,544.17,1,Friday
2025-08-08,S0005,,Bakery,3.8975,4,15.55,1,Friday
2025-08-08,S0005,,Baking,3.896,18,68.47,1,Friday
2025-08-08,S0005,,Beverages,3.5978947368421053,32,111.55,1,Friday
2025-08-08,S0005,,Breakfast & Cereal,4.098333333333334,14,61.22,1,Friday
2025-08-08,S0005,,Candy,2.348695652173913,28,67.06,1,Friday
2025-08-08,S0005,,Condiments/Sauces/Spices,3.546666666666667,18,62.54,1,Friday
2025-08-08,S0005,,Dairy & Eggs,3.4483333333333337,69,235.31,1,Friday
2025-08-08,S0005,,Deli,6.385384615384615,15,93.35,1,Friday
2025-08-08,S0005,,Frozen Foods,6.540909090909091,14,84.32000000000001,1,Friday
2025-08-08,S0005,,Grains and Pasta,2.146,5,10.74,1,Friday
2025-08-08,S0005,,Meat and Seafood,9.514444444444443,13,138.65,1,Friday
2025-08-08,S0005,,Pet Food,7.96,14,105.3,1,Friday
2025-08-08,S0005,,Prepared Meals,8.248333333333333,12,99.1,1,Friday
2025-08-08,S0005,,Snacks/Cookies/Chips,3.1595744680851063,74,234.60999999999999,1,Friday
2025-08-09,S0001,,Alcohol,11.973846153846152,111,1346.17,1,Saturday
2025-08-09,S0001,,Bakery,4.159473684210527,21,87.29,1,Saturday
2025-08-09,S0001,,Baking,4.01047619047619,53,198.95,1,Saturday
2025-08-09,S0001,,Beverages,3.2932608695652177,66,219.15,1,Saturday
2025-08-09,S0001,,Breakfast & Cereal,4.576078431372549,51,233.34,1,Saturday
2025-08-09,S0001,,Candy,2.513157894736842,48,121.12,1,Saturday
2025-08-09,S0001,,Condiments/Sauces/Spices,3.404375,56,190.46,1,Saturday
2025-08-09,S0001,,Dairy & Eggs,3.4309999999999996,142,489.56,1,Saturday
2025-08-09,S0001,,Deli,6.132391304347825,60,359.84,1,Saturday
2025-08-09,S0001,,Frozen Foods,6.869782608695652,57,383.25,1,Saturday
2025-08-09,S0001,,Grains and Pasta,2.362727272727273,13,31.17,1,Saturday
2025-08-09,S0001,,Meat and Seafood,8.983478260869566,74,684.29,1,Saturday
2025-08-09,S0001,,Pet Food,6.831999999999999,64,461.16,1,Saturday
2025-08-09,S0001,,Prepared Meals,8.428867924528301,53,446.61,1,Saturday
2025-08-09,S0001,,Snacks/Cookies/Chips,3.19027972027972,220,703.13,1,Saturday
2025-08-09,S0002,,Alcohol,12.156666666666666,39,476.64,1,Saturday
2025-08-09,S0002,,Bakery,3.6375,4,14.53,1,Saturday
2025-08-09,S0002,,Baking,3.5555555555555554,11,39.83,1,Saturday
2025-08-09,S0002,,Beverages,3.035,21,59.69,1,Saturday
2025-08-09,S0002,,Breakfast & Cereal,4.515333333333333,21,90.71,1,Saturday
2025-08-09,S0002,,Candy,2.4499999999999997,18,46.7,1,Saturday
2025-08-09,S0002,,Condiments/Sauces/Spices,4.025454545454545,15,57.26,1,Saturday
2025-08-09,S0002,,Dairy & Eggs,3.6999999999999997,31,116.51,1,Saturday
2025-08-09,S0002,,Deli,5.498,7,37.59,1,Saturday
2025-08-09,S0002,,Frozen Foods,7.728333333333333,6,46.260000000000005,1,Saturday
2025-08-09,S0002,,Grains and Pasta,2.91,11,31.439999999999998,1,Saturday
2025-08-09,S0002,,Meat and Seafood,8.813333333333334,13,112.49,1,Saturday
2025-08-09,S0002,,Pet Food,7.731111111111111,14,105.48,1,Saturday
2025-08-09,S0002,,Prepared Meals,8.302666666666667,19,158.13,1,Saturday
2025-08-09,S0002,,Snacks/Cookies/Chips,3.1441666666666666,38,119.94,1,Saturday
2025-08-09,S0003,,Alcohol,12.9021875,73,941.12,1,Saturday
2025-08-09,S0003,,Bakery,3.975,13,48.68,1,Saturday
2025-08-09,S0003,,Baking,3.6512499999999997,30,105.11,1,Saturday
2025-08-09,S0003,,Beverages,3.4775000000000005,45,157.73,1,Saturday
2025-08-09,S0003,,Breakfast & Cereal,4.868888888888889,26,129.74,1,Saturday
2025-08-09,S0003,,Candy,2.2584210526315793,27,61.24,1,Saturday
2025-08-09,S0003,,Condiments/Sauces/Spices,3.5073684210526315,22,77.33,1,Saturday
2025-08-09,S0003,,Dairy & Eggs,3.49515625,80,276.15,1,Saturday
2025-08-09,S0003,,Deli,6.5687999999999995,28,180.34,1,Saturday
2025-08-09,S0003,,Frozen Foods,6.91,27,189.31,1,Saturday
2025-08-09,S0003,,Grains and Pasta,2.5272727272727273,16,40.67,1,Saturday
2025-08-09,S0003,,Meat and Seafood,9.026666666666666,27,242.84,1,Saturday
2025-08-09,S0003,,Pet Food,7.216842105263158,26,180.7,1,Saturday
2025-08-09,S0003,,Prepared Meals,8.40060606060606,38,308.23,1,Saturday
2025-08-09,S0003,,Snacks/Cookies/Chips,3.0506944444444444,98,303.27,1,Saturday
2025-08-09,S0004,,Alcohol,12.602872340425533,117,1485.54,1,Saturday
2025-08-09,S0004,,Bakery,4.05,14,56.76,1,Saturday
2025-08-09,S0004,,Baking,3.7510869565217395,57,203.73,1,Saturday
2025-08-09,S0004,,Beverages,3.171842105263158,56,178.74,1,Saturday
2025-08-09,S0004,,Breakfast & Cereal,4.113448275862068,36,147.72,1,Saturday
2025-08-09,S0004,,Candy,2.743666666666667,44,123.06,1,Saturday
2025-08-09,S0004,,Condiments/Sauces/Spices,3.6521875,42,151.1,1,Saturday
2025-08-09,S0004,,Dairy & Eggs,3.613979591836735,113,405.55,1,Saturday
2025-08-09,S0004,,Deli,5.733333333333333,43,250.31,1,Saturday
2025-08-09,S0004,,Frozen Foods,6.5562499999999995,36,240.01,1,Saturday
2025-08-09,S0004,,Grains and Pasta,2.598333333333333,13,33.38,1,Saturday
2025-08-09,S0004,,Meat and Seafood,8.964444444444444,36,331.32,1,Saturday
2025-08-09,S0004,,Pet Food,7.401538461538461,37,267.09000000000003,1,Saturday
2025-08-09,S0004,,Prepared Meals,7.275652173913044,29,204.64,1,Saturday
2025-08-09,S0004,,Snacks/Cookies/Chips,2.9857333333333336,103,301.96,1,Saturday
2025-08-09,S0005,,Alcohol,12.874102564102563,49,648.05,1,Saturday
2025-08-09,S0005,,Bakery,3.76,2,7.52,1,Saturday
2025-08-09,S0005,,Baking,3.7773684210526315,22,82.98,1,Saturday
2025-08-09,S0005,,Beverages,3.2756,40,133.41,1,Saturday
2025-08-09,S0005,,Breakfast & Cereal,4.8308333333333335,13,62.96,1,Saturday
2025-08-09,S0005,,Candy,2.2377777777777776,20,44.25,1,Saturday
2025-08-09,S0005,,Condiments/Sauces/Spices,3.6552380952380954,23,82.76,1,Saturday
2025-08-09,S0005,,Dairy & Eggs,3.8108695652173914,32,126.02,1,Saturday
2025-08-09,S0005,,Deli,6.181052631578948,24,152.78,1,Saturday
2025-08-09,S0005,,Frozen Foods,6.273333333333333,16,100.94,1,Saturday
2025-08-09,S0005,,Grains and Pasta,2.3111111111111113,9,20.83,1,Saturday
2025-08-09,S0005,,Meat and Seafood,8.991875,16,144.02,1,Saturday
2025-08-09,S0005,,Pet Food,7.186153846153847,18,127.94,1,Saturday
2025-08-09,S0005,,Prepared Meals,8.6288,28,236.78,1,Saturday
2025-08-09,S0005,,Snacks/Cookies/Chips,3.1631578947368424,56,173.41,1,Saturday
2025-08-10,S0001,,Alcohol,12.207722772277227,123,1497.14,1,Sunday
2025-08-10,S0001,,Bakery,3.2925,18,58.99,1,Sunday
2025-08-10,S0001,,Baking,3.8297297297297295,46,179.98,1,Sunday
2025-08-10,S0001,,Beverages,3.452857142857143,67,234.48,1,Sunday
2025-08-10,S0001,,Breakfast & Cereal,4.463684210526316,46,213.91,1,Sunday
2025-08-10,S0001,,Candy,2.608510638297872,50,126.87,1,Sunday
2025-08-10,S0001,,Condiments/Sauces/Spices,3.433170731707317,64,219.13,1,Sunday
2025-08-10,S0001,,Dairy & Eggs,3.5111764705882353,103,366.99,1,Sunday
2025-08-10,S0001,,Deli,6.094857142857142,41,253.81,1,Sunday
2025-08-10,S0001,,Frozen Foods,6.323333333333333,34,215.53,1,Sunday
2025-08-10,S0001,,Grains and Pasta,2.6086666666666667,28,71.5,1,Sunday
2025-08-10,S0001,,Meat and Seafood,9.8695,42,415.05,1,Sunday
2025-08-10,S0001,,Pet Food,7.765294117647058,74,568.1700000000001,1,Sunday
2025-08-10,S0001,,Prepared Meals,8.772272727272728,70,614.26,1,Sunday
2025-08-10,S0001,,Snacks/Cookies/Chips,3.1159813084112153,171,523.97,1,Sunday
2025-08-10,S0002,,Alcohol,13.265652173913043,29,377.49,1,Sunday
2025-08-10,S0002,,Bakery,2.57,2,5.16,1,Sunday
2025-08-10,S0002,,Baking,3.6783333333333332,15,55.57,1,Sunday
2025-08-10,S0002,,Beverages,3.472142857142857,22,75.94,1,Sunday
2025-08-10,S0002,,Breakfast & Cereal,4.62125,10,43.32,1,Sunday
2025-08-10,S0002,,Candy,2.8526666666666665,19,51.29,1,Sunday
2025-08-10,S0002,,Condiments/Sauces/Spices,3.33375,23,76.29,1,Sunday
2025-08-10,S0002,,Dairy & Eggs,3.5269230769230773,46,163.75,1,Sunday
2025-08-10,S0002,,Deli,6.210909090909092,13,80.73,1,Sunday
2025-08-10,S0002,,Frozen Foods,6.487,14,85.79,1,Sunday
2025-08-10,S0002,,Grains and Pasta,2.4183333333333334,8,18.630000000000003,1,Sunday
2025-08-10,S0002,,Meat and Seafood,9.16,10,88.71000000000001,1,Sunday
2025-08-10,S0002,,Pet Food,8.04625,12,101.66,1,Sunday
2025-08-10,S0002,,Prepared Meals,7.319999999999999,22,158.13,1,Sunday
2025-08-10,S0002,,Snacks/Cookies/Chips,3.116551724137931,40,124.61999999999999,1,Sunday
2025-08-10,S0003,,Alcohol,12.00103448275862,62,752.53,1,Sunday
2025-08-10,S0003,,Bakery,4.042857142857143,9,35.129999999999995,1,Sunday
2025-08-10,S0003,,Baking,3.5484999999999998,27,98.69,1,Sunday
2025-08-10,S0003,,Beverages,3.1336,43,137.25,1,Sunday
2025-08-10,S0003,,Breakfast & Cereal,4.685714285714286,24,114.28,1,Sunday
2025-08-10,S0003,,Candy,2.422857142857143,32,75.8,1,Sunday
2025-08-10,S0003,,Condiments/Sauces/Spices,3.6020833333333333,31,116.1,1,Sunday
2025-08-10,S0003,,Dairy & Eggs,3.4043396226415097,63,213.95,1,Sunday
2025-08-10,S0003,,Deli,6.508,28,189.0,1,Sunday
2025-08-10,S0003,,Frozen Foods,6.95952380952381,27,185.1,1,Sunday
2025-08-10,S0003,,Grains and Pasta,2.566,16,39.01,1,Sunday
2025-08-10,S0003,,Meat and Seafood,9.182857142857143,23,209.08,1,Sunday
2025-08-10,S0003,,Pet Food,7.297058823529412,22,160.47,1,Sunday
2025-08-10,S0003,,Prepared Meals,7.09,16,113.52,1,Sunday
2025-08-10,S0003,,Snacks/Cookies/Chips,3.108550724637681,98,302.94,1,Sunday
2025-08-10,S0004,,Alcohol,13.19641791044776,78,1033.73,1,Sunday
2025-08-10,S0004,,Bakery,4.1241666666666665,15,63.7,1,Sunday
2025-08-10,S0004,,Baking,3.6938709677419355,39,143.05,1,Sunday
2025-08-10,S0004,,Beverages,3.1495652173913045,32,99.98,1,Sunday
2025-08-10,S0004,,Breakfast & Cereal,4.326923076923077,31,138.5,1,Sunday
2025-08-10,S0004,,Candy,2.3548,29,68.64,1,Sunday
2025-08-10,S0004,,Condiments/Sauces/Spices,3.517741935483871,38,134.62,1,Sunday
2025-08-10,S0004,,Dairy & Eggs,3.3916393442622947,73,247.77,1,Sunday
2025-08-10,S0004,,Deli,6.1392592592592585,29,179.1,1,Sunday
2025-08-10,S0004,,Frozen Foods,6.850416666666667,37,266.46,1,Sunday
2025-08-10,S0004,,Grains and Pasta,2.9092307692307693,15,45.14,1,Sunday
2025-08-10,S0004,,Meat and Seafood,8.49,25,212.19,1,Sunday
2025-08-10,S0004,,Pet Food,8.133684210526315,31,257.34000000000003,1,Sunday
2025-08-10,S0004,,Prepared Meals,7.932222222222222,43,343.0,1,Sunday
2025-08-10,S0004,,Snacks/Cookies/Chips,3.000531914893617,152,445.96999999999997,1,Sunday
2025-08-10,S0005,,Alcohol,11.398085106382979,61,691.44,1,Sunday
2025-08-10,S0005,,Bakery,2.955,8,25.42,1,Sunday
2025-08-10,S0005,,Baking,4.025833333333334,18,69.65,1,Sunday
2025-08-10,S0005,,Beverages,3.2905882352941176,25,80.47,1,Sunday
2025-08-10,S0005,,Breakfast & Cereal,4.616875,23,113.6,1,Sunday
2025-08-10,S0005,,Candy,2.170714285714286,18,40.34,1,Sunday
2025-08-10,S0005,,Condiments/Sauces/Spices,3.4514285714285715,7,24.18,1,Sunday
2025-08-10,S0005,,Dairy & Eggs,3.4641818181818183,75,266.96,1,Sunday
2025-08-10,S0005,,Deli,5.946,15,89.27,1,Sunday
2025-08-10,S0005,,Frozen Foods,7.143846153846154,13,92.67,1,Sunday
2025-08-10,S0005,,Grains and Pasta,2.9066666666666663,7,22.23,1,Sunday
2025-08-10,S0005,,Meat and Seafood,8.662307692307692,14,121.7,1,Sunday
2025-08-10,S0005,,Pet Food,7.287692307692307,21,155.17,1,Sunday
2025-08-10,S0005,,Prepared Meals,9.091578947368422,20,180.38,1,Sunday
2025-08-10,S0005,,Snacks/Cookies/Chips,3.2493939393939395,59,190.65,1,Sunday
2025-08-11,S0001,,Alcohol,12.738088235294118,78,985.55,1,Monday
2025-08-11,S0001,,Bakery,3.716666666666667,21,79.36,1,Monday
2025-08-11,S0001,,Baking,3.3851428571428572,38,129.1,1,Monday
2025-08-11,S0001,,Beverages,3.3152380952380955,30,97.94,1,Monday
2025-08-11,S0001,,Breakfast & Cereal,4.122,39,160.28,1,Monday
2025-08-11,S0001,,Candy,2.225833333333333,53,115.05,1,Monday
2025-08-11,S0001,,Condiments/Sauces/Spices,3.819714285714286,37,141.04,1,Monday
2025-08-11,S0001,,Dairy & Eggs,3.418831168831169,89,302.56,1,Monday
2025-08-11,S0001,,Deli,6.559473684210526,47,310.56,1,Monday
2025-08-11,S0001,,Frozen Foods,6.742702702702703,41,278.51,1,Monday
2025-08-11,S0001,,Grains and Pasta,2.802857142857143,9,23.93,1,Monday
2025-08-11,S0001,,Meat and Seafood,9.61921052631579,50,489.2,1,Monday
2025-08-11,S0001,,Pet Food,7.119999999999999,69,487.9,1,Monday
2025-08-11,S0001,,Prepared Meals,8.042641509433961,65,530.1,1,Monday
2025-08-11,S0001,,Snacks/Cookies/Chips,3.0291954022988508,138,412.95,1,Monday
2025-08-11,S0002,,Alcohol,12.2,15,183.23,1,Monday
2025-08-11,S0002,,Bakery,3.143333333333333,3,9.440000000000001,1,Monday
2025-08-11,S0002,,Baking,4.087999999999999,12,47.41,1,Monday
2025-08-11,S0002,,Beverages,3.4955555555555557,10,34.660000000000004,1,Monday
2025-08-11,S0002,,Breakfast & Cereal,4.5275,15,68.84,1,Monday
2025-08-11,S0002,,Candy,2.4828571428571427,7,17.4,1,Monday
2025-08-11,S0002,,Condiments/Sauces/Spices,3.4259999999999997,14,47.45,1,Monday
2025-08-11,S0002,,Dairy & Eggs,3.557,42,153.77,1,Monday
2025-08-11,S0002,,Deli,5.968333333333334,9,51.86,1,Monday
2025-08-11,S0002,,Frozen Foods,6.814285714285715,9,65.75,1,Monday
2025-08-11,S0002,,Grains and Pasta,2.41,2,4.83,1,Monday
2025-08-11,S0002,,Meat and Seafood,8.617692307692307,17,145.59,1,Monday
2025-08-11,S0002,,Pet Food,8.123333333333333,7,54.77,1,Monday
2025-08-11,S0002,,Prepared Meals,9.38,6,56.42,1,Monday
2025-08-11,S0002,,Snacks/Cookies/Chips,2.941818181818182,36,111.06,1,Monday
2025-08-11,S0003,,Alcohol,12.098958333333334,53,639.84,1,Monday
2025-08-11,S0003,,Bakery,3.434285714285714,11,35.04,1,Monday
2025-08-11,S0003,,Baking,3.765,17,66.78,1,Monday
2025-08-11,S0003,,Beverages,3.5928571428571425,21,74.67999999999999,1,Monday
2025-08-11,S0003,,Breakfast & Cereal,4.967894736842105,28,138.31,1,Monday
2025-08-11,S0003,,Candy,2.358,17,38.25,1,Monday
2025-08-11,S0003,,Condiments/Sauces/Spices,3.773157894736842,24,90.56,1,Monday
2025-08-11,S0003,,Dairy & Eggs,3.5813953488372094,56,199.4,1,Monday
2025-08-11,S0003,,Deli,6.3295,26,148.58,1,Monday
2025-08-11,S0003,,Frozen Foods,6.651818181818182,11,73.17,1,Monday
2025-08-11,S0003,,Grains and Pasta,2.3625,4,9.46,1,Monday
2025-08-11,S0003,,Meat and Seafood,9.825625,19,194.01,1,Monday
2025-08-11,S0003,,Pet Food,6.75625,13,89.94,1,Monday
2025-08-11,S0003,,Prepared Meals,8.15,27,222.62,1,Monday
2025-08-11,S0003,,Snacks/Cookies/Chips,3.1054545454545455,49,150.91,1,Monday
2025-08-11,S0004,,Alcohol,12.448909090909092,77,988.26,1,Monday
2025-08-11,S0004,,Bakery,3.4042857142857144,7,23.83,1,Monday
2025-08-11,S0004,,Baking,3.47,16,55.62,1,Monday
2025-08-11,S0004,,Beverages,3.2756666666666665,40,130.41,1,Monday
2025-08-11,S0004,,Breakfast & Cereal,4.991875,16,79.8,1,Monday
2025-08-11,S0004,,Candy,2.4265,24,62.95,1,Monday
2025-08-11,S0004,,Condiments/Sauces/Spices,3.604736842105263,23,81.01,1,Monday
2025-08-11,S0004,,Dairy & Eggs,3.5089830508474575,72,253.26,1,Monday
2025-08-11,S0004,,Deli,5.821153846153846,37,222.88,1,Monday
2025-08-11,S0004,,Frozen Foods,6.7004347826086965,28,190.31,1,Monday
2025-08-11,S0004,,Grains and Pasta,2.53,15,39.4,1,Monday
2025-08-11,S0004,,Meat and Seafood,9.553157894736842,26,249.84,1,Monday
2025-08-11,S0004,,Pet Food,7.896428571428571,23,184.84,1,Monday
2025-08-11,S0004,,Prepared Meals,8.275161290322579,31,256.87,1,Monday
2025-08-11,S0004,,Snacks/Cookies/Chips,3.0310526315789477,79,241.45,1,Monday
2025-08-11,S0005,,Alcohol,12.303214285714287,38,477.48,1,Monday
2025-08-11,S0005,,Bakery,4.42,7,31.02,1,Monday
2025-08-11,S0005,,Baking,3.7971428571428567,9,33.550000000000004,1,Monday
2025-08-11,S0005,,Beverages,2.9433333333333334,13,38.71,1,Monday
2025-08-11,S0005,,Breakfast & Cereal,5.121666666666667,6,30.73,1,Monday
2025-08-11,S0005,,Candy,2.44,9,23.52,1,Monday
2025-08-11,S0005,,Condiments/Sauces/Spices,3.8076923076923075,15,55.769999999999996,1,Monday
2025-08-11,S0005,,Dairy & Eggs,3.4646153846153847,29,104.62,1,Monday
2025-08-11,S0005,,Deli,5.854666666666668,15,87.81,1,Monday
2025-08-11,S0005,,Frozen Foods,6.519090909090909,11,71.76,1,Monday
2025-08-11,S0005,,Grains and Pasta,2.348333333333333,7,15.69,1,Monday
2025-08-11,S0005,,Meat and Seafood,10.226,7,75.28999999999999,1,Monday
2025-08-11,S0005,,Pet Food,7.052,12,82.92999999999999,1,Monday
2025-08-11,S0005,,Prepared Meals,7.978235294117646,19,150.17000000000002,1,Monday
2025-08-11,S0005,,Snacks/Cookies/Chips,3.03764705882353,74,222.88,1,Monday
2025-08-12,S0001,,Alcohol,12.399615384615384,95,1206.12,1,Tuesday
2025-08-12,S0001,,Bakery,3.729047619047619,22,82.06,1,Tuesday
2025-08-12,S0001,,Baking,3.683,38,138.37,1,Tuesday
2025-08-12,S0001,,Beverages,3.245,53,168.85,1,Tuesday
2025-08-12,S0001,,Breakfast & Cereal,4.4396774193548385,33,151.87,1,Tuesday
2025-08-12,S0001,,Candy,2.3275,39,96.71000000000001,1,Tuesday
2025-08-12,S0001,,Condiments/Sauces/Spices,3.3594117647058823,19,64.34,1,Tuesday
2025-08-12,S0001,,Dairy & Eggs,3.6366666666666667,116,425.31,1,Tuesday
2025-08-12,S0001,,Deli,5.646176470588236,42,236.84,1,Tuesday
2025-08-12,S0001,,Frozen Foods,6.30025,50,318.73,1,Tuesday
2025-08-12,S0001,,Grains and Pasta,2.11,13,27.46,1,Tuesday
2025-08-12,S0001,,Meat and Seafood,9.875,28,275.31,1,Tuesday
2025-08-12,S0001,,Pet Food,7.673243243243244,55,431.17,1,Tuesday
2025-08-12,S0001,,Prepared Meals,8.580857142857143,43,343.01,1,Tuesday
2025-08-12,S0001,,Snacks/Cookies/Chips,3.0564583333333335,154,469.56,1,Tuesday
2025-08-12,S0002,,Alcohol,12.01529411764706,21,254.97,1,Tuesday
2025-08-12,S0002,,Bakery,5.89,1,5.91,1,Tuesday
2025-08-12,S0002,,Baking,3.647,12,44.93,1,Tuesday
2025-08-12,S0002,,Beverages,3.088,20,58.87,1,Tuesday
2025-08-12,S0002,,Breakfast & Cereal,4.475833333333333,12,53.629999999999995,1,Tuesday
2025-08-12,S0002,,Candy,2.0933333333333333,11,24.92,1,Tuesday
2025-08-12,S0002,,Condiments/Sauces/Spices,3.4450000000000003,10,34.46,1,Tuesday
2025-08-12,S0002,,Dairy & Eggs,3.3115,23,76.16,1,Tuesday
2025-08-12,S0002,,Deli,5.35,9,48.17,1,Tuesday
2025-08-12,S0002,,Frozen Foods,7.9799999999999995,5,40.42,1,Tuesday
2025-08-12,S0002,,Grains and Pasta,2.6425,8,21.88,1,Tuesday
2025-08-12,S0002,,Meat and Seafood,11.011666666666665,7,79.58,1,Tuesday
2025-08-12,S0002,,Pet Food,7.37625,13,99.14999999999999,1,Tuesday
2025-08-12,S0002,,Prepared Meals,7.88,10,79.57,1,Tuesday
2025-08-12,S0002,,Snacks/Cookies/Chips,3.0851724137931034,42,128.22,1,Tuesday
2025-08-12,S0003,,Alcohol,12.069111111111111,55,658.99,1,Tuesday
2025-08-12,S0003,,Bakery,3.6439999999999997,6,22.3,1,Tuesday
2025-08-12,S0003,,Baking,3.6208333333333336,13,47.879999999999995,1,Tuesday
2025-08-12,S0003,,Beverages,3.0652380952380955,35,106.08,1,Tuesday
2025-08-12,S0003,,Breakfast & Cereal,4.37,25,110.19,1,Tuesday
2025-08-12,S0003,,Candy,2.3836842105263156,22,53.85,1,Tuesday
2025-08-12,S0003,,Condiments/Sauces/Spices,3.7642857142857147,16,60.96,1,Tuesday
2025-08-12,S0003,,Dairy & Eggs,3.5857142857142854,49,178.73,1,Tuesday
2025-08-12,S0003,,Deli,5.325909090909091,33,175.21,1,Tuesday
2025-08-12,S0003,,Frozen Foods,6.894705882352942,27,183.16,1,Tuesday
2025-08-12,S0003,,Grains and Pasta,2.285,2,4.5600000000000005,1,Tuesday
2025-08-12,S0003,,Meat and Seafood,9.840666666666667,16,157.59,1,Tuesday
2025-08-12,S0003,,Pet Food,7.561111111111111,14,111.22,1,Tuesday
2025-08-12,S0003,,Prepared Meals,8.169444444444444,26,207.84,1,Tuesday
2025-08-12,S0003,,Snacks/Cookies/Chips,3.1472340425531913,79,243.36,1,Tuesday
2025-08-12,S0004,,Alcohol,11.869433962264152,63,726.13,1,Tuesday
2025-08-12,S0004,,Bakery,4.08909090909091,13,51.92,1,Tuesday
2025-08-12,S0004,,Baking,3.336470588235294,21,71.77,1,Tuesday
2025-08-12,S0004,,Beverages,3.3230769230769233,19,64.71000000000001,1,Tuesday
2025-08-12,S0004,,Breakfast & Cereal,4.583333333333333,23,104.98,1,Tuesday
2025-08-12,S0004,,Candy,2.4563157894736842,27,69.12,1,Tuesday
2025-08-12,S0004,,Condiments/Sauces/Spices,3.7158823529411764,21,75.83,1,Tuesday
2025-08-12,S0004,,Dairy & Eggs,3.522941176470588,61,216.09,1,Tuesday
2025-08-12,S0004,,Deli,5.796842105263158,19,110.05,1,Tuesday
2025-08-12,S0004,,Frozen Foods,5.436,9,48.4,1,Tuesday
2025-08-12,S0004,,Grains and Pasta,2.9014285714285712,7,20.28,1,Tuesday
2025-08-12,S0004,,Meat and Seafood,8.711428571428572,31,270.88,1,Tuesday
2025-08-12,S0004,,Pet Food,7.7941666666666665,20,164.31,1,Tuesday
2025-08-12,S0004,,Prepared Meals,7.6876,28,214.76000000000002,1,Tuesday
2025-08-12,S0004,,Snacks/Cookies/Chips,3.1796153846153845,81,261.68,1,Tuesday
2025-08-12,S0005,,Alcohol,12.80181818181818,28,362.61,1,Tuesday
2025-08-12,S0005,,Bakery,4.433333333333334,3,13.33,1,Tuesday
2025-08-12,S0005,,Baking,3.6614285714285715,14,51.24,1,Tuesday
2025-08-12,S0005,,Beverages,3.267777777777778,10,32.67,1,Tuesday
2025-08-12,S0005,,Breakfast & Cereal,5.006,20,101.58,1,Tuesday
2025-08-12,S0005,,Candy,2.4185714285714286,18,46.13,1,Tuesday
2025-08-12,S0005,,Condiments/Sauces/Spices,3.3953333333333333,18,61.910000000000004,1,Tuesday
2025-08-12,S0005,,Dairy & Eggs,3.6033333333333335,47,162.93,1,Tuesday
2025-08-12,S0005,,Deli,5.802307692307693,14,81.59,1,Tuesday
2025-08-12,S0005,,Frozen Foods,6.979285714285715,16,110.49000000000001,1,Tuesday
2025-08-12,S0005,,Grains and Pasta,2.393333333333333,3,7.199999999999999,1,Tuesday
2025-08-12,S0005,,Meat and Seafood,8.37625,8,66.93,1,Tuesday
2025-08-12,S0005,,Pet Food,6.662727272727273,15,95.13,1,Tuesday
2025-08-12,S0005,,Prepared Meals,8.431111111111111,23,188.27,1,Tuesday
2025-08-12,S0005,,Snacks/Cookies/Chips,3.051063829787234,75,230.81,1,Tuesday
2025-08-13,S0001,,Alcohol,12.33,120,1432.03,1,Wednesday
2025-08-13,S0001,,Bakery,3.9545000000000003,25,97.7,1,Wednesday
2025-08-13,S0001,,Baking,3.5345833333333334,72,257.85,1,Wednesday
2025-08-13,S0001,,Beverages,3.580392156862745,76,262.38,1,Wednesday
2025-08-13,S0001,,Breakfast & Cereal,4.7775,39,182.99,1,Wednesday
2025-08-13,S0001,,Candy,2.527586206896552,31,78.19,1,Wednesday
2025-08-13,S0001,,Condiments/Sauces/Spices,4.241724137931035,33,139.94,1,Wednesday
2025-08-13,S0001,,Dairy & Eggs,3.693052631578947,111,414.5,1,Wednesday
2025-08-13,S0001,,Deli,6.134901960784314,64,382.79,1,Wednesday
2025-08-13,S0001,,Frozen Foods,6.577407407407407,31,214.5,1,Wednesday
2025-08-13,S0001,,Grains and Pasta,2.763913043478261,23,63.62,1,Wednesday
2025-08-13,S0001,,Meat and Seafood,9.281333333333334,49,453.34999999999997,1,Wednesday
2025-08-13,S0001,,Pet Food,7.4778787878787885,51,387.74,1,Wednesday
2025-08-13,S0001,,Prepared Meals,8.131296296296297,62,519.4,1,Wednesday
2025-08-13,S0001,,Snacks/Cookies/Chips,3.0276315789473682,176,543.22,1,Wednesday
2025-08-13,S0002,,Alcohol,11.206818181818182,31,354.59,1,Wednesday
2025-08-13,S0002,,Bakery,4.13,3,11.52,1,Wednesday
2025-08-13,S0002,,Baking,4.325,4,17.240000000000002,1,Wednesday
2025-08-13,S0002,,Beverages,2.455714285714286,10,25.25,1,Wednesday
2025-08-13,S0002,,Breakfast & Cereal,4.4775,10,43.22,1,Wednesday
2025-08-13,S0002,,Candy,2.329285714285714,15,34.71,1,Wednesday
2025-08-13,S0002,,Condiments/Sauces/Spices,3.6750000000000003,24,84.43,1,Wednesday
2025-08-13,S0002,,Dairy & Eggs,3.2451999999999996,31,98.6,1,Wednesday
2025-08-13,S0002,,Deli,6.375555555555556,11,66.63,1,Wednesday
2025-08-13,S0002,,Frozen Foods,6.8675,4,27.5,1,Wednesday
2025-08-13,S0002,,Grains and Pasta,2.05,1,2.06,1,Wednesday
2025-08-13,S0002,,Meat and Seafood,9.625,13,114.55,1,Wednesday
2025-08-13,S0002,,Pet Food,8.344999999999999,6,49.989999999999995,1,Wednesday
2025-08-13,S0002,,Prepared Meals,8.613333333333333,12,103.28999999999999,1,Wednesday
2025-08-13,S0002,,Snacks/Cookies/Chips,3.0421428571428573,41,125.86999999999999,1,Wednesday
2025-08-13,S0003,,Alcohol,11.8702,76,896.99,1,Wednesday
2025-08-13,S0003,,Bakery,3.2359999999999998,12,37.28,1,Wednesday
2025-08-13,S0003,,Baking,3.603888888888889,20,71.03,1,Wednesday
2025-08-13,S0003,,Beverages,3.581578947368421,32,118.01,1,Wednesday
2025-08-13,S0003,,Breakfast & Cereal,4.867619047619048,24,116.46000000000001,1,Wednesday
2025-08-13,S0003,,Candy,2.3723529411764703,21,49.54,1,Wednesday
2025-08-13,S0003,,Condiments/Sauces/Spices,3.4189999999999996,30,96.48,1,Wednesday
2025-08-13,S0003,,Dairy & Eggs,3.379318181818182,54,185.4,1,Wednesday
2025-08-13,S0003,,Deli,6.154736842105263,24,142.7,1,Wednesday
2025-08-13,S0003,,Frozen Foods,6.374285714285714,23,148.04,1,Wednesday
2025-08-13,S0003,,Grains and Pasta,2.40625,9,21.14,1,Wednesday
2025-08-13,S0003,,Meat and Seafood,8.90047619047619,23,208.26,1,Wednesday
2025-08-13,S0003,,Pet Food,7.027368421052632,28,203.5,1,Wednesday
2025-08-13,S0003,,Prepared Meals,8.190714285714286,16,135.07,1,Wednesday
2025-08-13,S0003,,Snacks/Cookies/Chips,3.1512499999999997,71,224.07999999999998,1,Wednesday
2025-08-13,S0004,,Alcohol,12.29421875,89,1079.26,1,Wednesday
2025-08-13,S0004,,Bakery,8.36,1,8.39,1,Wednesday
2025-08-13,S0004,,Baking,3.8954545454545455,28,105.82,1,Wednesday
2025-08-13,S0004,,Beverages,3.066666666666667,29,82.65,1,Wednesday
2025-08-13,S0004,,Breakfast & Cereal,5.231538461538462,13,68.0,1,Wednesday
2025-08-13,S0004,,Candy,2.5156666666666667,35,87.51,1,Wednesday
2025-08-13,S0004,,Condiments/Sauces/Spices,3.7051999999999996,31,114.78,1,Wednesday
2025-08-13,S0004,,Dairy & Eggs,3.609152542372881,66,242.04,1,Wednesday
2025-08-13,S0004,,Deli,5.749199999999999,34,196.37,1,Wednesday
2025-08-13,S0004,,Frozen Foods,6.738181818181818,29,193.82,1,Wednesday
2025-08-13,S0004,,Grains and Pasta,2.5283333333333333,8,20.75,1,Wednesday
2025-08-13,S0004,,Meat and Seafood,9.242222222222223,21,192.58,1,Wednesday
2025-08-13,S0004,,Pet Food,7.285416666666666,36,258.79,1,Wednesday
2025-08-13,S0004,,Prepared Meals,8.0346875,42,358.43,1,Wednesday
2025-08-13,S0004,,Snacks/Cookies/Chips,2.97109375,106,311.62,1,Wednesday
2025-08-13,S0005,,Alcohol,12.60578947368421,45,559.5600000000001,1,Wednesday
2025-08-13,S0005,,Bakery,4.385714285714285,8,34.41,1,Wednesday
2025-08-13,S0005,,Baking,3.5785714285714287,11,39.39,1,Wednesday
2025-08-13,S0005,,Beverages,3.041818181818182,13,38.589999999999996,1,Wednesday
2025-08-13,S0005,,Breakfast & Cereal,4.203333333333333,9,37.85,1,Wednesday
2025-08-13,S0005,,Candy,2.879230769230769,20,60.01,1,Wednesday
2025-08-13,S0005,,Condiments/Sauces/Spices,3.4084615384615384,13,44.36,1,Wednesday
2025-08-13,S0005,,Dairy & Eggs,3.46925,51,173.1,1,Wednesday
2025-08-13,S0005,,Deli,6.16,18,111.3,1,Wednesday
2025-08-13,S0005,,Frozen Foods,6.7299999999999995,18,115.96000000000001,1,Wednesday
2025-08-13,S0005,,Grains and Pasta,2.70875,9,24.59,1,Wednesday
2025-08-13,S0005,,Meat and Seafood,8.00470588235294,24,186.77,1,Wednesday
2025-08-13,S0005,,Pet Food,8.449,12,104.09,1,Wednesday
2025-08-13,S0005,,Prepared Meals,10.023333333333333,7,70.76,1,Wednesday
2025-08-13,S0005,,Snacks/Cookies/Chips,3.117027027027027,61,190.38,1,Wednesday
2025-08-14,S0001,,Alcohol,12.24236559139785,112,1364.93,1,Thursday
2025-08-14,S0001,,Bakery,3.8274999999999997,12,50.1,1,Thursday
2025-08-14,S0001,,Baking,3.795217391304348,50,191.05,1,Thursday
2025-08-14,S0001,,Beverages,3.6371875,42,147.29,1,Thursday
2025-08-14,S0001,,Breakfast & Cereal,5.005283018867924,65,330.76,1,Thursday
2025-08-14,S0001,,Candy,2.2976470588235296,41,91.93,1,Thursday
2025-08-14,S0001,,Condiments/Sauces/Spices,3.7115151515151514,41,158.56,1,Thursday
2025-08-14,S0001,,Dairy & Eggs,3.571089108910891,117,430.0,1,Thursday
2025-08-14,S0001,,Deli,6.453684210526316,23,147.09,1,Thursday
2025-08-14,S0001,,Frozen Foods,7.1686046511627906,61,438.44,1,Thursday
2025-08-14,S0001,,Grains and Pasta,2.09,10,20.900000000000002,1,Thursday
2025-08-14,S0001,,Meat and Seafood,9.170555555555556,22,196.26999999999998,1,Thursday
2025-08-14,S0001,,Pet Food,7.3734782608695655,42,309.65,1,Thursday
2025-08-14,S0001,,Prepared Meals,8.751315789473685,50,437.28000000000003,1,Thursday
2025-08-14,S0001,,Snacks/Cookies/Chips,3.0960576923076926,137,431.08,1,Thursday
2025-08-14,S0002,,Alcohol,13.394736842105264,27,375.56,1,Thursday
2025-08-14,S0002,,Bakery,4.46,4,17.9,1,Thursday
2025-08-14,S0002,,Baking,4.193076923076923,16,64.99,1,Thursday
2025-08-14,S0002,,Beverages,3.4716666666666662,16,57.6,1,Thursday
2025-08-14,S0002,,Breakfast & Cereal,4.87375,13,62.56,1,Thursday
2025-08-14,S0002,,Candy,2.398888888888889,12,26.8,1,Thursday
2025-08-14,S0002,,Condiments/Sauces/Spices,3.44,14,49.169999999999995,1,Thursday
2025-08-14,S0002,,Dairy & Eggs,3.0254166666666666,28,87.19,1,Thursday
2025-08-14,S0002,,Deli,5.751428571428571,19,106.82000000000001,1,Thursday
2025-08-14,S0002,,Frozen Foods,6.64,6,39.67,1,Thursday
2025-08-14,S0002,,Grains and Pasta,2.746,6,16.84,1,Thursday
2025-08-14,S0002,,Meat and Seafood,8.944285714285714,7,62.7,1,Thursday
2025-08-14,S0002,,Pet Food,7.211666666666667,16,112.94,1,Thursday
2025-08-14,S0002,,Prepared Meals,8.462499999999999,4,33.839999999999996,1,Thursday
2025-08-14,S0002,,Snacks/Cookies/Chips,3.124761904761905,35,113.17,1,Thursday
2025-08-14,S0003,,Alcohol,12.448771929824563,66,823.1800000000001,1,Thursday
2025-08-14,S0003,,Bakery,4.605,2,9.21,1,Thursday
2025-08-14,S0003,,Baking,4.125384615384616,13,53.68,1,Thursday
2025-08-14,S0003,,Beverages,3.244285714285714,28,93.16,1,Thursday
2025-08-14,S0003,,Breakfast & Cereal,4.417222222222223,23,99.22,1,Thursday
2025-08-14,S0003,,Candy,2.4155,28,66.78,1,Thursday
2025-08-14,S0003,,Condiments/Sauces/Spices,3.1795,22,70.67999999999999,1,Thursday
2025-08-14,S0003,,Dairy & Eggs,3.4511475409836065,73,250.54,1,Thursday
2025-08-14,S0003,,Deli,6.360625,19,119.21,1,Thursday
2025-08-14,S0003,,Frozen Foods,6.974444444444445,31,216.27,1,Thursday
2025-08-14,S0003,,Grains and Pasta,2.545,4,10.2,1,Thursday
2025-08-14,S0003,,Meat and Seafood,9.1625,16,146.41,1,Thursday
2025-08-14,S0003,,Pet Food,7.822631578947369,26,198.81,1,Thursday
2025-08-14,S0003,,Prepared Meals,8.941904761904762,27,244.67,1,Thursday
2025-08-14,S0003,,Snacks/Cookies/Chips,3.151764705882353,81,258.48,1,Thursday
2025-08-14,S0004,,Alcohol,12.273538461538461,82,982.92,1,Thursday
2025-08-14,S0004,,Bakery,3.825714285714286,9,33.79,1,Thursday
2025-08-14,S0004,,Baking,3.6853333333333333,17,63.46,1,Thursday
2025-08-14,S0004,,Beverages,3.3430769230769233,48,158.85,1,Thursday
2025-08-14,S0004,,Breakfast & Cereal,4.571904761904762,24,109.24,1,Thursday
2025-08-14,S0004,,Candy,2.5195454545454545,32,82.27,1,Thursday
2025-08-14,S0004,,Condiments/Sauces/Spices,3.888125,17,65.03,1,Thursday
2025-08-14,S0004,,Dairy & Eggs,3.477297297297297,44,149.68,1,Thursday
2025-08-14,S0004,,Deli,6.657307692307692,32,211.98,1,Thursday
2025-08-14,S0004,,Frozen Foods,7.412727272727273,29,204.81,1,Thursday
2025-08-14,S0004,,Grains and Pasta,2.766,13,35.34,1,Thursday
2025-08-14,S0004,,Meat and Seafood,9.46625,18,178.43,1,Thursday
2025-08-14,S0004,,Pet Food,7.562380952380953,30,232.54,1,Thursday
2025-08-14,S0004,,Prepared Meals,8.22086956521739,34,305.03,1,Thursday
2025-08-14,S0004,,Snacks/Cookies/Chips,3.1929850746268658,96,309.06,1,Thursday
2025-08-14,S0005,,Alcohol,12.229333333333333,33,399.12,1,Thursday
2025-08-14,S0005,,Bakery,4.566,5,22.84,1,Thursday
2025-08-14,S0005,,Baking,3.712727272727273,26,95.4,1,Thursday
2025-08-14,S0005,,Beverages,3.1335714285714285,20,61.16,1,Thursday
2025-08-14,S0005,,Breakfast & Cereal,4.232857142857143,7,29.71,1,Thursday
2025-08-14,S0005,,Candy,2.4842857142857144,9,21.59,1,Thursday
2025-08-14,S0005,,Condiments/Sauces/Spices,3.4957142857142856,7,24.509999999999998,1,Thursday
2025-08-14,S0005,,Dairy & Eggs,3.30125,59,194.86,1,Thursday
2025-08-14,S0005,,Deli,6.218125000000001,20,124.01,1,Thursday
2025-08-14,S0005,,Frozen Foods,5.864545454545455,14,77.93,1,Thursday
2025-08-14,S0005,,Grains and Pasta,3.1833333333333336,3,9.55,1,Thursday
2025-08-14,S0005,,Meat and Seafood,10.739166666666668,12,129.01,1,Thursday
2025-08-14,S0005,,Pet Food,6.63125,10,64.8,1,Thursday
2025-08-14,S0005,,Prepared Meals,7.922857142857143,16,128.95,1,Thursday
2025-08-14,S0005,,Snacks/Cookies/Chips,3.3035135135135136,61,205.88,1,Thursday
2025-08-15,S0001,,Alcohol,12.580617283950616,99,1245.28,1,Friday
2025-08-15,S0001,,Bakery,4.281428571428571,7,29.86,1,Friday
2025-08-15,S0001,,Baking,3.47047619047619,44,152.55,1,Friday
2025-08-15,S0001,,Beverages,3.2267391304347828,73,240.44,1,Friday
2025-08-15,S0001,,Breakfast & Cereal,4.80609756097561,42,202.94,1,Friday
2025-08-15,S0001,,Candy,2.47,27,64.4,1,Friday
2025-08-15,S0001,,Condiments/Sauces/Spices,3.9254347826086957,60,233.88,1,Friday
2025-08-15,S0001,,Dairy & Eggs,3.574655172413793,150,536.1899999999999,1,Friday
2025-08-15,S0001,,Deli,5.4433333333333325,24,130.56,1,Friday
2025-08-15,S0001,,Frozen Foods,6.48,39,247.79,1,Friday
2025-08-15,S0001,,Grains and Pasta,2.5728571428571425,20,49.38,1,Friday
2025-08-15,S0001,,Meat and Seafood,8.395,32,259.7,1,Friday
2025-08-15,S0001,,Pet Food,7.496190476190476,29,226.35,1,Friday
2025-08-15,S0001,,Prepared Meals,7.971521739130435,71,564.1,1,Friday
2025-08-15,S0001,,Snacks/Cookies/Chips,3.032111111111111,126,390.33,1,Friday
2025-08-15,S0002,,Alcohol,12.8859375,40,511.98,1,Friday
2025-08-15,S0002,,Bakery,4.465,7,29.78,1,Friday
2025-08-15,S0002,,Baking,3.6499999999999995,17,63.5,1,Friday
2025-08-15,S0002,,Beverages,3.7916666666666665,16,61.75,1,Friday
2025-08-15,S0002,,Breakfast & Cereal,4.71,21,97.31,1,Friday
2025-08-15,S0002,,Candy,2.330909090909091,13,30.43,1,Friday
2025-08-15,S0002,,Condiments/Sauces/Spices,3.59421052631579,25,88.47,1,Friday
2025-08-15,S0002,,Dairy & Eggs,3.745833333333333,44,165.0,1,Friday
2025-08-15,S0002,,Deli,5.2727272727272725,11,58.01,1,Friday
2025-08-15,S0002,,Frozen Foods,5.746666666666667,4,21.88,1,Friday
2025-08-15,S0002,,Grains and Pasta,2.346,7,17.54,1,Friday
2025-08-15,S0002,,Meat and Seafood,9.292,10,92.64,1,Friday
2025-08-15,S0002,,Pet Food,8.592666666666668,27,228.11,1,Friday
2025-08-15,S0002,,Prepared Meals,8.577777777777776,12,105.38,1,Friday
2025-08-15,S0002,,Snacks/Cookies/Chips,3.229090909090909,50,158.32,1,Friday
2025-08-15,S0003,,Alcohol,12.393877551020408,62,755.88,1,Friday
2025-08-15,S0003,,Bakery,3.873333333333333,3,11.63,1,Friday
2025-08-15,S0003,,Baking,3.514090909090909,25,90.8,1,Friday
2025-08-15,S0003,,Beverages,3.2390909090909092,35,110.63,1,Friday
2025-08-15,S0003,,Breakfast & Cereal,4.538571428571428,15,68.26,1,Friday
2025-08-15,S0003,,Candy,2.475,20,49.51,1,Friday
2025-08-15,S0003,,Condiments/Sauces/Spices,3.3428571428571425,17,58.03,1,Friday
2025-08-15,S0003,,Dairy & Eggs,3.39,55,192.4,1,Friday
2025-08-15,S0003,,Deli,7.136666666666667,19,138.77,1,Friday
2025-08-15,S0003,,Frozen Foods,7.383636363636364,17,133.29,1,Friday
2025-08-15,S0003,,Grains and Pasta,2.6333333333333337,13,32.49,1,Friday
2025-08-15,S0003,,Meat and Seafood,8.443999999999999,29,241.69,1,Friday
2025-08-15,S0003,,Pet Food,7.078125,28,200.95,1,Friday
2025-08-15,S0003,,Prepared Meals,7.832105263157895,21,162.39,1,Friday
2025-08-15,S0003,,Snacks/Cookies/Chips,3.1352830188679244,78,245.09,1,Friday
2025-08-15,S0004,,Alcohol,11.762424242424244,80,949.97,1,Friday
2025-08-15,S0004,,Bakery,3.685,10,35.42,1,Friday
2025-08-15,S0004,,Baking,3.6925925925925926,31,118.26,1,Friday
2025-08-15,S0004,,Beverages,3.325,39,132.06,1,Friday
2025-08-15,S0004,,Breakfast & Cereal,4.8488235294117645,49,235.01,1,Friday
2025-08-15,S0004,,Candy,2.261578947368421,26,56.370000000000005,1,Friday
2025-08-15,S0004,,Condiments/Sauces/Spices,4.122307692307692,30,125.14,1,Friday
2025-08-15,S0004,,Dairy & Eggs,3.4125454545454543,75,256.36,1,Friday
2025-08-15,S0004,,Deli,5.6778571428571425,36,212.19,1,Friday
2025-08-15,S0004,,Frozen Foods,6.741818181818181,27,182.73,1,Friday
2025-08-15,S0004,,Grains and Pasta,2.785,12,32.39,1,Friday
2025-08-15,S0004,,Meat and Seafood,7.5240625,38,285.92,1,Friday
2025-08-15,S0004,,Pet Food,7.0343478260869565,34,240.69,1,Friday
2025-08-15,S0004,,Prepared Meals,7.734444444444445,33,253.57999999999998,1,Friday
2025-08-15,S0004,,Snacks/Cookies/Chips,3.048032786885246,99,305.96999999999997,1,Friday
2025-08-15,S0005,,Alcohol,12.684666666666669,63,818.83,1,Friday
2025-08-15,S0005,,Bakery,3.79,11,44.19,1,Friday
2025-08-15,S0005,,Baking,3.726470588235294,20,75.36,1,Friday
2025-08-15,S0005,,Beverages,3.6285714285714286,25,93.73,1,Friday
2025-08-15,S0005,,Breakfast & Cereal,4.470588235294118,22,96.51,1,Friday
2025-08-15,S0005,,Candy,2.660625,18,48.21,1,Friday
2025-08-15,S0005,,Condiments/Sauces/Spices,3.7276470588235293,19,70.15,1,Friday
2025-08-15,S0005,,Dairy & Eggs,3.6297916666666663,61,228.74,1,Friday
2025-08-15,S0005,,Deli,5.381818181818182,16,86.25,1,Friday
2025-08-15,S0005,,Frozen Foods,6.846666666666667,39,271.57,1,Friday
2025-08-15,S0005,,Grains and Pasta,2.501428571428572,7,17.47,1,Friday
2025-08-15,S0005,,Meat and Seafood,8.7025,10,87.71,1,Friday
2025-08-15,S0005,,Pet Food,8.511,17,147.41,1,Friday
2025-08-15,S0005,,Prepared Meals,8.317333333333332,19,152.35,1,Friday
2025-08-15,S0005,,Snacks/Cookies/Chips,3.1316949152542373,93,288.94,1,Friday
2025-08-16,S0001,,Alcohol,12.640956521739131,133,1683.29,1,Saturday
2025-08-16,S0001,,Bakery,3.3685714285714288,14,47.199999999999996,1,Saturday
2025-08-16,S0001,,Baking,4.043953488372093,58,234.32,1,Saturday
2025-08-16,S0001,,Beverages,3.458108108108108,56,192.56,1,Saturday
2025-08-16,S0001,,Breakfast & Cereal,4.413255813953489,46,199.94,1,Saturday
2025-08-16,S0001,,Candy,2.6293548387096775,41,108.82000000000001,1,Saturday
2025-08-16,S0001,,Condiments/Sauces/Spices,3.3387272727272728,71,239.36,1,Saturday
2025-08-16,S0001,,Dairy & Eggs,3.560597014925373,156,565.43,1,Saturday
2025-08-16,S0001,,Deli,5.859193548387096,68,396.0,1,Saturday
2025-08-16,S0001,,Frozen Foods,6.7505263157894735,42,284.21,1,Saturday
2025-08-16,S0001,,Grains and Pasta,2.616190476190476,23,60.8,1,Saturday
2025-08-16,S0001,,Meat and Seafood,9.434583333333334,28,251.23000000000002,1,Saturday
2025-08-16,S0001,,Pet Food,7.906451612903226,65,496.98,1,Saturday
2025-08-16,S0001,,Prepared Meals,8.473958333333334,62,522.13,1,Saturday
2025-08-16,S0001,,Snacks/Cookies/Chips,3.011205673758865,204,629.42,1,Saturday
2025-08-16,S0002,,Alcohol,12.331794871794871,47,586.91,1,Saturday
2025-08-16,S0002,,Bakery,3.6533333333333338,6,21.92,1,Saturday
2025-08-16,S0002,,Baking,3.6755555555555555,13,48.63,1,Saturday
2025-08-16,S0002,,Beverages,3.107142857142857,18,53.42,1,Saturday
2025-08-16,S0002,,Breakfast & Cereal,3.9739999999999998,16,63.79,1,Saturday
2025-08-16,S0002,,Candy,2.373125,19,46.47,1,Saturday
2025-08-16,S0002,,Condiments/Sauces/Spices,3.7836363636363632,12,45.36,1,Saturday
2025-08-16,S0002,,Dairy & Eggs,3.5493103448275862,39,135.14,1,Saturday
2025-08-16,S0002,,Deli,6.156363636363636,14,90.86,1,Saturday
2025-08-16,S0002,,Frozen Foods,7.1674999999999995,12,85.91,1,Saturday
2025-08-16,S0002,,Grains and Pasta,2.946,5,14.719999999999999,1,Saturday
2025-08-16,S0002,,Meat and Seafood,8.868666666666666,20,177.72,1,Saturday
2025-08-16,S0002,,Pet Food,8.291666666666666,18,140.01,1,Saturday
2025-08-16,S0002,,Prepared Meals,8.64090909090909,24,212.0,1,Saturday
2025-08-16,S0002,,Snacks/Cookies/Chips,3.1914285714285713,68,217.48,1,Saturday
2025-08-16,S0003,,Alcohol,12.16625,65,791.89,1,Saturday
2025-08-16,S0003,,Bakery,3.46,14,48.43,1,Saturday
2025-08-16,S0003,,Baking,3.951578947368421,25,100.2,1,Saturday
2025-08-16,S0003,,Beverages,3.547368421052632,24,85.66,1,Saturday
2025-08-16,S0003,,Breakfast & Cereal,4.523809523809524,29,128.0,1,Saturday
2025-08-16,S0003,,Candy,2.721538461538462,30,82.92999999999999,1,Saturday
2025-08-16,S0003,,Condiments/Sauces/Spices,3.59,25,89.13,1,Saturday
2025-08-16,S0003,,Dairy & Eggs,3.4102898550724636,86,292.25,1,Saturday
2025-08-16,S0003,,Deli,5.440833333333334,14,77.53999999999999,1,Saturday
2025-08-16,S0003,,Frozen Foods,6.905499999999999,24,168.43,1,Saturday
2025-08-16,S0003,,Grains and Pasta,2.5658333333333334,16,39.92,1,Saturday
2025-08-16,S0003,,Meat and Seafood,9.969,10,99.8,1,Saturday
2025-08-16,S0003,,Pet Food,7.5435,29,211.1,1,Saturday
2025-08-16,S0003,,Prepared Meals,7.885769230769231,33,250.57,1,Saturday
2025-08-16,S0003,,Snacks/Cookies/Chips,3.2973214285714287,92,302.49,1,Saturday
2025-08-16,S0004,,Alcohol,12.298024691358025,106,1285.03,1,Saturday
2025-08-16,S0004,,Bakery,2.8099999999999996,8,22.560000000000002,1,Saturday
2025-08-16,S0004,,Baking,3.743125,36,130.66,1,Saturday
2025-08-16,S0004,,Beverages,3.2408695652173916,34,107.38,1,Saturday
2025-08-16,S0004,,Breakfast & Cereal,4.56972972972973,52,228.60999999999999,1,Saturday
2025-08-16,S0004,,Candy,2.6854285714285715,45,119.88,1,Saturday
2025-08-16,S0004,,Condiments/Sauces/Spices,3.6586956521739133,28,101.43,1,Saturday
2025-08-16,S0004,,Dairy & Eggs,3.3919753086419755,103,352.03,1,Saturday
2025-08-16,S0004,,Deli,6.342941176470588,51,332.36,1,Saturday
2025-08-16,S0004,,Frozen Foods,7.319444444444445,23,172.32,1,Saturday
2025-08-16,S0004,,Grains and Pasta,2.1963636363636363,15,34.28,1,Saturday
2025-08-16,S0004,,Meat and Seafood,9.48576923076923,32,307.9,1,Saturday
2025-08-16,S0004,,Pet Food,8.55,37,309.28000000000003,1,Saturday
2025-08-16,S0004,,Prepared Meals,7.935588235294118,43,346.96999999999997,1,Saturday
2025-08-16,S0004,,Snacks/Cookies/Chips,3.1906944444444445,117,376.25,1,Saturday
2025-08-16,S0005,,Alcohol,11.886136363636364,54,647.03,1,Saturday
2025-08-16,S0005,,Bakery,3.92,2,7.869999999999999,1,Saturday
2025-08-16,S0005,,Baking,3.7707692307692304,16,58.49,1,Saturday
2025-08-16,S0005,,Beverages,3.265,11,35.64,1,Saturday
2025-08-16,S0005,,Breakfast & Cereal,4.363157894736842,24,105.43,1,Saturday
2025-08-16,S0005,,Candy,2.583636363636364,26,68.07000000000001,1,Saturday
2025-08-16,S0005,,Condiments/Sauces/Spices,3.6605000000000003,31,117.39,1,Saturday
2025-08-16,S0005,,Dairy & Eggs,3.4874418604651165,59,203.37,1,Saturday
2025-08-16,S0005,,Deli,6.312777777777778,19,120.39,1,Saturday
2025-08-16,S0005,,Frozen Foods,6.649333333333333,20,130.67000000000002,1,Saturday
2025-08-16,S0005,,Grains and Pasta,2.6,15,39.34,1,Saturday
2025-08-16,S0005,,Meat and Seafood,10.276666666666667,24,241.82,1,Saturday
2025-08-16,S0005,,Pet Food,7.474736842105264,24,181.1,1,Saturday
2025-08-16,S0005,,Prepared Meals,8.864666666666666,20,165.63,1,Saturday
2025-08-16,S0005,,Snacks/Cookies/Chips,3.217358490566038,81,258.15,1,Saturday
2025-08-17,S0001,,Alcohol,11.833148148148148,144,1680.54,1,Sunday
2025-08-17,S0001,,Bakery,4.64,10,46.46,1,Sunday
2025-08-17,S0001,,Baking,3.7273529411764708,48,180.04,1,Sunday
2025-08-17,S0001,,Beverages,3.066470588235294,53,161.61,1,Sunday
2025-08-17,S0001,,Breakfast & Cereal,4.353888888888888,68,287.16,1,Sunday
2025-08-17,S0001,,Candy,2.4989583333333334,57,144.89,1,Sunday
2025-08-17,S0001,,Condiments/Sauces/Spices,3.2415384615384615,26,84.19,1,Sunday
2025-08-17,S0001,,Dairy & Eggs,3.5749565217391304,142,513.58,1,Sunday
2025-08-17,S0001,,Deli,5.992857142857143,58,343.19,1,Sunday
2025-08-17,S0001,,Frozen Foods,6.950277777777778,41,286.04,1,Sunday
2025-08-17,S0001,,Grains and Pasta,2.5827272727272725,22,56.95,1,Sunday
2025-08-17,S0001,,Meat and Seafood,9.165333333333333,40,358.76,1,Sunday
2025-08-17,S0001,,Pet Food,7.380571428571429,45,317.9,1,Sunday
2025-08-17,S0001,,Prepared Meals,8.139761904761905,58,522.47,1,Sunday
2025-08-17,S0001,,Snacks/Cookies/Chips,3.1098260869565215,167,527.11,1,Sunday
2025-08-17,S0002,,Alcohol,12.36,43,527.99,1,Sunday
2025-08-17,S0002,,Bakery,3.875,5,18.5,1,Sunday
2025-08-17,S0002,,Baking,3.741875,17,64.28,1,Sunday
2025-08-17,S0002,,Beverages,3.2278571428571428,21,64.53999999999999,1,Sunday
2025-08-17,S0002,,Breakfast & Cereal,4.222857142857142,9,38.34,1,Sunday
2025-08-17,S0002,,Candy,2.1784615384615384,16,35.07,1,Sunday
2025-08-17,S0002,,Condiments/Sauces/Spices,3.355384615384615,16,52.02,1,Sunday
2025-08-17,S0002,,Dairy & Eggs,3.3376923076923077,37,117.82000000000001,1,Sunday
2025-08-17,S0002,,Deli,5.551111111111111,9,49.910000000000004,1,Sunday
2025-08-17,S0002,,Frozen Foods,7.686666666666667,10,76.12,1,Sunday
2025-08-17,S0002,,Grains and Pasta,2.3475,4,9.379999999999999,1,Sunday
2025-08-17,S0002,,Meat and Seafood,9.018125,20,183.22,1,Sunday
2025-08-17,S0002,,Pet Food,6.788571428571428,9,63.47,1,Sunday
2025-08-17,S0002,,Prepared Meals,8.556923076923077,19,156.42000000000002,1,Sunday
2025-08-17,S0002,,Snacks/Cookies/Chips,3.1305882352941174,51,157.88,1,Sunday
2025-08-17,S0003,,Alcohol,12.349411764705883,62,761.3,1,Sunday
2025-08-17,S0003,,Bakery,3.9642857142857144,10,38.17,1,Sunday
2025-08-17,S0003,,Baking,3.6282608695652177,23,83.3,1,Sunday
2025-08-17,S0003,,Beverages,3.2042105263157894,27,85.34,1,Sunday
2025-08-17,S0003,,Breakfast & Cereal,4.324,18,76.46000000000001,1,Sunday
2025-08-17,S0003,,Candy,2.2008,26,56.36,1,Sunday
2025-08-17,S0003,,Condiments/Sauces/Spices,3.874074074074074,35,134.51,1,Sunday
2025-08-17,S0003,,Dairy & Eggs,3.6231481481481485,70,253.62,1,Sunday
2025-08-17,S0003,,Deli,5.978823529411764,24,132.75,1,Sunday
2025-08-17,S0003,,Frozen Foods,6.884583333333333,28,190.76,1,Sunday
2025-08-17,S0003,,Grains and Pasta,2.63,4,10.51,1,Sunday
2025-08-17,S0003,,Meat and Seafood,8.943333333333333,26,233.28,1,Sunday
2025-08-17,S0003,,Pet Food,7.125,28,193.16,1,Sunday
2025-08-17,S0003,,Prepared Meals,8.44375,17,147.43,1,Sunday
2025-08-17,S0003,,Snacks/Cookies/Chips,3.025762711864407,89,275.76,1,Sunday
2025-08-17,S0004,,Alcohol,12.303770491803279,75,915.0,1,Sunday
2025-08-17,S0004,,Bakery,4.350909090909091,18,73.67,1,Sunday
2025-08-17,S0004,,Baking,3.879,25,98.61,1,Sunday
2025-08-17,S0004,,Beverages,3.117948717948718,57,176.0,1,Sunday
2025-08-17,S0004,,Breakfast & Cereal,4.698888888888889,32,148.77,1,Sunday
2025-08-17,S0004,,Candy,2.2357142857142858,27,60.22,1,Sunday
2025-08-17,S0004,,Condiments/Sauces/Spices,3.6178260869565215,25,93.92,1,Sunday
2025-08-17,S0004,,Dairy & Eggs,3.2965151515151514,71,229.83,1,Sunday
2025-08-17,S0004,,Deli,6.684615384615385,30,207.65,1,Sunday
2025-08-17,S0004,,Frozen Foods,6.775333333333333,23,151.41,1,Sunday
2025-08-17,S0004,,Grains and Pasta,2.7011764705882353,25,68.91,1,Sunday
2025-08-17,S0004,,Meat and Seafood,10.205217391304348,27,278.26,1,Sunday
2025-08-17,S0004,,Pet Food,7.048518518518518,43,308.74,1,Sunday
2025-08-17,S0004,,Prepared Meals,7.995172413793104,34,271.8,1,Sunday
2025-08-17,S0004,,Snacks/Cookies/Chips,3.1465079365079363,88,275.45,1,Sunday
2025-08-17,S0005,,Alcohol,12.20170731707317,53,644.51,1,Sunday
2025-08-17,S0005,,Bakery,3.0599999999999996,2,6.11,1,Sunday
2025-08-17,S0005,,Baking,4.035333333333333,16,64.94,1,Sunday
2025-08-17,S0005,,Beverages,3.3899999999999997,13,43.879999999999995,1,Sunday
2025-08-17,S0005,,Breakfast & Cereal,4.726875,25,115.81,1,Sunday
2025-08-17,S0005,,Candy,2.752666666666667,15,41.33,1,Sunday
2025-08-17,S0005,,Condiments/Sauces/Spices,3.5908333333333338,16,57.35,1,Sunday
2025-08-17,S0005,,Dairy & Eggs,3.619782608695652,54,195.44,1,Sunday
2025-08-17,S0005,,Deli,6.093333333333334,18,110.61,1,Sunday
2025-08-17,S0005,,Frozen Foods,6.806153846153847,15,100.34,1,Sunday
2025-08-17,S0005,,Grains and Pasta,2.445,8,20.45,1,Sunday
2025-08-17,S0005,,Meat and Seafood,9.424999999999999,19,171.53,1,Sunday
2025-08-17,S0005,,Pet Food,7.464615384615385,16,111.25,1,Sunday
2025-08-17,S0005,,Prepared Meals,7.536666666666666,14,106.41,1,Sunday
2025-08-17,S0005,,Snacks/Cookies/Chips,3.1285106382978722,68,211.24,1,Sunday
2025-08-18,S0001,,Alcohol,12.1659375,116,1400.41,1,Monday
2025-08-18,S0001,,Bakery,3.96,24,94.14,1,Monday
2025-08-18,S0001,,Baking,4.087142857142857,17,69.83,1,Monday
2025-08-18,S0001,,Beverages,3.252666666666667,25,79.17,1,Monday
2025-08-18,S0001,,Breakfast & Cereal,4.604117647058823,38,175.87,1,Monday
2025-08-18,S0001,,Candy,2.411538461538462,36,84.44,1,Monday
2025-08-18,S0001,,Condiments/Sauces/Spices,3.32,19,63.019999999999996,1,Monday
2025-08-18,S0001,,Dairy & Eggs,3.5349532710280376,121,425.74,1,Monday
2025-08-18,S0001,,Deli,5.893870967741936,36,222.05,1,Monday
2025-08-18,S0001,,Frozen Foods,7.114782608695651,23,163.39,1,Monday
2025-08-18,S0001,,Grains and Pasta,2.51,9,22.62,1,Monday
2025-08-18,S0001,,Meat and Seafood,9.073823529411765,40,374.75,1,Monday
2025-08-18,S0001,,Pet Food,7.978787878787879,46,393.73,1,Monday
2025-08-18,S0001,,Prepared Meals,7.851025641025641,43,330.31,1,Monday
2025-08-18,S0001,,Snacks/Cookies/Chips,3.1617977528089884,138,422.65,1,Monday
2025-08-18,S0002,,Alcohol,12.741739130434782,26,330.36,1,Monday
2025-08-18,S0002,,Baking,4.0975,9,37.230000000000004,1,Monday
2025-08-18,S0002,,Beverages,3.703333333333333,11,37.63,1,Monday
2025-08-18,S0002,,Breakfast & Cereal,4.7869230769230775,13,62.07,1,Monday
2025-08-18,S0002,,Candy,2.0609090909090906,12,24.64,1,Monday
2025-08-18,S0002,,Condiments/Sauces/Spices,3.1144444444444446,13,43.38,1,Monday
2025-08-18,S0002,,Dairy & Eggs,3.265416666666667,31,99.42,1,Monday
2025-08-18,S0002,,Deli,5.6240000000000006,5,28.09,1,Monday
2025-08-18,S0002,,Frozen Foods,5.1066666666666665,3,15.33,1,Monday
2025-08-18,S0002,,Grains and Pasta,3.08,5,15.99,1,Monday
2025-08-18,S0002,,Meat and Seafood,12.222,7,81.74,1,Monday
2025-08-18,S0002,,Pet Food,7.08,8,53.879999999999995,1,Monday
2025-08-18,S0002,,Prepared Meals,9.314166666666667,16,154.63,1,Monday
2025-08-18,S0002,,Snacks/Cookies/Chips,3.1165,31,94.55,1,Monday
2025-08-18,S0003,,Alcohol,12.730882352941178,41,517.19,1,Monday
2025-08-18,S0003,,Bakery,4.519,11,49.92,1,Monday
2025-08-18,S0003,,Baking,3.92875,14,54.68,1,Monday
2025-08-18,S0003,,Beverages,3.795,13,49.24,1,Monday
2025-08-18,S0003,,Breakfast & Cereal,4.577333333333333,23,106.77,1,Monday
2025-08-18,S0003,,Candy,2.4704761904761905,29,72.82,1,Monday
2025-08-18,S0003,,Condiments/Sauces/Spices,3.343,12,40.02,1,Monday
2025-08-18,S0003,,Dairy & Eggs,3.583658536585366,47,167.77,1,Monday
2025-08-18,S0003,,Deli,5.756666666666667,21,119.48,1,Monday
2025-08-18,S0003,,Frozen Foods,7.123333333333333,18,119.69,1,Monday
2025-08-18,S0003,,Grains and Pasta,2.888888888888889,11,31.25,1,Monday
2025-08-18,S0003,,Meat and Seafood,9.36235294117647,18,165.28,1,Monday
2025-08-18,S0003,,Pet Food,8.048461538461538,16,120.18,1,Monday
2025-08-18,S0003,,Prepared Meals,8.05090909090909,25,202.14,1,Monday
2025-08-18,S0003,,Snacks/Cookies/Chips,3.1189583333333335,69,215.11,1,Monday
2025-08-18,S0004,,Alcohol,12.690961538461538,59,751.24,1,Monday
2025-08-18,S0004,,Bakery,4.0633333333333335,6,24.4,1,Monday
2025-08-18,S0004,,Baking,3.7882352941176474,17,64.3,1,Monday
2025-08-18,S0004,,Beverages,2.8971428571428572,42,119.36,1,Monday
2025-08-18,S0004,,Breakfast & Cereal,4.305882352941176,19,84.95,1,Monday
2025-08-18,S0004,,Candy,2.3253333333333335,33,75.33,1,Monday
2025-08-18,S0004,,Condiments/Sauces/Spices,3.6704761904761902,25,90.22,1,Monday
2025-08-18,S0004,,Dairy & Eggs,3.341428571428571,71,242.93,1,Monday
2025-08-18,S0004,,Deli,6.381666666666667,12,76.62,1,Monday
2025-08-18,S0004,,Frozen Foods,6.614,21,143.25,1,Monday
2025-08-18,S0004,,Grains and Pasta,2.7263636363636365,14,38.98,1,Monday
2025-08-18,S0004,,Meat and Seafood,8.77888888888889,45,410.41,1,Monday
2025-08-18,S0004,,Pet Food,8.424117647058823,26,218.62,1,Monday
2025-08-18,S0004,,Prepared Meals,8.166666666666666,20,162.26999999999998,1,Monday
2025-08-18,S0004,,Snacks/Cookies/Chips,3.0158,77,229.23,1,Monday
2025-08-18,S0005,,Alcohol,11.951724137931036,33,395.11,1,Monday
2025-08-18,S0005,,Bakery,4.3075,6,24.6,1,Monday
2025-08-18,S0005,,Baking,3.831875,18,66.19,1,Monday
2025-08-18,S0005,,Beverages,3.167692307692308,17,51.22,1,Monday
2025-08-18,S0005,,Breakfast & Cereal,4.079166666666667,14,56.24,1,Monday
2025-08-18,S0005,,Candy,2.475,18,44.44,1,Monday
2025-08-18,S0005,,Condiments/Sauces/Spices,3.7607692307692306,16,59.19,1,Monday
2025-08-18,S0005,,Dairy & Eggs,3.553548387096774,41,138.81,1,Monday
2025-08-18,S0005,,Deli,5.4366666666666665,9,48.87,1,Monday
2025-08-18,S0005,,Frozen Foods,7.674166666666667,15,116.59,1,Monday
2025-08-18,S0005,,Grains and Pasta,2.525,4,10.09,1,Monday
2025-08-18,S0005,,Meat and Seafood,7.252727272727273,13,90.99,1,Monday
2025-08-18,S0005,,Pet Food,7.288888888888888,16,119.74,1,Monday
2025-08-18,S0005,,Prepared Meals,8.155,9,74.24000000000001,1,Monday
2025-08-18,S0005,,Snacks/Cookies/Chips,3.113888888888889,51,158.03,1,Monday
2025-08-19,S0001,,Alcohol,12.124482758620688,108,1319.06,1,Tuesday
2025-08-19,S0001,,Bakery,3.810909090909091,17,69.04,1,Tuesday
2025-08-19,S0001,,Baking,3.6436,25,91.18,1,Tuesday
2025-08-19,S0001,,Beverages,3.1750000000000003,65,203.96,1,Tuesday
2025-08-19,S0001,,Breakfast & Cereal,4.158947368421052,19,79.19,1,Tuesday
2025-08-19,S0001,,Candy,2.2437037037037038,35,80.8,1,Tuesday
2025-08-19,S0001,,Condiments/Sauces/Spices,3.396,28,95.95,1,Tuesday
2025-08-19,S0001,,Dairy & Eggs,3.5792233009708734,125,448.4,1,Tuesday
2025-08-19,S0001,,Deli,6.631764705882354,22,144.01,1,Tuesday
2025-08-19,S0001,,Frozen Foods,7.206571428571428,41,306.79,1,Tuesday
2025-08-19,S0001,,Grains and Pasta,2.182,9,19.23,1,Tuesday
2025-08-19,S0001,,Meat and Seafood,10.027857142857144,28,280.41,1,Tuesday
2025-08-19,S0001,,Pet Food,6.838181818181818,36,250.3,1,Tuesday
2025-08-19,S0001,,Prepared Meals,8.671,54,461.03000000000003,1,Tuesday
2025-08-19,S0001,,Snacks/Cookies/Chips,3.1115748031496064,217,680.95,1,Tuesday
2025-08-19,S0002,,Alcohol,12.72653846153846,34,431.91,1,Tuesday
2025-08-19,S0002,,Bakery,6.1899999999999995,6,37.01,1,Tuesday
2025-08-19,S0002,,Baking,4.022857142857142,7,28.1,1,Tuesday
2025-08-19,S0002,,Beverages,3.148,13,40.24,1,Tuesday
2025-08-19,S0002,,Breakfast & Cereal,3.6222222222222222,11,38.54,1,Tuesday
2025-08-19,S0002,,Candy,2.42,12,29.06,1,Tuesday
2025-08-19,S0002,,Condiments/Sauces/Spices,3.7411111111111115,10,36.69,1,Tuesday
2025-08-19,S0002,,Dairy & Eggs,3.6236363636363635,29,102.52,1,Tuesday
2025-08-19,S0002,,Deli,6.138,14,89.71,1,Tuesday
2025-08-19,S0002,,Frozen Foods,6.6325,10,65.47,1,Tuesday
2025-08-19,S0002,,Grains and Pasta,2.9966666666666666,3,8.969999999999999,1,Tuesday
2025-08-19,S0002,,Meat and Seafood,10.147,13,128.74,1,Tuesday
2025-08-19,S0002,,Pet Food,7.401333333333333,24,187.08,1,Tuesday
2025-08-19,S0002,,Prepared Meals,7.360769230769231,16,117.30000000000001,1,Tuesday
2025-08-19,S0002,,Snacks/Cookies/Chips,3.3470833333333334,32,108.88,1,Tuesday
2025-08-19,S0003,,Alcohol,11.62574074074074,60,687.62,1,Tuesday
2025-08-19,S0003,,Bakery,3.735,2,7.5,1,Tuesday
2025-08-19,S0003,,Baking,3.7976470588235296,18,68.82,1,Tuesday
2025-08-19,S0003,,Beverages,3.4150000000000005,18,61.86,1,Tuesday
2025-08-19,S0003,,Breakfast & Cereal,4.378235294117647,23,100.34,1,Tuesday
2025-08-19,S0003,,Candy,2.535,13,32.24,1,Tuesday
2025-08-19,S0003,,Condiments/Sauces/Spices,3.9425,24,95.97,1,Tuesday
2025-08-19,S0003,,Dairy & Eggs,3.476326530612245,60,211.28,1,Tuesday
2025-08-19,S0003,,Deli,6.657619047619048,26,165.18,1,Tuesday
2025-08-19,S0003,,Frozen Foods,7.852777777777778,22,170.82,1,Tuesday
2025-08-19,S0003,,Grains and Pasta,2.354,7,15.940000000000001,1,Tuesday
2025-08-19,S0003,,Meat and Seafood,9.952666666666666,17,160.07,1,Tuesday
2025-08-19,S0003,,Pet Food,6.7625,11,71.0,1,Tuesday
2025-08-19,S0003,,Prepared Meals,7.883157894736843,22,172.25,1,Tuesday
2025-08-19,S0003,,Snacks/Cookies/Chips,3.056086956521739,68,210.88,1,Tuesday
2025-08-19,S0004,,Alcohol,11.931960784313725,56,656.25,1,Tuesday
2025-08-19,S0004,,Bakery,3.1875,4,12.73,1,Tuesday
2025-08-19,S0004,,Baking,3.6406666666666667,37,133.25,1,Tuesday
2025-08-19,S0004,,Beverages,3.6072727272727274,27,96.99,1,Tuesday
2025-08-19,S0004,,Breakfast & Cereal,4.74875,26,129.32,1,Tuesday
2025-08-19,S0004,,Candy,2.299583333333333,26,60.92,1,Tuesday
2025-08-19,S0004,,Condiments/Sauces/Spices,4.0525,21,87.01,1,Tuesday
2025-08-19,S0004,,Dairy & Eggs,3.5205263157894735,86,302.12,1,Tuesday
2025-08-19,S0004,,Deli,6.076842105263158,28,174.12,1,Tuesday
2025-08-19,S0004,,Frozen Foods,6.415238095238095,24,151.72,1,Tuesday
2025-08-19,S0004,,Grains and Pasta,2.152727272727273,11,23.669999999999998,1,Tuesday
2025-08-19,S0004,,Meat and Seafood,10.686923076923078,17,186.75,1,Tuesday
2025-08-19,S0004,,Pet Food,7.483333333333333,37,263.57,1,Tuesday
2025-08-19,S0004,,Prepared Meals,7.493571428571428,14,105.01,1,Tuesday
2025-08-19,S0004,,Snacks/Cookies/Chips,3.2536708860759496,108,361.78,1,Tuesday
2025-08-19,S0005,,Alcohol,11.562222222222223,33,385.1,1,Tuesday
2025-08-19,S0005,,Bakery,4.695,2,9.370000000000001,1,Tuesday
2025-08-19,S0005,,Baking,3.62,7,25.32,1,Tuesday
2025-08-19,S0005,,Beverages,3.1189473684210527,31,95.3,1,Tuesday
2025-08-19,S0005,,Breakfast & Cereal,4.062857142857143,7,28.43,1,Tuesday
2025-08-19,S0005,,Candy,2.461,10,24.58,1,Tuesday
2025-08-19,S0005,,Condiments/Sauces/Spices,3.9450000000000003,8,31.59,1,Tuesday
2025-08-19,S0005,,Dairy & Eggs,3.3587234042553193,54,186.54,1,Tuesday
2025-08-19,S0005,,Deli,5.33,17,91.09,1,Tuesday
2025-08-19,S0005,,Frozen Foods,6.717692307692308,15,103.02,1,Tuesday
2025-08-19,S0005,,Grains and Pasta,2.63,4,10.51,1,Tuesday
2025-08-19,S0005,,Meat and Seafood,9.3375,8,74.53,1,Tuesday
2025-08-19,S0005,,Pet Food,7.18625,21,152.85,1,Tuesday
2025-08-19,S0005,,Prepared Meals,9.420833333333333,12,113.13,1,Tuesday
2025-08-19,S0005,,Snacks/Cookies/Chips,3.1139393939393942,46,139.57,1,Tuesday
2025-08-20,S0001,,Alcohol,12.166172839506173,96,1186.95,1,Wednesday
2025-08-20,S0001,,Bakery,4.115384615384615,15,60.35,1,Wednesday
2025-08-20,S0001,,Baking,4.1271875,44,180.23000000000002,1,Wednesday
2025-08-20,S0001,,Beverages,3.247142857142857,62,207.64,1,Wednesday
2025-08-20,S0001,,Breakfast & Cereal,4.3966666666666665,50,215.14000000000001,1,Wednesday
2025-08-20,S0001,,Candy,2.582857142857143,39,100.08,1,Wednesday
2025-08-20,S0001,,Condiments/Sauces/Spices,3.4699999999999998,34,116.19,1,Wednesday
2025-08-20,S0001,,Dairy & Eggs,3.533977272727273,109,377.11,1,Wednesday
2025-08-20,S0001,,Deli,5.426,38,207.59,1,Wednesday
2025-08-20,S0001,,Frozen Foods,6.1780487804878055,53,321.5,1,Wednesday
2025-08-20,S0001,,Grains and Pasta,2.33,15,36.160000000000004,1,Wednesday
2025-08-20,S0001,,Meat and Seafood,9.034705882352942,42,381.08,1,Wednesday
2025-08-20,S0001,,Pet Food,6.585714285714286,38,248.64000000000001,1,Wednesday
2025-08-20,S0001,,Prepared Meals,8.469117647058823,43,366.65000000000003,1,Wednesday
2025-08-20,S0001,,Snacks/Cookies/Chips,2.980240963855422,125,368.03,1,Wednesday
2025-08-20,S0002,,Alcohol,12.5824,29,368.41,1,Wednesday
2025-08-20,S0002,,Bakery,3.5,1,3.48,1,Wednesday
2025-08-20,S0002,,Baking,4.0125,13,54.9,1,Wednesday
2025-08-20,S0002,,Beverages,3.138333333333333,8,24.13,1,Wednesday
2025-08-20,S0002,,Breakfast & Cereal,5.119,11,56.05,1,Wednesday
2025-08-20,S0002,,Candy,2.3366666666666664,3,6.98,1,Wednesday
2025-08-20,S0002,,Condiments/Sauces/Spices,3.1555555555555554,9,28.36,1,Wednesday
2025-08-20,S0002,,Dairy & Eggs,3.865714285714286,23,89.62,1,Wednesday
2025-08-20,S0002,,Deli,5.015,8,42.22,1,Wednesday
2025-08-20,S0002,,Frozen Foods,6.779999999999999,10,68.89,1,Wednesday
2025-08-20,S0002,,Grains and Pasta,2.775,3,8.85,1,Wednesday
2025-08-20,S0002,,Meat and Seafood,8.38,11,92.88,1,Wednesday
2025-08-20,S0002,,Pet Food,7.532727272727272,15,112.95,1,Wednesday
2025-08-20,S0002,,Prepared Meals,8.818181818181818,16,146.11,1,Wednesday
2025-08-20,S0002,,Snacks/Cookies/Chips,3.310909090909091,30,98.26,1,Wednesday
2025-08-20,S0003,,Alcohol,11.290666666666668,36,397.16,1,Wednesday
2025-08-20,S0003,,Bakery,3.844,5,19.2,1,Wednesday
2025-08-20,S0003,,Baking,3.8471999999999995,33,126.35,1,Wednesday
2025-08-20,S0003,,Beverages,3.2882608695652173,27,92.45,1,Wednesday
2025-08-20,S0003,,Breakfast & Cereal,4.446,20,90.5,1,Wednesday
2025-08-20,S0003,,Candy,2.663809523809524,29,75.92,1,Wednesday
2025-08-20,S0003,,Condiments/Sauces/Spices,3.2399999999999998,22,69.62,1,Wednesday
2025-08-20,S0003,,Dairy & Eggs,3.466181818181818,70,244.53,1,Wednesday
2025-08-20,S0003,,Deli,5.805555555555555,22,127.16,1,Wednesday
2025-08-20,S0003,,Frozen Foods,7.1659999999999995,11,81.56,1,Wednesday
2025-08-20,S0003,,Grains and Pasta,2.6266666666666665,3,7.91,1,Wednesday
2025-08-20,S0003,,Meat and Seafood,8.915714285714285,7,62.55,1,Wednesday
2025-08-20,S0003,,Pet Food,7.914375,27,209.45999999999998,1,Wednesday
2025-08-20,S0003,,Prepared Meals,7.952222222222222,23,181.06,1,Wednesday
2025-08-20,S0003,,Snacks/Cookies/Chips,2.9146666666666667,62,179.55,1,Wednesday
2025-08-20,S0004,,Alcohol,12.664545454545454,65,843.79,1,Wednesday
2025-08-20,S0004,,Bakery,4.635714285714286,7,32.49,1,Wednesday
2025-08-20,S0004,,Baking,3.643,34,122.26,1,Wednesday
2025-08-20,S0004,,Beverages,3.088636363636364,33,98.27,1,Wednesday
2025-08-20,S0004,,Breakfast & Cereal,4.6,21,97.07,1,Wednesday
2025-08-20,S0004,,Candy,2.5386956521739132,25,66.41,1,Wednesday
2025-08-20,S0004,,Condiments/Sauces/Spices,3.4171428571428573,36,120.35,1,Wednesday
2025-08-20,S0004,,Dairy & Eggs,3.6031666666666666,69,249.2,1,Wednesday
2025-08-20,S0004,,Deli,6.134375,19,116.67,1,Wednesday
2025-08-20,S0004,,Frozen Foods,6.7452,37,242.06,1,Wednesday
2025-08-20,S0004,,Grains and Pasta,2.838888888888889,15,41.59,1,Wednesday
2025-08-20,S0004,,Meat and Seafood,9.583333333333334,17,171.67,1,Wednesday
2025-08-20,S0004,,Pet Food,8.016428571428571,29,217.66,1,Wednesday
2025-08-20,S0004,,Prepared Meals,8.47,40,329.9,1,Wednesday
2025-08-20,S0004,,Snacks/Cookies/Chips,3.073030303030303,94,285.87,1,Wednesday
2025-08-20,S0005,,Alcohol,11.822068965517241,36,422.34,1,Wednesday
2025-08-20,S0005,,Bakery,3.8299999999999996,9,34.96,1,Wednesday
2025-08-20,S0005,,Baking,3.849,11,42.1,1,Wednesday
2025-08-20,S0005,,Beverages,3.321875,23,77.92,1,Wednesday
2025-08-20,S0005,,Breakfast & Cereal,4.421875,18,81.01,1,Wednesday
2025-08-20,S0005,,Candy,2.528181818181818,12,29.72,1,Wednesday
2025-08-20,S0005,,Condiments/Sauces/Spices,3.5725,9,31.6,1,Wednesday
2025-08-20,S0005,,Dairy & Eggs,3.5163636363636366,37,131.2,1,Wednesday
2025-08-20,S0005,,Deli,6.319166666666667,13,81.75,1,Wednesday
2025-08-20,S0005,,Frozen Foods,7.076666666666667,21,150.1,1,Wednesday
2025-08-20,S0005,,Grains and Pasta,2.30625,9,21.62,1,Wednesday
2025-08-20,S0005,,Meat and Seafood,11.408333333333333,8,98.8,1,Wednesday
2025-08-20,S0005,,Pet Food,8.613333333333333,11,94.98,1,Wednesday
2025-08-20,S0005,,Prepared Meals,7.5553333333333335,16,121.2,1,Wednesday
2025-08-20,S0005,,Snacks/Cookies/Chips,2.975757575757576,46,137.27,1,Wednesday
2025-08-21,S0001,,Alcohol,12.300980392156863,117,1442.77,1,Thursday
2025-08-21,S0001,,Bakery,3.485454545454545,11,38.31,1,Thursday
2025-08-21,S0001,,Baking,3.56,34,120.01,1,Thursday
2025-08-21,S0001,,Beverages,3.244761904761905,70,226.26,1,Thursday
2025-08-21,S0001,,Breakfast & Cereal,4.86225,45,220.95,1,Thursday
2025-08-21,S0001,,Candy,2.625483870967742,44,113.25,1,Thursday
2025-08-21,S0001,,Condiments/Sauces/Spices,3.763225806451613,41,162.22,1,Thursday
2025-08-21,S0001,,Dairy & Eggs,3.6328125,112,410.87,1,Thursday
2025-08-21,S0001,,Deli,5.707777777777777,32,180.91,1,Thursday
2025-08-21,S0001,,Frozen Foods,6.6575,47,309.92,1,Thursday
2025-08-21,S0001,,Grains and Pasta,2.6014285714285714,11,29.25,1,Thursday
2025-08-21,S0001,,Meat and Seafood,8.457692307692309,30,252.76999999999998,1,Thursday
2025-08-21,S0001,,Pet Food,7.143611111111111,51,356.51,1,Thursday
2025-08-21,S0001,,Prepared Meals,7.828947368421052,53,415.18,1,Thursday
2025-08-21,S0001,,Snacks/Cookies/Chips,3.173230769230769,206,662.09,1,Thursday
2025-08-21,S0002,,Alcohol,12.323823529411765,40,492.67,1,Thursday
2025-08-21,S0002,,Bakery,4.41,2,8.8,1,Thursday
2025-08-21,S0002,,Baking,3.5369230769230766,13,46.07,1,Thursday
2025-08-21,S0002,,Beverages,3.3310000000000004,15,47.160000000000004,1,Thursday
2025-08-21,S0002,,Breakfast & Cereal,4.442222222222222,14,57.69,1,Thursday
2025-08-21,S0002,,Candy,2.3133333333333335,17,39.53,1,Thursday
2025-08-21,S0002,,Condiments/Sauces/Spices,3.703333333333333,7,25.59,1,Thursday
2025-08-21,S0002,,Dairy & Eggs,3.597567567567568,45,165.38,1,Thursday
2025-08-21,S0002,,Deli,6.681818181818182,15,95.50999999999999,1,Thursday
2025-08-21,S0002,,Frozen Foods,7.324,15,107.67,1,Thursday
2025-08-21,S0002,,Grains and Pasta,2.515,6,14.870000000000001,1,Thursday
2025-08-21,S0002,,Meat and Seafood,7.685833333333334,16,142.37,1,Thursday
2025-08-21,S0002,,Pet Food,7.103076923076923,18,127.5,1,Thursday
2025-08-21,S0002,,Prepared Meals,9.903,10,98.97,1,Thursday
2025-08-21,S0002,,Snacks/Cookies/Chips,3.1634285714285713,45,145.56,1,Thursday
2025-08-21,S0003,,Alcohol,12.92470588235294,66,851.83,1,Thursday
2025-08-21,S0003,,Bakery,3.5872727272727274,13,46.86,1,Thursday
2025-08-21,S0003,,Baking,3.6653333333333338,26,96.27,1,Thursday
2025-08-21,S0003,,Beverages,3.5742857142857143,22,77.45,1,Thursday
2025-08-21,S0003,,Breakfast & Cereal,4.3776190476190475,22,95.25,1,Thursday
2025-08-21,S0003,,Candy,2.3754545454545455,16,36.96,1,Thursday
2025-08-21,S0003,,Condiments/Sauces/Spices,3.3282608695652174,25,84.08,1,Thursday
2025-08-21,S0003,,Dairy & Eggs,3.5647826086956518,57,201.4,1,Thursday
2025-08-21,S0003,,Deli,6.2375,22,135.9,1,Thursday
2025-08-21,S0003,,Frozen Foods,6.594166666666666,16,101.78999999999999,1,Thursday
2025-08-21,S0003,,Grains and Pasta,2.513333333333333,6,15.05,1,Thursday
2025-08-21,S0003,,Meat and Seafood,10.517142857142858,14,147.43,1,Thursday
2025-08-21,S0003,,Pet Food,6.609166666666667,19,128.83,1,Thursday
2025-08-21,S0003,,Prepared Meals,8.326296296296297,34,271.82,1,Thursday
2025-08-21,S0003,,Snacks/Cookies/Chips,2.9951063829787237,74,225.12,1,Thursday
2025-08-21,S0004,,Alcohol,11.960149253731345,77,916.64,1,Thursday
2025-08-21,S0004,,Bakery,3.7079999999999997,16,57.13,1,Thursday
2025-08-21,S0004,,Baking,4.018,23,93.54,1,Thursday
2025-08-21,S0004,,Beverages,3.208888888888889,47,152.22,1,Thursday
2025-08-21,S0004,,Breakfast & Cereal,4.149166666666667,15,60.98,1,Thursday
2025-08-21,S0004,,Candy,2.4148275862068966,35,86.16,1,Thursday
2025-08-21,S0004,,Condiments/Sauces/Spices,3.482857142857143,30,112.22,1,Thursday
2025-08-21,S0004,,Dairy & Eggs,3.448125,74,245.06,1,Thursday
2025-08-21,S0004,,Deli,6.240952380952381,24,149.31,1,Thursday
2025-08-21,S0004,,Frozen Foods,6.858181818181818,22,150.41,1,Thursday
2025-08-21,S0004,,Grains and Pasta,2.6825,10,28.0,1,Thursday
2025-08-21,S0004,,Meat and Seafood,9.527,27,260.0,1,Thursday
2025-08-21,S0004,,Pet Food,8.13764705882353,28,221.5,1,Thursday
2025-08-21,S0004,,Prepared Meals,7.857307692307692,27,213.53,1,Thursday
2025-08-21,S0004,,Snacks/Cookies/Chips,3.1705494505494505,123,389.53,1,Thursday
2025-08-21,S0005,,Alcohol,11.571777777777779,55,634.44,1,Thursday
2025-08-21,S0005,,Bakery,3.76,10,36.83,1,Thursday
2025-08-21,S0005,,Baking,3.0846153846153848,18,56.050000000000004,1,Thursday
2025-08-21,S0005,,Beverages,3.65625,19,71.19,1,Thursday
2025-08-21,S0005,,Breakfast & Cereal,4.67,9,42.08,1,Thursday
2025-08-21,S0005,,Candy,2.789090909090909,12,34.0,1,Thursday
2025-08-21,S0005,,Condiments/Sauces/Spices,3.662380952380952,22,80.5,1,Thursday
2025-08-21,S0005,,Dairy & Eggs,3.6432075471698115,57,207.13,1,Thursday
2025-08-21,S0005,,Deli,5.625882352941177,21,118.12,1,Thursday
2025-08-21,S0005,,Frozen Foods,6.712631578947369,19,127.56,1,Thursday
2025-08-21,S0005,,Grains and Pasta,2.6644444444444444,10,26.259999999999998,1,Thursday
2025-08-21,S0005,,Meat and Seafood,9.579444444444444,21,208.9,1,Thursday
2025-08-21,S0005,,Pet Food,6.88875,16,106.85,1,Thursday
2025-08-21,S0005,,Prepared Meals,7.724,19,144.2,1,Thursday
2025-08-21,S0005,,Snacks/Cookies/Chips,3.0335,56,162.49,1,Thursday
2025-08-22,S0001,,Alcohol,11.663666666666668,110,1274.3700000000001,1,Friday
2025-08-22,S0001,,Bakery,4.00421052631579,29,115.55,1,Friday
2025-08-22,S0001,,Baking,3.66780487804878,45,167.73,1,Friday
2025-08-22,S0001,,Beverages,3.2372727272727273,57,191.44,1,Friday
2025-08-22,S0001,,Breakfast & Cereal,4.3015,42,180.82,1,Friday
2025-08-22,S0001,,Candy,2.281489361702128,61,136.42,1,Friday
2025-08-22,S0001,,Condiments/Sauces/Spices,3.713720930232558,55,200.85,1,Friday
2025-08-22,S0001,,Dairy & Eggs,3.482959183673469,120,418.6,1,Friday
2025-08-22,S0001,,Deli,5.938529411764706,41,234.26999999999998,1,Friday
2025-08-22,S0001,,Frozen Foods,6.448888888888889,35,225.59,1,Friday
2025-08-22,S0001,,Grains and Pasta,2.7857894736842104,27,75.8,1,Friday
2025-08-22,S0001,,Meat and Seafood,9.64219512195122,60,556.97,1,Friday
2025-08-22,S0001,,Pet Food,7.924042553191489,79,626.66,1,Friday
2025-08-22,S0001,,Prepared Meals,7.885833333333333,49,385.01,1,Friday
2025-08-22,S0001,,Snacks/Cookies/Chips,3.1484259259259257,177,552.74,1,Friday
2025-08-22,S0002,,Alcohol,12.541944444444445,46,584.46,1,Friday
2025-08-22,S0002,,Bakery,3.7014285714285715,8,31.04,1,Friday
2025-08-22,S0002,,Baking,4.025555555555555,11,45.03,1,Friday
2025-08-22,S0002,,Beverages,3.1746666666666665,19,60.68,1,Friday
2025-08-22,S0002,,Breakfast & Cereal,4.6450000000000005,16,76.05,1,Friday
2025-08-22,S0002,,Candy,2.4608333333333334,13,31.97,1,Friday
2025-08-22,S0002,,Condiments/Sauces/Spices,3.66421052631579,24,84.65,1,Friday
2025-08-22,S0002,,Dairy & Eggs,3.438974358974359,50,169.56,1,Friday
2025-08-22,S0002,,Deli,5.968,12,73.18,1,Friday
2025-08-22,S0002,,Frozen Foods,6.9725,14,101.07,1,Friday
2025-08-22,S0002,,Grains and Pasta,1.9874999999999998,6,11.78,1,Friday
2025-08-22,S0002,,Meat and Seafood,7.648888888888889,9,68.92,1,Friday
2025-08-22,S0002,,Pet Food,6.72,20,136.5,1,Friday
2025-08-22,S0002,,Prepared Meals,8.049999999999999,23,185.33,1,Friday
2025-08-22,S0002,,Snacks/Cookies/Chips,3.3402564102564107,59,196.94,1,Friday
2025-08-22,S0003,,Alcohol,12.093720930232557,53,642.06,1,Friday
2025-08-22,S0003,,Bakery,3.6199999999999997,9,32.3,1,Friday
2025-08-22,S0003,,Baking,3.6090476190476193,25,91.0,1,Friday
2025-08-22,S0003,,Beverages,3.5081249999999997,24,84.98,1,Friday
2025-08-22,S0003,,Breakfast & Cereal,4.6499999999999995,21,94.74,1,Friday
2025-08-22,S0003,,Candy,2.348125,19,44.230000000000004,1,Friday
2025-08-22,S0003,,Condiments/Sauces/Spices,3.4726315789473685,22,76.84,1,Friday
2025-08-22,S0003,,Dairy & Eggs,3.3318032786885245,67,227.52,1,Friday
2025-08-22,S0003,,Deli,5.889411764705883,23,133.35,1,Friday
2025-08-22,S0003,,Frozen Foods,6.895882352941176,18,122.61,1,Friday
2025-08-22,S0003,,Grains and Pasta,2.695,12,33.0,1,Friday
2025-08-22,S0003,,Meat and Seafood,8.959333333333332,15,134.47,1,Friday
2025-08-22,S0003,,Pet Food,7.434,32,229.43,1,Friday
2025-08-22,S0003,,Prepared Meals,8.601818181818182,13,106.66,1,Friday
2025-08-22,S0003,,Snacks/Cookies/Chips,3.0491836734693876,72,215.54,1,Friday
2025-08-22,S0004,,Alcohol,12.59921875,71,902.87,1,Friday
2025-08-22,S0004,,Bakery,4.74,4,18.92,1,Friday
2025-08-22,S0004,,Baking,3.822307692307692,35,134.62,1,Friday
2025-08-22,S0004,,Beverages,3.3932258064516128,39,129.29,1,Friday
2025-08-22,S0004,,Breakfast & Cereal,4.680625,22,103.83,1,Friday
2025-08-22,S0004,,Candy,2.2527777777777778,42,92.61,1,Friday
2025-08-22,S0004,,Condiments/Sauces/Spices,3.6368421052631574,23,83.01,1,Friday
2025-08-22,S0004,,Dairy & Eggs,3.7049230769230768,87,325.21,1,Friday
2025-08-22,S0004,,Deli,5.9409090909090905,33,192.27,1,Friday
2025-08-22,S0004,,Frozen Foods,6.67,30,200.11,1,Friday
2025-08-22,S0004,,Grains and Pasta,2.4274999999999998,16,39.44,1,Friday
2025-08-22,S0004,,Meat and Seafood,8.819230769230769,40,350.0,1,Friday
2025-08-22,S0004,,Pet Food,7.132000000000001,50,361.78,1,Friday
2025-08-22,S0004,,Prepared Meals,9.185,26,236.64999999999998,1,Friday
2025-08-22,S0004,,Snacks/Cookies/Chips,3.0092957746478874,99,299.2,1,Friday
2025-08-22,S0005,,Alcohol,12.296444444444445,60,726.56,1,Friday
2025-08-22,S0005,,Bakery,4.22,3,12.629999999999999,1,Friday
2025-08-22,S0005,,Baking,3.7223076923076923,14,52.650000000000006,1,Friday
2025-08-22,S0005,,Beverages,3.477894736842105,26,95.05,1,Friday
2025-08-22,S0005,,Breakfast & Cereal,4.535652173913043,28,132.09,1,Friday
2025-08-22,S0005,,Candy,2.392916666666667,31,73.25,1,Friday
2025-08-22,S0005,,Condiments/Sauces/Spices,3.613125,16,57.76,1,Friday
2025-08-22,S0005,,Dairy & Eggs,3.573728813559322,74,260.2,1,Friday
2025-08-22,S0005,,Deli,5.785,25,145.84,1,Friday
2025-08-22,S0005,,Frozen Foods,7.21235294117647,21,156.23000000000002,1,Friday
2025-08-22,S0005,,Grains and Pasta,2.1466666666666665,6,12.91,1,Friday
2025-08-22,S0005,,Meat and Seafood,10.057,21,210.82,1,Friday
2025-08-22,S0005,,Pet Food,7.62,23,173.72,1,Friday
2025-08-22,S0005,,Prepared Meals,8.97,20,176.22,1,Friday
2025-08-22,S0005,,Snacks/Cookies/Chips,3.0472727272727274,61,184.86,1,Friday
2025-08-23,S0001,,Alcohol,12.441616161616162,111,1386.92,1,Saturday
2025-08-23,S0001,,Bakery,3.426315789473684,27,91.81,1,Saturday
2025-08-23,S0001,,Baking,3.844791666666666,60,230.09,1,Saturday
2025-08-23,S0001,,Beverages,3.3916666666666666,89,300.17,1,Saturday
2025-08-23,S0001,,Breakfast & Cereal,4.924444444444444,71,366.75,1,Saturday
2025-08-23,S0001,,Candy,2.2360526315789473,46,103.18,1,Saturday
2025-08-23,S0001,,Condiments/Sauces/Spices,3.82974358974359,49,192.82,1,Saturday
2025-08-23,S0001,,Dairy & Eggs,3.5459803921568627,133,459.39,1,Saturday
2025-08-23,S0001,,Deli,5.988444444444445,60,365.74,1,Saturday
2025-08-23,S0001,,Frozen Foods,6.550697674418605,50,325.01,1,Saturday
2025-08-23,S0001,,Grains and Pasta,2.3742857142857146,14,33.18,1,Saturday
2025-08-23,S0001,,Meat and Seafood,8.78076923076923,44,397.39,1,Saturday
2025-08-23,S0001,,Pet Food,7.70078947368421,55,441.21000000000004,1,Saturday
2025-08-23,S0001,,Prepared Meals,7.524,51,392.38,1,Saturday
2025-08-23,S0001,,Snacks/Cookies/Chips,3.2765151515151514,195,644.47,1,Saturday
2025-08-23,S0002,,Alcohol,12.203589743589744,49,605.96,1,Saturday
2025-08-23,S0002,,Bakery,3.883333333333333,4,16.04,1,Saturday
2025-08-23,S0002,,Baking,4.3275,12,52.79,1,Saturday
2025-08-23,S0002,,Beverages,3.858571428571428,13,51.69,1,Saturday
2025-08-23,S0002,,Breakfast & Cereal,4.454615384615384,14,62.44,1,Saturday
2025-08-23,S0002,,Candy,2.5330000000000004,13,32.93,1,Saturday
2025-08-23,S0002,,Condiments/Sauces/Spices,3.3833333333333333,14,47.58,1,Saturday
2025-08-23,S0002,,Dairy & Eggs,3.561666666666667,30,107.59,1,Saturday
2025-08-23,S0002,,Deli,5.529375,19,101.76,1,Saturday
2025-08-23,S0002,,Frozen Foods,5.926,5,29.63,1,Saturday
2025-08-23,S0002,,Grains and Pasta,2.59,7,18.63,1,Saturday
2025-08-23,S0002,,Meat and Seafood,8.65375,8,69.27,1,Saturday
2025-08-23,S0002,,Pet Food,7.822,13,95.7,1,Saturday
2025-08-23,S0002,,Prepared Meals,8.044666666666666,17,132.25,1,Saturday
2025-08-23,S0002,,Snacks/Cookies/Chips,3.162857142857143,41,131.09,1,Saturday
2025-08-23,S0003,,Alcohol,12.871515151515151,79,1003.6,1,Saturday
2025-08-23,S0003,,Bakery,4.3933333333333335,19,81.69,1,Saturday
2025-08-23,S0003,,Baking,3.8225000000000002,24,90.62,1,Saturday
2025-08-23,S0003,,Beverages,3.4975,30,104.84,1,Saturday
2025-08-23,S0003,,Breakfast & Cereal,4.569,24,107.28999999999999,1,Saturday
2025-08-23,S0003,,Candy,2.3454545454545457,25,60.9,1,Saturday
2025-08-23,S0003,,Condiments/Sauces/Spices,3.3018518518518523,34,114.36,1,Saturday
2025-08-23,S0003,,Dairy & Eggs,3.628461538461538,94,349.51,1,Saturday
2025-08-23,S0003,,Deli,6.0426086956521745,25,152.16,1,Saturday
2025-08-23,S0003,,Frozen Foods,6.681923076923076,31,205.48,1,Saturday
2025-08-23,S0003,,Grains and Pasta,2.84,5,14.16,1,Saturday
2025-08-23,S0003,,Meat and Seafood,9.200000000000001,23,212.44,1,Saturday
2025-08-23,S0003,,Pet Food,7.52,30,240.79,1,Saturday
2025-08-23,S0003,,Prepared Meals,7.589090909090909,48,364.1,1,Saturday
2025-08-23,S0003,,Snacks/Cookies/Chips,3.051111111111111,97,298.32,1,Saturday
2025-08-23,S0004,,Alcohol,12.370810810810811,84,1058.04,1,Saturday
2025-08-23,S0004,,Bakery,3.732142857142857,20,79.60000000000001,1,Saturday
2025-08-23,S0004,,Baking,3.7182142857142857,37,132.92000000000002,1,Saturday
2025-08-23,S0004,,Beverages,3.178064516129032,47,149.76,1,Saturday
2025-08-23,S0004,,Breakfast & Cereal,4.6491428571428575,48,229.47,1,Saturday
2025-08-23,S0004,,Candy,2.352222222222222,32,75.57,1,Saturday
2025-08-23,S0004,,Condiments/Sauces/Spices,3.5907692307692307,29,100.6,1,Saturday
2025-08-23,S0004,,Dairy & Eggs,3.4668888888888887,101,346.61,1,Saturday
2025-08-23,S0004,,Deli,6.2292499999999995,54,325.44,1,Saturday
2025-08-23,S0004,,Frozen Foods,7.330500000000001,52,376.89,1,Saturday
2025-08-23,S0004,,Grains and Pasta,2.2033333333333336,22,48.96,1,Saturday
2025-08-23,S0004,,Meat and Seafood,9.929677419354839,39,391.87,1,Saturday
2025-08-23,S0004,,Pet Food,6.925454545454546,39,260.57,1,Saturday
2025-08-23,S0004,,Prepared Meals,8.025,32,250.77,1,Saturday
2025-08-23,S0004,,Snacks/Cookies/Chips,3.1263736263736264,139,429.81,1,Saturday
2025-08-23,S0005,,Alcohol,12.070212765957447,55,686.78,1,Saturday
2025-08-23,S0005,,Bakery,3.09,4,13.790000000000001,1,Saturday
2025-08-23,S0005,,Baking,3.9121052631578945,24,90.28,1,Saturday
2025-08-23,S0005,,Beverages,3.2247619047619045,35,114.38,1,Saturday
2025-08-23,S0005,,Breakfast & Cereal,4.701379310344827,37,176.39,1,Saturday
2025-08-23,S0005,,Candy,2.7294117647058824,18,48.63,1,Saturday
2025-08-23,S0005,,Condiments/Sauces/Spices,3.893888888888889,25,93.48,1,Saturday
2025-08-23,S0005,,Dairy & Eggs,3.6556097560975607,51,184.38,1,Saturday
2025-08-23,S0005,,Deli,6.179411764705883,19,120.72,1,Saturday
2025-08-23,S0005,,Frozen Foods,7.034117647058824,23,160.99,1,Saturday
2025-08-23,S0005,,Grains and Pasta,2.9475,4,11.790000000000001,1,Saturday
2025-08-23,S0005,,Meat and Seafood,8.584,24,213.88,1,Saturday
2025-08-23,S0005,,Pet Food,7.569444444444445,24,177.31,1,Saturday
2025-08-23,S0005,,Prepared Meals,8.537083333333333,27,224.52,1,Saturday
2025-08-23,S0005,,Snacks/Cookies/Chips,3.2498275862068966,91,288.86,1,Saturday
2025-08-24,S0001,,Alcohol,11.81882882882883,139,1633.22,1,Sunday
2025-08-24,S0001,,Bakery,4.127222222222223,21,86.98,1,Sunday
2025-08-24,S0001,,Baking,3.9,52,196.81,1,Sunday
2025-08-24,S0001,,Beverages,3.2927083333333336,76,242.65,1,Sunday
2025-08-24,S0001,,Breakfast & Cereal,4.429787234042553,67,295.44,1,Sunday
2025-08-24,S0001,,Candy,2.325,50,116.63,1,Sunday
2025-08-24,S0001,,Condiments/Sauces/Spices,3.398139534883721,49,163.89000000000001,1,Sunday
2025-08-24,S0001,,Dairy & Eggs,3.378608695652174,124,421.5,1,Sunday
2025-08-24,S0001,,Deli,5.677222222222222,44,253.21,1,Sunday
2025-08-24,S0001,,Frozen Foods,6.386176470588235,35,223.78,1,Sunday
2025-08-24,S0001,,Grains and Pasta,2.7827272727272727,35,94.46,1,Sunday
2025-08-24,S0001,,Meat and Seafood,8.775106382978723,67,617.51,1,Sunday
2025-08-24,S0001,,Pet Food,7.767916666666667,66,526.49,1,Sunday
2025-08-24,S0001,,Prepared Meals,7.713720930232558,55,425.47,1,Sunday
2025-08-24,S0001,,Snacks/Cookies/Chips,2.9677966101694913,172,515.31,1,Sunday
2025-08-24,S0002,,Alcohol,12.468717948717948,50,634.9300000000001,1,Sunday
2025-08-24,S0002,,Bakery,4.07,1,4.09,1,Sunday
2025-08-24,S0002,,Baking,3.90625,21,81.28,1,Sunday
2025-08-24,S0002,,Beverages,3.0088888888888885,14,43.56,1,Sunday
2025-08-24,S0002,,Breakfast & Cereal,4.691875,22,96.76,1,Sunday
2025-08-24,S0002,,Candy,2.8822222222222225,9,25.9,1,Sunday
2025-08-24,S0002,,Condiments/Sauces/Spices,3.5700000000000003,7,24.96,1,Sunday
2025-08-24,S0002,,Dairy & Eggs,3.589714285714286,44,158.57999999999998,1,Sunday
2025-08-24,S0002,,Deli,6.426666666666667,14,89.99,1,Sunday
2025-08-24,S0002,,Frozen Foods,6.287777777777778,11,70.91,1,Sunday
2025-08-24,S0002,,Grains and Pasta,3.0825,8,22.64,1,Sunday
2025-08-24,S0002,,Meat and Seafood,9.4525,14,129.28,1,Sunday
2025-08-24,S0002,,Pet Food,6.626,9,57.5,1,Sunday
2025-08-24,S0002,,Prepared Meals,8.025555555555556,11,97.92,1,Sunday
2025-08-24,S0002,,Snacks/Cookies/Chips,2.952,64,191.66,1,Sunday
2025-08-24,S0003,,Alcohol,12.375384615384615,67,838.42,1,Sunday
2025-08-24,S0003,,Bakery,4.438000000000001,7,29.02,1,Sunday
2025-08-24,S0003,,Baking,3.815294117647059,17,64.91,1,Sunday
2025-08-24,S0003,,Beverages,3.1389655172413793,49,157.0,1,Sunday
2025-08-24,S0003,,Breakfast & Cereal,4.8665,23,116.12,1,Sunday
2025-08-24,S0003,,Candy,2.3513636363636365,27,66.55,1,Sunday
2025-08-24,S0003,,Condiments/Sauces/Spices,3.212142857142857,20,63.379999999999995,1,Sunday
2025-08-24,S0003,,Dairy & Eggs,3.617058823529412,66,235.63,1,Sunday
2025-08-24,S0003,,Deli,6.669411764705882,21,143.62,1,Sunday
2025-08-24,S0003,,Frozen Foods,7.1570833333333335,26,185.3,1,Sunday
2025-08-24,S0003,,Grains and Pasta,2.3744444444444444,10,23.3,1,Sunday
2025-08-24,S0003,,Meat and Seafood,9.744285714285715,29,282.27,1,Sunday
2025-08-24,S0003,,Pet Food,8.30090909090909,30,252.0,1,Sunday
2025-08-24,S0003,,Prepared Meals,9.235,28,258.59,1,Sunday
2025-08-24,S0003,,Snacks/Cookies/Chips,3.02515625,95,291.2,1,Sunday
2025-08-24,S0004,,Alcohol,12.411971830985916,81,991.38,1,Sunday
2025-08-24,S0004,,Bakery,3.97625,12,47.22,1,Sunday
2025-08-24,S0004,,Baking,3.351923076923077,30,98.35000000000001,1,Sunday
2025-08-24,S0004,,Beverages,3.4666666666666663,36,123.08,1,Sunday
2025-08-24,S0004,,Breakfast & Cereal,4.567857142857143,38,173.33,1,Sunday
2025-08-24,S0004,,Candy,2.2170588235294115,19,43.33,1,Sunday
2025-08-24,S0004,,Condiments/Sauces/Spices,3.248695652173913,26,85.98,1,Sunday
2025-08-24,S0004,,Dairy & Eggs,3.596891891891892,89,324.63,1,Sunday
2025-08-24,S0004,,Deli,6.018,26,153.66,1,Sunday
2025-08-24,S0004,,Frozen Foods,6.81258064516129,40,268.16,1,Sunday
2025-08-24,S0004,,Grains and Pasta,2.45875,9,21.55,1,Sunday
2025-08-24,S0004,,Meat and Seafood,10.17,34,347.07,1,Sunday
2025-08-24,S0004,,Pet Food,6.962941176470588,26,179.66,1,Sunday
2025-08-24,S0004,,Prepared Meals,7.557142857142857,27,203.63,1,Sunday
2025-08-24,S0004,,Snacks/Cookies/Chips,3.2251515151515155,107,348.04,1,Sunday
2025-08-24,S0005,,Alcohol,11.83175,44,535.4,1,Sunday
2025-08-24,S0005,,Bakery,3.731428571428571,8,29.169999999999998,1,Sunday
2025-08-24,S0005,,Baking,3.712941176470588,20,72.97,1,Sunday
2025-08-24,S0005,,Beverages,3.735294117647059,29,107.03999999999999,1,Sunday
2025-08-24,S0005,,Breakfast & Cereal,3.8008333333333333,17,60.24,1,Sunday
2025-08-24,S0005,,Candy,2.6854545454545455,13,35.19,1,Sunday
2025-08-24,S0005,,Condiments/Sauces/Spices,3.7950000000000004,12,46.49,1,Sunday
2025-08-24,S0005,,Dairy & Eggs,3.6088372093023255,53,184.99,1,Sunday
2025-08-24,S0005,,Deli,5.953809523809523,24,143.55,1,Sunday
2025-08-24,S0005,,Frozen Foods,7.3707692307692305,16,119.96000000000001,1,Sunday
2025-08-24,S0005,,Grains and Pasta,2.236666666666667,8,18.23,1,Sunday
2025-08-24,S0005,,Meat and Seafood,10.822000000000001,17,182.32,1,Sunday
2025-08-24,S0005,,Pet Food,7.545625,26,208.91,1,Sunday
2025-08-24,S0005,,Prepared Meals,8.118947368421052,19,154.16,1,Sunday
2025-08-24,S0005,,Snacks/Cookies/Chips,3.0549999999999997,81,242.22,1,Sunday
