store_id,category,week_start,revenue,units,unique_baskets,realized_discount,eff_discount_rate,treated_planned,treated_realized,promo_type,discount_depth_plan,baseline_revenue_4w_nonpromo,lift_pct_revenue,promo_success,units_1w_pre,units_4w_pre,trend_4w_units,revenue_1w_pre,revenue_4w_pre,avg_price_pre_4w,promo_freq_8w,realized_promo_freq_8w,week_of_year,is_year_start,is_year_end
S0001,Alcohol,2025-06-30,8960.82,735,495,0.0,0.0,0,0,NONE,,,,0,,,,,,,,,27,0,0
S0001,Alcohol,2025-07-07,10059.03,831,573,0.0,0.0,0,0,NONE,,8960.82,0.12255686421555181,0,735.0,735.0,,8960.82,8960.82,12.191591836734693,0.0,0.0,28,0,0
S0001,Alcohol,2025-07-14,10833.3,871,591,0.0,0.0,0,0,NONE,,9509.925,0.1391572488742025,0,831.0,783.0,,10059.03,9509.925,12.148160539305975,0.0,0.0,29,0,0
S0001,Alcohol,2025-07-21,9031.26,751,489,0.0,0.0,0,0,NONE,,9951.05,-0.09243145195733105,0,871.0,812.3333333333334,,10833.3,9951.050000000001,12.244697917899352,0.0,0.0,30,0,0
S0001,Alcohol,2025-07-28,9473.87,773,522,0.0,0.0,0,0,NONE,,9721.102499999999,-0.025432557675428097,0,751.0,797.0,8.800000000000006,9031.26,9721.1025,12.18993488982265,0.0,0.0,31,0,0
S0001,Alcohol,2025-08-04,9311.66,755,513,0.0,0.0,0,0,NONE,,9849.365000000002,-0.054592859539676075,0,773.0,806.5,-29.399999999999988,9473.87,9849.365,12.206031109164202,0.0,0.0,32,0,0
S0001,Alcohol,2025-08-11,9597.74,781,541,0.0,0.0,0,0,NONE,,9662.5225,-0.006704512201653279,0,755.0,787.5,-32.599999999999994,9311.66,9662.522500000001,12.263179924522703,0.0,0.0,33,0,0
S0001,Alcohol,2025-08-18,9643.7,797,552,0.0,0.0,0,0,NONE,,9353.6325,0.031011214092493054,0,781.0,765.0,7.200000000000069,9597.74,9353.6325,12.225996678926593,0.0,0.0,34,0,0
S0001,Bakery,2025-06-30,443.37,118,100,0.0,0.0,0,0,NONE,,,,0,,769.6666666666666,,,9461.09,12.292780303371275,0.0,0.0,27,0,0
S0001,Bakery,2025-07-07,499.75,133,111,0.0,0.0,0,0,NONE,,443.37,0.12716241513859755,0,118.0,551.3333333333334,,443.37,6450.923333333333,9.459912359122953,0.0,0.0,28,0,0
S0001,Bakery,2025-07-14,543.97,136,93,0.0,0.0,0,0,NONE,,471.56,0.1535541606582408,0,133.0,344.0,,499.75,3513.6200000000003,6.601310457016692,0.0,0.0,29,0,0
S0001,Bakery,2025-07-21,439.75,110,90,0.0,0.0,0,0,NONE,,495.6966666666667,-0.11286472237726038,0,136.0,129.0,,543.97,495.6966666666667,3.838223696704373,0.0,0.0,30,0,0
S0001,Bakery,2025-07-28,402.8,99,83,0.0,0.0,0,0,NONE,,481.71000000000004,-0.16381225218492457,0,110.0,124.25,-2.099999999999993,439.75,481.71000000000004,3.878099590710098,0.0,0.0,31,0,0
S0001,Bakery,2025-08-04,491.26,121,95,0.0,0.0,0,0,NONE,,471.5675,0.04175966325075412,0,99.0,119.5,-12.799999999999995,402.8,471.56750000000005,3.955928087542832,0.0,0.0,32,0,0
S0001,Bakery,2025-08-11,432.74,111,95,0.0,0.0,0,0,NONE,,469.445,-0.07818807315020926,0,121.0,116.5,-5.600000000000007,491.26,469.445,4.031548388294712,0.0,0.0,33,0,0
S0001,Bakery,2025-08-18,556.18,144,107,0.0,0.0,0,0,NONE,,441.6375,0.2593586368911154,0,111.0,110.25,2.4999999999999942,432.74,441.6375,4.006243174993175,0.0,0.0,34,0,0
S0001,Baking,2025-06-30,1155.4,306,241,0.0,0.0,0,0,NONE,,,,0,,110.33333333333333,,,442.2666666666667,4.009081809081809,0.0,0.0,27,0,0
S0001,Baking,2025-07-07,1084.4,296,229,0.0,0.0,0,0,NONE,,1155.4,-0.061450579885753844,0,306.0,179.33333333333334,,1155.4,693.1333333333333,3.9114585173408702,0.0,0.0,28,0,0
S0001,Baking,2025-07-14,1169.79,313,238,0.0,0.0,0,0,NONE,,1119.9,0.04454862041253672,0,296.0,237.66666666666666,,1084.4,890.8466666666667,3.779296355178708,0.0,0.0,29,0,0
S0001,Baking,2025-07-21,1278.08,340,262,0.0,0.0,0,0,NONE,,1136.53,0.1245457664997844,0,313.0,305.0,,1169.79,1136.53,3.7255595832630224,0.0,0.0,30,0,0
S0001,Baking,2025-07-28,1163.91,316,239,0.0,0.0,0,0,NONE,,1171.9175,-0.0068328188631025105,0,340.0,313.75,11.899999999999975,1278.08,1171.9175,3.7339343933296196,0.0,0.0,31,0,0
S0001,Baking,2025-08-04,1086.5,287,225,0.0,0.0,0,0,NONE,,1174.045,-0.07456698848851626,0,316.0,316.25,8.700000000000015,1163.91,1174.045,3.710795018381328,0.0,0.0,32,0,0
S0001,Baking,2025-08-11,1283.28,348,251,0.0,0.0,0,0,NONE,,1174.57,0.09255301940284533,0,287.0,314.0,-10.200000000000038,1086.5,1174.5700000000002,3.741345211431521,0.0,0.0,33,0,0
S0001,Baking,2025-08-18,1055.88,277,208,0.0,0.0,0,0,NONE,,1202.9424999999999,-0.12225231048034281,0,348.0,322.75,-0.49999999999997297,1283.28,1202.9425,3.728904702452784,0.0,0.0,34,0,0
S0001,Beverages,2025-06-30,1358.78,416,234,0.0,0.0,0,0,NONE,,,,0,,317.0,,,1177.8966666666668,3.718853328760575,0.0,0.0,27,0,0
S0001,Beverages,2025-07-07,1509.47,450,283,0.0,0.0,0,0,NONE,,1358.78,0.11090095526869696,0,416.0,350.3333333333333,,1358.78,1242.8533333333332,3.5798661898446382,0.0,0.0,28,0,0
S0001,Beverages,2025-07-14,1548.77,458,256,0.0,0.0,0,0,NONE,,1434.125,0.07994073041052906,0,450.0,404.6666666666667,,1509.47,1383.8433333333332,3.4360873538658017,0.0,0.0,29,0,0
S0001,Beverages,2025-07-21,1256.73,362,223,0.0,0.0,0,0,NONE,,1472.3400000000001,-0.14644036024287876,0,458.0,441.3333333333333,,1548.77,1472.3400000000001,3.3340899137212454,0.0,0.0,30,0,0
S0001,Beverages,2025-07-28,1424.64,421,236,0.0,0.0,0,0,NONE,,1418.4375,0.004372769332452153,0,362.0,421.5,-15.400000000000023,1256.73,1418.4375,3.36847489385447,0.0,0.0,31,0,0
S0001,Beverages,2025-08-04,1274.95,376,261,0.0,0.0,0,0,NONE,,1434.9025,-0.1114727307256067,0,421.0,422.75,-18.3,1424.64,1434.9025,3.397886122842228,0.0,0.0,32,0,0
S0001,Beverages,2025-08-11,1271.07,383,242,0.0,0.0,0,0,NONE,,1376.2725,-0.0764401671907272,0,376.0,404.25,-18.699999999999978,1274.95,1376.2725,3.4069977954190604,0.0,0.0,33,0,0
S0001,Beverages,2025-08-18,1451.29,444,251,0.0,0.0,0,0,NONE,,1306.8474999999999,0.11052743338453808,0,383.0,385.5,1.8000000000000236,1271.07,1306.8474999999999,3.391279480461303,0.0,0.0,34,0,0
S0001,Breakfast & Cereal,2025-06-30,1380.12,307,245,0.0,0.0,0,0,NONE,,,,0,,393.3333333333333,,,1323.5533333333333,3.364496029197023,0.0,0.0,27,0,0
S0001,Breakfast & Cereal,2025-07-07,1733.56,374,271,0.0,0.0,0,0,NONE,,1380.12,0.25609367301394087,0,307.0,355.3333333333333,,1380.12,1308.7133333333334,3.735016660236815,0.0,0.0,28,0,0
S0001,Breakfast & Cereal,2025-07-14,1300.92,287,223,0.0,0.0,0,0,NONE,,1556.84,-0.1643842655635774,0,374.0,354.6666666666667,,1733.56,1461.5833333333333,4.14980422613358,0.0,0.0,29,0,0
S0001,Breakfast & Cereal,2025-07-21,1555.76,339,257,0.0,0.0,0,0,NONE,,1471.5333333333335,0.05723734879717287,0,287.0,322.6666666666667,,1300.92,1471.5333333333335,4.554504783806817,0.0,0.0,30,0,0
S0001,Breakfast & Cereal,2025-07-28,1170.68,258,212,0.0,0.0,0,0,NONE,,1492.5900000000001,-0.21567208677533686,0,339.0,326.75,0.8999999999999926,1555.76,1492.59,4.5631942220734025,0.0,0.0,31,0,0
S0001,Breakfast & Cereal,2025-08-04,1248.3,268,213,0.0,0.0,0,0,NONE,,1440.23,-0.1332634370899093,0,258.0,314.5,-29.599999999999994,1170.68,1440.23,4.573697845536271,0.0,0.0,32,0,0
S0001,Breakfast & Cereal,2025-08-11,1515.94,332,261,0.0,0.0,0,0,NONE,,1318.9150000000002,0.14938415288324103,0,268.0,288.0,-13.799999999999983,1248.3,1318.915,4.579360009316302,0.0,0.0,33,0,0
S0001,Breakfast & Cereal,2025-08-18,1534.16,332,273,0.0,0.0,0,0,NONE,,1372.67,0.11764663028987302,0,332.0,299.25,-1.1000000000000054,1515.94,1372.67,4.58767551874076,0.0,0.0,34,0,0
S0001,Candy,2025-06-30,661.34,268,195,0.0,0.0,0,0,NONE,,,,0,,286.0,,,1311.64,4.587146512696627,0.0,0.0,27,0,0
S0001,Candy,2025-07-07,817.43,326,252,0.0,0.0,0,0,NONE,,661.34,0.23602080624187244,0,268.0,289.3333333333333,,661.34,1141.86,3.8972022418030328,0.0,0.0,28,0,0
S0001,Candy,2025-07-14,803.22,321,249,0.0,0.0,0,0,NONE,,739.385,0.08633526511898407,0,326.0,308.6666666666667,,817.43,998.2366666666667,3.180408297414546,0.0,0.0,29,0,0
S0001,Candy,2025-07-21,700.2,305,228,0.0,0.0,0,0,NONE,,760.6633333333333,-0.07948764017370794,0,321.0,305.0,,803.22,760.6633333333333,2.492461181849482,0.0,0.0,30,0,0
S0001,Candy,2025-07-28,674.96,283,231,0.0,0.0,0,0,NONE,,745.5474999999999,-0.09467874280310762,0,305.0,305.0,10.600000000000016,700.2,745.5475,2.44328031261662,0.0,0.0,31,0,0
S0001,Candy,2025-08-04,833.82,329,249,0.0,0.0,0,0,NONE,,748.9525000000001,0.11331492985202658,0,283.0,308.75,-14.49999999999997,674.96,748.9525,2.4226130877867056,0.0,0.0,32,0,0
S0001,Candy,2025-08-11,699.99,289,221,0.0,0.0,0,0,NONE,,753.0500000000001,-0.07046012880950807,0,329.0,309.5,0.200000000000001,833.82,753.0500000000001,2.4293514145623973,0.0,0.0,33,0,0
S0001,Candy,2025-08-18,734.8,311,225,0.0,0.0,0,0,NONE,,727.2425000000001,0.010391994417267817,0,289.0,301.5,-0.1999999999999832,699.99,727.2425000000001,2.4093183485597454,0.0,0.0,34,0,0
S0001,Condiments/Sauces/Spices,2025-06-30,814.98,235,177,0.0,0.0,0,0,NONE,,,,0,,300.3333333333333,,,736.2566666666667,2.447178563106983,0.0,0.0,27,0,0
S0001,Condiments/Sauces/Spices,2025-07-07,1101.74,291,230,0.0,0.0,0,0,NONE,,814.98,0.35186139537166555,0,235.0,284.3333333333333,,814.98,782.93,2.808172673825475,0.0,0.0,28,0,0
S0001,Condiments/Sauces/Spices,2025-07-14,1037.6,292,222,0.0,0.0,0,0,NONE,,958.36,0.08268291664927574,0,291.0,271.6666666666667,,1101.74,872.2366666666667,3.225386278869745,0.0,0.0,29,0,0
S0001,Condiments/Sauces/Spices,2025-07-21,1265.75,358,271,0.0,0.0,0,0,NONE,,984.7733333333332,0.2853211568144279,0,292.0,272.6666666666667,,1037.6,984.7733333333334,3.6024909224999604,0.0,0.0,30,0,0
S0001,Condiments/Sauces/Spices,2025-07-28,959.83,266,198,0.0,0.0,0,0,NONE,,1055.0175,-0.09022362188304923,0,358.0,294.0,37.0,1265.75,1055.0175,3.5857718231598867,0.0,0.0,31,0,0
S0001,Condiments/Sauces/Spices,2025-08-04,1186.8,339,247,0.0,0.0,0,0,NONE,,1091.23,0.08758007019601728,0,266.0,301.75,-0.8999999999999894,959.83,1091.23,3.6208676878215407,0.0,0.0,32,0,0
S0001,Condiments/Sauces/Spices,2025-08-11,1061.31,287,231,0.0,0.0,0,0,NONE,,1112.495,-0.046009195546946234,0,339.0,313.75,4.9,1186.8,1112.495,3.549576899268185,0.0,0.0,33,0,0
S0001,Condiments/Sauces/Spices,2025-08-18,994.9399999999999,275,207,0.0,0.0,0,0,NONE,,1118.4225000000001,-0.11040773947233731,0,287.0,312.5,-14.000000000000018,1061.31,1118.4225000000001,3.5857067976023935,0.0,0.0,34,0,0
S0001,Dairy & Eggs,2025-06-30,2759.17,775,507,0.0,0.0,0,0,NONE,,,,0,,297.3333333333333,,,1069.3133333333335,3.602404221756636,0.0,0.0,27,0,0
S0001,Dairy & Eggs,2025-07-07,2891.67,817,561,0.0,0.0,0,0,NONE,,2759.17,0.04802168768144043,0,775.0,467.0,,2759.17,1669.0933333333335,3.586349520487334,0.0,0.0,28,0,0
S0001,Dairy & Eggs,2025-07-14,2997.91,843,559,0.0,0.0,0,0,NONE,,2825.42,0.06104933071897268,0,817.0,626.3333333333334,,2891.67,2237.383333333333,3.5991797902345564,0.0,0.0,29,0,0
S0001,Dairy & Eggs,2025-07-21,3138.69,891,593,0.0,0.0,0,0,NONE,,2882.9166666666665,0.08872033530857068,0,843.0,811.6666666666666,,2997.91,2882.9166666666665,3.5519449134119703,0.0,0.0,30,0,0
S0001,Dairy & Eggs,2025-07-28,2603.93,767,528,0.0,0.0,0,0,NONE,,2946.86,-0.11637132405339931,0,891.0,831.5,37.40000000000004,3138.69,2946.86,3.544623668223961,0.0,0.0,31,0,0
S0001,Dairy & Eggs,2025-08-04,2924.04,811,530,0.0,0.0,0,0,NONE,,2908.05,0.005498529942745063,0,767.0,829.5,-10.199999999999957,2603.93,2908.05,3.5033074214308417,0.0,0.0,32,0,0
S0001,Dairy & Eggs,2025-08-11,3187.57,881,606,0.0,0.0,0,0,NONE,,2916.1425,0.09307758451447426,0,811.0,828.0,-21.999999999999954,2924.04,2916.1425,3.5198321608235554,0.0,0.0,33,0,0
S0001,Dairy & Eggs,2025-08-18,2961.61,844,566,0.0,0.0,0,0,NONE,,2963.5575,-0.0006571493888678602,0,881.0,837.5,1.399999999999957,3187.57,2963.5575,3.5353040377885594,0.0,0.0,34,0,0
S0001,Deli,2025-06-30,1701.14,280,216,0.0,0.0,0,0,NONE,,,,0,,819.6666666666666,,,2905.18,3.5395187394981016,0.0,0.0,27,0,0
S0001,Deli,2025-07-07,1956.21,321,247,0.0,0.0,0,0,NONE,,1701.14,0.14994062804942562,0,280.0,657.3333333333334,,1701.14,2604.25,4.433033950276024,0.0,0.0,28,0,0
S0001,Deli,2025-07-14,1663.74,280,208,0.0,0.0,0,0,NONE,,1828.6750000000002,-0.09019371949635674,0,321.0,494.0,,1956.21,2281.6400000000003,5.26257975926535,0.0,0.0,29,0,0
S0001,Deli,2025-07-21,1870.42,307,226,0.0,0.0,0,0,NONE,,1773.6966666666667,0.0545320601606062,0,280.0,293.6666666666667,,1663.74,1773.6966666666667,6.037180240320428,0.0,0.0,30,0,0
S0001,Deli,2025-07-28,1975.12,318,225,0.0,0.0,0,0,NONE,,1797.8775,0.09858430287936738,0,307.0,297.0,4.000000000000008,1870.42,1797.8775,6.051028502715891,0.0,0.0,31,0,0
S0001,Deli,2025-08-04,1790.34,296,219,0.0,0.0,0,0,NONE,,1866.3725,-0.040738116319223534,0,318.0,306.5,1.7999999999999965,1975.12,1866.3725,6.084920798313375,0.0,0.0,32,0,0
S0001,Deli,2025-08-11,1947.03,326,247,0.0,0.0,0,0,NONE,,1824.905,0.06692129179327143,0,296.0,300.25,5.900000000000022,1790.34,1824.905,6.073504247416683,0.0,0.0,33,0,0
S0001,Deli,2025-08-18,1607.78,273,210,0.0,0.0,0,0,NONE,,1895.7275,-0.1518928748989504,0,326.0,311.75,3.4999999999999916,1947.03,1895.7275,6.081143270203713,0.0,0.0,34,0,0
S0001,Frozen Foods,2025-06-30,1731.94,249,187,0.0,0.0,0,0,NONE,,,,0,,313.3333333333333,,,1904.1633333333332,6.077333263637523,0.0,0.0,27,0,0
S0001,Frozen Foods,2025-07-07,2047.74,303,220,0.0,0.0,0,0,NONE,,1731.94,0.18233888009977248,0,249.0,290.3333333333333,,1731.94,1823.1033333333332,6.325504312613301,0.0,0.0,28,0,0
S0001,Frozen Foods,2025-07-14,1910.75,263,202,0.0,0.0,0,0,NONE,,1889.8400000000001,0.011064428734707622,0,303.0,292.6666666666667,,2047.74,1908.9033333333334,6.562094937892045,0.0,0.0,29,0,0
S0001,Frozen Foods,2025-07-21,1973.32,297,232,0.0,0.0,0,0,NONE,,1896.8100000000002,0.04033614331430125,0,263.0,271.6666666666667,,1910.75,1896.8100000000002,6.993003092191578,0.0,0.0,30,0,0
S0001,Frozen Foods,2025-07-28,1619.57,246,212,0.0,0.0,0,0,NONE,,1915.9375,-0.15468536943402383,0,297.0,278.0,10.40000000000001,1973.32,1915.9375,6.905796090187454,0.0,0.0,31,0,0
S0001,Frozen Foods,2025-08-04,1954.54,284,214,0.0,0.0,0,0,NONE,,1887.8449999999998,0.035328641917106635,0,246.0,277.25,-13.7,1619.57,1887.8449999999998,6.812804979402852,0.0,0.0,32,0,0
S0001,Frozen Foods,2025-08-11,2068.22,305,231,0.0,0.0,0,0,NONE,,1864.5449999999998,0.10923576529394569,0,284.0,272.5,1.2000000000000284,1954.54,1864.5449999999998,6.843796298605195,0.0,0.0,33,0,0
S0001,Frozen Foods,2025-08-18,1875.98,284,211,0.0,0.0,0,0,NONE,,1903.9125,-0.014671104895839431,0,305.0,283.0,6.200000000000021,2068.22,1903.9125,6.7227563123183405,0.0,0.0,34,0,0
S0001,Grains and Pasta,2025-06-30,323.43,126,98,0.0,0.0,0,0,NONE,,,,0,,278.3333333333333,,,1880.7766666666666,6.748950055032759,0.0,0.0,27,0,0
S0001,Grains and Pasta,2025-07-07,416.71999999999997,157,120,0.0,0.0,0,0,NONE,,323.43,0.28843953869461697,0,126.0,238.33333333333334,,323.43,1448.7300000000002,5.4100456802747265,0.0,0.0,28,0,0
S0001,Grains and Pasta,2025-07-14,276.24,103,88,0.0,0.0,0,0,NONE,,370.075,-0.25355671147740316,0,157.0,196.0,,416.71999999999997,936.1233333333334,4.000740486052066,0.0,0.0,29,0,0
S0001,Grains and Pasta,2025-07-21,243.41,96,76,0.0,0.0,0,0,NONE,,338.7966666666667,-0.2815454697507847,0,103.0,128.66666666666666,,276.24,338.7966666666667,2.634371341800381,0.0,0.0,30,0,0
S0001,Grains and Pasta,2025-07-28,316.3,125,102,0.0,0.0,0,0,NONE,,314.95,0.004286394665820044,0,96.0,120.5,-14.400000000000006,243.41,314.95,2.6096587146836194,0.0,0.0,31,0,0
S0001,Grains and Pasta,2025-08-04,227.37,92,72,0.0,0.0,0,0,NONE,,313.1675,-0.27396680690046066,0,125.0,120.25,-10.300000000000004,316.3,313.1675,2.600532524207429,0.0,0.0,32,0,0
S0001,Grains and Pasta,2025-08-11,303.04,120,106,0.0,0.0,0,0,NONE,,265.83000000000004,0.13997667682353374,0,92.0,104.0,-0.40000000000000135,227.37,265.83000000000004,2.5548189060961026,0.0,0.0,33,0,0
S0001,Grains and Pasta,2025-08-18,310.7,120,83,0.0,0.0,0,0,NONE,,272.53000000000003,0.14005797526877758,0,120.0,108.25,3.900000000000009,303.04,272.53000000000003,2.5156668025362316,0.0,0.0,34,0,0
S0001,Meat and Seafood,2025-06-30,2637.53,284,206,0.0,0.0,0,0,NONE,,,,0,,112.33333333333333,,,282.23666666666674,2.5090487922705313,0.0,0.0,27,0,0
S0001,Meat and Seafood,2025-07-07,2562.93,281,211,0.0,0.0,0,0,NONE,,2637.53,-0.028284038475391887,0,284.0,165.33333333333334,,2637.53,1055.9800000000002,4.761274613866775,0.0,0.0,28,0,0
S0001,Meat and Seafood,2025-07-14,2398.35,264,217,0.0,0.0,0,0,NONE,,2600.23,-0.07763928575549091,0,281.0,228.33333333333334,,2562.93,1834.5,6.977719376360973,0.0,0.0,29,0,0
S0001,Meat and Seafood,2025-07-21,2718.35,294,217,0.0,0.0,0,0,NONE,,2532.9366666666665,0.07320093540962339,0,264.0,276.3333333333333,,2398.35,2532.9366666666665,9.164161295552892,0.0,0.0,30,0,0
S0001,Meat and Seafood,2025-07-28,2466.45,272,221,0.0,0.0,0,0,NONE,,2579.29,-0.043748473417103216,0,294.0,280.75,1.300000000000036,2718.35,2579.29,9.184643080508206,0.0,0.0,31,0,0
S0001,Meat and Seafood,2025-08-04,3055.6,336,246,0.0,0.0,0,0,NONE,,2536.5199999999995,0.20464258117420736,0,272.0,277.75,0.30000000000002014,2466.45,2536.5199999999995,9.129831434899259,0.0,0.0,32,0,0
S0001,Meat and Seafood,2025-08-11,2283.82,249,196,0.0,0.0,0,0,NONE,,2659.6875,-0.1413201738926095,0,336.0,291.5,19.400000000000002,3055.6,2659.6875,9.12315650692095,0.0,0.0,33,0,0
S0001,Meat and Seafood,2025-08-18,2860.88,311,233,0.0,0.0,0,0,NONE,,2631.055,0.0873508915625102,0,249.0,287.75,-7.0999999999999694,2283.82,2631.055,9.144983702065163,0.0,0.0,34,0,0
S0001,Pet Food,2025-06-30,2055.5,263,152,0.0,0.0,0,0,NONE,,,,0,,285.6666666666667,,,2601.9566666666665,9.111282124295501,0.0,0.0,27,0,0
S0001,Pet Food,2025-07-07,2034.25,268,183,0.0,0.0,0,0,NONE,,2055.5,-0.010338117246412065,0,263.0,282.6666666666667,,2055.5,2464.9733333333334,8.693868281381908,0.0,0.0,28,0,0
S0001,Pet Food,2025-07-14,2500.46,341,218,0.0,0.0,0,0,NONE,,2044.875,0.22279356928907637,0,268.0,260.0,,2034.25,2124.523333333333,8.192680766574991,0.0,0.0,29,0,0
S0001,Pet Food,2025-07-21,2929.07,374,226,0.0,0.0,0,0,NONE,,2196.7366666666667,0.33337329159465334,0,341.0,290.6666666666667,,2500.46,2196.7366666666667,7.579600566988769,0.0,0.0,30,0,0
S0001,Pet Food,2025-07-28,2234.19,308,192,0.0,0.0,0,0,NONE,,2379.82,-0.061193703725491884,0,374.0,311.5,40.60000000000003,2929.07,2379.82,7.642634917220185,0.0,0.0,31,0,0
S0001,Pet Food,2025-08-04,2544.76,332,186,0.0,0.0,0,0,NONE,,2424.4925000000003,0.049605226660837234,0,308.0,322.75,15.300000000000006,2234.19,2424.4925000000003,7.502203487908053,0.0,0.0,32,0,0
S0001,Pet Food,2025-08-11,2657.69,356,213,0.0,0.0,0,0,NONE,,2552.1200000000003,0.04136560976756567,0,332.0,338.75,-9.299999999999985,2544.76,2552.12,7.520817159010373,0.0,0.0,33,0,0
S0001,Pet Food,2025-08-18,2843.54,371,236,0.0,0.0,0,0,NONE,,2591.4275000000002,0.09728711299081287,0,356.0,342.5,-2.9999999999999973,2657.69,2591.4275000000002,7.553990677907207,0.0,0.0,34,0,0
S0001,Prepared Meals,2025-06-30,2343.74,282,222,0.0,0.0,0,0,NONE,,,,0,,332.0,,,2478.8800000000006,7.461408247904796,0.0,0.0,27,0,0
S0001,Prepared Meals,2025-07-07,2694.16,321,248,0.0,0.0,0,0,NONE,,2343.74,0.1495131712561974,0,282.0,323.3333333333333,,2343.74,2515.396666666667,7.813831953041266,0.0,0.0,28,0,0
S0001,Prepared Meals,2025-07-14,2905.67,360,267,0.0,0.0,0,0,NONE,,2518.95,0.15352428591278122,0,321.0,319.6666666666667,,2694.16,2565.1966666666667,8.056525968980411,0.0,0.0,29,0,0
S0001,Prepared Meals,2025-07-21,3103.06,374,272,0.0,0.0,0,0,NONE,,2647.8566666666666,0.17191388758454954,0,360.0,321.0,,2905.67,2647.8566666666666,8.258487371394061,0.0,0.0,30,0,0
S0001,Prepared Meals,2025-07-28,2706.97,334,262,0.0,0.0,0,0,NONE,,2761.6575,-0.01980241938039022,0,374.0,334.25,31.499999999999986,3103.06,2761.6575,8.268103496459984,0.0,0.0,31,0,0
S0001,Prepared Meals,2025-08-04,3001.7400000000002,361,270,0.0,0.0,0,0,NONE,,2852.4649999999997,0.05233193045313459,0,334.0,347.25,5.2999999999999785,2706.97,2852.4649999999997,8.216494958217321,0.0,0.0,32,0,0
S0001,Prepared Meals,2025-08-11,3438.49,411,289,0.0,0.0,0,0,NONE,,2929.3599999999997,0.1738024687986455,0,361.0,357.25,-3.7000000000000153,3001.7400000000002,2929.3599999999997,8.197006819523317,0.0,0.0,33,0,0
S0001,Prepared Meals,2025-08-18,2776.03,348,262,0.0,0.0,0,0,NONE,,3062.565,-0.09356046320649516,0,411.0,370.0,13.800000000000017,3438.49,3062.5649999999996,8.270719360074818,0.0,0.0,34,0,0
S0001,Snacks/Cookies/Chips,2025-06-30,3132.8,998,535,0.0,0.0,0,0,NONE,,,,0,,368.6666666666667,,,3049.066666666666,8.261975189547172,0.0,0.0,27,0,0
S0001,Snacks/Cookies/Chips,2025-07-07,3564.95,1151,622,0.0,0.0,0,0,NONE,,3132.8,0.13794369254341152,0,998.0,590.0,,3132.8,3191.01,6.606767708717247,0.0,0.0,28,0,0
S0001,Snacks/Cookies/Chips,2025-07-14,3208.73,1042,574,0.0,0.0,0,0,NONE,,3348.875,-0.04184838191930125,0,1151.0,853.3333333333334,,3564.95,3378.7466666666664,4.8674990411408565,0.0,0.0,29,0,0
S0001,Snacks/Cookies/Chips,2025-07-21,3477.73,1119,635,0.0,0.0,0,0,NONE,,3302.16,0.05316822928022875,0,1042.0,1063.6666666666667,,3208.73,3302.16,3.1052455997117008,0.0,0.0,30,0,0
S0001,Snacks/Cookies/Chips,2025-07-28,3628.78,1162,605,0.0,0.0,0,0,NONE,,3346.0525,0.08449583501753198,0,1119.0,1077.5,25.40000000000009,3477.73,3346.0525,3.1059069433047766,0.0,0.0,31,0,0
S0001,Snacks/Cookies/Chips,2025-08-04,3752.39,1199,634,0.0,0.0,0,0,NONE,,3470.0475,0.08136560090315759,0,1162.0,1118.5,11.000000000000108,3628.78,3470.0475,3.101855992866896,0.0,0.0,32,0,0
S0001,Snacks/Cookies/Chips,2025-08-11,3403.67,1102,613,0.0,0.0,0,0,NONE,,3516.9075,-0.032198031935727546,0,1199.0,1130.5,51.40000000000006,3752.39,3516.9075000000003,3.1099400971269615,0.0,0.0,33,0,0
S0001,Snacks/Cookies/Chips,2025-08-18,3846.24,1230,630,0.0,0.0,0,0,NONE,,3565.6425,0.07869479343484376,0,1102.0,1145.5,-1.3999999999999957,3403.67,3565.6425,3.112248689774774,0.0,0.0,34,0,0
S0002,Alcohol,2025-06-30,2254.75,188,127,0.0,0.0,0,0,NONE,,,,0,,1154.3333333333333,,,3594.9466666666667,3.113701261671697,0.0,0.0,27,0,0
S0002,Alcohol,2025-07-07,2669.7400000000002,224,148,0.0,0.0,0,0,NONE,,2254.75,0.18405144694533773,0,188.0,829.6666666666666,,2254.75,3136.936666666667,6.070526831427926,0.0,0.0,28,0,0
S0002,Alcohol,2025-07-14,2780.88,228,149,0.0,0.0,0,0,NONE,,2462.245,0.1294083245168536,0,224.0,504.6666666666667,,2669.7400000000002,2776.0533333333333,9.000154323584088,0.0,0.0,29,0,0
S0002,Alcohol,2025-07-21,2828.34,230,157,0.0,0.0,0,0,NONE,,2568.4566666666665,0.10118268168822536,0,228.0,213.33333333333334,,2780.88,2568.456666666667,12.036225103983362,0.0,0.0,30,0,0
S0002,Alcohol,2025-07-28,2568.15,210,159,0.0,0.0,0,0,NONE,,2633.4275,-0.02478803764295759,0,230.0,217.5,12.999999999999996,2828.34,2633.4275000000002,12.101451436683174,0.0,0.0,31,0,0
S0002,Alcohol,2025-08-04,2822.37,234,154,0.0,0.0,0,0,NONE,,2711.7775,0.04078229131999205,0,210.0,223.0,-4.000000000000015,2568.15,2711.7775,12.160435099297155,0.0,0.0,32,0,0
S0002,Alcohol,2025-08-11,2795.23,224,139,0.0,0.0,0,0,NONE,,2749.9350000000004,0.01647129841250779,0,234.0,225.5,-0.2000000000000084,2822.37,2749.9350000000004,12.196167127685435,0.0,0.0,33,0,0
S0002,Alcohol,2025-08-18,3448.7,274,177,0.0,0.0,0,0,NONE,,2753.5225,0.2524684290758473,0,224.0,224.5,0.5999999999999908,2795.23,2753.5225,12.26663294065536,0.0,0.0,34,0,0
S0002,Bakery,2025-06-30,76.07,20,17,0.0,0.0,0,0,NONE,,,,0,,222.66666666666666,,,2728.5833333333335,12.256467109279606,0.0,0.0,27,0,0
S0002,Bakery,2025-07-07,135.81,35,29,0.0,0.0,0,0,NONE,,76.07,0.7853293019587224,0,20.0,159.33333333333334,,76.07,1897.89,9.44787187118437,0.0,0.0,28,0,0
S0002,Bakery,2025-07-14,108.06,28,24,0.0,0.0,0,0,NONE,,105.94,0.020011327166320602,0,35.0,93.0,,135.81,1002.37,6.720830357142856,0.0,0.0,29,0,0
S0002,Bakery,2025-07-21,139.97,37,27,0.0,0.0,0,0,NONE,,106.64666666666666,0.312464837156967,0,28.0,27.666666666666668,,108.06,106.64666666666666,3.847690476190475,0.0,0.0,30,0,0
S0002,Bakery,2025-07-28,136.2,34,24,0.0,0.0,0,0,NONE,,114.97749999999999,0.18457959165923765,0,37.0,30.0,4.400000000000004,139.97,114.97749999999999,3.8315111003860993,0.0,0.0,31,0,0
S0002,Bakery,2025-08-04,79.3,21,20,0.0,0.0,0,0,NONE,,130.01,-0.39004691946773323,0,34.0,33.5,0.6000000000000045,136.2,130.01,3.8821066886213935,0.0,0.0,32,0,0
S0002,Bakery,2025-08-11,114.97,29,26,0.0,0.0,0,0,NONE,,115.88250000000001,-0.00787435548939666,0,21.0,30.0,-2.3999999999999972,79.3,115.8825,3.856082879097584,0.0,0.0,33,0,0
S0002,Bakery,2025-08-18,100.46,22,16,0.0,0.0,0,0,NONE,,117.60999999999999,-0.14582093359408208,0,29.0,30.25,-3.7000000000000006,114.97,117.61,3.8823821401813277,0.0,0.0,34,0,0
S0002,Baking,2025-06-30,308.06,80,64,0.0,0.0,0,0,NONE,,,,0,,28.0,,,110.15666666666668,3.9155185292507793,0.0,0.0,27,0,0
S0002,Baking,2025-07-07,293.28000000000003,78,59,0.0,0.0,0,0,NONE,,308.06,-0.047977666688307385,0,80.0,43.333333333333336,,308.06,167.44333333333336,3.8638077449370543,0.0,0.0,28,0,0
S0002,Baking,2025-07-14,280.93,74,61,0.0,0.0,0,0,NONE,,300.67,-0.06565337413110722,0,78.0,62.333333333333336,,293.28000000000003,238.76999999999998,3.8584109195402285,0.0,0.0,29,0,0
S0002,Baking,2025-07-21,346.67,94,77,0.0,0.0,0,0,NONE,,294.09,0.17878880614777803,0,74.0,77.33333333333333,,280.93,294.09,3.802367117117116,0.0,0.0,30,0,0
S0002,Baking,2025-07-28,282.77,73,62,0.0,0.0,0,0,NONE,,307.235,-0.07962959949224545,0,94.0,81.5,3.799999999999999,346.67,307.235,3.773770018688901,0.0,0.0,31,0,0
S0002,Baking,2025-08-04,331.38,85,63,0.0,0.0,0,0,NONE,,300.9125,0.10125036347775507,0,73.0,79.75,0.4999999999999971,282.77,300.9125,3.779472929647805,0.0,0.0,32,0,0
S0002,Baking,2025-08-11,350.98,91,71,0.0,0.0,0,0,NONE,,310.4375,0.13059794644654726,0,85.0,81.5,1.2000000000000022,331.38,310.4375,3.8141199884713344,0.0,0.0,33,0,0
S0002,Baking,2025-08-18,345.4,86,64,0.0,0.0,0,0,NONE,,327.95000000000005,0.053209330690653846,0,91.0,85.75,0.299999999999993,350.98,327.95,3.8292629198642656,0.0,0.0,34,0,0
S0002,Beverages,2025-06-30,373.40999999999997,114,66,0.0,0.0,0,0,NONE,,,,0,,83.0,,,321.71,3.8763576520176026,0.0,0.0,27,0,0
S0002,Beverages,2025-07-07,431.75,125,78,0.0,0.0,0,0,NONE,,373.40999999999997,0.15623577301089964,0,114.0,96.66666666666667,,373.40999999999997,351.92333333333335,3.6770125426688884,0.0,0.0,28,0,0
S0002,Beverages,2025-07-14,396.51,120,74,0.0,0.0,0,0,NONE,,402.58,-0.015077748522032872,0,125.0,110.0,,431.75,385.38000000000005,3.5288164642375164,0.0,0.0,29,0,0
S0002,Beverages,2025-07-21,432.17,120,65,0.0,0.0,0,0,NONE,,400.5566666666667,0.07892349813176665,0,120.0,119.66666666666667,,396.51,400.5566666666667,3.344592105263157,0.0,0.0,30,0,0
S0002,Beverages,2025-07-28,464.65,132,77,0.0,0.0,0,0,NONE,,408.46000000000004,0.13756548988885064,0,120.0,119.75,1.3000000000000118,432.17,408.46000000000004,3.408798245614034,0.0,0.0,31,0,0
S0002,Beverages,2025-08-04,380.39,119,68,0.0,0.0,0,0,NONE,,431.27,-0.11797713729218355,0,132.0,124.25,2.1000000000000014,464.65,431.27,3.4699356060606052,0.0,0.0,32,0,0
S0002,Beverages,2025-08-11,356.09,111,73,0.0,0.0,0,0,NONE,,418.42999999999995,-0.14898549339196515,0,119.0,122.75,0.9000000000000051,380.39,418.42999999999995,3.40557426152279,0.0,0.0,33,0,0
S0002,Beverages,2025-08-18,305.09000000000003,93,51,0.0,0.0,0,0,NONE,,408.325,-0.2528255678687319,0,111.0,120.5,-3.999999999999991,356.09,408.325,3.3815162660272944,0.0,0.0,34,0,0
S0002,Breakfast & Cereal,2025-06-30,451.47,99,67,0.0,0.0,0,0,NONE,,,,0,,120.66666666666667,,,400.3766666666667,3.308216132480837,0.0,0.0,27,0,0
S0002,Breakfast & Cereal,2025-07-07,457.26,96,73,0.0,0.0,0,0,NONE,,451.47,0.012824772410126837,0,99.0,109.66666666666667,,451.47,395.98333333333335,3.6549585567232614,0.0,0.0,28,0,0
S0002,Breakfast & Cereal,2025-07-14,454.43,101,74,0.0,0.0,0,0,NONE,,454.365,0.00014305679354703317,0,96.0,102.0,,457.26,421.6066666666666,4.177148682773681,0.0,0.0,29,0,0
S0002,Breakfast & Cereal,2025-07-21,344.54,77,54,0.0,0.0,0,0,NONE,,454.3866666666667,-0.24174711699286955,0,101.0,98.66666666666667,,454.43,454.3866666666667,4.607578320332032,0.0,0.0,30,0,0
S0002,Breakfast & Cereal,2025-07-28,332.34,73,55,0.0,0.0,0,0,NONE,,426.925,-0.22154945247994387,0,77.0,93.25,-6.100000000000004,344.54,426.925,4.574320103885388,0.0,0.0,31,0,0
S0002,Breakfast & Cereal,2025-08-04,459.21,99,70,0.0,0.0,0,0,NONE,,397.1425,0.15628521248670188,0,73.0,86.75,-9.299999999999999,332.34,397.14250000000004,4.572395031241137,0.0,0.0,32,0,0
S0002,Breakfast & Cereal,2025-08-11,427.69,96,72,0.0,0.0,0,0,NONE,,397.63,0.07559791766214824,0,99.0,87.5,-0.9999999999999993,459.21,397.63,4.541234993362349,0.0,0.0,33,0,0
S0002,Breakfast & Cereal,2025-08-18,449.6,101,78,0.0,0.0,0,0,NONE,,390.945,0.15003389223548078,0,96.0,86.25,8.3,427.69,390.945,4.530184302355749,0.0,0.0,34,0,0
S0002,Candy,2025-06-30,177.61,73,60,0.0,0.0,0,0,NONE,,,,0,,89.33333333333333,,,406.41333333333336,4.54873058495918,0.0,0.0,27,0,0
S0002,Candy,2025-07-07,207.26,83,64,0.0,0.0,0,0,NONE,,177.61,0.16693879849107582,0,73.0,89.33333333333333,,177.61,354.83666666666664,3.8422009045938825,0.0,0.0,28,0,0
S0002,Candy,2025-07-14,175.81,70,56,0.0,0.0,0,0,NONE,,192.435,-0.08639280796112973,0,83.0,84.0,,207.26,270.8533333333333,3.128408766343913,0.0,0.0,29,0,0
S0002,Candy,2025-07-21,228.03,94,67,0.0,0.0,0,0,NONE,,186.89333333333335,0.22010772633231068,0,70.0,75.33333333333333,,175.81,186.89333333333335,2.4805645203121673,0.0,0.0,30,0,0
S0002,Candy,2025-07-28,240.74,102,67,0.0,0.0,0,0,NONE,,197.1775,0.22093037998757464,0,94.0,80.0,5.000000000000003,228.03,197.1775,2.4668861561915723,0.0,0.0,31,0,0
S0002,Candy,2025-08-04,260.92,106,73,0.0,0.0,0,0,NONE,,212.96,0.22520661157024796,0,102.0,87.25,8.099999999999998,240.74,212.96,2.4486817511418812,0.0,0.0,32,0,0
S0002,Candy,2025-08-11,215.8,93,73,0.0,0.0,0,0,NONE,,226.375,-0.04671452236333512,0,106.0,93.0,11.600000000000003,260.92,226.375,2.4397820011987124,0.0,0.0,33,0,0
S0002,Candy,2025-08-18,191.01,79,68,0.0,0.0,0,0,NONE,,236.3725,-0.19191107256554807,0,93.0,98.75,0.10000000000000227,215.8,236.3725,2.3919966709375755,0.0,0.0,34,0,0
S0002,Condiments/Sauces/Spices,2025-06-30,237.39,71,57,0.0,0.0,0,0,NONE,,,,0,,100.33333333333333,,,239.1533333333333,2.380711873306838,0.0,0.0,27,0,0
S0002,Condiments/Sauces/Spices,2025-07-07,317.93,86,62,0.0,0.0,0,0,NONE,,237.39,0.33927292640802065,0,71.0,90.0,,237.39,238.03666666666663,2.708486889416569,0.0,0.0,28,0,0
S0002,Condiments/Sauces/Spices,2025-07-14,312.54,88,63,0.0,0.0,0,0,NONE,,277.65999999999997,0.12562126341568847,0,86.0,83.33333333333333,,317.93,257.04,3.120270566467907,0.0,0.0,29,0,0
S0002,Condiments/Sauces/Spices,2025-07-21,340.16,95,73,0.0,0.0,0,0,NONE,,289.28666666666663,0.1758578572580833,0,88.0,81.66666666666667,,312.54,289.28666666666663,3.530657500322583,0.0,0.0,30,0,0
S0002,Condiments/Sauces/Spices,2025-07-28,349.11,95,67,0.0,0.0,0,0,NONE,,302.005,0.1559742388371054,0,95.0,85.0,7.399999999999999,340.16,302.005,3.5431510199787795,0.0,0.0,31,0,0
S0002,Condiments/Sauces/Spices,2025-08-04,313.67,89,68,0.0,0.0,0,0,NONE,,329.93500000000006,-0.04929758891902963,0,95.0,91.0,3.4000000000000004,349.11,329.93500000000006,3.625981264604428,0.0,0.0,32,0,0
S0002,Condiments/Sauces/Spices,2025-08-11,401.36,115,82,0.0,0.0,0,0,NONE,,328.87,0.22042144312342266,0,89.0,91.75,0.29999999999999394,313.67,328.87,3.5828616539433358,0.0,0.0,33,0,0
S0002,Condiments/Sauces/Spices,2025-08-18,291.21,84,69,0.0,0.0,0,0,NONE,,351.07500000000005,-0.17051911984618687,0,115.0,98.5,5.4,401.36,351.07500000000005,3.567485665801043,0.0,0.0,34,0,0
S0002,Dairy & Eggs,2025-06-30,817.84,223,156,0.0,0.0,0,0,NONE,,,,0,,99.66666666666667,,,354.71333333333337,3.563103694752268,0.0,0.0,27,0,0
S0002,Dairy & Eggs,2025-07-07,920.46,257,178,0.0,0.0,0,0,NONE,,817.84,0.12547686589063875,0,223.0,142.33333333333334,,817.84,510.95666666666665,3.560637641727329,0.0,0.0,28,0,0
S0002,Dairy & Eggs,2025-07-14,879.04,249,175,0.0,0.0,0,0,NONE,,869.1500000000001,0.011378933440717795,0,257.0,198.33333333333334,,920.46,713.2199999999999,3.5796957743145135,0.0,0.0,29,0,0
S0002,Dairy & Eggs,2025-07-21,886.95,254,167,0.0,0.0,0,0,NONE,,872.4466666666667,0.016623747774458034,0,249.0,243.0,,879.04,872.4466666666667,3.593093830306598,0.0,0.0,30,0,0
S0002,Dairy & Eggs,2025-07-28,858.78,250,159,0.0,0.0,0,0,NONE,,876.0725,-0.0197386631814148,0,254.0,245.75,8.499999999999993,886.95,876.0725,3.567802656194515,0.0,0.0,31,0,0
S0002,Dairy & Eggs,2025-08-04,865.18,237,174,0.0,0.0,0,0,NONE,,886.3074999999999,-0.023837663564846224,0,250.0,252.5,-1.5999999999999936,858.78,886.3075,3.50972166964743,0.0,0.0,32,0,0
S0002,Dairy & Eggs,2025-08-11,833.68,244,158,0.0,0.0,0,0,NONE,,872.4875,-0.044479147265720144,0,237.0,247.5,-3.9999999999999662,865.18,872.4875,3.526969695390752,0.0,0.0,33,0,0
S0002,Dairy & Eggs,2025-08-18,892.67,252,158,0.0,0.0,0,0,NONE,,861.1474999999999,0.0366052273274904,0,244.0,246.25,-4.299999999999981,833.68,861.1474999999999,3.4985797421351066,0.0,0.0,34,0,0
S0002,Deli,2025-06-30,542.11,91,64,0.0,0.0,0,0,NONE,,,,0,,243.66666666666666,,,852.5466666666665,3.500796611560719,0.0,0.0,27,0,0
S0002,Deli,2025-07-07,545.78,87,73,0.0,0.0,0,0,NONE,,542.11,0.006769843758646693,0,91.0,190.66666666666666,,542.11,746.9899999999999,4.341507527311635,0.0,0.0,28,0,0
S0002,Deli,2025-07-14,509.74,85,61,0.0,0.0,0,0,NONE,,543.9449999999999,-0.0628831959113512,0,87.0,140.66666666666666,,545.78,640.5233333333333,5.215769130687162,0.0,0.0,29,0,0
S0002,Deli,2025-07-21,540.08,90,67,0.0,0.0,0,0,NONE,,532.5433333333333,0.014152212965455232,0,85.0,87.66666666666667,,509.74,532.5433333333333,6.075842419018888,0.0,0.0,30,0,0
S0002,Deli,2025-07-28,516.77,87,70,0.0,0.0,0,0,NONE,,534.4275,-0.033040028815882465,0,90.0,88.25,-0.49999999999999567,540.08,534.4275,6.057104036486389,0.0,0.0,31,0,0
S0002,Deli,2025-08-04,500.0,84,63,0.0,0.0,0,0,NONE,,528.0925,-0.05319617301893129,0,87.0,87.25,0.5000000000000034,516.77,528.0925,6.052762114041018,0.0,0.0,32,0,0
S0002,Deli,2025-08-11,472.26,82,65,0.0,0.0,0,0,NONE,,516.6475,-0.08591447747255149,0,84.0,86.5,-0.6000000000000091,500.0,516.6475,5.972524018802922,0.0,0.0,33,0,0
S0002,Deli,2025-08-18,520.46,87,66,0.0,0.0,0,0,NONE,,507.2775,0.025986762669347768,0,82.0,85.75,-2.6999999999999966,472.26,507.2774999999999,5.913105797856008,0.0,0.0,34,0,0
S0002,Frozen Foods,2025-06-30,604.02,88,71,0.0,0.0,0,0,NONE,,,,0,,84.33333333333333,,,496.34333333333325,5.883844767511714,0.0,0.0,27,0,0
S0002,Frozen Foods,2025-07-07,625.14,94,69,0.0,0.0,0,0,NONE,,604.02,0.03496572961160228,0,88.0,84.66666666666667,,604.02,525.4266666666666,6.191837627142504,0.0,0.0,28,0,0
S0002,Frozen Foods,2025-07-14,406.71999999999997,59,48,0.0,0.0,0,0,NONE,,614.5799999999999,-0.3382147157408311,0,94.0,88.0,,625.14,567.14,6.424519153653818,0.0,0.0,29,0,0
S0002,Frozen Foods,2025-07-21,503.97,75,52,0.0,0.0,0,0,NONE,,545.2933333333333,-0.0757818421889135,0,59.0,80.33333333333333,,406.71999999999997,545.2933333333333,6.802616163437475,0.0,0.0,30,0,0
S0002,Frozen Foods,2025-07-28,573.25,83,67,0.0,0.0,0,0,NONE,,534.9625,0.07157043718017622,0,75.0,79.0,-7.399999999999994,503.97,534.9625,6.781862122578106,0.0,0.0,31,0,0
S0002,Frozen Foods,2025-08-04,454.98,65,55,0.0,0.0,0,0,NONE,,527.27,-0.13710243328844798,0,83.0,77.75,-1.700000000000009,573.25,527.27,6.792552839993221,0.0,0.0,32,0,0
S0002,Frozen Foods,2025-08-11,357.25,50,42,0.0,0.0,0,0,NONE,,484.73,-0.26299176861345497,0,65.0,70.5,2.600000000000007,454.98,484.73,6.879869533937574,0.0,0.0,33,0,0
S0002,Frozen Foods,2025-08-18,458.97,68,55,0.0,0.0,0,0,NONE,,472.3625,-0.02835216597422527,0,50.0,68.25,-9.299999999999995,357.25,472.3625,6.9427297034291,0.0,0.0,34,0,0
S0002,Grains and Pasta,2025-06-30,71.86,29,22,0.0,0.0,0,0,NONE,,,,0,,66.0,,,461.82666666666665,7.0171062712387995,0.0,0.0,27,0,0
S0002,Grains and Pasta,2025-07-07,88.43,34,27,0.0,0.0,0,0,NONE,,71.86,0.23058725299192886,0,29.0,48.0,,71.86,294.69666666666666,5.540874447391688,0.0,0.0,28,0,0
S0002,Grains and Pasta,2025-07-14,110.24,43,30,0.0,0.0,0,0,NONE,,80.14500000000001,0.3755068937550687,0,34.0,37.666666666666664,,88.43,172.51333333333332,4.074604462474643,0.0,0.0,29,0,0
S0002,Grains and Pasta,2025-07-21,56.76,20,18,0.0,0.0,0,0,NONE,,90.17666666666668,-0.37056888330314575,0,43.0,35.333333333333336,,110.24,90.17666666666666,2.54751143921883,0.0,0.0,30,0,0
S0002,Grains and Pasta,2025-07-28,86.89,34,32,0.0,0.0,0,0,NONE,,81.8225,0.06193284243331596,0,20.0,31.5,-1.8000000000000012,56.76,81.8225,2.6201335794141225,0.0,0.0,31,0,0
S0002,Grains and Pasta,2025-08-04,106.68,41,33,0.0,0.0,0,0,NONE,,85.58,0.24655293292825436,0,34.0,32.75,-2.3000000000000003,86.89,85.58,2.639547879616962,0.0,0.0,32,0,0
S0002,Grains and Pasta,2025-08-11,87.25,33,26,0.0,0.0,0,0,NONE,,90.1425,-0.0320880827578556,0,41.0,34.5,0.7999999999999994,106.68,90.1425,2.639815096259717,0.0,0.0,33,0,0
S0002,Grains and Pasta,2025-08-18,101.73,38,23,0.0,0.0,0,0,NONE,,84.39500000000001,0.20540316369453157,0,33.0,32.0,4.6,87.25,84.39500000000001,2.659869712186426,0.0,0.0,34,0,0
S0002,Meat and Seafood,2025-06-30,597.1,66,50,0.0,0.0,0,0,NONE,,,,0,,36.0,,,93.60666666666668,2.600492949581901,0.0,0.0,27,0,0
S0002,Meat and Seafood,2025-07-07,677.6800000000001,76,61,0.0,0.0,0,0,NONE,,597.1,0.13495226930162457,0,66.0,46.666666666666664,,597.1,263.6766666666667,4.764286770140427,0.0,0.0,28,0,0
S0002,Meat and Seafood,2025-07-14,850.03,98,71,0.0,0.0,0,0,NONE,,637.3900000000001,0.333610505342098,0,76.0,58.333333333333336,,677.6800000000001,454.01000000000005,6.869250398724081,0.0,0.0,29,0,0
S0002,Meat and Seafood,2025-07-21,901.84,101,80,0.0,0.0,0,0,NONE,,708.2700000000001,0.27329973032882926,0,98.0,80.0,,850.03,708.2700000000001,8.879195770812311,0.0,0.0,30,0,0
S0002,Meat and Seafood,2025-07-28,920.11,97,75,0.0,0.0,0,0,NONE,,756.6625000000001,0.21601110138271667,0,101.0,85.25,12.7,901.84,756.6625,8.891674055832006,0.0,0.0,31,0,0
S0002,Meat and Seafood,2025-08-04,650.61,75,57,0.0,0.0,0,0,NONE,,837.4150000000001,-0.2230733865526651,0,97.0,93.0,6.600000000000011,920.11,837.4150000000001,9.001349157362778,0.0,0.0,32,0,0
S0002,Meat and Seafood,2025-08-11,856.0,94,68,0.0,0.0,0,0,NONE,,830.6475,0.030521370376724137,0,75.0,92.75,-7.2999999999999945,650.61,830.6475,8.940838631046988,0.0,0.0,33,0,0
S0002,Meat and Seafood,2025-08-18,713.2,78,64,0.0,0.0,0,0,NONE,,832.14,-0.1429326795971831,0,94.0,91.75,-4.299999999999996,856.0,832.1400000000001,9.048990498176819,0.0,0.0,34,0,0
S0002,Pet Food,2025-06-30,577.23,78,51,0.0,0.0,0,0,NONE,,,,0,,88.66666666666667,,,808.9066666666668,9.088951027272062,0.0,0.0,27,0,0
S0002,Pet Food,2025-07-07,827.39,108,67,0.0,0.0,0,0,NONE,,577.23,0.43338010844897173,0,78.0,82.33333333333333,,577.23,694.6133333333333,8.393855864702672,0.0,0.0,28,0,0
S0002,Pet Food,2025-07-14,618.99,85,51,0.0,0.0,0,0,NONE,,702.31,-0.11863706910053956,0,108.0,93.33333333333333,,827.39,753.54,8.055928704208846,0.0,0.0,29,0,0
S0002,Pet Food,2025-07-21,650.36,85,57,0.0,0.0,0,0,NONE,,674.5366666666666,-0.03584188652951896,0,85.0,90.33333333333333,,618.99,674.5366666666666,7.447879476006926,0.0,0.0,30,0,0
S0002,Pet Food,2025-07-28,823.71,103,64,0.0,0.0,0,0,NONE,,668.4925,0.23219033870985853,0,85.0,89.0,-0.1999999999999874,650.36,668.4925,7.498733136416959,0.0,0.0,31,0,0
S0002,Pet Food,2025-08-04,757.15,99,61,0.0,0.0,0,0,NONE,,730.1125000000001,0.03703196425208431,0,103.0,95.25,-1.5000000000000016,823.71,730.1125,7.64793309907566,0.0,0.0,32,0,0
S0002,Pet Food,2025-08-11,748.4399999999999,96,62,0.0,0.0,0,0,NONE,,712.5525,0.05036470996873905,0,99.0,93.0,6.000000000000001,757.15,712.5525,7.64467341894098,0.0,0.0,33,0,0
S0002,Pet Food,2025-08-18,771.11,107,61,0.0,0.0,0,0,NONE,,744.9150000000001,0.035165085949403534,0,96.0,95.75,2.9000000000000012,748.4399999999999,744.9150000000001,7.773177095411568,0.0,0.0,34,0,0
S0002,Prepared Meals,2025-06-30,729.14,87,66,0.0,0.0,0,0,NONE,,,,0,,99.33333333333333,,,776.4333333333334,7.813804754666404,0.0,0.0,27,0,0
S0002,Prepared Meals,2025-07-07,907.65,115,84,0.0,0.0,0,0,NONE,,729.14,0.24482266780042242,0,87.0,94.0,,729.14,744.91,7.941716446069893,0.0,0.0,28,0,0
S0002,Prepared Meals,2025-07-14,699.59,85,62,0.0,0.0,0,0,NONE,,818.395,-0.14516828670751894,0,115.0,99.33333333333333,,907.65,795.0766666666667,8.023259411960685,0.0,0.0,29,0,0
S0002,Prepared Meals,2025-07-21,859.11,106,80,0.0,0.0,0,0,NONE,,778.7933333333334,0.10312962788587464,0,85.0,95.66666666666667,,699.59,778.7933333333334,8.167999608039116,0.0,0.0,30,0,0
S0002,Prepared Meals,2025-07-28,688.01,87,68,0.0,0.0,0,0,NONE,,798.8725000000001,-0.13877370919639875,0,106.0,98.25,2.6999999999999957,859.11,798.8725,8.152202536218017,0.0,0.0,31,0,0
S0002,Prepared Meals,2025-08-04,788.46,99,76,0.0,0.0,0,0,NONE,,788.5899999999999,-0.000164851190098634,0,87.0,98.25,-6.299999999999993,688.01,788.59,8.034012881045602,0.0,0.0,32,0,0
S0002,Prepared Meals,2025-08-11,746.92,87,64,0.0,0.0,0,0,NONE,,758.7925,-0.015646570043852646,0,99.0,94.25,2.300000000000009,788.46,758.7925,8.051921313193166,0.0,0.0,33,0,0
S0002,Prepared Meals,2025-08-18,932.51,109,77,0.0,0.0,0,0,NONE,,770.625,0.21006974858069746,0,87.0,94.75,-4.500000000000005,746.92,770.625,8.140625505214802,0.0,0.0,34,0,0
S0002,Snacks/Cookies/Chips,2025-06-30,859.8,274,159,0.0,0.0,0,0,NONE,,,,0,,91.0,,,741.1300000000001,8.152563566701497,0.0,0.0,27,0,0
S0002,Snacks/Cookies/Chips,2025-07-07,972.14,313,159,0.0,0.0,0,0,NONE,,859.8,0.1306582926261922,0,274.0,153.33333333333334,,859.8,798.3933333333333,6.562495328314608,0.0,0.0,28,0,0
S0002,Snacks/Cookies/Chips,2025-07-14,958.51,310,168,0.0,0.0,0,0,NONE,,915.97,0.046442569079773316,0,313.0,224.66666666666666,,972.14,859.6199999999999,4.943040718316866,0.0,0.0,29,0,0
S0002,Snacks/Cookies/Chips,2025-07-21,1185.38,381,195,0.0,0.0,0,0,NONE,,930.15,0.27439660269848964,0,310.0,299.0,,958.51,930.15,3.111934180188081,0.0,0.0,30,0,0
S0002,Snacks/Cookies/Chips,2025-07-28,903.55,294,166,0.0,0.0,0,0,NONE,,993.9575,-0.09095710832706633,0,381.0,319.5,31.800000000000008,1185.38,993.9575,3.1117590340911923,0.0,0.0,31,0,0
S0002,Snacks/Cookies/Chips,2025-08-04,900.58,288,155,0.0,0.0,0,0,NONE,,1004.895,-0.10380686539389682,0,294.0,324.5,1.4000000000000032,903.55,1004.895,3.095594812928274,0.0,0.0,32,0,0
S0002,Snacks/Cookies/Chips,2025-08-11,1012.0,323,169,0.0,0.0,0,0,NONE,,987.0050000000001,0.02532408650412094,0,288.0,318.25,-15.300000000000024,900.58,987.005,3.100878636588196,0.0,0.0,33,0,0
S0002,Snacks/Cookies/Chips,2025-08-18,966.94,302,175,0.0,0.0,0,0,NONE,,1000.3775,-0.0334248821070046,0,323.0,321.5,-17.99999999999999,1012.0,1000.3775,3.1111684348504554,0.0,0.0,34,0,0
S0003,Alcohol,2025-06-30,4110.53,330,236,0.0,0.0,0,0,NONE,,,,0,,301.6666666666667,,,938.71,3.1111467145337657,0.0,0.0,27,0,0
S0003,Alcohol,2025-07-07,5108.11,415,266,0.0,0.0,0,0,NONE,,4110.53,0.242688898998426,0,330.0,313.6666666666667,,4110.53,2007.7033333333331,6.238764113008307,0.0,0.0,28,0,0
S0003,Alcohol,2025-07-14,5145.9,419,272,0.0,0.0,0,0,NONE,,4609.32,0.11641196532243367,0,415.0,356.0,,5108.11,3410.213333333333,9.299325748438918,0.0,0.0,29,0,0
S0003,Alcohol,2025-07-21,5008.96,410,269,0.0,0.0,0,0,NONE,,4788.179999999999,0.046109377675860284,0,419.0,388.0,,5145.9,4788.179999999999,12.348744852847418,0.0,0.0,30,0,0
S0003,Alcohol,2025-07-28,4979.96,415,274,0.0,0.0,0,0,NONE,,4843.375,0.02820037680336543,0,410.0,393.5,24.39999999999999,5008.96,4843.375,12.31580254207459,0.0,0.0,31,0,0
S0003,Alcohol,2025-08-04,4875.94,391,281,0.0,0.0,0,0,NONE,,5060.732499999999,-0.03651497090589151,0,415.0,414.75,-0.8999999999999907,4979.96,5060.7325,12.201740566901167,0.0,0.0,32,0,0
S0003,Alcohol,2025-08-11,5328.07,439,297,0.0,0.0,0,0,NONE,,5002.69,0.06504100793772953,0,391.0,408.75,-7.899999999999973,4875.94,5002.69,12.242174563758162,0.0,0.0,33,0,0
S0003,Alcohol,2025-08-18,4937.88,402,257,0.0,0.0,0,0,NONE,,5048.2325,-0.02185963106889391,0,439.0,413.75,6.299999999999976,5328.07,5048.2325,12.206036929951669,0.0,0.0,34,0,0
S0003,Bakery,2025-06-30,284.81,70,49,0.0,0.0,0,0,NONE,,,,0,,415.0,,,5061.323333333334,12.202390703350192,0.0,0.0,27,0,0
S0003,Bakery,2025-07-07,183.82,47,42,0.0,0.0,0,0,NONE,,284.81,-0.35458726870545276,0,70.0,300.0,,284.81,3496.273333333333,9.558660927102343,0.0,0.0,28,0,0
S0003,Bakery,2025-07-14,132.67,35,32,0.0,0.0,0,0,NONE,,234.315,-0.4337963852079466,0,47.0,185.33333333333334,,183.82,1932.2333333333333,6.705537276161857,0.0,0.0,29,0,0
S0003,Bakery,2025-07-21,183.13,48,41,0.0,0.0,0,0,NONE,,200.4333333333333,-0.08632961915848984,0,35.0,50.666666666666664,,132.67,200.4333333333333,3.923449848024315,0.0,0.0,30,0,0
S0003,Bakery,2025-07-28,224.92,62,54,0.0,0.0,0,0,NONE,,196.1075,0.14692196881812272,0,48.0,50.0,-7.8000000000000025,183.13,196.1075,3.8963894693515693,0.0,0.0,31,0,0
S0003,Bakery,2025-08-04,277.32,73,53,0.0,0.0,0,0,NONE,,181.135,0.5310127805228145,0,62.0,48.0,5.800000000000005,224.92,181.135,3.786146381793966,0.0,0.0,32,0,0
S0003,Bakery,2025-08-11,202.06,58,36,0.0,0.0,0,0,NONE,,204.51,-0.011979854285853938,0,73.0,54.5,12.800000000000002,277.32,204.51,3.758106451744417,0.0,0.0,33,0,0
S0003,Bakery,2025-08-18,266.49,66,49,0.0,0.0,0,0,NONE,,221.85749999999996,0.20117643081707878,0,58.0,60.25,4.100000000000001,202.06,221.8575,3.6814118704636294,0.0,0.0,34,0,0
S0003,Baking,2025-06-30,586.32,152,104,0.0,0.0,0,0,NONE,,,,0,,64.33333333333333,,,234.76666666666665,3.6368130495070616,0.0,0.0,27,0,0
S0003,Baking,2025-07-07,592.72,162,134,0.0,0.0,0,0,NONE,,586.32,0.010915541001500847,0,152.0,94.33333333333333,,586.32,355.23333333333335,3.713355211363315,0.0,0.0,28,0,0
S0003,Baking,2025-07-14,512.28,142,111,0.0,0.0,0,0,NONE,,589.52,-0.13102184828334917,0,162.0,124.0,,592.72,460.36666666666673,3.666642318866557,0.0,0.0,29,0,0
S0003,Baking,2025-07-21,572.81,154,109,0.0,0.0,0,0,NONE,,563.7733333333333,0.016028900503748493,0,142.0,152.0,,512.28,563.7733333333333,3.70791316231807,0.0,0.0,30,0,0
S0003,Baking,2025-07-28,656.89,169,125,0.0,0.0,0,0,NONE,,566.0325,0.16051640144337995,0,154.0,152.5,-1.4000000000000024,572.81,566.0325,3.710821235374916,0.0,0.0,31,0,0
S0003,Baking,2025-08-04,596.98,163,121,0.0,0.0,0,0,NONE,,583.675,0.022795219942605156,0,169.0,156.75,3.2999999999999905,656.89,583.675,3.7182098993425274,0.0,0.0,32,0,0
S0003,Baking,2025-08-11,513.67,136,110,0.0,0.0,0,0,NONE,,584.74,-0.1215411977973117,0,163.0,157.0,7.800000000000016,596.98,584.74,3.7191320382503514,0.0,0.0,33,0,0
S0003,Baking,2025-08-18,592.65,157,117,0.0,0.0,0,0,NONE,,585.0875,0.012925417138462196,0,136.0,155.5,-5.999999999999991,513.67,585.0875,3.7614769533290593,0.0,0.0,34,0,0
S0003,Beverages,2025-06-30,552.35,164,107,0.0,0.0,0,0,NONE,,,,0,,156.0,,,589.18,3.775454119590261,0.0,0.0,27,0,0
S0003,Beverages,2025-07-07,702.63,210,122,0.0,0.0,0,0,NONE,,552.35,0.2720738662080202,0,164.0,154.33333333333334,,552.35,554.3333333333334,3.6024756955752513,0.0,0.0,28,0,0
S0003,Beverages,2025-07-14,691.21,203,127,0.0,0.0,0,0,NONE,,627.49,0.1015474350188848,0,210.0,170.0,,702.63,589.5500000000001,3.4969434139509445,0.0,0.0,29,0,0
S0003,Beverages,2025-07-21,747.23,229,136,0.0,0.0,0,0,NONE,,648.73,0.1518351240115302,0,203.0,192.33333333333334,,691.21,648.73,3.3729401057311055,0.0,0.0,30,0,0
S0003,Beverages,2025-07-28,662.14,194,116,0.0,0.0,0,0,NONE,,673.355,-0.016655404652820626,0,229.0,201.5,18.80000000000002,747.23,673.355,3.3454583544074996,0.0,0.0,31,0,0
S0003,Beverages,2025-08-04,710.09,211,122,0.0,0.0,0,0,NONE,,700.8025,0.013252663910302864,0,194.0,209.0,-2.199999999999988,662.14,700.8025,3.356734599064276,0.0,0.0,32,0,0
S0003,Beverages,2025-08-11,673.56,202,131,0.0,0.0,0,0,NONE,,702.6675,-0.04142428673590293,0,211.0,209.25,-1.0999999999999739,710.09,702.6675,3.3616091759092317,0.0,0.0,33,0,0
S0003,Beverages,2025-08-18,627.82,183,116,0.0,0.0,0,0,NONE,,698.255,-0.10087289027647485,0,202.0,209.0,-6.400000000000006,673.56,698.255,3.3439791949308386,0.0,0.0,34,0,0
S0003,Breakfast & Cereal,2025-06-30,611.04,133,97,0.0,0.0,0,0,NONE,,,,0,,202.33333333333334,,,681.93,3.370967893095558,0.0,0.0,27,0,0
S0003,Breakfast & Cereal,2025-07-07,662.6,146,114,0.0,0.0,0,0,NONE,,611.04,0.08438072793925122,0,133.0,182.0,,611.04,664.8966666666666,3.7646988700224107,0.0,0.0,28,0,0
S0003,Breakfast & Cereal,2025-07-14,855.37,186,130,0.0,0.0,0,0,NONE,,636.8199999999999,0.3431895983166359,0,146.0,160.33333333333334,,662.6,649.0666666666666,4.155699108071276,0.0,0.0,29,0,0
S0003,Breakfast & Cereal,2025-07-21,723.66,154,120,0.0,0.0,0,0,NONE,,709.67,0.019713387912691827,0,186.0,155.0,,855.37,709.6700000000001,4.57713510650983,0.0,0.0,30,0,0
S0003,Breakfast & Cereal,2025-07-28,777.02,174,129,0.0,0.0,0,0,NONE,,713.1674999999999,0.08953366495248323,0,154.0,154.75,10.299999999999994,723.66,713.1675,4.6076240571551,0.0,0.0,31,0,0
S0003,Breakfast & Cereal,2025-08-04,653.59,143,112,0.0,0.0,0,0,NONE,,754.6625,-0.13393073062461694,0,174.0,165.0,5.200000000000012,777.02,754.6625,4.5754606745606825,0.0,0.0,32,0,0
S0003,Breakfast & Cereal,2025-08-11,736.9,162,120,0.0,0.0,0,0,NONE,,752.4100000000001,-0.02061376111428623,0,143.0,164.25,-10.900000000000002,653.59,752.4100000000001,4.583511493604652,0.0,0.0,33,0,0
S0003,Breakfast & Cereal,2025-08-18,711.01,156,114,0.0,0.0,0,0,NONE,,722.7925,-0.016301358965401587,0,162.0,158.25,-0.6999999999999974,736.9,722.7925,4.57101199141429,0.0,0.0,34,0,0
S0003,Candy,2025-06-30,427.55,169,127,0.0,0.0,0,0,NONE,,,,0,,159.66666666666666,,,722.5033333333332,4.5283190188554165,0.0,0.0,27,0,0
S0003,Candy,2025-07-07,451.02,188,139,0.0,0.0,0,0,NONE,,427.55,0.05489416442521335,0,169.0,158.0,,427.55,606.0133333333333,3.8830688431543123,0.0,0.0,28,0,0
S0003,Candy,2025-07-14,386.93,159,117,0.0,0.0,0,0,NONE,,439.28499999999997,-0.11918230761350823,0,188.0,173.0,,451.02,538.49,3.1592298806983283,0.0,0.0,29,0,0
S0003,Candy,2025-07-21,355.06,149,116,0.0,0.0,0,0,NONE,,421.8333333333333,-0.158293164757013,0,159.0,172.0,,386.93,421.8333333333333,2.4541487408582783,0.0,0.0,30,0,0
S0003,Candy,2025-07-28,447.33,179,128,0.0,0.0,0,0,NONE,,405.14,0.10413684158562472,0,149.0,166.25,-8.9,355.06,405.14,2.436349810677266,0.0,0.0,31,0,0
S0003,Candy,2025-08-04,440.0,189,128,0.0,0.0,0,0,NONE,,410.085,0.07294829120792036,0,179.0,168.75,-3.7000000000000055,447.33,410.08500000000004,2.4286419663084846,0.0,0.0,32,0,0
S0003,Candy,2025-08-11,397.22,164,126,0.0,0.0,0,0,NONE,,407.33,-0.024820170377826228,0,189.0,169.0,12.000000000000012,440.0,407.33000000000004,2.4108919100211947,0.0,0.0,33,0,0
S0003,Candy,2025-08-18,389.62,158,114,0.0,0.0,0,0,NONE,,409.9025,-0.04948127908466031,0,164.0,170.25,5.500000000000001,397.22,409.90250000000003,2.408029699559467,0.0,0.0,34,0,0
S0003,Condiments/Sauces/Spices,2025-06-30,436.9,120,95,0.0,0.0,0,0,NONE,,,,0,,177.33333333333334,,,428.1833333333334,2.416388592701214,0.0,0.0,27,0,0
S0003,Condiments/Sauces/Spices,2025-07-07,606.96,162,126,0.0,0.0,0,0,NONE,,436.9,0.3892423895628292,0,120.0,157.66666666666666,,436.9,424.70666666666665,2.7969829440357885,0.0,0.0,28,0,0
S0003,Condiments/Sauces/Spices,2025-07-14,543.28,152,111,0.0,0.0,0,0,NONE,,521.9300000000001,0.0409058686030692,0,162.0,148.66666666666666,,606.96,480.35999999999996,3.269857723577235,0.0,0.0,29,0,0
S0003,Condiments/Sauces/Spices,2025-07-21,586.14,168,128,0.0,0.0,0,0,NONE,,529.0466666666667,0.1079173859898936,0,152.0,144.66666666666666,,543.28,529.0466666666666,3.653903508771929,0.0,0.0,30,0,0
S0003,Condiments/Sauces/Spices,2025-07-28,568.65,154,111,0.0,0.0,0,0,NONE,,543.32,0.046620775969962315,0,168.0,150.5,13.399999999999988,586.14,543.3199999999999,3.6126597744360893,0.0,0.0,31,0,0
S0003,Condiments/Sauces/Spices,2025-08-04,569.85,158,118,0.0,0.0,0,0,NONE,,576.2575,-0.011119161138900624,0,154.0,159.0,-0.8000000000000066,568.65,576.2574999999999,3.625584557985873,0.0,0.0,32,0,0
S0003,Condiments/Sauces/Spices,2025-08-11,600.35,169,125,0.0,0.0,0,0,NONE,,566.98,0.05885569155878515,0,158.0,158.0,0.40000000000000585,569.85,566.98,3.5905792837242694,0.0,0.0,33,0,0
S0003,Condiments/Sauces/Spices,2025-08-18,544.27,159,118,0.0,0.0,0,0,NONE,,581.2475,-0.06361747792463618,0,169.0,162.25,0.7000000000000047,600.35,581.2475000000001,3.585118368121653,0.0,0.0,34,0,0
S0003,Dairy & Eggs,2025-06-30,1335.11,388,261,0.0,0.0,0,0,NONE,,,,0,,160.33333333333334,,,579.6166666666667,3.6171816336860143,0.0,0.0,27,0,0
S0003,Dairy & Eggs,2025-07-07,1488.96,419,284,0.0,0.0,0,0,NONE,,1335.11,0.11523395076061159,0,388.0,238.33333333333334,,1335.11,835.1033333333334,3.5333391960549165,0.0,0.0,28,0,0
S0003,Dairy & Eggs,2025-07-14,1477.43,431,286,0.0,0.0,0,0,NONE,,1412.0349999999999,0.04631259140177135,0,419.0,325.3333333333333,,1488.96,1141.4733333333334,3.5156586123867495,0.0,0.0,29,0,0
S0003,Dairy & Eggs,2025-07-21,1569.77,446,297,0.0,0.0,0,0,NONE,,1433.8333333333333,0.09480646286179244,0,431.0,412.6666666666667,,1477.43,1433.8333333333333,3.4741736020671863,0.0,0.0,30,0,0
S0003,Dairy & Eggs,2025-07-28,1647.51,471,312,0.0,0.0,0,0,NONE,,1467.8175,0.12242155445074054,0,446.0,421.0,18.600000000000048,1569.77,1467.8175,3.4855461208329013,0.0,0.0,31,0,0
S0003,Dairy & Eggs,2025-08-04,1484.23,418,294,0.0,0.0,0,0,NONE,,1545.9175,-0.03990348773463008,0,471.0,441.75,17.100000000000005,1647.51,1545.9174999999998,3.499769354466101,0.0,0.0,32,0,0
S0003,Dairy & Eggs,2025-08-11,1552.34,443,296,0.0,0.0,0,0,NONE,,1544.7350000000001,0.004923174525080218,0,418.0,441.5,-1.3999999999999984,1484.23,1544.735,3.4990657682332156,0.0,0.0,33,0,0
S0003,Dairy & Eggs,2025-08-18,1637.64,461,308,0.0,0.0,0,0,NONE,,1563.4625,0.047444374265452484,0,443.0,444.5,-6.20000000000003,1552.34,1563.4625,3.5181261847143896,0.0,0.0,34,0,0
S0003,Deli,2025-06-30,856.13,142,111,0.0,0.0,0,0,NONE,,,,0,,444.0,,,1561.36,3.517613687242504,0.0,0.0,27,0,0
S0003,Deli,2025-07-07,903.4399999999999,155,118,0.0,0.0,0,0,NONE,,856.13,0.05526029925361796,0,142.0,334.3333333333333,,856.13,1297.5666666666666,4.361342493199264,0.0,0.0,28,0,0
S0003,Deli,2025-07-14,1006.03,166,132,0.0,0.0,0,0,NONE,,879.785,0.14349528578004855,0,155.0,246.66666666666666,,903.4399999999999,1103.97,5.120627722401301,0.0,0.0,29,0,0
S0003,Deli,2025-07-21,896.96,153,121,0.0,0.0,0,0,NONE,,921.8666666666667,-0.027017645357246135,0,166.0,154.33333333333334,,1006.03,921.8666666666664,5.972717118359853,0.0,0.0,30,0,0
S0003,Deli,2025-07-28,1085.86,178,135,0.0,0.0,0,0,NONE,,915.64,0.18590275654187227,0,153.0,154.0,4.4000000000000075,896.96,915.6399999999999,5.94515875380257,0.0,0.0,31,0,0
S0003,Deli,2025-08-04,1092.32,171,129,0.0,0.0,0,0,NONE,,973.0725,0.12254739497827752,0,178.0,163.0,5.600000000000008,1085.86,973.0724999999999,5.962971896704928,0.0,0.0,32,0,0
S0003,Deli,2025-08-11,934.76,159,107,0.0,0.0,0,0,NONE,,1020.2925,-0.08383135228378139,0,171.0,167.0,4.000000000000004,1092.32,1020.2924999999998,6.102769670709833,0.0,0.0,33,0,0
S0003,Deli,2025-08-18,976.85,160,124,0.0,0.0,0,0,NONE,,1002.4749999999999,-0.02556173470660105,0,159.0,165.25,1.1000000000000063,934.76,1002.4749999999999,6.057412676696042,0.0,0.0,34,0,0
S0003,Frozen Foods,2025-06-30,832.46,124,101,0.0,0.0,0,0,NONE,,,,0,,169.33333333333334,,,1037.6466666666665,6.122389015551149,0.0,0.0,27,0,0
S0003,Frozen Foods,2025-07-07,929.91,134,109,0.0,0.0,0,0,NONE,,832.46,0.11706268169041147,0,124.0,151.33333333333334,,832.46,953.18,6.326739021591986,0.0,0.0,28,0,0
S0003,Frozen Foods,2025-07-14,1056.23,155,121,0.0,0.0,0,0,NONE,,881.185,0.19864727611114588,0,134.0,139.0,,929.91,899.0433333333332,6.510669224379218,0.0,0.0,29,0,0
S0003,Frozen Foods,2025-07-21,1039.68,154,113,0.0,0.0,0,0,NONE,,939.5333333333333,0.10659192506918339,0,155.0,137.66666666666666,,1056.23,939.5333333333332,6.822467019740009,0.0,0.0,30,0,0
S0003,Frozen Foods,2025-07-28,991.85,145,108,0.0,0.0,0,0,NONE,,964.5699999999999,0.028282032408223443,0,154.0,141.75,11.09999999999999,1039.68,964.5699999999999,6.804642472597214,0.0,0.0,31,0,0
S0003,Frozen Foods,2025-08-04,978.77,144,109,0.0,0.0,0,0,NONE,,1004.4174999999999,-0.025534700460714717,0,145.0,147.0,3.1999999999999997,991.85,1004.4174999999999,6.836381905300217,0.0,0.0,32,0,0
S0003,Frozen Foods,2025-08-11,1113.12,161,122,0.0,0.0,0,0,NONE,,1016.6324999999999,0.0949089272672278,0,144.0,149.5,-4.200000000000011,978.77,1016.6324999999999,6.800728661104529,0.0,0.0,33,0,0
S0003,Frozen Foods,2025-08-18,987.25,142,115,0.0,0.0,0,0,NONE,,1030.855,-0.042299838483588884,0,161.0,151.0,1.999999999999994,1113.12,1030.855,6.825579091879924,0.0,0.0,34,0,0
S0003,Grains and Pasta,2025-06-30,120.31,51,38,0.0,0.0,0,0,NONE,,,,0,,150.0,,,1027.9133333333332,6.850382512116956,0.0,0.0,27,0,0
S0003,Grains and Pasta,2025-07-07,144.83,55,44,0.0,0.0,0,0,NONE,,120.31,0.20380683234976318,0,51.0,118.66666666666667,,120.31,737.3999999999997,5.356607438869266,0.0,0.0,28,0,0
S0003,Grains and Pasta,2025-07-14,171.85,67,47,0.0,0.0,0,0,NONE,,132.57,0.29629629629629634,0,55.0,89.0,,144.83,459.41999999999985,3.9686937183305457,0.0,0.0,29,0,0
S0003,Grains and Pasta,2025-07-21,155.51,63,44,0.0,0.0,0,0,NONE,,145.66333333333333,0.06759880088789216,0,67.0,57.666666666666664,,171.85,145.66333333333318,2.5190725694167297,0.0,0.0,30,0,0
S0003,Grains and Pasta,2025-07-28,191.93,73,50,0.0,0.0,0,0,NONE,,148.125,0.2957299578059072,0,63.0,59.0,4.800000000000001,155.51,148.1249999999999,2.506407601665722,0.0,0.0,31,0,0
S0003,Grains and Pasta,2025-08-04,191.59,77,57,0.0,0.0,0,0,NONE,,166.03,0.153948081671987,0,73.0,64.5,5.000000000000001,191.93,166.0299999999999,2.573947220252883,0.0,0.0,32,0,0
S0003,Grains and Pasta,2025-08-11,128.28,52,42,0.0,0.0,0,0,NONE,,177.72,-0.27819041188386223,0,77.0,70.0,4.000000000000005,191.59,177.71999999999989,2.5376744929801553,0.0,0.0,33,0,0
S0003,Grains and Pasta,2025-08-18,140.60999999999999,54,42,0.0,0.0,0,0,NONE,,166.8275,-0.1571533470201256,0,52.0,66.25,-2.9000000000000044,128.28,166.82749999999987,2.5131739189273428,0.0,0.0,34,0,0
S0003,Meat and Seafood,2025-06-30,1206.91,134,101,0.0,0.0,0,0,NONE,,,,0,,67.33333333333333,,,170.59999999999985,2.5280943257655575,0.0,0.0,27,0,0
S0003,Meat and Seafood,2025-07-07,1323.2,137,101,0.0,0.0,0,0,NONE,,1206.91,0.09635349777531046,0,134.0,87.66666666666667,,1206.91,508.92666666666656,4.6539653132936705,0.0,0.0,28,0,0
S0003,Meat and Seafood,2025-07-14,1524.58,163,127,0.0,0.0,0,0,NONE,,1265.055,0.20514918323709233,0,137.0,107.66666666666667,,1323.2,886.1299999999998,7.044036094094378,0.0,0.0,29,0,0
S0003,Meat and Seafood,2025-07-21,1375.63,144,108,0.0,0.0,0,0,NONE,,1351.5633333333333,0.017806540080746124,0,163.0,144.66666666666666,,1524.58,1351.5633333333333,9.33947891303413,0.0,0.0,30,0,0
S0003,Meat and Seafood,2025-07-28,1609.72,175,130,0.0,0.0,0,0,NONE,,1357.58,0.1857275446014232,0,144.0,144.5,5.600000000000001,1375.63,1357.58,9.392855712553375,0.0,0.0,31,0,0
S0003,Meat and Seafood,2025-08-04,1456.43,157,124,0.0,0.0,0,0,NONE,,1458.2825,-0.0012703299943597785,0,175.0,154.75,9.499999999999991,1609.72,1458.2824999999998,9.440757951359345,0.0,0.0,32,0,0
S0003,Meat and Seafood,2025-08-11,1281.04,139,113,0.0,0.0,0,0,NONE,,1491.5900000000001,-0.14115809304165364,0,157.0,159.75,1.2999999999999965,1456.43,1491.59,9.345315462168774,0.0,0.0,33,0,0
S0003,Meat and Seafood,2025-08-18,1164.51,123,104,0.0,0.0,0,0,NONE,,1430.7050000000002,-0.1860586214488662,0,139.0,153.75,-3.2999999999999963,1281.04,1430.705,9.31103135571161,0.0,0.0,34,0,0
S0003,Pet Food,2025-06-30,1313.99,178,109,0.0,0.0,0,0,NONE,,,,0,,157.0,,,1449.0633333333333,9.230379770578441,0.0,0.0,27,0,0
S0003,Pet Food,2025-07-07,1442.48,188,111,0.0,0.0,0,0,NONE,,1313.99,0.0977861323145534,0,178.0,158.0,,1313.99,1350.4866666666665,8.624901867956718,0.0,0.0,28,0,0
S0003,Pet Food,2025-07-14,1285.6100000000001,180,111,0.0,0.0,0,0,NONE,,1378.2350000000001,-0.06720552010361078,0,188.0,168.33333333333334,,1442.48,1345.8366666666666,8.090282452498435,0.0,0.0,29,0,0
S0003,Pet Food,2025-07-21,1089.05,145,93,0.0,0.0,0,0,NONE,,1347.3600000000001,-0.19171565134782104,0,180.0,182.0,,1285.6100000000001,1347.36,7.399003342453138,0.0,0.0,30,0,0
S0003,Pet Food,2025-07-28,1148.41,151,95,0.0,0.0,0,0,NONE,,1282.7825,-0.10475080537815253,0,145.0,172.75,-10.699999999999992,1089.05,1282.7824999999998,7.426924920632957,0.0,0.0,31,0,0
S0003,Pet Food,2025-08-04,1226.13,165,103,0.0,0.0,0,0,NONE,,1241.3875,-0.012290682804523112,0,151.0,166.0,-14.600000000000016,1148.41,1241.3874999999998,7.482774407201899,0.0,0.0,32,0,0
S0003,Pet Food,2025-08-11,1208.68,166,103,0.0,0.0,0,0,NONE,,1187.3,0.018007243325191703,0,165.0,160.25,-3.899999999999996,1226.13,1187.3,7.422355645112924,0.0,0.0,33,0,0
S0003,Pet Food,2025-08-18,1251.69,165,102,0.0,0.0,0,0,NONE,,1168.0675,0.07159046887273204,0,166.0,156.75,7.699999999999992,1208.68,1168.0674999999999,7.457087405487757,0.0,0.0,34,0,0
S0003,Prepared Meals,2025-06-30,1151.31,139,99,0.0,0.0,0,0,NONE,,,,0,,160.66666666666666,,,1194.4066666666665,7.4392199889262045,0.0,0.0,27,0,0
S0003,Prepared Meals,2025-07-07,1838.39,216,151,0.0,0.0,0,0,NONE,,1151.31,0.5967810580990351,0,139.0,156.66666666666666,,1151.31,1195.3733333333332,7.665033827921232,0.0,0.0,28,0,0
S0003,Prepared Meals,2025-07-14,1448.24,177,129,0.0,0.0,0,0,NONE,,1494.85,-0.031180385991905476,0,216.0,173.66666666666666,,1838.39,1399.4599999999998,8.025025129829201,0.0,0.0,29,0,0
S0003,Prepared Meals,2025-07-21,1428.1,173,133,0.0,0.0,0,0,NONE,,1479.3133333333333,-0.03461966588101689,0,177.0,177.33333333333334,,1448.24,1479.3133333333333,8.32533915428862,0.0,0.0,30,0,0
S0003,Prepared Meals,2025-07-28,1497.89,182,140,0.0,0.0,0,0,NONE,,1466.5099999999998,0.021397740213159367,0,173.0,176.25,6.300000000000012,1428.1,1466.5099999999998,8.307732689415888,0.0,0.0,31,0,0
S0003,Prepared Meals,2025-08-04,1473.23,180,135,0.0,0.0,0,0,NONE,,1553.155,-0.05145977059598041,0,182.0,187.0,-10.599999999999984,1497.89,1553.155,8.294572459358175,0.0,0.0,32,0,0
S0003,Prepared Meals,2025-08-11,1370.59,167,124,0.0,0.0,0,0,NONE,,1461.8650000000002,-0.0624373659674459,0,180.0,178.0,1.8000000000000005,1473.23,1461.8649999999998,8.212959033432249,0.0,0.0,33,0,0
S0003,Prepared Meals,2025-08-18,1556.6200000000001,193,135,0.0,0.0,0,0,NONE,,1442.4524999999999,0.07914818685537323,0,167.0,175.5,-1.9999999999999953,1370.59,1442.4524999999999,8.219203747394156,0.0,0.0,34,0,0
S0003,Snacks/Cookies/Chips,2025-06-30,1727.81,559,285,0.0,0.0,0,0,NONE,,,,0,,176.33333333333334,,,1447.2366666666665,8.207300564926312,0.0,0.0,27,0,0
S0003,Snacks/Cookies/Chips,2025-07-07,1743.98,545,301,0.0,0.0,0,0,NONE,,1727.81,0.009358667909087268,0,559.0,302.0,,1727.81,1523.8766666666663,6.494210437998976,0.0,0.0,28,0,0
S0003,Snacks/Cookies/Chips,2025-07-14,2024.79,644,325,0.0,0.0,0,0,NONE,,1735.895,0.16642423648895813,0,545.0,423.6666666666667,,1743.98,1614.1266666666663,4.832661168546037,0.0,0.0,29,0,0
S0003,Snacks/Cookies/Chips,2025-07-21,1910.61,611,317,0.0,0.0,0,0,NONE,,1832.1933333333334,0.04279934068093242,0,644.0,582.6666666666666,,2024.79,1832.193333333333,3.1449805360222647,0.0,0.0,30,0,0
S0003,Snacks/Cookies/Chips,2025-07-28,1743.51,555,281,0.0,0.0,0,0,NONE,,1851.7975,-0.05847696629896083,0,611.0,589.75,25.500000000000068,1910.61,1851.7974999999997,3.1404907211656345,0.0,0.0,31,0,0
S0003,Snacks/Cookies/Chips,2025-08-04,1828.93,598,328,0.0,0.0,0,0,NONE,,1855.7225,-0.014437772888996074,0,555.0,588.75,-0.3000000000000244,1743.51,1855.7224999999999,3.153131972434793,0.0,0.0,32,0,0
S0003,Snacks/Cookies/Chips,2025-08-11,1700.17,539,284,0.0,0.0,0,0,NONE,,1876.96,-0.09418954053362882,0,598.0,602.0,-19.400000000000027,1828.93,1876.9599999999998,3.117743989556084,0.0,0.0,33,0,0
S0003,Snacks/Cookies/Chips,2025-08-18,1635.72,537,297,0.0,0.0,0,0,NONE,,1795.805,-0.08914386584289499,0,539.0,575.75,-17.300000000000033,1700.17,1795.8049999999998,3.120299093613517,0.0,0.0,34,0,0
S0004,Alcohol,2025-06-30,6019.32,497,323,0.0,0.0,0,0,NONE,,,,0,,564.0,,,1757.5366666666666,3.1180583659527747,0.0,0.0,27,0,0
S0004,Alcohol,2025-07-07,5983.93,507,342,0.0,0.0,0,0,NONE,,6019.32,-0.005879401659988075,0,497.0,544.6666666666666,,6019.32,3182.806666666666,6.108007828493786,0.0,0.0,28,0,0
S0004,Alcohol,2025-07-14,6155.7,495,343,0.0,0.0,0,0,NONE,,6001.625,0.025672213775435788,0,507.0,514.3333333333334,,5983.93,4567.806666666666,9.022745129468545,0.0,0.0,29,0,0
S0004,Alcohol,2025-07-21,6832.58,559,374,0.0,0.0,0,0,NONE,,6052.983333333334,0.12879544246776378,0,495.0,499.6666666666667,,6155.7,6052.983333333333,12.1165628990006,0.0,0.0,30,0,0
S0004,Alcohol,2025-07-28,6620.01,538,362,0.0,0.0,0,0,NONE,,6247.8825,0.05956057912420737,0,559.0,514.5,17.400000000000016,6832.58,6247.8825,12.14313773775671,0.0,0.0,31,0,0
S0004,Alcohol,2025-08-04,6640.42,539,365,0.0,0.0,0,0,NONE,,6398.055,0.03788104353588704,0,538.0,524.75,15.699999999999996,6620.01,6398.055,12.191523601264898,0.0,0.0,32,0,0
S0004,Alcohol,2025-08-11,6926.57,572,364,0.0,0.0,0,0,NONE,,6562.1775,0.05552920505426742,0,539.0,532.75,11.100000000000033,6640.42,6562.1775,12.320839953410921,0.0,0.0,33,0,0
S0004,Alcohol,2025-08-18,6120.21,493,379,0.0,0.0,0,0,NONE,,6754.895,-0.09395926953712831,0,572.0,552.0,3.9999999999999223,6926.57,6754.8949999999995,12.239247587443556,0.0,0.0,34,0,0
S0004,Bakery,2025-06-30,248.84,65,48,0.0,0.0,0,0,NONE,,,,0,,549.6666666666666,,,6729.0,12.244709365249726,0.0,0.0,27,0,0
S0004,Bakery,2025-07-07,298.76,74,60,0.0,0.0,0,0,NONE,,248.84,0.20061083427101747,0,65.0,392.0,,248.84,4605.276666666666,9.419194828980542,0.0,0.0,28,0,0
S0004,Bakery,2025-07-14,301.77,74,59,0.0,0.0,0,0,NONE,,273.8,0.10215485756026285,0,74.0,237.0,,298.76,2491.39,6.658331033831033,0.0,0.0,29,0,0
S0004,Bakery,2025-07-21,304.74,79,64,0.0,0.0,0,0,NONE,,283.12333333333333,0.07635070699459602,0,74.0,71.0,,301.77,283.12333333333305,3.9811926541926526,0.0,0.0,30,0,0
S0004,Bakery,2025-07-28,205.32,51,45,0.0,0.0,0,0,NONE,,288.52750000000003,-0.2883867222361821,0,79.0,73.0,4.200000000000006,304.74,288.5274999999998,3.9502615792520848,0.0,0.0,31,0,0
S0004,Bakery,2025-08-04,302.15,70,53,0.0,0.0,0,0,NONE,,277.6475,0.0882503894326439,0,51.0,69.5,-6.3999999999999995,205.32,277.64749999999975,3.999655244410455,0.0,0.0,32,0,0
S0004,Bakery,2025-08-11,249.57999999999998,66,49,0.0,0.0,0,0,NONE,,278.495,-0.10382592147076257,0,70.0,68.5,-3.999999999999999,302.15,278.4949999999998,4.069438062943274,0.0,0.0,33,0,0
S0004,Bakery,2025-08-18,272.49,69,51,0.0,0.0,0,0,NONE,,265.4475,0.026530669906478753,0,66.0,66.5,-2.000000000000007,249.57999999999998,265.44749999999976,3.9953236075788188,0.0,0.0,34,0,0
S0004,Baking,2025-06-30,790.46,207,159,0.0,0.0,0,0,NONE,,,,0,,62.333333333333336,,,252.34999999999968,4.041275358628298,0.0,0.0,27,0,0
S0004,Baking,2025-07-07,768.62,198,158,0.0,0.0,0,0,NONE,,790.46,-0.0276294815676948,0,207.0,114.33333333333333,,790.46,447.39666666666636,3.9721970219796288,0.0,0.0,28,0,0
S0004,Baking,2025-07-14,675.75,184,145,0.0,0.0,0,0,NONE,,779.54,-0.13314262257228618,0,198.0,157.0,,768.62,602.8866666666663,3.82736056214317,0.0,0.0,29,0,0
S0004,Baking,2025-07-21,913.03,240,167,0.0,0.0,0,0,NONE,,744.9433333333333,0.22563684933529626,0,184.0,196.33333333333334,,675.75,744.943333333333,3.7910402942468147,0.0,0.0,30,0,0
S0004,Baking,2025-07-28,706.47,190,152,0.0,0.0,0,0,NONE,,786.9649999999999,-0.10228536211902677,0,240.0,207.25,8.499999999999991,913.03,786.9649999999998,3.7943531373517776,0.0,0.0,31,0,0
S0004,Baking,2025-08-04,842.82,224,170,0.0,0.0,0,0,NONE,,765.9675,0.10033389145100814,0,190.0,203.0,3.2000000000000153,706.47,765.9674999999997,3.76925709107667,0.0,0.0,32,0,0
S0004,Baking,2025-08-11,644.2,174,139,0.0,0.0,0,0,NONE,,784.5175,-0.17885834286679392,0,224.0,209.5,6.999999999999987,842.82,784.5174999999998,3.739424614525443,0.0,0.0,33,0,0
S0004,Baking,2025-08-18,779.24,213,165,0.0,0.0,0,0,NONE,,776.6300000000001,0.0033606736798731693,0,174.0,207.0,-16.39999999999999,644.2,776.6299999999999,3.7468607402125995,0.0,0.0,34,0,0
S0004,Beverages,2025-06-30,809.25,236,145,0.0,0.0,0,0,NONE,,,,0,,196.0,,,731.1633333333331,3.727717098061244,0.0,0.0,27,0,0
S0004,Beverages,2025-07-07,754.87,228,141,0.0,0.0,0,0,NONE,,809.25,-0.06719802286067346,0,236.0,211.33333333333334,,809.25,765.4233333333332,3.6313045200059357,0.0,0.0,28,0,0
S0004,Beverages,2025-07-14,755.34,231,149,0.0,0.0,0,0,NONE,,782.06,-0.03416617650819619,0,228.0,212.66666666666666,,754.87,736.1066666666665,3.4807192025456186,0.0,0.0,29,0,0
S0004,Beverages,2025-07-21,836.99,249,159,0.0,0.0,0,0,NONE,,773.1533333333333,0.08256663188845684,0,231.0,231.66666666666666,,755.34,773.1533333333331,3.3365762956440914,0.0,0.0,30,0,0
S0004,Beverages,2025-07-28,810.84,247,156,0.0,0.0,0,0,NONE,,789.1125,0.02753409684930866,0,249.0,236.0,4.199999999999989,836.99,789.1124999999997,3.3427836273555585,0.0,0.0,31,0,0
S0004,Beverages,2025-08-04,949.85,280,169,0.0,0.0,0,0,NONE,,789.51,0.20308799128573424,0,247.0,238.75,7.500000000000022,810.84,789.5099999999998,3.306215530532667,0.0,0.0,32,0,0
S0004,Beverages,2025-08-11,852.0600000000001,266,156,0.0,0.0,0,0,NONE,,838.255,0.016468735647267314,0,280.0,251.75,14.500000000000027,949.85,838.2549999999999,3.3265875543421903,0.0,0.0,33,0,0
S0004,Beverages,2025-08-18,868.97,271,174,0.0,0.0,0,0,NONE,,862.435,0.007577382643329737,0,266.0,260.5,8.400000000000023,852.0600000000001,862.4349999999998,3.3099282925513496,0.0,0.0,34,0,0
S0004,Breakfast & Cereal,2025-06-30,859.22,181,136,0.0,0.0,0,0,NONE,,,,0,,264.3333333333333,,,870.9166666666664,3.292769182571813,0.0,0.0,27,0,0
S0004,Breakfast & Cereal,2025-07-07,984.16,210,169,0.0,0.0,0,0,NONE,,859.22,0.1454109541211796,0,181.0,242.33333333333334,,859.22,887.0433333333331,3.780875444827537,0.0,0.0,28,0,0
S0004,Breakfast & Cereal,2025-07-14,871.55,189,143,0.0,0.0,0,0,NONE,,921.69,-0.054400069437663526,0,210.0,219.0,,984.16,898.4799999999997,4.212260365462458,0.0,0.0,29,0,0
S0004,Breakfast & Cereal,2025-07-21,971.61,210,164,0.0,0.0,0,0,NONE,,904.9766666666668,0.07362989101008115,0,189.0,193.33333333333334,,871.55,904.9766666666665,4.681641225018756,0.0,0.0,30,0,0
S0004,Breakfast & Cereal,2025-07-28,960.27,209,154,0.0,0.0,0,0,NONE,,921.6350000000001,0.04192006596971672,0,210.0,197.5,6.6,971.61,921.6349999999998,4.667909490192638,0.0,0.0,31,0,0
S0004,Breakfast & Cereal,2025-08-04,969.06,222,164,0.0,0.0,0,0,NONE,,946.8975,0.02340538442650858,0,209.0,204.5,1.7999999999999978,960.27,946.8974999999997,4.629789859750385,0.0,0.0,32,0,0
S0004,Breakfast & Cereal,2025-08-11,974.41,209,153,0.0,0.0,0,0,NONE,,943.1225,0.03317437554506442,0,222.0,207.5,9.80000000000001,969.06,943.1224999999997,4.549454595915122,0.0,0.0,33,0,0
S0004,Breakfast & Cereal,2025-08-18,878.95,189,143,0.0,0.0,0,0,NONE,,968.8375,-0.09277871676106668,0,209.0,212.5,1.0000000000000089,974.41,968.8374999999996,4.562172881528144,0.0,0.0,34,0,0
S0004,Candy,2025-06-30,517.07,207,164,0.0,0.0,0,0,NONE,,,,0,,213.33333333333334,,,967.913333333333,4.540659080132763,0.0,0.0,27,0,0
S0004,Candy,2025-07-07,454.45,185,140,0.0,0.0,0,0,NONE,,517.07,-0.12110545960895054,0,207.0,212.66666666666666,,517.07,820.1799999999997,3.8417688814256308,0.0,0.0,28,0,0
S0004,Candy,2025-07-14,393.44,161,131,0.0,0.0,0,0,NONE,,485.76,-0.19005270092226612,0,185.0,200.33333333333334,,454.45,648.6433333333331,3.205552665209415,0.0,0.0,29,0,0
S0004,Candy,2025-07-21,499.52,202,162,0.0,0.0,0,0,NONE,,454.9866666666667,0.09787832610479422,0,161.0,184.33333333333334,,393.44,454.9866666666664,2.4660452999583424,0.0,0.0,30,0,0
S0004,Candy,2025-07-28,513.77,214,160,0.0,0.0,0,0,NONE,,466.12,0.10222689436196683,0,202.0,188.75,-3.9,499.52,466.1199999999998,2.467751796750935,0.0,0.0,31,0,0
S0004,Candy,2025-08-04,491.47,195,149,0.0,0.0,0,0,NONE,,465.29499999999996,0.05625463415682539,0,214.0,190.5,12.80000000000001,513.77,465.29499999999973,2.4434697185532737,0.0,0.0,32,0,0
S0004,Candy,2025-08-11,538.32,216,156,0.0,0.0,0,0,NONE,,474.55,0.1343799388894743,0,195.0,193.0,11.400000000000002,491.47,474.5499999999998,2.4594378405213955,0.0,0.0,33,0,0
S0004,Candy,2025-08-18,500.33,212,171,0.0,0.0,0,0,NONE,,510.77,-0.020439728253421302,0,216.0,206.75,2.2999999999999847,538.32,510.76999999999975,2.4715617190583177,0.0,0.0,34,0,0
S0004,Condiments/Sauces/Spices,2025-06-30,564.33,160,124,0.0,0.0,0,0,NONE,,,,0,,208.33333333333334,,,514.5199999999996,2.471125196368186,0.0,0.0,27,0,0
S0004,Condiments/Sauces/Spices,2025-07-07,740.4399999999999,208,153,0.0,0.0,0,0,NONE,,564.33,0.31206917938085854,0,160.0,190.33333333333334,,564.33,531.3733333333331,2.8465478988603983,0.0,0.0,28,0,0
S0004,Condiments/Sauces/Spices,2025-07-14,714.33,199,148,0.0,0.0,0,0,NONE,,652.385,0.09495160066525142,0,208.0,194.66666666666666,,740.4399999999999,614.3633333333331,3.193030804843304,0.0,0.0,29,0,0
S0004,Condiments/Sauces/Spices,2025-07-21,621.3,175,135,0.0,0.0,0,0,NONE,,673.0333333333333,-0.07686593036501414,0,199.0,189.0,,714.33,673.033333333333,3.558822727419146,0.0,0.0,30,0,0
S0004,Condiments/Sauces/Spices,2025-07-28,711.22,200,153,0.0,0.0,0,0,NONE,,660.0999999999999,0.07744281169519789,0,175.0,185.5,3.6000000000000103,621.3,660.0999999999997,3.556688474135788,0.0,0.0,31,0,0
S0004,Condiments/Sauces/Spices,2025-08-04,736.37,211,162,0.0,0.0,0,0,NONE,,696.8225,0.05675405142629581,0,200.0,195.5,-4.799999999999997,711.22,696.8224999999998,3.563947849135788,0.0,0.0,32,0,0
S0004,Condiments/Sauces/Spices,2025-08-11,657.14,175,142,0.0,0.0,0,0,NONE,,695.8050000000001,-0.05556872974468432,0,211.0,196.25,6.1000000000000085,736.37,695.8049999999997,3.5464722293764,0.0,0.0,33,0,0
S0004,Condiments/Sauces/Spices,2025-08-18,679.39,190,143,0.0,0.0,0,0,NONE,,681.5074999999999,-0.003107082460574462,0,175.0,190.25,1.1000000000000083,657.14,681.5074999999997,3.587844160460392,0.0,0.0,34,0,0
S0004,Dairy & Eggs,2025-06-30,1583.81,450,310,0.0,0.0,0,0,NONE,,,,0,,195.33333333333334,,,701.5766666666663,3.600363642518618,0.0,0.0,27,0,0
S0004,Dairy & Eggs,2025-07-07,2066.7599999999998,593,388,0.0,0.0,0,0,NONE,,1583.81,0.3049292528775547,0,450.0,278.6666666666667,,1583.81,992.4399999999996,3.5881895684445433,0.0,0.0,28,0,0
S0004,Dairy & Eggs,2025-07-14,1915.48,550,374,0.0,0.0,0,0,NONE,,1825.2849999999999,0.049414201069969986,0,593.0,406.0,,2066.7599999999998,1435.903333333333,3.586641624954271,0.0,0.0,29,0,0
S0004,Dairy & Eggs,2025-07-21,1925.93,546,358,0.0,0.0,0,0,NONE,,1855.3499999999997,0.03804133990891228,0,550.0,531.0,,1915.48,1855.3499999999997,3.4958433565560028,0.0,0.0,30,0,0
S0004,Dairy & Eggs,2025-07-28,1943.51,553,373,0.0,0.0,0,0,NONE,,1872.995,0.03764825853779647,0,546.0,534.75,24.500000000000057,1925.93,1872.9949999999997,3.5037185980030827,0.0,0.0,31,0,0
S0004,Dairy & Eggs,2025-08-04,2151.54,613,402,0.0,0.0,0,0,NONE,,1962.92,0.09609153709779303,0,553.0,560.5,-12.399999999999993,1943.51,1962.9199999999998,3.5024453108823272,0.0,0.0,32,0,0
S0004,Dairy & Eggs,2025-08-11,1699.29,492,335,0.0,0.0,0,0,NONE,,1984.115,-0.14355266705810904,0,613.0,565.5,19.600000000000016,2151.54,1984.1149999999998,3.508593260451664,0.0,0.0,33,0,0
S0004,Dairy & Eggs,2025-08-18,2035.76,577,382,0.0,0.0,0,0,NONE,,1930.0674999999999,0.054761038150220195,0,492.0,551.0,-10.199999999999942,1699.29,1930.0674999999999,3.501380899032595,0.0,0.0,34,0,0
S0004,Deli,2025-06-30,1242.11,214,158,0.0,0.0,0,0,NONE,,,,0,,552.6666666666666,,,1931.4466666666665,3.4927264245953524,0.0,0.0,27,0,0
S0004,Deli,2025-07-07,1166.41,201,146,0.0,0.0,0,0,NONE,,1242.11,-0.060944682838073784,0,214.0,439.6666666666667,,1242.11,1697.6466666666663,4.255982326979967,0.0,0.0,28,0,0
S0004,Deli,2025-07-14,1210.3799999999999,200,147,0.0,0.0,0,0,NONE,,1204.26,0.005081959045388779,0,201.0,302.3333333333333,,1166.41,1369.2699999999998,5.020376208577958,0.0,0.0,29,0,0
S0004,Deli,2025-07-21,1033.48,174,151,0.0,0.0,0,0,NONE,,1206.3,-0.14326452789521674,0,200.0,205.0,,1210.3799999999999,1206.2999999999995,5.886395720773081,0.0,0.0,30,0,0
S0004,Deli,2025-07-28,919.39,153,128,0.0,0.0,0,0,NONE,,1163.0949999999998,-0.2095314656154483,0,174.0,197.25,-12.099999999999985,1033.48,1163.0949999999998,5.899681848051075,0.0,0.0,31,0,0
S0004,Deli,2025-08-04,1377.87,238,172,0.0,0.0,0,0,NONE,,1082.415,0.2729590776181039,0,153.0,182.0,-16.999999999999996,919.39,1082.4149999999997,5.950890005768991,0.0,0.0,32,0,0
S0004,Deli,2025-08-11,1493.48,239,172,0.0,0.0,0,0,NONE,,1135.2799999999997,0.31551687689380625,0,238.0,191.25,9.29999999999999,1377.87,1135.2799999999997,5.947473736276119,0.0,0.0,33,0,0
S0004,Deli,2025-08-18,1188.09,196,145,0.0,0.0,0,0,NONE,,1206.0549999999998,-0.014895672253752873,0,239.0,201.0,28.000000000000004,1493.48,1206.0549999999998,5.996716309497876,0.0,0.0,34,0,0
S0004,Frozen Foods,2025-06-30,1146.41,168,138,0.0,0.0,0,0,NONE,,,,0,,210.0,,,1263.58,6.015775002702149,0.0,0.0,27,0,0
S0004,Frozen Foods,2025-07-07,1390.49,194,152,0.0,0.0,0,0,NONE,,1146.41,0.21290812187611755,0,168.0,215.0,,1146.41,1339.253333333333,6.287369696135078,0.0,0.0,28,0,0
S0004,Frozen Foods,2025-07-14,1255.78,177,131,0.0,0.0,0,0,NONE,,1268.45,-0.009988568725610053,0,194.0,200.33333333333334,,1390.49,1343.4599999999998,6.746737855770067,0.0,0.0,29,0,0
S0004,Frozen Foods,2025-07-21,1240.54,182,130,0.0,0.0,0,0,NONE,,1264.2266666666667,-0.01873609162913828,0,177.0,179.66666666666666,,1255.78,1264.2266666666665,7.028715178103391,0.0,0.0,30,0,0
S0004,Frozen Foods,2025-07-28,1445.95,202,155,0.0,0.0,0,0,NONE,,1258.305,0.14912521209086824,0,182.0,180.25,2.5000000000000218,1240.54,1258.3049999999998,6.975574845116005,0.0,0.0,31,0,0
S0004,Frozen Foods,2025-08-04,1300.61,190,143,0.0,0.0,0,0,NONE,,1333.19,-0.024437627044907442,0,202.0,188.75,2.899999999999995,1445.95,1333.1899999999998,7.059149662419164,0.0,0.0,32,0,0
S0004,Frozen Foods,2025-08-11,1143.8,168,122,0.0,0.0,0,0,NONE,,1310.7199999999998,-0.1273498535156249,0,190.0,187.75,5.899999999999991,1300.61,1310.7199999999998,6.9786100530865545,0.0,0.0,33,0,0
S0004,Frozen Foods,2025-08-18,1532.6,226,165,0.0,0.0,0,0,NONE,,1282.725,0.1948001325303553,0,168.0,185.5,-5.399999999999984,1143.8,1282.725,6.906992821448135,0.0,0.0,34,0,0
S0004,Grains and Pasta,2025-06-30,160.58,58,45,0.0,0.0,0,0,NONE,,,,0,,186.66666666666666,,,1296.7866666666666,6.937272479879565,0.0,0.0,27,0,0
S0004,Grains and Pasta,2025-07-07,235.23,87,70,0.0,0.0,0,0,NONE,,160.58,0.4648773197160292,0,58.0,138.66666666666666,,160.58,868.3299999999996,5.4740899374873955,0.0,0.0,28,0,0
S0004,Grains and Pasta,2025-07-14,244.88,94,70,0.0,0.0,0,0,NONE,,197.905,0.2373613602486041,0,87.0,104.33333333333333,,235.23,513.203333333333,4.093582375478926,0.0,0.0,29,0,0
S0004,Grains and Pasta,2025-07-21,163.09,66,56,0.0,0.0,0,0,NONE,,213.56333333333336,-0.23633894707268735,0,94.0,79.66666666666667,,244.88,213.56333333333305,2.692506725360723,0.0,0.0,30,0,0
S0004,Grains and Pasta,2025-07-28,165.1,63,53,0.0,0.0,0,0,NONE,,200.94500000000002,-0.17838214436786196,0,66.0,76.25,3.0999999999999943,163.09,200.94499999999977,2.6371451955356937,0.0,0.0,31,0,0
S0004,Grains and Pasta,2025-08-04,187.5,74,66,0.0,0.0,0,0,NONE,,202.07500000000002,-0.07212668563652117,0,63.0,77.5,-9.999999999999998,165.1,202.07499999999976,2.6001487532806307,0.0,0.0,32,0,0
S0004,Grains and Pasta,2025-08-11,251.35,95,71,0.0,0.0,0,0,NONE,,190.1425,0.3219033093600851,0,74.0,74.25,-6.3000000000000025,187.5,190.14249999999976,2.5576464233645075,0.0,0.0,33,0,0
S0004,Grains and Pasta,2025-08-18,242.19,97,71,0.0,0.0,0,0,NONE,,191.76000000000002,0.262984981226533,0,95.0,74.5,9.80000000000001,251.35,191.7599999999998,2.5678171960408793,0.0,0.0,34,0,0
S0004,Meat and Seafood,2025-06-30,1375.22,148,116,0.0,0.0,0,0,NONE,,,,0,,77.33333333333333,,,201.31666666666638,2.6000693927009704,0.0,0.0,27,0,0
S0004,Meat and Seafood,2025-07-07,1899.24,202,145,0.0,0.0,0,0,NONE,,1375.22,0.3810444874274661,0,148.0,105.66666666666667,,1375.22,604.6899999999997,4.82386676149834,0.0,0.0,28,0,0
S0004,Meat and Seafood,2025-07-14,1762.79,192,144,0.0,0.0,0,0,NONE,,1637.23,0.07669050774784236,0,202.0,148.33333333333334,,1899.24,1175.2699999999998,7.113331572844339,0.0,0.0,29,0,0
S0004,Meat and Seafood,2025-07-21,1347.1,148,124,0.0,0.0,0,0,NONE,,1679.0833333333333,-0.19771700828825253,0,192.0,180.66666666666666,,1762.79,1679.083333333333,9.29180105383849,0.0,0.0,30,0,0
S0004,Meat and Seafood,2025-07-28,1608.2,170,136,0.0,0.0,0,0,NONE,,1596.0875,0.007588869657835146,0,148.0,172.5,-0.9999999999999815,1347.1,1596.0874999999996,9.244357547135625,0.0,0.0,31,0,0
S0004,Meat and Seafood,2025-08-04,1810.93,201,156,0.0,0.0,0,0,NONE,,1654.3324999999998,0.0946590241079108,0,170.0,178.0,-14.000000000000005,1608.2,1654.3324999999998,9.286350790378869,0.0,0.0,32,0,0
S0004,Meat and Seafood,2025-08-11,1763.81,193,147,0.0,0.0,0,0,NONE,,1632.255,0.0805970880775368,0,201.0,177.75,4.90000000000001,1810.93,1632.2549999999997,9.18820673343586,0.0,0.0,33,0,0
S0004,Meat and Seafood,2025-08-18,2117.77,219,156,0.0,0.0,0,0,NONE,,1632.5100000000002,0.29724779633815396,0,193.0,178.0,16.6,1763.81,1632.5099999999998,9.177635233543805,0.0,0.0,34,0,0
S0004,Pet Food,2025-06-30,1503.61,199,115,0.0,0.0,0,0,NONE,,,,0,,188.0,,,1727.6466666666663,9.2028379690494,0.0,0.0,27,0,0
S0004,Pet Food,2025-07-07,1603.02,209,129,0.0,0.0,0,0,NONE,,1503.61,0.06611421844760283,0,199.0,197.66666666666666,,1503.61,1692.7833333333328,8.568114350958945,0.0,0.0,28,0,0
S0004,Pet Food,2025-07-14,1869.93,245,138,0.0,0.0,0,0,NONE,,1553.315,0.20383180488181726,0,209.0,200.33333333333334,,1603.02,1623.4799999999996,8.121564405312377,0.0,0.0,29,0,0
S0004,Pet Food,2025-07-21,1699.39,232,146,0.0,0.0,0,0,NONE,,1658.8533333333335,0.024436558586654212,0,245.0,217.66666666666666,,1869.93,1658.8533333333332,7.61938288192582,0.0,0.0,30,0,0
S0004,Pet Food,2025-07-28,1601.7,213,131,0.0,0.0,0,0,NONE,,1668.9875000000002,-0.04031635946943889,0,232.0,221.25,13.50000000000001,1699.39,1668.9874999999997,7.545776385582297,0.0,0.0,31,0,0
S0004,Pet Food,2025-08-04,1869.48,247,153,0.0,0.0,0,0,NONE,,1693.51,0.10390845049630651,0,213.0,224.75,-0.09999999999999386,1601.7,1693.5099999999998,7.536748676614924,0.0,0.0,32,0,0
S0004,Pet Food,2025-08-11,1699.19,223,132,0.0,0.0,0,0,NONE,,1760.125,-0.034619700305376006,0,247.0,234.25,-1.299999999999987,1869.48,1760.1249999999998,7.511446873155227,0.0,0.0,33,0,0
S0004,Pet Food,2025-08-18,1723.36,235,126,0.0,0.0,0,0,NONE,,1717.44,0.0034469908701322,0,223.0,228.75,0.7000000000000236,1699.19,1717.44,7.508276561084211,0.0,0.0,34,0,0
S0004,Prepared Meals,2025-06-30,1826.5,213,160,0.0,0.0,0,0,NONE,,,,0,,227.66666666666666,,,1723.4566666666667,7.569383115928372,0.0,0.0,27,0,0
S0004,Prepared Meals,2025-07-07,2083.68,250,191,0.0,0.0,0,0,NONE,,1826.5,0.14080481795784278,0,213.0,227.66666666666666,,1826.5,1798.3899999999996,7.9211828029393265,0.0,0.0,28,0,0
S0004,Prepared Meals,2025-07-14,1864.48,223,174,0.0,0.0,0,0,NONE,,1955.09,-0.04634569252566373,0,250.0,228.66666666666666,,2083.68,1869.7899999999997,8.176507823182241,0.0,0.0,29,0,0
S0004,Prepared Meals,2025-07-21,2029.33,243,183,0.0,0.0,0,0,NONE,,1924.8866666666665,0.0542594715533036,0,223.0,228.66666666666666,,1864.48,1924.8866666666663,8.423578077292852,0.0,0.0,30,0,0
S0004,Prepared Meals,2025-07-28,1785.32,219,162,0.0,0.0,0,0,NONE,,1950.9975,-0.08491938098331751,0,243.0,232.25,6.29999999999998,2029.33,1950.9974999999997,8.405471623813261,0.0,0.0,31,0,0
S0004,Prepared Meals,2025-08-04,1880.78,241,159,0.0,0.0,0,0,NONE,,1940.7024999999999,-0.03087670572898211,0,219.0,233.75,-7.2999999999999945,1785.32,1940.7024999999996,8.299728810770622,0.0,0.0,32,0,0
S0004,Prepared Meals,2025-08-11,2007.44,245,191,0.0,0.0,0,0,NONE,,1889.9775,0.062150210782932654,0,241.0,231.5,2.9999999999999933,1880.78,1889.9775,8.167065408280996,0.0,0.0,33,0,0
S0004,Prepared Meals,2025-08-18,1501.76,186,141,0.0,0.0,0,0,NONE,,1925.7174999999997,-0.2201556043396811,0,245.0,237.0,2.7999999999999927,2007.44,1925.7174999999997,8.125249356299665,0.0,0.0,34,0,0
S0004,Snacks/Cookies/Chips,2025-06-30,1925.6,602,319,0.0,0.0,0,0,NONE,,,,0,,235.0,,,1891.1799999999996,8.049948387274727,0.0,0.0,27,0,0
S0004,Snacks/Cookies/Chips,2025-07-07,2374.4,751,388,0.0,0.0,0,0,NONE,,1925.6,0.2330702118820109,0,602.0,362.6666666666667,,1925.6,1937.9399999999998,6.398790046482744,0.0,0.0,28,0,0
S0004,Snacks/Cookies/Chips,2025-07-14,2281.37,748,402,0.0,0.0,0,0,NONE,,2150.0,0.0611023255813953,0,751.0,532.6666666666666,,2374.4,2102.4799999999996,4.851318293743657,0.0,0.0,29,0,0
S0004,Snacks/Cookies/Chips,2025-07-21,2289.46,739,385,0.0,0.0,0,0,NONE,,2193.79,0.0436094612519886,0,748.0,700.3333333333334,,2281.37,2193.7899999999995,3.1367607070726247,0.0,0.0,30,0,0
S0004,Snacks/Cookies/Chips,2025-07-28,2301.59,737,381,0.0,0.0,0,0,NONE,,2217.7075,0.037823969121266066,0,739.0,710.0,40.80000000000002,2289.46,2217.7074999999995,3.1270833855142115,0.0,0.0,31,0,0
S0004,Snacks/Cookies/Chips,2025-08-04,2143.15,692,367,0.0,0.0,0,0,NONE,,2311.705,-0.07291371520155031,0,737.0,743.75,-5.09999999999997,2301.59,2311.705,3.1081449194332604,0.0,0.0,32,0,0
S0004,Snacks/Cookies/Chips,2025-08-11,2081.48,666,357,0.0,0.0,0,0,NONE,,2253.8925,-0.07649544066542655,0,692.0,729.0,-17.0,2143.15,2253.8925,3.091991529540785,0.0,0.0,33,0,0
S0004,Snacks/Cookies/Chips,2025-08-18,2343.46,747,402,0.0,0.0,0,0,NONE,,2203.92,0.06331445787505896,0,666.0,708.5,-26.399999999999974,2081.48,2203.9199999999996,3.11083789261509,0.0,0.0,34,0,0
S0005,Alcohol,2025-06-30,3521.59,287,188,0.0,0.0,0,0,NONE,,,,0,,698.3333333333334,,,2175.4066666666663,3.1151000498737957,0.0,0.0,27,0,0
S0005,Alcohol,2025-07-07,3468.81,284,190,0.0,0.0,0,0,NONE,,3521.59,-0.014987548238153845,0,287.0,548.3333333333334,,3521.59,2582.0733333333333,6.164243783218477,0.0,0.0,28,0,0
S0005,Alcohol,2025-07-14,4206.61,340,236,0.0,0.0,0,0,NONE,,3495.2,0.203539139391165,0,284.0,412.3333333333333,,3468.81,3023.9599999999996,9.203271165236984,0.0,0.0,29,0,0
S0005,Alcohol,2025-07-21,4470.42,364,226,0.0,0.0,0,0,NONE,,3732.336666666666,0.19775368602868107,0,340.0,303.6666666666667,,4206.61,3732.336666666666,12.285616834435594,0.0,0.0,30,0,0
S0005,Alcohol,2025-07-28,3775.26,303,209,0.0,0.0,0,0,NONE,,3916.8574999999996,-0.0361507918018461,0,364.0,318.75,28.700000000000006,4470.42,3916.8575,12.284556032420102,0.0,0.0,31,0,0
S0005,Alcohol,2025-08-04,4148.99,333,209,0.0,0.0,0,0,NONE,,3980.275,0.04238777471405862,0,303.0,322.75,8.100000000000037,3775.26,3980.2749999999996,12.331869914505173,0.0,0.0,32,0,0
S0005,Alcohol,2025-08-11,3909.14,314,203,0.0,0.0,0,0,NONE,,4150.32,-0.05811118178839218,0,333.0,335.0,-8.199999999999987,4148.99,4150.32,12.393197342285067,0.0,0.0,33,0,0
S0005,Alcohol,2025-08-18,3785.73,316,214,0.0,0.0,0,0,NONE,,4075.9525,-0.07120360210282133,0,314.0,328.5,-11.999999999999995,3909.14,4075.9525,12.41247436551474,0.0,0.0,34,0,0
S0005,Bakery,2025-06-30,212.56,54,40,0.0,0.0,0,0,NONE,,,,0,,316.6666666666667,,,3944.463333333333,12.456174611895113,0.0,0.0,27,0,0
S0005,Bakery,2025-07-07,222.39,54,42,0.0,0.0,0,0,NONE,,212.56,0.046245765901392476,0,54.0,233.66666666666666,,212.56,2756.896666666666,9.615072057195198,0.0,0.0,28,0,0
S0005,Bakery,2025-07-14,214.54,53,43,0.0,0.0,0,0,NONE,,217.475,-0.013495804115415577,0,54.0,140.66666666666666,,222.39,1448.0299999999997,6.834706691829833,0.0,0.0,29,0,0
S0005,Bakery,2025-07-21,194.04,51,38,0.0,0.0,0,0,NONE,,216.49666666666667,-0.10372754006990105,0,53.0,53.666666666666664,,214.54,216.49666666666636,4.034184719310504,0.0,0.0,30,0,0
S0005,Bakery,2025-07-28,147.71,38,33,0.0,0.0,0,0,NONE,,210.8825,-0.29956255260630915,0,51.0,53.0,-1.0000000000000004,194.04,210.88249999999977,3.9768150100711135,0.0,0.0,31,0,0
S0005,Bakery,2025-08-04,115.11,30,24,0.0,0.0,0,0,NONE,,194.67,-0.40869163199260283,0,38.0,49.0,-4.99999999999999,147.71,194.6699999999998,3.9645172517865133,0.0,0.0,32,0,0
S0005,Bakery,2025-08-11,159.77,38,33,0.0,0.0,0,0,NONE,,167.85,-0.048138218647601934,0,30.0,43.0,-8.200000000000006,115.11,167.84999999999977,3.89418391845318,0.0,0.0,33,0,0
S0005,Bakery,2025-08-18,161.35,42,33,0.0,0.0,0,0,NONE,,154.1575,0.0466568282438415,0,38.0,39.25,-4.699999999999999,159.77,154.15749999999977,3.93332120743034,0.0,0.0,34,0,0
S0005,Baking,2025-06-30,361.3,97,79,0.0,0.0,0,0,NONE,,,,0,,35.333333333333336,,,140.86333333333303,3.9761929824561393,0.0,0.0,27,0,0
S0005,Baking,2025-07-07,395.68,106,83,0.0,0.0,0,0,NONE,,361.3,0.09515637973982838,0,97.0,55.0,,361.3,212.05999999999972,3.9220719840839195,0.0,0.0,28,0,0
S0005,Baking,2025-07-14,428.56,116,90,0.0,0.0,0,0,NONE,,378.49,0.13228883193743557,0,106.0,80.33333333333333,,395.68,305.58333333333303,3.8873487136436684,0.0,0.0,29,0,0
S0005,Baking,2025-07-21,448.9,122,97,0.0,0.0,0,0,NONE,,395.18,0.13593805354521982,0,116.0,106.33333333333333,,428.56,395.17999999999967,3.717351738447056,0.0,0.0,30,0,0
S0005,Baking,2025-07-28,487.8,129,99,0.0,0.0,0,0,NONE,,408.61,0.19380338219818408,0,122.0,110.25,8.500000000000007,448.9,408.6099999999998,3.70789085301562,0.0,0.0,31,0,0
S0005,Baking,2025-08-04,443.41,115,89,0.0,0.0,0,0,NONE,,440.23499999999996,0.007212057196724632,0,129.0,118.25,7.500000000000003,487.8,440.2349999999998,3.722054123214613,0.0,0.0,32,0,0
S0005,Baking,2025-08-11,418.37,112,89,0.0,0.0,0,0,NONE,,452.1675,-0.07474553124671723,0,115.0,120.5,0.40000000000000857,443.41,452.1674999999998,3.7527813586534973,0.0,0.0,33,0,0
S0005,Baking,2025-08-18,405.56,112,87,0.0,0.0,0,0,NONE,,449.62,-0.09799386148303012,0,112.0,119.5,-4.400000000000007,418.37,449.6199999999998,3.7630222761411822,0.0,0.0,34,0,0
S0005,Beverages,2025-06-30,394.23,115,63,0.0,0.0,0,0,NONE,,,,0,,118.66666666666667,,,449.8599999999997,3.7908603026144725,0.0,0.0,27,0,0
S0005,Beverages,2025-07-07,509.89,159,95,0.0,0.0,0,0,NONE,,394.23,0.293382035867387,0,115.0,114.0,,394.23,418.6699999999997,3.673090838509316,0.0,0.0,28,0,0
S0005,Beverages,2025-07-14,645.5,185,105,0.0,0.0,0,0,NONE,,452.06,0.4279077998495775,0,159.0,128.66666666666666,,509.89,440.8299999999997,3.4567962436683715,0.0,0.0,29,0,0
S0005,Beverages,2025-07-21,574.99,167,104,0.0,0.0,0,0,NONE,,516.54,0.11315677391876727,0,185.0,153.0,,645.5,516.5399999999997,3.374710497207625,0.0,0.0,30,0,0
S0005,Beverages,2025-07-28,570.24,173,95,0.0,0.0,0,0,NONE,,531.1524999999999,0.07358997651333675,0,167.0,156.5,18.200000000000003,574.99,531.1524999999998,3.391796345959611,0.0,0.0,31,0,0
S0005,Beverages,2025-08-04,701.52,211,120,0.0,0.0,0,0,NONE,,575.155,0.21970599229772847,0,173.0,171.0,2.3999999999999995,570.24,575.1549999999997,3.3588208496037426,0.0,0.0,32,0,0
S0005,Beverages,2025-08-11,344.38,105,71,0.0,0.0,0,0,NONE,,623.0625,-0.4472785635469957,0,211.0,184.0,8.399999999999995,701.52,623.0624999999998,3.388291847248978,0.0,0.0,33,0,0
S0005,Beverages,2025-08-18,612.1,180,114,0.0,0.0,0,0,NONE,,547.7825,0.11741430220936228,0,105.0,164.0,-14.799999999999994,344.38,547.7824999999998,3.3359469309040617,0.0,0.0,34,0,0
S0005,Breakfast & Cereal,2025-06-30,513.62,116,83,0.0,0.0,0,0,NONE,,,,0,,163.0,,,538.713333333333,3.3002446104668923,0.0,0.0,27,0,0
S0005,Breakfast & Cereal,2025-07-07,509.06,110,95,0.0,0.0,0,0,NONE,,513.62,-0.008878158950196648,0,116.0,144.0,,513.62,519.8399999999997,3.6774358269973555,0.0,0.0,28,0,0
S0005,Breakfast & Cereal,2025-07-14,516.58,111,92,0.0,0.0,0,0,NONE,,511.34000000000003,0.010247584777251944,0,110.0,110.33333333333333,,509.06,455.6866666666663,4.111795442105786,0.0,0.0,29,0,0
S0005,Breakfast & Cereal,2025-07-21,747.78,164,117,0.0,0.0,0,0,NONE,,513.0866666666667,0.4574146018216544,0,111.0,112.33333333333333,,516.58,513.0866666666665,4.5698168921272355,0.0,0.0,30,0,0
S0005,Breakfast & Cereal,2025-07-28,565.96,127,99,0.0,0.0,0,0,NONE,,571.76,-0.010144116412480681,0,164.0,125.25,14.499999999999998,747.78,571.7599999999998,4.567271205680793,0.0,0.0,31,0,0
S0005,Breakfast & Cereal,2025-08-04,576.33,128,98,0.0,0.0,0,0,NONE,,584.845,-0.014559413177850518,0,127.0,128.0,10.399999999999997,565.96,584.8449999999998,4.574426038697355,0.0,0.0,32,0,0
S0005,Breakfast & Cereal,2025-08-11,517.62,113,81,0.0,0.0,0,0,NONE,,601.6625,-0.13968379282405005,0,128.0,132.5,1.4000000000000077,576.33,601.6624999999998,4.54311602449281,0.0,0.0,33,0,0
S0005,Breakfast & Cereal,2025-08-18,576.48,130,102,0.0,0.0,0,0,NONE,,601.9225,-0.04226873060900697,0,113.0,133.0,-15.200000000000001,517.62,601.9224999999998,4.524824547174784,0.0,0.0,34,0,0
S0005,Candy,2025-06-30,271.38,112,86,0.0,0.0,0,0,NONE,,,,0,,122.66666666666667,,,553.3033333333331,4.513221347452558,0.0,0.0,27,0,0
S0005,Candy,2025-07-07,274.59,113,84,0.0,0.0,0,0,NONE,,271.38,0.011828432456334217,0,112.0,117.66666666666667,,271.38,455.10999999999973,3.835440601295826,0.0,0.0,28,0,0
S0005,Candy,2025-07-14,382.5,152,109,0.0,0.0,0,0,NONE,,272.985,0.401175888785098,0,113.0,112.66666666666667,,274.59,354.52999999999975,3.1445812262958266,0.0,0.0,29,0,0
S0005,Candy,2025-07-21,347.66,139,103,0.0,0.0,0,0,NONE,,309.49,0.1233319331803936,0,152.0,125.66666666666667,,382.5,309.4899999999997,2.456494360902254,0.0,0.0,30,0,0
S0005,Candy,2025-07-28,339.41,142,101,0.0,0.0,0,0,NONE,,319.0325,0.0638728029276014,0,139.0,129.0,12.0,347.66,319.0324999999998,2.4676585404608633,0.0,0.0,31,0,0
S0005,Candy,2025-08-04,344.26,137,105,0.0,0.0,0,0,NONE,,336.04,0.024461373645994437,0,142.0,136.5,7.400000000000008,339.41,336.0399999999998,2.4594524287908435,0.0,0.0,32,0,0
S0005,Candy,2025-08-11,308.86,115,85,0.0,0.0,0,0,NONE,,353.45750000000004,-0.1261749998231754,0,137.0,142.5,-4.199999999999994,344.26,353.4574999999998,2.48016410762296,0.0,0.0,33,0,0
S0005,Candy,2025-08-18,289.81,114,87,0.0,0.0,0,0,NONE,,335.0475,-0.13501816906558028,0,115.0,133.25,-7.69999999999999,308.86,335.04749999999984,2.5224870481263926,0.0,0.0,34,0,0
S0005,Condiments/Sauces/Spices,2025-06-30,273.26,79,70,0.0,0.0,0,0,NONE,,,,0,,131.33333333333334,,,330.8433333333331,2.5295990377896267,0.0,0.0,27,0,0
S0005,Condiments/Sauces/Spices,2025-07-07,447.62,129,97,0.0,0.0,0,0,NONE,,273.26,0.6380736295103565,0,79.0,110.33333333333333,,273.26,308.79333333333307,2.885857729178466,0.0,0.0,28,0,0
S0005,Condiments/Sauces/Spices,2025-07-14,458.95,127,90,0.0,0.0,0,0,NONE,,360.44,0.27330484962823215,0,129.0,107.66666666666667,,447.62,343.2466666666664,3.204882984275695,0.0,0.0,29,0,0
S0005,Condiments/Sauces/Spices,2025-07-21,454.21999999999997,124,87,0.0,0.0,0,0,NONE,,393.27666666666664,0.15496300314452083,0,127.0,111.66666666666667,,458.95,393.2766666666664,3.5142297833171194,0.0,0.0,30,0,0
S0005,Condiments/Sauces/Spices,2025-07-28,460.11,131,98,0.0,0.0,0,0,NONE,,408.5125,0.12630580459594265,0,124.0,114.75,13.300000000000008,454.21999999999997,408.5124999999998,3.5514384665200973,0.0,0.0,31,0,0
S0005,Condiments/Sauces/Spices,2025-08-04,404.67,116,78,0.0,0.0,0,0,NONE,,455.225,-0.11105497281564063,0,131.0,127.75,0.30000000000000004,460.11,455.2249999999998,3.5647641501610288,0.0,0.0,32,0,0
S0005,Condiments/Sauces/Spices,2025-08-11,431.44,119,91,0.0,0.0,0,0,NONE,,444.4875,-0.02935403132821511,0,116.0,124.5,-2.599999999999995,404.67,444.4874999999998,3.569417150695645,0.0,0.0,33,0,0
S0005,Condiments/Sauces/Spices,2025-08-18,400.61,108,85,0.0,0.0,0,0,NONE,,437.61,-0.08455017024291035,0,119.0,122.5,-2.999999999999992,431.44,437.6099999999998,3.5723588234277304,0.0,0.0,34,0,0
S0005,Dairy & Eggs,2025-06-30,1087.98,311,219,0.0,0.0,0,0,NONE,,,,0,,122.0,,,432.0733333333331,3.5421235925272962,0.0,0.0,27,0,0
S0005,Dairy & Eggs,2025-07-07,1235.81,360,230,0.0,0.0,0,0,NONE,,1087.98,0.13587565947903446,0,311.0,182.0,,1087.98,641.3633333333331,3.5374695585075124,0.0,0.0,28,0,0
S0005,Dairy & Eggs,2025-07-14,1161.65,342,225,0.0,0.0,0,0,NONE,,1161.895,-0.00021086242732767666,0,360.0,263.3333333333333,,1235.81,918.4099999999997,3.518893249439824,0.0,0.0,29,0,0
S0005,Dairy & Eggs,2025-07-21,1253.85,340,232,0.0,0.0,0,0,NONE,,1161.8133333333333,0.07921811880279102,0,342.0,337.6666666666667,,1161.65,1161.813333333333,3.442590318910888,0.0,0.0,30,0,0
S0005,Dairy & Eggs,2025-07-28,1200.52,347,218,0.0,0.0,0,0,NONE,,1184.8225,0.013248819970923907,0,340.0,338.25,6.900000000000022,1253.85,1184.8224999999998,3.5038912685949306,0.0,0.0,31,0,0
S0005,Dairy & Eggs,2025-08-04,1285.29,358,229,0.0,0.0,0,0,NONE,,1212.9575,0.05963316934022831,0,347.0,347.25,-4.099999999999989,1200.52,1212.9575,3.4942372289162886,0.0,0.0,32,0,0
S0005,Dairy & Eggs,2025-08-11,1263.06,360,234,0.0,0.0,0,0,NONE,,1225.3274999999999,0.03079380818597483,0,358.0,346.75,5.499999999999975,1285.29,1225.3274999999999,3.533584722708964,0.0,0.0,33,0,0
S0005,Dairy & Eggs,2025-08-18,1293.25,367,252,0.0,0.0,0,0,NONE,,1250.6799999999998,0.03403748360891688,0,360.0,351.25,7.10000000000001,1263.06,1250.6799999999998,3.561550365983818,0.0,0.0,34,0,0
S0005,Deli,2025-06-30,674.2,104,75,0.0,0.0,0,0,NONE,,,,0,,355.0,,,1249.623333333333,3.519469115429404,0.0,0.0,27,0,0
S0005,Deli,2025-07-07,767.35,122,85,0.0,0.0,0,0,NONE,,674.2,0.13816374962919012,0,104.0,274.0,,674.2,1074.1833333333332,4.527129279472853,0.0,0.0,28,0,0
S0005,Deli,2025-07-14,603.26,101,83,0.0,0.0,0,0,NONE,,720.7750000000001,-0.16303978356630028,0,122.0,195.33333333333334,,767.35,901.5366666666664,5.426982135350986,0.0,0.0,29,0,0
S0005,Deli,2025-07-21,715.12,121,97,0.0,0.0,0,0,NONE,,681.6033333333334,0.049173272822413794,0,101.0,109.0,,603.26,681.6033333333331,6.248439231060558,0.0,0.0,30,0,0
S0005,Deli,2025-07-28,785.83,126,108,0.0,0.0,0,0,NONE,,689.9825000000001,0.13891294344421773,0,121.0,112.0,3.000000000000003,715.12,689.9824999999998,6.163850084452443,0.0,0.0,31,0,0
S0005,Deli,2025-08-04,848.67,140,109,0.0,0.0,0,0,NONE,,717.89,0.1821727562718522,0,126.0,117.5,3.1999999999999984,785.83,717.8899999999999,6.102363515465874,0.0,0.0,32,0,0
S0005,Deli,2025-08-11,721.96,120,97,0.0,0.0,0,0,NONE,,738.22,-0.022025954322559656,0,140.0,122.0,12.200000000000005,848.67,738.2199999999998,6.045407133732852,0.0,0.0,33,0,0
S0005,Deli,2025-08-18,749.94,128,94,0.0,0.0,0,0,NONE,,767.895,-0.02338210302189743,0,120.0,126.75,1.0999999999999974,721.96,767.8949999999999,6.056272645284008,0.0,0.0,34,0,0
S0005,Frozen Foods,2025-06-30,572.1,84,56,0.0,0.0,0,0,NONE,,,,0,,128.66666666666666,,,785.4866666666663,6.105002645502644,0.0,0.0,27,0,0
S0005,Frozen Foods,2025-07-07,772.77,110,85,0.0,0.0,0,0,NONE,,572.1,0.35076035658101723,0,84.0,114.66666666666667,,572.1,714.243333333333,6.296325396825395,0.0,0.0,28,0,0
S0005,Frozen Foods,2025-07-14,724.53,103,84,0.0,0.0,0,0,NONE,,672.435,0.07747217203149752,0,110.0,104.66666666666667,,772.77,688.9433333333332,6.617409812409811,0.0,0.0,29,0,0
S0005,Frozen Foods,2025-07-21,645.43,95,73,0.0,0.0,0,0,NONE,,689.7999999999998,-0.0643229921716438,0,103.0,99.0,,724.53,689.7999999999997,6.956722649518764,0.0,0.0,30,0,0
S0005,Frozen Foods,2025-07-28,740.84,110,81,0.0,0.0,0,0,NONE,,678.7074999999999,0.09154532696338287,0,95.0,98.0,2.5999999999999956,645.43,678.7074999999998,6.9160419871390735,0.0,0.0,31,0,0
S0005,Frozen Foods,2025-08-04,807.51,118,90,0.0,0.0,0,0,NONE,,720.8925,0.12015314349920403,0,110.0,104.5,-0.8000000000000009,740.84,720.8924999999998,6.897090688437775,0.0,0.0,32,0,0
S0005,Frozen Foods,2025-08-11,878.72,133,99,0.0,0.0,0,0,NONE,,729.5775000000001,0.20442310789463752,0,118.0,106.5,6.000000000000003,807.51,729.5774999999999,6.851621505078761,0.0,0.0,33,0,0
S0005,Frozen Foods,2025-08-18,934.45,130,102,0.0,0.0,0,0,NONE,,768.125,0.21653376729048013,0,133.0,114.0,12.199999999999992,878.72,768.1249999999998,6.744782867221983,0.0,0.0,34,0,0
S0005,Grains and Pasta,2025-06-30,132.77,54,36,0.0,0.0,0,0,NONE,,,,0,,120.33333333333333,,,809.0233333333331,6.728377156295977,0.0,0.0,27,0,0
S0005,Grains and Pasta,2025-07-07,140.06,53,44,0.0,0.0,0,0,NONE,,132.77,0.05490698199894548,0,54.0,101.66666666666667,,132.77,606.3333333333331,5.302975360560848,0.0,0.0,28,0,0
S0005,Grains and Pasta,2025-07-14,112.02,43,38,0.0,0.0,0,0,NONE,,136.41500000000002,-0.17882930762746047,0,53.0,80.0,,140.06,383.84999999999974,3.9027541687902487,0.0,0.0,29,0,0
S0005,Grains and Pasta,2025-07-21,129.23,51,39,0.0,0.0,0,0,NONE,,128.28333333333333,0.007379498505911329,0,43.0,50.0,,112.02,128.2833333333331,2.5688204974024766,0.0,0.0,30,0,0
S0005,Grains and Pasta,2025-07-28,112.38,48,38,0.0,0.0,0,0,NONE,,128.52,-0.12558356676003746,0,51.0,50.25,-1.8999999999999941,129.23,128.5199999999998,2.56009576520872,0.0,0.0,31,0,0
S0005,Grains and Pasta,2025-08-04,142.23,55,47,0.0,0.0,0,0,NONE,,123.42249999999999,0.15238307439891435,0,48.0,48.75,-0.7000000000000016,112.38,123.42249999999983,2.5307323392827943,0.0,0.0,32,0,0
S0005,Grains and Pasta,2025-08-11,134.29,52,44,0.0,0.0,0,0,NONE,,123.965,0.08328963820433177,0,55.0,49.25,3.299999999999997,142.23,123.96499999999983,2.516571961924303,0.0,0.0,33,0,0
S0005,Grains and Pasta,2025-08-18,111.41,45,41,0.0,0.0,0,0,NONE,,129.5325,-0.1399069731534557,0,52.0,51.5,0.9999999999999987,134.29,129.5324999999998,2.5109178921568613,0.0,0.0,34,0,0
S0005,Meat and Seafood,2025-06-30,868.7,94,73,0.0,0.0,0,0,NONE,,,,0,,51.666666666666664,,,129.63333333333307,2.503249999999998,0.0,0.0,27,0,0
S0005,Meat and Seafood,2025-07-07,1166.82,127,91,0.0,0.0,0,0,NONE,,868.7,0.3431794635662483,0,94.0,67.0,,868.7,381.7399999999998,4.803329787234041,0.0,0.0,28,0,0
S0005,Meat and Seafood,2025-07-14,1003.66,105,86,0.0,0.0,0,0,NONE,,1017.76,-0.01385395378085209,0,127.0,91.0,,1166.82,723.2699999999999,7.003849472273411,0.0,0.0,29,0,0
S0005,Meat and Seafood,2025-07-21,1309.16,144,105,0.0,0.0,0,0,NONE,,1013.06,0.2922827868043355,0,105.0,108.66666666666667,,1003.66,1013.0599999999998,9.329238361162298,0.0,0.0,30,0,0
S0005,Meat and Seafood,2025-07-28,1216.02,134,93,0.0,0.0,0,0,NONE,,1087.085,0.11860618074943537,0,144.0,117.5,12.80000000000001,1309.16,1087.0849999999998,9.269775993093948,0.0,0.0,31,0,0
S0005,Meat and Seafood,2025-08-04,887.11,94,77,0.0,0.0,0,0,NONE,,1173.915,-0.24431496317876503,0,134.0,127.5,5.999999999999982,1216.02,1173.915,9.228097682519161,0.0,0.0,32,0,0
S0005,Meat and Seafood,2025-08-11,959.0600000000001,104,79,0.0,0.0,0,0,NONE,,1103.9875,-0.13127639579252473,0,94.0,119.25,-4.2999999999999945,887.11,1103.9874999999997,9.290543025122613,0.0,0.0,33,0,0
S0005,Meat and Seafood,2025-08-18,1080.24,112,86,0.0,0.0,0,0,NONE,,1092.8375,-0.011527331373603194,0,104.0,119.0,-16.000000000000004,959.0600000000001,1092.8374999999999,9.20630905076364,0.0,0.0,34,0,0
S0005,Pet Food,2025-06-30,896.18,120,83,0.0,0.0,0,0,NONE,,,,0,,110.66666666666667,,,1020.7299999999997,9.244615771388558,0.0,0.0,27,0,0
S0005,Pet Food,2025-07-07,1068.39,143,91,0.0,0.0,0,0,NONE,,896.18,0.19216005713138004,0,120.0,106.0,,896.18,914.1166666666663,8.709079287143116,0.0,0.0,28,0,0
S0005,Pet Food,2025-07-14,755.2,98,73,0.0,0.0,0,0,NONE,,982.2850000000001,-0.2311803600787959,0,143.0,122.33333333333333,,1068.39,974.5433333333331,8.053718725718726,0.0,0.0,29,0,0
S0005,Pet Food,2025-07-21,1049.63,144,88,0.0,0.0,0,0,NONE,,906.5900000000001,0.1577780474084205,0,98.0,120.33333333333333,,755.2,906.5899999999998,7.548515952301666,0.0,0.0,30,0,0
S0005,Pet Food,2025-07-28,960.23,124,76,0.0,0.0,0,0,NONE,,942.3500000000001,0.018973841990767633,0,144.0,126.25,2.7000000000000024,1049.63,942.3499999999999,7.483661269781805,0.0,0.0,31,0,0
S0005,Pet Food,2025-08-04,1036.29,138,87,0.0,0.0,0,0,NONE,,958.3625000000001,0.08131317742503477,0,124.0,127.25,-1.0999999999999952,960.23,958.3625,7.5525671837603,0.0,0.0,32,0,0
S0005,Pet Food,2025-08-11,786.71,106,78,0.0,0.0,0,0,NONE,,950.3375000000001,-0.17217830507582838,0,138.0,126.0,10.000000000000002,1036.29,950.3374999999999,7.562089454967353,0.0,0.0,33,0,0
S0005,Pet Food,2025-08-18,1034.36,137,82,0.0,0.0,0,0,NONE,,958.215,0.07946546443126007,0,106.0,128.0,-9.999999999999996,786.71,958.2149999999999,7.491006955930002,0.0,0.0,34,0,0
S0005,Prepared Meals,2025-06-30,1180.51,139,101,0.0,0.0,0,0,NONE,,,,0,,122.66666666666667,,,927.7433333333332,7.558310200499263,0.0,0.0,27,0,0
S0005,Prepared Meals,2025-07-07,1233.67,154,113,0.0,0.0,0,0,NONE,,1180.51,0.045031384740493584,0,139.0,127.66666666666667,,1180.51,1001.1699999999997,7.808005992252956,0.0,0.0,28,0,0
S0005,Prepared Meals,2025-07-14,1097.53,129,105,0.0,0.0,0,0,NONE,,1207.0900000000001,-0.09076373758377598,0,154.0,133.0,,1233.67,1066.9633333333331,7.975171435505356,0.0,0.0,29,0,0
S0005,Prepared Meals,2025-07-21,1085.93,136,104,0.0,0.0,0,0,NONE,,1170.57,-0.07230665402325352,0,129.0,140.66666666666666,,1097.53,1170.5699999999997,8.337235449936637,0.0,0.0,30,0,0
S0005,Prepared Meals,2025-07-28,1108.53,140,99,0.0,0.0,0,0,NONE,,1149.41,-0.03556607302877138,0,136.0,139.5,-3.3999999999999972,1085.93,1149.4099999999999,8.249121440393655,0.0,0.0,31,0,0
S0005,Prepared Meals,2025-08-04,1048.81,119,97,0.0,0.0,0,0,NONE,,1131.415,-0.07301034545237603,0,140.0,139.75,-3.500000000000001,1108.53,1131.4149999999997,8.105419873076078,0.0,0.0,32,0,0
S0005,Prepared Meals,2025-08-11,962.54,118,85,0.0,0.0,0,0,NONE,,1085.1999999999998,-0.11302985624769617,0,119.0,131.0,-2.599999999999999,1048.81,1085.1999999999998,8.306091187056218,0.0,0.0,33,0,0
S0005,Prepared Meals,2025-08-18,1007.67,122,102,0.0,0.0,0,0,NONE,,1051.4524999999999,-0.041640017024069005,0,118.0,128.25,-7.499999999999983,962.54,1051.4524999999999,8.218374724042159,0.0,0.0,34,0,0
S0005,Snacks/Cookies/Chips,2025-06-30,1175.53,384,205,0.0,0.0,0,0,NONE,,,,0,,125.66666666666667,,,1039.9599999999998,8.296239828134643,0.0,0.0,27,0,0
S0005,Snacks/Cookies/Chips,2025-07-07,1441.67,460,249,0.0,0.0,0,0,NONE,,1175.53,0.22640000680544103,0,384.0,207.0,,1175.53,1062.293333333333,6.677308032499721,0.0,0.0,28,0,0
S0005,Snacks/Cookies/Chips,2025-07-14,1363.53,427,232,0.0,0.0,0,0,NONE,,1308.6,0.041976157725813895,0,460.0,320.6666666666667,,1441.67,1193.2466666666662,4.784153301041921,0.0,0.0,29,0,0
S0005,Snacks/Cookies/Chips,2025-07-21,1524.83,495,257,0.0,0.0,0,0,NONE,,1326.9099999999999,0.14915857141780534,0,427.0,423.6666666666667,,1363.53,1326.9099999999996,3.1295399825275196,0.0,0.0,30,0,0
S0005,Snacks/Cookies/Chips,2025-07-28,1277.41,402,211,0.0,0.0,0,0,NONE,,1376.3899999999999,-0.07191275728536228,0,495.0,441.5,30.000000000000014,1524.83,1376.3899999999999,3.1172711485118008,0.0,0.0,31,0,0
S0005,Snacks/Cookies/Chips,2025-08-04,1431.17,450,233,0.0,0.0,0,0,NONE,,1401.86,0.020907936598519236,0,402.0,446.0,-10.599999999999918,1277.41,1401.86,3.146361342075234,0.0,0.0,32,0,0
S0005,Snacks/Cookies/Chips,2025-08-11,1608.28,513,261,0.0,0.0,0,0,NONE,,1399.235,0.1493994932945503,0,450.0,443.5,-2.3999999999999972,1431.17,1399.235,3.1579394821718525,0.0,0.0,33,0,0
S0005,Snacks/Cookies/Chips,2025-08-18,1313.3,432,235,0.0,0.0,0,0,NONE,,1460.4225,-0.10073968320811269,0,513.0,465.0,10.199999999999957,1608.28,1460.4225,3.1433819932765723,0.0,0.0,34,0,0
